Date,DeptID,ProductionCost,Revenue
2024-01-01,1,98568.51,134386.51
2024-01-01,2,112492.09,173483.18
2024-01-01,3,77779.2,91812.12
2024-01-01,4,83575.73,112861.77
2024-01-01,5,100531.9,145750.25
2024-01-01,6,57767.67,0.0
2024-01-02,1,124666.76,162082.84
2024-01-02,2,109745.27,135061.46
2024-01-02,3,83522.1,109062.08
2024-01-02,4,83570.16,112169.82
2024-01-02,5,99185.98,132026.72
2024-01-02,6,58623.13,0.0
2024-01-03,1,114501.48,161360.92
2024-01-03,2,108229.61,133121.61
2024-01-03,3,93596.71,135109.44
2024-01-03,4,58851.23,80201.98
2024-01-03,5,94702.04,126002.51
2024-01-03,6,50556.73,0.0
2024-01-04,1,122974.44,153086.68
2024-01-04,2,98799.75,134444.83
2024-01-04,3,97137.7,124604.77
2024-01-04,4,80851.91,116960.97
2024-01-04,5,101359.5,139763.93
2024-01-04,6,64596.03,0.0
2024-01-05,1,100125.09,116999.76
2024-01-05,2,64996.12,113906.43
2024-01-05,3,61437.07,82553.17
2024-01-05,4,54267.57,79440.62
2024-01-05,5,86908.7,126632.34
2024-01-05,6,52529.42,0.0
2024-01-06,1,102562.68,135827.2
2024-01-06,2,92812.89,133865.12
2024-01-06,3,100048.57,140722.09
2024-01-06,4,93732.5,132259.12
2024-01-06,5,93170.64,117710.59
2024-01-06,6,54992.96,0.0
2024-01-07,1,39156.27,53578.2
2024-01-07,2,27333.01,40422.19
2024-01-07,3,26156.08,34871.31
2024-01-07,4,22952.86,36330.79
2024-01-07,5,26188.36,35118.55
2024-01-07,6,17693.67,0.0
2024-01-08,1,100752.57,135482.02
2024-01-08,2,114860.96,146911.42
2024-01-08,3,101184.35,125140.52
2024-01-08,4,82938.09,118962.15
2024-01-08,5,99953.88,125945.79
2024-01-08,6,56058.23,0.0
2024-01-09,1,102997.53,134549.86
2024-01-09,2,116845.01,157034.71
2024-01-09,3,96230.83,129317.93
2024-01-09,4,88432.0,117321.88
2024-01-09,5,90656.64,128034.78
2024-01-09,6,59346.88,0.0
2024-01-10,1,97816.95,135449.85
2024-01-10,2,97450.16,118788.54
2024-01-10,3,105130.03,137169.35
2024-01-10,4,83957.17,119568.75
2024-01-10,5,79738.78,109940.83
2024-01-10,6,56978.65,0.0
2024-01-11,1,117627.6,158842.88
2024-01-11,2,109958.34,150811.84
2024-01-11,3,96441.52,116633.93
2024-01-11,4,67108.91,90491.41
2024-01-11,5,100281.65,142520.62
2024-01-11,6,54329.22,0.0
2024-01-12,1,88250.12,115833.56
2024-01-12,2,94842.52,118813.28
2024-01-12,3,81088.53,111103.89
2024-01-12,4,69175.18,111203.59
2024-01-12,5,62651.1,81773.74
2024-01-12,6,47813.94,0.0
2024-01-13,1,101287.04,143138.57
2024-01-13,2,89545.24,117062.12
2024-01-13,3,99291.72,129740.12
2024-01-13,4,66931.48,78585.28
2024-01-13,5,77880.59,108125.83
2024-01-13,6,53568.17,0.0
2024-01-14,1,39249.21,51790.84
2024-01-14,2,42725.28,55100.27
2024-01-14,3,28651.18,36296.11
2024-01-14,4,30924.99,42554.38
2024-01-14,5,32678.05,47517.25
2024-01-14,6,21032.66,0.0
2024-01-15,1,102235.21,135475.21
2024-01-15,2,91831.53,134443.98
2024-01-15,3,84099.86,138014.26
2024-01-15,4,83128.78,126207.01
2024-01-15,5,73196.69,97381.91
2024-01-15,6,61446.08,0.0
2024-01-16,1,95572.19,139070.7
2024-01-16,2,111265.32,144085.59
2024-01-16,3,104019.15,128593.94
2024-01-16,4,85940.47,120268.3
2024-01-16,5,76590.14,108532.03
2024-01-16,6,54758.38,0.0
2024-01-17,1,101776.63,111634.66
2024-01-17,2,94898.35,132609.86
2024-01-17,3,103547.62,139544.14
2024-01-17,4,64007.1,83727.52
2024-01-17,5,98358.23,141916.59
2024-01-17,6,61431.23,0.0
2024-01-18,1,118399.53,169034.46
2024-01-18,2,110335.92,148500.54
2024-01-18,3,105375.52,141565.65
2024-01-18,4,79641.11,101130.01
2024-01-18,5,95075.73,124434.41
2024-01-18,6,59623.37,0.0
2024-01-19,1,90796.78,118310.76
2024-01-19,2,92601.02,117089.74
2024-01-19,3,61702.39,84646.12
2024-01-19,4,78576.63,104584.83
2024-01-19,5,87121.59,109127.34
2024-01-19,6,47534.78,0.0
2024-01-20,1,104590.68,160503.22
2024-01-20,2,97865.97,138747.6
2024-01-20,3,96986.8,142283.79
2024-01-20,4,82325.37,122847.4
2024-01-20,5,71800.36,94917.69
2024-01-20,6,57513.16,0.0
2024-01-21,1,41944.36,56591.1
2024-01-21,2,35705.97,48792.28
2024-01-21,3,35601.83,40964.41
2024-01-21,4,28795.03,40000.15
2024-01-21,5,25599.56,35433.93
2024-01-21,6,23083.16,0.0
2024-01-22,1,109166.74,144093.25
2024-01-22,2,84569.53,115114.54
2024-01-22,3,88155.8,131278.29
2024-01-22,4,90930.66,117635.36
2024-01-22,5,98858.71,124934.13
2024-01-22,6,54379.66,0.0
2024-01-23,1,103272.61,135568.63
2024-01-23,2,74271.57,121900.34
2024-01-23,3,95026.28,113852.06
2024-01-23,4,87306.09,122191.89
2024-01-23,5,75391.24,97499.13
2024-01-23,6,54716.92,0.0
2024-01-24,1,115890.0,179774.04
2024-01-24,2,120966.81,149941.91
2024-01-24,3,84980.71,136654.91
2024-01-24,4,85394.11,117324.07
2024-01-24,5,82626.75,112547.74
2024-01-24,6,66207.29,0.0
2024-01-25,1,101240.16,138676.73
2024-01-25,2,92551.86,138486.92
2024-01-25,3,101073.3,137035.9
2024-01-25,4,83754.02,121943.62
2024-01-25,5,77674.5,105104.34
2024-01-25,6,55527.62,0.0
2024-01-26,1,99964.7,139686.33
2024-01-26,2,70939.73,100627.94
2024-01-26,3,73792.45,108135.78
2024-01-26,4,72637.41,102587.24
2024-01-26,5,73591.25,107328.28
2024-01-26,6,46599.04,0.0
2024-01-27,1,115650.06,157775.14
2024-01-27,2,104741.2,169443.96
2024-01-27,3,71931.51,97841.96
2024-01-27,4,93351.77,129996.7
2024-01-27,5,98398.26,127655.67
2024-01-27,6,61702.72,0.0
2024-01-28,1,41575.16,55066.73
2024-01-28,2,33077.7,41978.67
2024-01-28,3,27843.62,36816.14
2024-01-28,4,32148.65,44520.88
2024-01-28,5,28094.35,35784.68
2024-01-28,6,17496.58,0.0
2024-01-29,1,114766.07,162538.26
2024-01-29,2,92026.95,129393.39
2024-01-29,3,82089.71,94053.82
2024-01-29,4,79852.53,117578.5
2024-01-29,5,86354.14,123901.29
2024-01-29,6,54995.78,0.0
2024-01-30,1,122957.97,152277.26
2024-01-30,2,95935.06,142118.56
2024-01-30,3,91475.92,127369.02
2024-01-30,4,87254.09,114482.37
2024-01-30,5,67788.84,109724.65
2024-01-30,6,55087.32,0.0
2024-01-31,1,118541.75,164203.28
2024-01-31,2,95185.99,137185.93
2024-01-31,3,104234.33,141205.89
2024-01-31,4,88939.55,123920.26
2024-01-31,5,85817.9,133687.47
2024-01-31,6,51861.47,0.0
2024-02-01,1,93358.62,126176.29
2024-02-01,2,103123.76,132743.64
2024-02-01,3,105006.29,131775.56
2024-02-01,4,81805.84,118817.73
2024-02-01,5,67317.87,110177.84
2024-02-01,6,54029.47,0.0
2024-02-02,1,81367.39,117916.56
2024-02-02,2,97287.84,141712.5
2024-02-02,3,81884.98,111428.14
2024-02-02,4,70515.29,103198.19
2024-02-02,5,76994.15,100566.61
2024-02-02,6,52271.1,0.0
2024-02-03,1,99715.67,149448.34
2024-02-03,2,113102.84,145523.95
2024-02-03,3,99152.74,127948.09
2024-02-03,4,90785.57,120425.06
2024-02-03,5,77024.41,105956.34
2024-02-03,6,50313.15,0.0
2024-02-04,1,38627.94,53573.61
2024-02-04,2,37850.33,49613.73
2024-02-04,3,34347.25,45105.0
2024-02-04,4,30294.17,40317.39
2024-02-04,5,25046.52,35113.25
2024-02-04,6,20920.42,0.0
2024-02-05,1,98875.12,132558.67
2024-02-05,2,119252.13,138096.35
2024-02-05,3,80143.69,110760.76
2024-02-05,4,80317.67,105987.74
2024-02-05,5,78886.64,116636.32
2024-02-05,6,49240.8,0.0
2024-02-06,1,121425.54,131820.02
2024-02-06,2,92442.37,142579.97
2024-02-06,3,93680.43,130730.14
2024-02-06,4,88266.65,120193.62
2024-02-06,5,88143.78,125477.06
2024-02-06,6,64754.96,0.0
2024-02-07,1,102906.72,127684.33
2024-02-07,2,87993.13,118079.14
2024-02-07,3,94113.71,127507.31
2024-02-07,4,86445.75,122690.02
2024-02-07,5,96830.4,129718.3
2024-02-07,6,58118.07,0.0
2024-02-08,1,96815.33,144017.12
2024-02-08,2,98094.36,145083.96
2024-02-08,3,99260.7,124272.6
2024-02-08,4,83282.73,113392.24
2024-02-08,5,95384.01,125380.87
2024-02-08,6,55180.1,0.0
2024-02-09,1,84931.77,117328.1
2024-02-09,2,97460.97,121596.17
2024-02-09,3,89011.67,118151.88
2024-02-09,4,58158.42,78181.13
2024-02-09,5,83734.29,99249.97
2024-02-09,6,51670.82,0.0
2024-02-10,1,97978.43,136393.71
2024-02-10,2,83329.55,118862.81
2024-02-10,3,77471.58,97072.97
2024-02-10,4,91617.65,114041.0
2024-02-10,5,97148.06,122584.24
2024-02-10,6,55603.56,0.0
2024-02-11,1,42205.62,66650.03
2024-02-11,2,43011.18,55084.06
2024-02-11,3,27474.24,36969.17
2024-02-11,4,27329.31,43882.22
2024-02-11,5,26803.04,36227.54
2024-02-11,6,20609.65,0.0
2024-02-12,1,106719.14,147210.78
2024-02-12,2,85149.65,114227.2
2024-02-12,3,77120.8,97916.74
2024-02-12,4,76864.59,115257.27
2024-02-12,5,86033.29,132976.01
2024-02-12,6,57899.53,0.0
2024-02-13,1,110889.04,152117.0
2024-02-13,2,119555.33,151655.61
2024-02-13,3,100681.57,126154.13
2024-02-13,4,81717.45,117159.71
2024-02-13,5,93820.6,133038.07
2024-02-13,6,53439.55,0.0
2024-02-14,1,118577.52,149819.4
2024-02-14,2,132489.06,144676.1
2024-02-14,3,97856.59,119219.03
2024-02-14,4,79576.61,112290.21
2024-02-14,5,92098.71,117085.99
2024-02-14,6,63299.02,0.0
2024-02-15,1,113761.77,151954.46
2024-02-15,2,91601.64,111383.85
2024-02-15,3,73333.92,111482.66
2024-02-15,4,81925.27,116066.31
2024-02-15,5,99795.62,132572.91
2024-02-15,6,67416.37,0.0
2024-02-16,1,81676.15,115373.52
2024-02-16,2,77505.65,114281.17
2024-02-16,3,66192.31,86422.94
2024-02-16,4,72137.96,105241.21
2024-02-16,5,71285.58,95241.37
2024-02-16,6,52866.96,0.0
2024-02-17,1,95113.17,120267.53
2024-02-17,2,94689.02,135382.29
2024-02-17,3,75649.66,87783.47
2024-02-17,4,91600.85,115887.74
2024-02-17,5,89652.93,140662.29
2024-02-17,6,61879.77,0.0
2024-02-18,1,31698.68,45418.9
2024-02-18,2,38370.65,49244.71
2024-02-18,3,30805.65,42959.64
2024-02-18,4,33294.04,45939.67
2024-02-18,5,33080.12,46738.84
2024-02-18,6,22563.62,0.0
2024-02-19,1,117750.77,131199.36
2024-02-19,2,119856.35,163568.85
2024-02-19,3,82808.51,101696.3
2024-02-19,4,74721.88,106475.32
2024-02-19,5,93868.97,120473.25
2024-02-19,6,61379.53,0.0
2024-02-20,1,112435.89,170048.23
2024-02-20,2,104967.4,144504.11
2024-02-20,3,99115.89,131495.54
2024-02-20,4,84180.75,111786.82
2024-02-20,5,90580.4,129470.43
2024-02-20,6,59879.82,0.0
2024-02-21,1,119114.91,158401.42
2024-02-21,2,100133.93,139758.81
2024-02-21,3,75143.3,108262.85
2024-02-21,4,84080.21,127830.13
2024-02-21,5,94863.24,126024.0
2024-02-21,6,61593.09,0.0
2024-02-22,1,113048.93,148195.81
2024-02-22,2,89895.76,118975.59
2024-02-22,3,84179.11,111775.88
2024-02-22,4,90367.62,127697.99
2024-02-22,5,75399.66,99737.05
2024-02-22,6,52610.47,0.0
2024-02-23,1,82120.21,115307.96
2024-02-23,2,84984.79,116918.56
2024-02-23,3,85839.06,111975.0
2024-02-23,4,73848.77,104917.31
2024-02-23,5,70700.49,102985.56
2024-02-23,6,45927.0,0.0
2024-02-24,1,98920.1,131637.91
2024-02-24,2,100436.25,140301.81
2024-02-24,3,95008.63,128821.25
2024-02-24,4,80755.9,116850.17
2024-02-24,5,96410.27,119006.31
2024-02-24,6,60736.09,0.0
2024-02-25,1,32364.13,46649.37
2024-02-25,2,32513.28,43846.38
2024-02-25,3,30003.85,40150.58
2024-02-25,4,21238.65,28150.56
2024-02-25,5,27013.45,37635.28
2024-02-25,6,20048.91,0.0
2024-02-26,1,100885.17,137583.2
2024-02-26,2,88599.64,139459.65
2024-02-26,3,99087.62,141977.18
2024-02-26,4,80572.73,116330.34
2024-02-26,5,81574.87,107383.81
2024-02-26,6,60626.23,0.0
2024-02-27,1,117602.82,161971.38
2024-02-27,2,111901.04,148743.12
2024-02-27,3,94455.93,125443.41
2024-02-27,4,56560.65,94038.29
2024-02-27,5,66440.29,103878.1
2024-02-27,6,60289.7,0.0
2024-02-28,1,119790.06,151394.65
2024-02-28,2,95737.23,141212.39
2024-02-28,3,96428.15,120773.06
2024-02-28,4,90216.23,111683.78
2024-02-28,5,75610.04,115454.58
2024-02-28,6,53883.78,0.0
2024-02-29,1,103679.14,140342.67
2024-02-29,2,117588.83,168424.58
2024-02-29,3,75684.12,99162.15
2024-02-29,4,68777.8,102628.76
2024-02-29,5,83736.18,93808.88
2024-02-29,6,61456.67,0.0
2024-03-01,1,83978.53,111455.18
2024-03-01,2,92439.57,130630.63
2024-03-01,3,85076.04,111183.78
2024-03-01,4,70936.2,100335.25
2024-03-01,5,64271.88,82756.33
2024-03-01,6,51160.98,0.0
2024-03-02,1,119698.0,149650.11
2024-03-02,2,112129.63,167815.59
2024-03-02,3,98353.23,122906.54
2024-03-02,4,80359.84,112397.09
2024-03-02,5,68923.41,89858.12
2024-03-02,6,66139.66,0.0
2024-03-03,1,34980.85,54775.88
2024-03-03,2,37657.66,52780.76
2024-03-03,3,25756.61,36127.35
2024-03-03,4,30744.24,44555.86
2024-03-03,5,29329.81,43141.57
2024-03-03,6,20231.07,0.0
2024-03-04,1,97166.04,139416.17
2024-03-04,2,94657.9,124291.63
2024-03-04,3,101494.44,120778.39
2024-03-04,4,86750.3,113389.12
2024-03-04,5,96556.47,126730.26
2024-03-04,6,61527.48,0.0
2024-03-05,1,110699.09,150453.56
2024-03-05,2,94613.83,119902.52
2024-03-05,3,83920.25,112814.68
2024-03-05,4,84281.68,103433.04
2024-03-05,5,98506.37,129584.16
2024-03-05,6,55407.3,0.0
2024-03-06,1,104378.7,140593.62
2024-03-06,2,122459.6,157081.95
2024-03-06,3,75187.24,100768.53
2024-03-06,4,78801.64,108038.07
2024-03-06,5,88565.94,122885.32
2024-03-06,6,57731.74,0.0
2024-03-07,1,102339.78,130296.46
2024-03-07,2,94779.99,137602.39
2024-03-07,3,94350.96,133957.11
2024-03-07,4,63854.81,87112.24
2024-03-07,5,93593.83,128059.12
2024-03-07,6,53108.71,0.0
2024-03-08,1,104364.49,143242.99
2024-03-08,2,87848.97,106759.11
2024-03-08,3,86174.87,109167.65
2024-03-08,4,69128.97,100273.57
2024-03-08,5,61024.02,85151.22
2024-03-08,6,52975.29,0.0
2024-03-09,1,107152.79,137986.87
2024-03-09,2,99286.51,123230.6
2024-03-09,3,92950.41,125719.41
2024-03-09,4,55640.89,79099.73
2024-03-09,5,93259.34,123759.24
2024-03-09,6,52165.43,0.0
2024-03-10,1,34161.2,48105.14
2024-03-10,2,32292.46,48479.1
2024-03-10,3,25524.75,37279.42
2024-03-10,4,30343.48,38267.35
2024-03-10,5,25390.57,35726.54
2024-03-10,6,20863.78,0.0
2024-03-11,1,95717.35,152190.9
2024-03-11,2,90095.72,119096.28
2024-03-11,3,93270.19,125634.25
2024-03-11,4,78555.83,113436.07
2024-03-11,5,95168.46,132185.13
2024-03-11,6,62654.1,0.0
2024-03-12,1,102435.16,143622.1
2024-03-12,2,113823.19,145095.03
2024-03-12,3,113374.89,152623.5
2024-03-12,4,58523.41,83887.06
2024-03-12,5,77245.92,108177.53
2024-03-12,6,62922.26,0.0
2024-03-13,1,98471.27,138846.22
2024-03-13,2,101099.6,147081.53
2024-03-13,3,99892.03,131338.13
2024-03-13,4,57690.57,83126.6
2024-03-13,5,76331.24,102751.89
2024-03-13,6,52055.37,0.0
2024-03-14,1,115933.04,160566.78
2024-03-14,2,113905.11,153114.7
2024-03-14,3,83696.93,107920.93
2024-03-14,4,79129.36,121127.27
2024-03-14,5,67513.66,93205.19
2024-03-14,6,58713.86,0.0
2024-03-15,1,85452.48,115874.19
2024-03-15,2,79305.35,102132.09
2024-03-15,3,75073.05,102171.88
2024-03-15,4,72932.59,100847.78
2024-03-15,5,66753.32,83696.46
2024-03-15,6,47596.53,0.0
2024-03-16,1,91450.93,125657.94
2024-03-16,2,113318.47,151157.47
2024-03-16,3,101472.11,136688.3
2024-03-16,4,88128.9,116588.27
2024-03-16,5,97091.3,118844.98
2024-03-16,6,61841.73,0.0
2024-03-17,1,42097.93,52774.62
2024-03-17,2,36398.74,40590.32
2024-03-17,3,36877.29,52688.64
2024-03-17,4,29446.98,37764.84
2024-03-17,5,32551.34,45671.2
2024-03-17,6,19729.58,0.0
2024-03-18,1,115382.43,167704.08
2024-03-18,2,87451.3,136790.33
2024-03-18,3,106412.47,123879.14
2024-03-18,4,55583.5,85503.93
2024-03-18,5,94071.59,139082.92
2024-03-18,6,58302.52,0.0
2024-03-19,1,114790.5,153166.15
2024-03-19,2,119466.01,156311.12
2024-03-19,3,97275.93,131105.48
2024-03-19,4,90202.92,118095.7
2024-03-19,5,71610.61,104221.71
2024-03-19,6,54022.62,0.0
2024-03-20,1,114928.49,162610.14
2024-03-20,2,98606.59,165559.86
2024-03-20,3,80639.33,94218.54
2024-03-20,4,79050.99,103559.95
2024-03-20,5,79165.53,102727.06
2024-03-20,6,56717.08,0.0
2024-03-21,1,106218.67,156287.68
2024-03-21,2,83098.61,116270.07
2024-03-21,3,99582.71,141777.96
2024-03-21,4,93788.35,115835.69
2024-03-21,5,72818.15,97762.64
2024-03-21,6,61275.3,0.0
2024-03-22,1,79927.49,109024.28
2024-03-22,2,75887.48,101574.23
2024-03-22,3,70309.25,82949.63
2024-03-22,4,74056.78,102360.53
2024-03-22,5,83894.36,111360.11
2024-03-22,6,58898.14,0.0
2024-03-23,1,125664.25,165576.19
2024-03-23,2,99334.94,144566.74
2024-03-23,3,95914.56,141547.97
2024-03-23,4,66675.7,107345.01
2024-03-23,5,102709.61,143284.79
2024-03-23,6,56243.33,0.0
2024-03-24,1,41616.36,55232.23
2024-03-24,2,34760.58,47431.35
2024-03-24,3,29437.59,43724.4
2024-03-24,4,26319.23,42495.94
2024-03-24,5,34968.63,44297.68
2024-03-24,6,20303.68,0.0
2024-03-25,1,108145.09,137406.2
2024-03-25,2,107664.71,160625.16
2024-03-25,3,93029.63,136981.14
2024-03-25,4,77785.37,115846.71
2024-03-25,5,88830.84,127023.1
2024-03-25,6,57056.62,0.0
2024-03-26,1,116632.91,165638.12
2024-03-26,2,86361.09,116210.4
2024-03-26,3,90958.93,132843.44
2024-03-26,4,80877.53,125551.27
2024-03-26,5,88777.71,130552.25
2024-03-26,6,61818.52,0.0
2024-03-27,1,95423.17,128499.04
2024-03-27,2,103772.45,139514.53
2024-03-27,3,92583.41,124514.58
2024-03-27,4,70043.88,85585.85
2024-03-27,5,93814.65,134380.51
2024-03-27,6,52691.05,0.0
2024-03-28,1,94455.99,143965.34
2024-03-28,2,95377.66,128308.44
2024-03-28,3,97185.73,118761.8
2024-03-28,4,76761.9,121432.91
2024-03-28,5,70703.19,112924.39
2024-03-28,6,61183.7,0.0
2024-03-29,1,82862.02,124581.46
2024-03-29,2,72772.09,111659.66
2024-03-29,3,60720.99,80596.54
2024-03-29,4,55978.03,72792.22
2024-03-29,5,83138.75,117152.46
2024-03-29,6,51459.74,0.0
2024-03-30,1,115459.49,153855.4
2024-03-30,2,112802.22,152714.36
2024-03-30,3,108478.65,139517.77
2024-03-30,4,66176.25,101564.4
2024-03-30,5,72629.2,96317.3
2024-03-30,6,56778.65,0.0
2024-03-31,1,33787.94,49915.99
2024-03-31,2,35245.01,52917.29
2024-03-31,3,30428.16,40680.53
2024-03-31,4,26748.25,38296.53
2024-03-31,5,34671.85,45019.42
2024-03-31,6,22239.56,0.0
2024-04-01,1,115266.44,149956.07
2024-04-01,2,108057.78,153435.31
2024-04-01,3,68991.56,101637.36
2024-04-01,4,78984.93,108549.72
2024-04-01,5,103946.17,125037.62
2024-04-01,6,60991.82,0.0
2024-04-02,1,98531.61,142360.87
2024-04-02,2,107064.12,150094.86
2024-04-02,3,76403.98,98432.05
2024-04-02,4,59068.17,81819.47
2024-04-02,5,77527.41,102240.8
2024-04-02,6,59423.59,0.0
2024-04-03,1,112449.79,150587.11
2024-04-03,2,95213.19,126641.3
2024-04-03,3,93524.31,128373.38
2024-04-03,4,94285.15,125818.41
2024-04-03,5,97989.43,131813.82
2024-04-03,6,59906.93,0.0
2024-04-04,1,97375.35,123358.65
2024-04-04,2,119750.52,155670.79
2024-04-04,3,105794.88,139068.64
2024-04-04,4,83938.98,123911.52
2024-04-04,5,73897.19,111766.51
2024-04-04,6,58234.57,0.0
2024-04-05,1,103462.55,136984.5
2024-04-05,2,90934.34,118349.02
2024-04-05,3,69009.28,96007.31
2024-04-05,4,78169.99,112418.57
2024-04-05,5,86136.48,118777.18
2024-04-05,6,58406.98,0.0
2024-04-06,1,101199.89,147075.82
2024-04-06,2,115587.48,171805.97
2024-04-06,3,68143.02,92261.45
2024-04-06,4,83037.45,116331.65
2024-04-06,5,91061.83,131682.27
2024-04-06,6,57638.78,0.0
2024-04-07,1,35118.07,55248.52
2024-04-07,2,37282.94,47502.51
2024-04-07,3,34167.43,46167.95
2024-04-07,4,23260.62,32252.92
2024-04-07,5,32467.14,44940.84
2024-04-07,6,18515.9,0.0
2024-04-08,1,93776.44,136351.11
2024-04-08,2,126603.79,177870.08
2024-04-08,3,84873.65,126140.14
2024-04-08,4,64312.66,89429.14
2024-04-08,5,72107.64,105079.86
2024-04-08,6,50714.81,0.0
2024-04-09,1,102661.79,137194.63
2024-04-09,2,112231.76,153594.95
2024-04-09,3,100800.12,133914.54
2024-04-09,4,75836.15,116995.99
2024-04-09,5,74296.34,111752.89
2024-04-09,6,59567.68,0.0
2024-04-10,1,104731.88,149288.91
2024-04-10,2,83926.92,110153.0
2024-04-10,3,92124.03,120841.42
2024-04-10,4,80328.59,106714.68
2024-04-10,5,95037.9,131162.73
2024-04-10,6,60664.15,0.0
2024-04-11,1,128077.46,155696.29
2024-04-11,2,107891.04,144933.99
2024-04-11,3,76586.53,109041.63
2024-04-11,4,83745.65,122477.47
2024-04-11,5,86931.46,135804.98
2024-04-11,6,64939.69,0.0
2024-04-12,1,84750.79,109084.18
2024-04-12,2,97328.95,127992.6
2024-04-12,3,91786.76,110598.77
2024-04-12,4,68643.28,97779.27
2024-04-12,5,77835.61,110616.0
2024-04-12,6,48661.65,0.0
2024-04-13,1,102136.51,130478.41
2024-04-13,2,115162.77,159289.02
2024-04-13,3,75065.96,101798.5
2024-04-13,4,77922.93,109818.63
2024-04-13,5,96312.91,133073.89
2024-04-13,6,61509.67,0.0
2024-04-14,1,35347.81,45786.11
2024-04-14,2,36157.98,45634.32
2024-04-14,3,28969.02,37128.48
2024-04-14,4,24834.19,32073.74
2024-04-14,5,31272.62,46117.6
2024-04-14,6,21887.22,0.0
2024-04-15,1,106540.34,151363.06
2024-04-15,2,111334.03,155706.59
2024-04-15,3,101137.1,123462.31
2024-04-15,4,88137.02,118675.96
2024-04-15,5,81549.71,106756.5
2024-04-15,6,64313.56,0.0
2024-04-16,1,123918.41,174089.47
2024-04-16,2,122914.29,157500.21
2024-04-16,3,76501.88,97630.04
2024-04-16,4,92396.69,122045.53
2024-04-16,5,97113.81,123180.88
2024-04-16,6,56086.88,0.0
2024-04-17,1,96709.77,117565.28
2024-04-17,2,101779.97,143340.1
2024-04-17,3,98667.91,138796.53
2024-04-17,4,76415.91,121256.9
2024-04-17,5,67278.39,98499.59
2024-04-17,6,56332.87,0.0
2024-04-18,1,121011.04,160204.75
2024-04-18,2,103057.86,149496.78
2024-04-18,3,90570.47,118700.66
2024-04-18,4,62277.41,89505.12
2024-04-18,5,83343.14,125172.58
2024-04-18,6,64747.92,0.0
2024-04-19,1,104466.87,134721.89
2024-04-19,2,105693.5,141942.86
2024-04-19,3,70272.23,93993.0
2024-04-19,4,81250.95,98867.72
2024-04-19,5,70936.49,92870.66
2024-04-19,6,47913.04,0.0
2024-04-20,1,116279.06,146186.3
2024-04-20,2,103910.96,146712.88
2024-04-20,3,105808.27,142506.53
2024-04-20,4,59458.73,89012.22
2024-04-20,5,66876.17,88697.12
2024-04-20,6,63031.52,0.0
2024-04-21,1,40207.78,57998.21
2024-04-21,2,29805.54,42673.9
2024-04-21,3,35574.68,50317.5
2024-04-21,4,30580.62,37978.72
2024-04-21,5,30523.21,45241.82
2024-04-21,6,19781.49,0.0
2024-04-22,1,112997.24,142782.05
2024-04-22,2,107311.48,130639.48
2024-04-22,3,93570.17,122082.44
2024-04-22,4,85723.91,114798.27
2024-04-22,5,100150.89,131273.4
2024-04-22,6,54323.78,0.0
2024-04-23,1,116519.23,166884.96
2024-04-23,2,102007.38,147316.96
2024-04-23,3,94843.79,134510.8
2024-04-23,4,86150.61,126277.02
2024-04-23,5,89072.51,128776.68
2024-04-23,6,54814.36,0.0
2024-04-24,1,106337.12,147319.59
2024-04-24,2,85085.74,123282.2
2024-04-24,3,74854.76,98151.48
2024-04-24,4,73916.6,111505.89
2024-04-24,5,84794.29,124499.79
2024-04-24,6,54273.33,0.0
2024-04-25,1,103472.39,135043.5
2024-04-25,2,105989.18,150484.91
2024-04-25,3,79964.9,107388.32
2024-04-25,4,82705.97,114716.73
2024-04-25,5,96954.81,124153.46
2024-04-25,6,60595.37,0.0
2024-04-26,1,85638.48,105757.08
2024-04-26,2,80268.23,128411.34
2024-04-26,3,63481.89,92192.67
2024-04-26,4,72782.77,111293.81
2024-04-26,5,84020.78,101038.92
2024-04-26,6,50418.22,0.0
2024-04-27,1,101591.05,124043.18
2024-04-27,2,94468.38,134405.4
2024-04-27,3,96802.73,125453.16
2024-04-27,4,89462.55,102643.71
2024-04-27,5,91162.74,127040.77
2024-04-27,6,56588.13,0.0
2024-04-28,1,36936.99,47805.47
2024-04-28,2,34217.28,46544.07
2024-04-28,3,31728.33,47278.24
2024-04-28,4,32810.57,39323.46
2024-04-28,5,30092.66,40874.54
2024-04-28,6,20360.54,0.0
2024-04-29,1,112737.12,162882.77
2024-04-29,2,101859.03,134848.21
2024-04-29,3,77195.75,101128.95
2024-04-29,4,86264.53,117658.94
2024-04-29,5,70166.82,103297.21
2024-04-29,6,58285.05,0.0
2024-04-30,1,116118.29,170128.71
2024-04-30,2,111939.61,146165.41
2024-04-30,3,95468.35,135873.28
2024-04-30,4,79307.81,119867.09
2024-04-30,5,69886.38,103357.89
2024-04-30,6,58153.54,0.0
2024-05-01,1,103200.71,126639.62
2024-05-01,2,123258.58,166378.6
2024-05-01,3,90026.48,127180.86
2024-05-01,4,59674.8,91560.7
2024-05-01,5,67925.31,99080.13
2024-05-01,6,58809.82,0.0
2024-05-02,1,96122.62,136205.45
2024-05-02,2,114472.55,153780.53
2024-05-02,3,90954.01,129935.71
2024-05-02,4,81429.54,122615.7
2024-05-02,5,84604.72,116544.64
2024-05-02,6,53719.8,0.0
2024-05-03,1,89048.28,119102.42
2024-05-03,2,87932.51,116225.38
2024-05-03,3,90298.11,124596.1
2024-05-03,4,61737.72,105335.18
2024-05-03,5,81046.81,115589.19
2024-05-03,6,47679.86,0.0
2024-05-04,1,118192.5,151381.65
2024-05-04,2,116518.54,154623.27
2024-05-04,3,100408.56,136354.61
2024-05-04,4,83846.29,121775.64
2024-05-04,5,80629.74,97218.2
2024-05-04,6,56674.98,0.0
2024-05-05,1,33912.86,43871.44
2024-05-05,2,36754.71,48220.65
2024-05-05,3,38694.53,48152.44
2024-05-05,4,30236.19,41818.38
2024-05-05,5,32709.73,49528.8
2024-05-05,6,23337.1,0.0
2024-05-06,1,97352.39,134906.15
2024-05-06,2,95246.61,129129.49
2024-05-06,3,96249.58,124200.42
2024-05-06,4,89613.83,104294.42
2024-05-06,5,90886.81,130454.04
2024-05-06,6,62533.5,0.0
2024-05-07,1,114508.92,159984.36
2024-05-07,2,77920.19,119244.3
2024-05-07,3,101939.66,131942.75
2024-05-07,4,84583.37,112438.07
2024-05-07,5,101711.59,128452.71
2024-05-07,6,49704.26,0.0
2024-05-08,1,106685.11,142695.8
2024-05-08,2,114908.17,160448.16
2024-05-08,3,81287.44,108819.4
2024-05-08,4,81541.57,117035.81
2024-05-08,5,99843.99,125211.37
2024-05-08,6,53978.48,0.0
2024-05-09,1,105746.37,164158.06
2024-05-09,2,100996.92,152846.25
2024-05-09,3,104725.97,143185.36
2024-05-09,4,86071.88,117061.91
2024-05-09,5,71375.01,109342.98
2024-05-09,6,57325.48,0.0
2024-05-10,1,87385.34,152906.45
2024-05-10,2,74175.0,106561.88
2024-05-10,3,78923.23,114290.67
2024-05-10,4,74525.6,93168.71
2024-05-10,5,83424.93,106738.3
2024-05-10,6,42810.07,0.0
2024-05-11,1,119949.23,173353.82
2024-05-11,2,92785.98,119568.41
2024-05-11,3,95275.76,130607.31
2024-05-11,4,55655.59,88954.98
2024-05-11,5,84876.58,129285.89
2024-05-11,6,61469.81,0.0
2024-05-12,1,35662.78,45659.92
2024-05-12,2,38528.51,58702.66
2024-05-12,3,34814.89,45156.57
2024-05-12,4,21319.37,28982.74
2024-05-12,5,35268.3,50435.55
2024-05-12,6,22009.3,0.0
2024-05-13,1,100919.99,135110.89
2024-05-13,2,94015.64,135680.5
2024-05-13,3,78759.98,104254.66
2024-05-13,4,76209.72,130354.27
2024-05-13,5,99335.45,125406.16
2024-05-13,6,60626.82,0.0
2024-05-14,1,99948.96,137374.58
2024-05-14,2,115597.25,153079.85
2024-05-14,3,98547.31,110175.72
2024-05-14,4,82088.81,111430.24
2024-05-14,5,103319.69,130911.13
2024-05-14,6,62237.84,0.0
2024-05-15,1,128993.45,160760.58
2024-05-15,2,100810.9,132178.19
2024-05-15,3,94891.66,139838.04
2024-05-15,4,53555.58,82049.15
2024-05-15,5,81005.66,103573.4
2024-05-15,6,61142.25,0.0
2024-05-16,1,98766.75,136269.06
2024-05-16,2,102523.53,142555.12
2024-05-16,3,71848.16,97106.48
2024-05-16,4,57603.5,105188.62
2024-05-16,5,89736.54,119259.23
2024-05-16,6,60825.03,0.0
2024-05-17,1,100610.65,138899.68
2024-05-17,2,86203.59,127131.53
2024-05-17,3,81249.73,107691.03
2024-05-17,4,79266.06,81801.76
2024-05-17,5,63083.02,88347.61
2024-05-17,6,51766.76,0.0
2024-05-18,1,97152.07,140130.26
2024-05-18,2,118877.78,148532.84
2024-05-18,3,91364.24,122921.94
2024-05-18,4,78390.83,117185.5
2024-05-18,5,69058.84,103348.36
2024-05-18,6,57759.39,0.0
2024-05-19,1,35097.31,52437.69
2024-05-19,2,37198.62,51075.25
2024-05-19,3,32196.29,44597.14
2024-05-19,4,27344.92,40747.24
2024-05-19,5,25463.09,38983.36
2024-05-19,6,22061.78,0.0
2024-05-20,1,83883.87,126467.66
2024-05-20,2,110614.89,152744.83
2024-05-20,3,105171.18,124001.05
2024-05-20,4,79737.7,125252.85
2024-05-20,5,89202.43,126994.0
2024-05-20,6,49654.82,0.0
2024-05-21,1,100115.37,147848.58
2024-05-21,2,116062.56,165545.51
2024-05-21,3,103783.76,138918.66
2024-05-21,4,63289.29,89370.47
2024-05-21,5,82028.23,110701.74
2024-05-21,6,57944.18,0.0
2024-05-22,1,99874.18,128199.25
2024-05-22,2,103975.98,156445.87
2024-05-22,3,78825.35,105391.1
2024-05-22,4,80453.89,112702.94
2024-05-22,5,92078.8,126112.84
2024-05-22,6,53864.31,0.0
2024-05-23,1,85023.85,132755.47
2024-05-23,2,84191.33,110058.0
2024-05-23,3,99212.41,143848.9
2024-05-23,4,55564.08,82784.43
2024-05-23,5,96586.44,127493.92
2024-05-23,6,67517.28,0.0
2024-05-24,1,95474.53,129623.96
2024-05-24,2,83092.15,119320.27
2024-05-24,3,76618.61,108904.77
2024-05-24,4,79049.99,104458.02
2024-05-24,5,70428.41,101961.1
2024-05-24,6,49977.72,0.0
2024-05-25,1,114597.83,146666.31
2024-05-25,2,105202.37,142839.79
2024-05-25,3,100472.33,139117.84
2024-05-25,4,58406.45,82985.44
2024-05-25,5,72377.8,113441.03
2024-05-25,6,59136.54,0.0
2024-05-26,1,41183.47,46398.24
2024-05-26,2,28581.86,44442.27
2024-05-26,3,26439.7,37641.45
2024-05-26,4,32713.49,45150.57
2024-05-26,5,26093.94,35212.41
2024-05-26,6,19386.63,0.0
2024-05-27,1,86693.44,132836.04
2024-05-27,2,85310.18,130809.54
2024-05-27,3,97724.68,136155.79
2024-05-27,4,92707.5,124780.11
2024-05-27,5,73372.42,99456.85
2024-05-27,6,58704.99,0.0
2024-05-28,1,121598.67,172955.72
2024-05-28,2,107299.78,157344.92
2024-05-28,3,103839.1,128858.05
2024-05-28,4,68751.9,95918.2
2024-05-28,5,77718.69,106186.32
2024-05-28,6,65772.84,0.0
2024-05-29,1,118467.15,170999.05
2024-05-29,2,87726.86,115694.8
2024-05-29,3,102741.73,136466.89
2024-05-29,4,84569.72,113604.8
2024-05-29,5,85464.96,131320.13
2024-05-29,6,65110.85,0.0
2024-05-30,1,125394.32,159582.58
2024-05-30,2,98826.69,130636.8
2024-05-30,3,95339.48,124835.1
2024-05-30,4,95775.46,121496.84
2024-05-30,5,103872.22,137035.53
2024-05-30,6,59819.26,0.0
2024-05-31,1,99531.38,129747.7
2024-05-31,2,78944.62,108095.46
2024-05-31,3,88598.89,114043.48
2024-05-31,4,69240.5,94573.9
2024-05-31,5,63805.81,95264.68
2024-05-31,6,50711.29,0.0
2024-06-01,1,106385.65,123539.87
2024-06-01,2,90173.61,131071.39
2024-06-01,3,81904.75,118965.92
2024-06-01,4,66432.73,95531.65
2024-06-01,5,77510.01,118076.17
2024-06-01,6,48733.19,0.0
2024-06-02,1,30584.98,42514.49
2024-06-02,2,37247.93,44415.77
2024-06-02,3,28690.48,39110.98
2024-06-02,4,19861.35,25959.68
2024-06-02,5,24346.62,39302.3
2024-06-02,6,18580.25,0.0
2024-06-03,1,93373.91,138378.33
2024-06-03,2,88457.37,120982.16
2024-06-03,3,81635.58,105638.56
2024-06-03,4,55281.36,72031.41
2024-06-03,5,76082.21,98989.61
2024-06-03,6,56493.91,0.0
2024-06-04,1,89470.19,113955.91
2024-06-04,2,93037.01,123694.27
2024-06-04,3,86862.17,120126.24
2024-06-04,4,71436.72,101289.53
2024-06-04,5,82745.54,100994.61
2024-06-04,6,49132.43,0.0
2024-06-05,1,86527.66,119219.74
2024-06-05,2,73904.28,110104.83
2024-06-05,3,91535.89,123943.66
2024-06-05,4,56361.78,75883.28
2024-06-05,5,71204.62,104771.3
2024-06-05,6,48202.16,0.0
2024-06-06,1,87433.64,128203.8
2024-06-06,2,78258.38,105810.55
2024-06-06,3,68717.29,94257.99
2024-06-06,4,75141.45,91984.86
2024-06-06,5,84600.96,122766.13
2024-06-06,6,43023.67,0.0
2024-06-07,1,86927.66,114292.12
2024-06-07,2,80291.69,106613.01
2024-06-07,3,75100.18,96606.29
2024-06-07,4,57242.69,78512.64
2024-06-07,5,64875.8,84788.29
2024-06-07,6,33789.29,0.0
2024-06-08,1,98879.09,142740.25
2024-06-08,2,101196.83,127339.24
2024-06-08,3,57331.83,77767.49
2024-06-08,4,76040.15,106347.17
2024-06-08,5,78091.28,104806.0
2024-06-08,6,46970.18,0.0
2024-06-09,1,33257.04,46444.44
2024-06-09,2,30234.85,41740.36
2024-06-09,3,23109.34,30450.24
2024-06-09,4,26152.67,33989.7
2024-06-09,5,29258.68,36070.41
2024-06-09,6,17328.78,0.0
2024-06-10,1,84075.0,125501.39
2024-06-10,2,92318.99,114052.12
2024-06-10,3,86503.62,102115.89
2024-06-10,4,77743.35,103891.88
2024-06-10,5,78380.96,112153.42
2024-06-10,6,53942.03,0.0
2024-06-11,1,90174.24,117435.66
2024-06-11,2,70790.84,102673.52
2024-06-11,3,78831.3,106474.05
2024-06-11,4,81154.78,100849.44
2024-06-11,5,79208.27,107881.41
2024-06-11,6,53446.39,0.0
2024-06-12,1,101237.35,126625.3
2024-06-12,2,96327.29,119548.58
2024-06-12,3,78617.6,116064.62
2024-06-12,4,56103.9,76409.25
2024-06-12,5,82954.42,109280.3
2024-06-12,6,54847.23,0.0
2024-06-13,1,77967.65,121925.16
2024-06-13,2,92535.62,133982.32
2024-06-13,3,69602.62,95742.3
2024-06-13,4,73294.68,97351.84
2024-06-13,5,61455.17,85062.23
2024-06-13,6,46534.51,0.0
2024-06-14,1,79976.67,106503.6
2024-06-14,2,67566.32,83083.49
2024-06-14,3,59303.73,75537.67
2024-06-14,4,55940.83,83265.03
2024-06-14,5,66611.93,97072.46
2024-06-14,6,48832.1,0.0
2024-06-15,1,88779.0,114811.59
2024-06-15,2,76433.8,110692.67
2024-06-15,3,83388.65,101589.12
2024-06-15,4,74201.65,109782.5
2024-06-15,5,82896.19,107144.5
2024-06-15,6,44854.76,0.0
2024-06-16,1,35258.55,47014.53
2024-06-16,2,28355.98,39613.42
2024-06-16,3,23789.94,30967.92
2024-06-16,4,17534.3,26926.94
2024-06-16,5,29689.7,39991.85
2024-06-16,6,19155.9,0.0
2024-06-17,1,104220.39,117125.29
2024-06-17,2,97056.02,138294.8
2024-06-17,3,69982.39,91913.88
2024-06-17,4,52586.04,69045.23
2024-06-17,5,63254.8,84250.86
2024-06-17,6,43885.08,0.0
2024-06-18,1,87598.13,120800.07
2024-06-18,2,79363.5,115067.99
2024-06-18,3,64011.62,98569.86
2024-06-18,4,68423.95,98611.82
2024-06-18,5,77865.18,116608.47
2024-06-18,6,54225.44,0.0
2024-06-19,1,93824.24,139192.81
2024-06-19,2,90611.68,111320.26
2024-06-19,3,84202.16,110601.29
2024-06-19,4,75046.24,94931.14
2024-06-19,5,62393.42,90018.12
2024-06-19,6,47437.87,0.0
2024-06-20,1,84067.68,116353.97
2024-06-20,2,85992.63,112267.87
2024-06-20,3,93042.4,112978.96
2024-06-20,4,61956.71,84210.79
2024-06-20,5,77454.21,111355.62
2024-06-20,6,49016.87,0.0
2024-06-21,1,86699.93,99249.76
2024-06-21,2,85751.56,111501.54
2024-06-21,3,73388.46,96150.14
2024-06-21,4,67924.36,85389.73
2024-06-21,5,69035.74,95182.56
2024-06-21,6,46310.6,0.0
2024-06-22,1,100562.96,133262.5
2024-06-22,2,68486.43,98941.43
2024-06-22,3,82709.29,103594.07
2024-06-22,4,70329.2,92205.17
2024-06-22,5,80584.03,103505.05
2024-06-22,6,45249.3,0.0
2024-06-23,1,33523.13,47168.02
2024-06-23,2,32708.96,39197.24
2024-06-23,3,29004.02,42484.52
2024-06-23,4,24691.95,35271.43
2024-06-23,5,26300.75,41010.53
2024-06-23,6,17803.19,0.0
2024-06-24,1,96780.4,134182.94
2024-06-24,2,91527.77,130634.91
2024-06-24,3,84240.97,122597.87
2024-06-24,4,54727.65,78922.68
2024-06-24,5,78523.69,106525.25
2024-06-24,6,49207.1,0.0
2024-06-25,1,98526.14,138104.71
2024-06-25,2,87004.69,115856.45
2024-06-25,3,83093.31,109006.06
2024-06-25,4,71008.54,90994.12
2024-06-25,5,81896.08,102386.88
2024-06-25,6,47046.43,0.0
2024-06-26,1,75365.11,118513.45
2024-06-26,2,80251.12,107502.69
2024-06-26,3,87743.49,120611.13
2024-06-26,4,72676.93,102153.5
2024-06-26,5,63736.86,92078.68
2024-06-26,6,48464.84,0.0
2024-06-27,1,81265.44,103150.75
2024-06-27,2,88923.22,127810.89
2024-06-27,3,65864.2,95451.24
2024-06-27,4,61618.03,94274.57
2024-06-27,5,77785.11,114338.99
2024-06-27,6,56629.83,0.0
2024-06-28,1,88846.34,121725.03
2024-06-28,2,69815.27,98414.27
2024-06-28,3,59737.6,84428.59
2024-06-28,4,59689.91,84620.53
2024-06-28,5,72621.51,91663.32
2024-06-28,6,40490.38,0.0
2024-06-29,1,99473.1,140190.75
2024-06-29,2,93937.86,122473.9
2024-06-29,3,91121.81,100425.76
2024-06-29,4,72947.68,105321.47
2024-06-29,5,75083.75,111467.54
2024-06-29,6,47466.94,0.0
2024-06-30,1,32311.86,44081.63
2024-06-30,2,33172.3,44054.45
2024-06-30,3,28588.18,38689.23
2024-06-30,4,24088.84,33953.07
2024-06-30,5,29442.07,43070.01
2024-06-30,6,17857.11,0.0
2024-07-01,1,80093.0,118059.47
2024-07-01,2,97606.13,143594.64
2024-07-01,3,64376.33,84179.44
2024-07-01,4,77492.51,100678.99
2024-07-01,5,76250.27,106627.21
2024-07-01,6,50466.99,0.0
2024-07-02,1,90873.08,134200.51
2024-07-02,2,104674.74,140852.26
2024-07-02,3,61613.42,87553.84
2024-07-02,4,80712.92,109279.78
2024-07-02,5,67392.17,88443.21
2024-07-02,6,50594.5,0.0
2024-07-03,1,95348.63,137933.11
2024-07-03,2,73658.35,105001.91
2024-07-03,3,78530.41,111384.33
2024-07-03,4,68398.83,87924.16
2024-07-03,5,71860.83,110446.37
2024-07-03,6,45815.37,0.0
2024-07-04,1,86863.02,114193.3
2024-07-04,2,111944.12,136637.02
2024-07-04,3,81992.3,111430.71
2024-07-04,4,73811.08,98012.48
2024-07-04,5,83631.49,118093.29
2024-07-04,6,47862.34,0.0
2024-07-05,1,72726.97,95236.05
2024-07-05,2,77475.99,110253.03
2024-07-05,3,65092.7,82778.47
2024-07-05,4,48557.64,69281.19
2024-07-05,5,65071.41,89864.11
2024-07-05,6,43060.52,0.0
2024-07-06,1,97745.35,135124.06
2024-07-06,2,98175.35,129834.09
2024-07-06,3,87039.68,113496.08
2024-07-06,4,53326.14,68505.33
2024-07-06,5,58933.83,93828.49
2024-07-06,6,47957.76,0.0
2024-07-07,1,38569.65,50655.84
2024-07-07,2,31306.02,41420.82
2024-07-07,3,29282.89,38188.76
2024-07-07,4,18629.02,24603.01
2024-07-07,5,26209.57,36245.6
2024-07-07,6,18233.83,0.0
2024-07-08,1,99878.06,126758.75
2024-07-08,2,75567.09,114248.12
2024-07-08,3,82906.62,119244.77
2024-07-08,4,68627.5,96250.08
2024-07-08,5,77283.3,104593.99
2024-07-08,6,50699.09,0.0
2024-07-09,1,96033.83,133764.77
2024-07-09,2,86407.65,113378.44
2024-07-09,3,81219.87,111725.43
2024-07-09,4,78107.84,98938.04
2024-07-09,5,71731.77,90590.9
2024-07-09,6,48966.2,0.0
2024-07-10,1,105968.07,137923.97
2024-07-10,2,99825.25,118912.61
2024-07-10,3,64996.66,86079.58
2024-07-10,4,51136.02,70393.49
2024-07-10,5,80885.59,114562.76
2024-07-10,6,57756.9,0.0
2024-07-11,1,79088.88,116881.85
2024-07-11,2,91789.32,136483.35
2024-07-11,3,68147.92,92300.61
2024-07-11,4,59302.47,72382.71
2024-07-11,5,77384.32,107474.72
2024-07-11,6,48408.25,0.0
2024-07-12,1,80052.51,114957.79
2024-07-12,2,64692.84,86085.33
2024-07-12,3,66099.23,95649.81
2024-07-12,4,56910.79,72573.1
2024-07-12,5,66318.7,95619.34
2024-07-12,6,42603.32,0.0
2024-07-13,1,96708.34,139914.93
2024-07-13,2,91360.22,120736.04
2024-07-13,3,79291.91,106077.65
2024-07-13,4,75099.01,101447.89
2024-07-13,5,66644.72,88282.09
2024-07-13,6,51446.98,0.0
2024-07-14,1,27858.99,38366.75
2024-07-14,2,27721.05,34744.29
2024-07-14,3,23848.94,33486.7
2024-07-14,4,22105.8,35182.76
2024-07-14,5,20555.29,29773.64
2024-07-14,6,17547.32,0.0
2024-07-15,1,84689.73,114989.19
2024-07-15,2,95855.47,141669.65
2024-07-15,3,80548.11,122740.32
2024-07-15,4,71363.48,99740.51
2024-07-15,5,81294.37,124944.95
2024-07-15,6,53931.38,0.0
2024-07-16,1,75605.92,111765.55
2024-07-16,2,82069.7,106814.99
2024-07-16,3,76739.82,113570.98
2024-07-16,4,62648.09,101683.81
2024-07-16,5,67414.87,105961.21
2024-07-16,6,43915.05,0.0
2024-07-17,1,107539.97,134396.57
2024-07-17,2,79176.77,102897.36
2024-07-17,3,82176.74,113829.59
2024-07-17,4,75890.97,112543.23
2024-07-17,5,70867.29,101815.31
2024-07-17,6,47078.24,0.0
2024-07-18,1,96757.79,122766.9
2024-07-18,2,79302.44,103015.05
2024-07-18,3,65279.65,87399.64
2024-07-18,4,73657.18,103721.38
2024-07-18,5,83162.48,115810.59
2024-07-18,6,49532.54,0.0
2024-07-19,1,76213.17,99587.45
2024-07-19,2,61717.24,94368.79
2024-07-19,3,56699.26,75459.28
2024-07-19,4,63719.06,84520.17
2024-07-19,5,62992.4,86733.11
2024-07-19,6,41583.91,0.0
2024-07-20,1,89607.59,137815.37
2024-07-20,2,78741.2,117294.64
2024-07-20,3,87287.63,102106.05
2024-07-20,4,73852.45,104193.37
2024-07-20,5,87506.0,123875.34
2024-07-20,6,56285.21,0.0
2024-07-21,1,28722.18,42355.32
2024-07-21,2,23702.78,35664.73
2024-07-21,3,22335.51,28755.89
2024-07-21,4,23724.17,33294.69
2024-07-21,5,21407.33,29061.3
2024-07-21,6,16720.48,0.0
2024-07-22,1,73855.54,125368.58
2024-07-22,2,96082.02,126410.18
2024-07-22,3,77704.84,101730.89
2024-07-22,4,68189.13,115446.41
2024-07-22,5,79025.25,109344.67
2024-07-22,6,44052.29,0.0
2024-07-23,1,91561.9,137121.71
2024-07-23,2,96390.5,128764.91
2024-07-23,3,72969.48,108748.74
2024-07-23,4,76792.37,99592.13
2024-07-23,5,72610.37,119345.72
2024-07-23,6,48783.09,0.0
2024-07-24,1,86831.86,124478.58
2024-07-24,2,106901.88,134384.78
2024-07-24,3,87264.72,122799.06
2024-07-24,4,62502.66,85708.6
2024-07-24,5,74110.51,106237.74
2024-07-24,6,50350.76,0.0
2024-07-25,1,99417.38,143710.39
2024-07-25,2,89495.95,116394.19
2024-07-25,3,65467.95,77606.93
2024-07-25,4,67869.22,101431.67
2024-07-25,5,79410.71,100656.43
2024-07-25,6,53236.48,0.0
2024-07-26,1,76013.09,87108.57
2024-07-26,2,67396.12,102151.88
2024-07-26,3,73935.41,88935.49
2024-07-26,4,58681.48,89324.38
2024-07-26,5,54445.95,72272.13
2024-07-26,6,43138.84,0.0
2024-07-27,1,87941.06,115609.65
2024-07-27,2,74456.51,109618.56
2024-07-27,3,82600.88,110473.64
2024-07-27,4,77731.22,111162.24
2024-07-27,5,77924.72,120618.63
2024-07-27,6,52659.17,0.0
2024-07-28,1,29076.09,38615.83
2024-07-28,2,29126.24,42467.56
2024-07-28,3,28333.11,37717.98
2024-07-28,4,24877.26,37866.96
2024-07-28,5,25916.38,37286.85
2024-07-28,6,15267.8,0.0
2024-07-29,1,103295.58,139284.75
2024-07-29,2,85853.73,116283.79
2024-07-29,3,81435.89,115809.88
2024-07-29,4,53306.99,67969.29
2024-07-29,5,60620.91,79699.94
2024-07-29,6,45081.43,0.0
2024-07-30,1,99168.9,135637.15
2024-07-30,2,99742.43,125995.15
2024-07-30,3,82513.17,114182.68
2024-07-30,4,49191.04,70483.39
2024-07-30,5,59543.69,85022.38
2024-07-30,6,51538.1,0.0
2024-07-31,1,82906.46,100564.29
2024-07-31,2,68606.27,110850.43
2024-07-31,3,81836.94,102802.81
2024-07-31,4,74750.11,99967.59
2024-07-31,5,82882.63,121067.04
2024-07-31,6,43480.21,0.0
2024-08-01,1,125492.32,155442.44
2024-08-01,2,102543.25,145741.71
2024-08-01,3,103913.05,139703.65
2024-08-01,4,84176.3,119981.13
2024-08-01,5,91938.14,131653.94
2024-08-01,6,54001.46,0.0
2024-08-02,1,95220.5,112355.23
2024-08-02,2,87716.43,109460.29
2024-08-02,3,74664.24,116024.97
2024-08-02,4,63756.71,90145.8
2024-08-02,5,62623.77,82717.51
2024-08-02,6,47419.8,0.0
2024-08-03,1,116774.17,148920.83
2024-08-03,2,91093.19,109184.75
2024-08-03,3,89588.41,108991.97
2024-08-03,4,86534.02,114276.74
2024-08-03,5,64844.26,105241.49
2024-08-03,6,58973.65,0.0
2024-08-04,1,36321.01,47590.28
2024-08-04,2,37373.34,53504.4
2024-08-04,3,26112.69,37397.06
2024-08-04,4,30678.22,43246.46
2024-08-04,5,32929.3,43291.66
2024-08-04,6,18571.57,0.0
2024-08-05,1,97349.71,148585.71
2024-08-05,2,106000.22,140790.64
2024-08-05,3,96405.13,124700.49
2024-08-05,4,80224.32,127044.17
2024-08-05,5,72940.51,98478.52
2024-08-05,6,53323.75,0.0
2024-08-06,1,125104.6,167474.93
2024-08-06,2,113120.3,161297.86
2024-08-06,3,99184.89,140405.09
2024-08-06,4,84283.06,117650.22
2024-08-06,5,74373.79,94870.44
2024-08-06,6,54714.01,0.0
2024-08-07,1,103893.87,140235.35
2024-08-07,2,87876.29,135094.5
2024-08-07,3,94490.13,118630.91
2024-08-07,4,68133.89,92851.56
2024-08-07,5,95507.67,129937.59
2024-08-07,6,53165.39,0.0
2024-08-08,1,103383.84,119446.91
2024-08-08,2,108021.92,148199.33
2024-08-08,3,95761.21,127688.61
2024-08-08,4,81186.22,115665.92
2024-08-08,5,98270.35,123218.7
2024-08-08,6,62280.45,0.0
2024-08-09,1,85419.61,111404.64
2024-08-09,2,94682.35,133907.71
2024-08-09,3,66212.17,88724.65
2024-08-09,4,69632.05,100833.55
2024-08-09,5,64673.11,89373.9
2024-08-09,6,51838.96,0.0
2024-08-10,1,91759.34,138538.64
2024-08-10,2,109578.86,147489.43
2024-08-10,3,101111.07,148585.87
2024-08-10,4,90881.25,129380.72
2024-08-10,5,97944.52,128419.15
2024-08-10,6,63188.99,0.0
2024-08-11,1,44889.23,55738.87
2024-08-11,2,40109.93,59668.76
2024-08-11,3,36910.43,42653.68
2024-08-11,4,27891.34,41062.09
2024-08-11,5,33751.11,43757.45
2024-08-11,6,19580.83,0.0
2024-08-12,1,113965.47,163497.25
2024-08-12,2,118421.68,161417.95
2024-08-12,3,97328.91,130767.53
2024-08-12,4,67734.36,95219.23
2024-08-12,5,92222.28,131336.11
2024-08-12,6,55445.66,0.0
2024-08-13,1,110311.61,148394.14
2024-08-13,2,103227.09,140470.34
2024-08-13,3,103771.53,117846.76
2024-08-13,4,83083.19,124057.56
2024-08-13,5,71570.6,102787.23
2024-08-13,6,62220.5,0.0
2024-08-14,1,96878.09,139937.94
2024-08-14,2,126023.29,168522.64
2024-08-14,3,91241.74,129180.11
2024-08-14,4,82843.43,121184.62
2024-08-14,5,96433.78,128039.16
2024-08-14,6,63096.26,0.0
2024-08-15,1,104881.9,147216.88
2024-08-15,2,85383.62,124219.51
2024-08-15,3,79586.39,103442.55
2024-08-15,4,82079.85,128860.48
2024-08-15,5,76236.87,105388.86
2024-08-15,6,59849.61,0.0
2024-08-16,1,93281.23,129395.35
2024-08-16,2,93386.6,130858.72
2024-08-16,3,86798.45,105393.22
2024-08-16,4,74695.0,100922.9
2024-08-16,5,60880.12,93635.12
2024-08-16,6,53077.09,0.0
2024-08-17,1,95802.29,145494.77
2024-08-17,2,107113.87,147928.81
2024-08-17,3,99406.02,132258.09
2024-08-17,4,80124.11,96428.96
2024-08-17,5,80926.28,105455.81
2024-08-17,6,61690.79,0.0
2024-08-18,1,38303.09,44282.98
2024-08-18,2,38373.94,55654.0
2024-08-18,3,28715.81,39291.65
2024-08-18,4,32160.21,44705.0
2024-08-18,5,33705.97,42351.68
2024-08-18,6,18558.53,0.0
2024-08-19,1,124881.54,177496.52
2024-08-19,2,100812.78,134982.06
2024-08-19,3,111852.92,146106.37
2024-08-19,4,86524.45,124576.24
2024-08-19,5,91777.09,126770.69
2024-08-19,6,64439.0,0.0
2024-08-20,1,112463.58,158874.32
2024-08-20,2,112997.1,164104.59
2024-08-20,3,114770.44,128654.23
2024-08-20,4,85884.01,113477.2
2024-08-20,5,70205.89,87064.67
2024-08-20,6,56038.36,0.0
2024-08-21,1,113873.45,172349.92
2024-08-21,2,98591.5,131752.24
2024-08-21,3,73175.23,112671.18
2024-08-21,4,79558.39,108804.05
2024-08-21,5,73124.62,95995.05
2024-08-21,6,57723.05,0.0
2024-08-22,1,117972.1,164554.69
2024-08-22,2,103510.95,147883.69
2024-08-22,3,95710.76,133592.78
2024-08-22,4,82931.95,120849.86
2024-08-22,5,75083.63,100211.94
2024-08-22,6,56318.83,0.0
2024-08-23,1,88841.56,137618.9
2024-08-23,2,88531.35,126416.34
2024-08-23,3,61905.95,81718.52
2024-08-23,4,64664.33,95944.66
2024-08-23,5,81260.82,120721.7
2024-08-23,6,47101.8,0.0
2024-08-24,1,99819.0,146051.05
2024-08-24,2,109703.03,158552.5
2024-08-24,3,72792.42,105863.25
2024-08-24,4,86222.25,103196.1
2024-08-24,5,76864.69,106797.65
2024-08-24,6,69539.12,0.0
2024-08-25,1,40546.67,55460.03
2024-08-25,2,37667.56,51445.5
2024-08-25,3,38664.97,48415.11
2024-08-25,4,20393.64,31323.11
2024-08-25,5,34637.6,49484.04
2024-08-25,6,19557.17,0.0
2024-08-26,1,109991.13,136985.06
2024-08-26,2,102502.16,136566.63
2024-08-26,3,100191.5,125143.77
2024-08-26,4,53277.67,82919.46
2024-08-26,5,103436.92,136051.6
2024-08-26,6,60416.2,0.0
2024-08-27,1,112401.24,167957.43
2024-08-27,2,123112.75,148493.93
2024-08-27,3,80694.99,103273.46
2024-08-27,4,78746.09,108037.46
2024-08-27,5,100739.1,143949.95
2024-08-27,6,49818.12,0.0
2024-08-28,1,97296.21,139310.61
2024-08-28,2,105185.75,153184.23
2024-08-28,3,99163.99,123248.9
2024-08-28,4,73677.45,112431.87
2024-08-28,5,97173.67,132279.39
2024-08-28,6,57823.69,0.0
2024-08-29,1,98976.8,135816.44
2024-08-29,2,90561.91,116342.48
2024-08-29,3,92416.62,140909.91
2024-08-29,4,97709.1,112773.92
2024-08-29,5,93486.87,133043.54
2024-08-29,6,56062.12,0.0
2024-08-30,1,101539.38,147332.44
2024-08-30,2,97318.23,148389.17
2024-08-30,3,87049.47,107065.5
2024-08-30,4,51043.02,68507.02
2024-08-30,5,59852.01,79321.29
2024-08-30,6,50705.08,0.0
2024-08-31,1,113024.6,162657.29
2024-08-31,2,112387.31,140763.78
2024-08-31,3,104534.16,128445.49
2024-08-31,4,81844.73,115431.73
2024-08-31,5,97800.69,141881.71
2024-08-31,6,57728.84,0.0
2024-09-01,1,45444.84,65533.86
2024-09-01,2,42961.66,55089.08
2024-09-01,3,36803.31,50411.55
2024-09-01,4,33645.91,41484.4
2024-09-01,5,31150.12,45352.02
2024-09-01,6,24267.75,0.0
2024-09-02,1,135382.27,180914.61
2024-09-02,2,140891.13,191399.07
2024-09-02,3,100685.57,152080.83
2024-09-02,4,99967.32,137481.94
2024-09-02,5,106161.13,159853.36
2024-09-02,6,74236.06,0.0
2024-09-03,1,129663.19,204609.78
2024-09-03,2,104414.82,145278.74
2024-09-03,3,118325.29,145348.4
2024-09-03,4,74435.78,85582.16
2024-09-03,5,113166.78,144126.83
2024-09-03,6,63944.95,0.0
2024-09-04,1,129318.72,167282.81
2024-09-04,2,132633.68,171692.56
2024-09-04,3,114857.5,153480.69
2024-09-04,4,101954.64,136907.7
2024-09-04,5,92416.03,120710.51
2024-09-04,6,67227.73,0.0
2024-09-05,1,130445.07,183915.04
2024-09-05,2,130902.79,166601.19
2024-09-05,3,97690.11,119558.85
2024-09-05,4,93919.28,130643.32
2024-09-05,5,86079.49,119728.04
2024-09-05,6,62348.92,0.0
2024-09-06,1,90640.84,120402.53
2024-09-06,2,116876.0,165690.27
2024-09-06,3,100856.64,118927.48
2024-09-06,4,80879.6,114176.18
2024-09-06,5,98031.7,124944.64
2024-09-06,6,60788.19,0.0
2024-09-07,1,140932.58,190758.49
2024-09-07,2,114517.33,166206.07
2024-09-07,3,102402.13,154500.2
2024-09-07,4,91665.35,129284.84
2024-09-07,5,80945.47,125495.79
2024-09-07,6,59171.91,0.0
2024-09-08,1,47797.29,61891.29
2024-09-08,2,42294.71,57741.02
2024-09-08,3,42397.33,50081.33
2024-09-08,4,26512.98,37599.2
2024-09-08,5,38841.85,55241.5
2024-09-08,6,22915.42,0.0
2024-09-09,1,116581.94,177478.74
2024-09-09,2,98100.44,140869.29
2024-09-09,3,117661.33,144777.68
2024-09-09,4,65320.89,97818.16
2024-09-09,5,101539.29,140417.98
2024-09-09,6,62993.1,0.0
2024-09-10,1,121192.63,167007.48
2024-09-10,2,92820.25,136311.59
2024-09-10,3,113731.79,150474.05
2024-09-10,4,88187.91,135597.03
2024-09-10,5,104639.45,164107.18
2024-09-10,6,60172.25,0.0
2024-09-11,1,122354.53,160036.68
2024-09-11,2,132540.48,189367.32
2024-09-11,3,112710.44,143484.44
2024-09-11,4,92620.11,148871.09
2024-09-11,5,90199.94,122666.23
2024-09-11,6,67404.57,0.0
2024-09-12,1,127035.52,170044.46
2024-09-12,2,113683.71,163347.69
2024-09-12,3,107834.89,133885.44
2024-09-12,4,71405.42,106183.46
2024-09-12,5,91351.15,117547.05
2024-09-12,6,73713.4,0.0
2024-09-13,1,95758.53,139807.63
2024-09-13,2,99073.18,137357.82
2024-09-13,3,85761.72,107380.96
2024-09-13,4,92290.11,115983.74
2024-09-13,5,90486.74,126036.12
2024-09-13,6,62649.1,0.0
2024-09-14,1,114758.48,152029.01
2024-09-14,2,134989.53,177984.69
2024-09-14,3,84464.54,118086.07
2024-09-14,4,85091.66,138144.38
2024-09-14,5,112871.24,148126.54
2024-09-14,6,62195.4,0.0
2024-09-15,1,42156.16,51120.72
2024-09-15,2,48742.92,67908.54
2024-09-15,3,31625.2,42297.84
2024-09-15,4,36005.29,49554.78
2024-09-15,5,37174.04,55359.18
2024-09-15,6,22829.04,0.0
2024-09-16,1,134202.78,188648.32
2024-09-16,2,136869.43,182613.38
2024-09-16,3,99506.16,118410.97
2024-09-16,4,91541.65,138111.77
2024-09-16,5,99798.15,145902.11
2024-09-16,6,67623.78,0.0
2024-09-17,1,137445.05,187981.63
2024-09-17,2,123207.32,166477.18
2024-09-17,3,91945.34,129657.59
2024-09-17,4,105174.69,133390.58
2024-09-17,5,84180.23,127117.21
2024-09-17,6,64059.54,0.0
2024-09-18,1,117682.8,149131.9
2024-09-18,2,119506.54,174402.35
2024-09-18,3,106591.99,154740.83
2024-09-18,4,102399.86,131774.17
2024-09-18,5,109479.64,151830.9
2024-09-18,6,62379.82,0.0
2024-09-19,1,146366.75,209034.63
2024-09-19,2,129557.24,180090.21
2024-09-19,3,108026.65,151467.23
2024-09-19,4,88390.8,125477.16
2024-09-19,5,103482.77,164428.81
2024-09-19,6,64120.8,0.0
2024-09-20,1,101746.7,138758.98
2024-09-20,2,122879.19,153588.17
2024-09-20,3,94044.88,120724.53
2024-09-20,4,85917.65,119260.58
2024-09-20,5,69258.32,98280.81
2024-09-20,6,55829.47,0.0
2024-09-21,1,133880.62,208336.57
2024-09-21,2,130150.41,187076.72
2024-09-21,3,84408.5,115262.39
2024-09-21,4,95881.62,130258.93
2024-09-21,5,111655.26,152256.7
2024-09-21,6,70026.91,0.0
2024-09-22,1,42079.9,54019.22
2024-09-22,2,37299.05,44683.52
2024-09-22,3,35766.47,48735.3
2024-09-22,4,32410.64,48272.49
2024-09-22,5,28240.76,40055.32
2024-09-22,6,19787.37,0.0
2024-09-23,1,141230.47,182320.56
2024-09-23,2,124006.62,140375.19
2024-09-23,3,92282.87,126305.22
2024-09-23,4,92874.7,137922.48
2024-09-23,5,96704.06,119949.64
2024-09-23,6,73958.56,0.0
2024-09-24,1,146990.72,180284.72
2024-09-24,2,106258.42,163882.58
2024-09-24,3,119176.07,157064.3
2024-09-24,4,102324.33,137979.68
2024-09-24,5,108580.25,152576.43
2024-09-24,6,70185.25,0.0
2024-09-25,1,138410.47,186142.73
2024-09-25,2,102782.62,140188.93
2024-09-25,3,99980.11,132151.44
2024-09-25,4,91342.18,135146.01
2024-09-25,5,88532.82,114450.23
2024-09-25,6,71223.48,0.0
2024-09-26,1,111542.83,153778.25
2024-09-26,2,106077.39,143401.29
2024-09-26,3,98013.02,128526.93
2024-09-26,4,94539.43,128334.46
2024-09-26,5,88546.97,115828.36
2024-09-26,6,70216.73,0.0
2024-09-27,1,97821.62,132083.91
2024-09-27,2,106495.34,129605.48
2024-09-27,3,74887.55,113668.83
2024-09-27,4,62473.57,88028.26
2024-09-27,5,69446.68,97743.12
2024-09-27,6,58811.22,0.0
2024-09-28,1,126500.91,162698.62
2024-09-28,2,120084.86,145699.87
2024-09-28,3,123321.17,155182.48
2024-09-28,4,105786.98,127372.56
2024-09-28,5,81104.91,113842.99
2024-09-28,6,72680.54,0.0
2024-09-29,1,43016.5,59916.25
2024-09-29,2,48425.21,67819.56
2024-09-29,3,40393.94,55640.06
2024-09-29,4,35772.66,45195.63
2024-09-29,5,30950.0,41935.06
2024-09-29,6,22551.94,0.0
2024-09-30,1,101181.92,151158.63
2024-09-30,2,132674.46,176451.12
2024-09-30,3,122139.76,153084.6
2024-09-30,4,70509.71,99986.59
2024-09-30,5,105342.3,144680.45
2024-09-30,6,60291.19,0.0
2024-10-01,1,107751.54,148685.59
2024-10-01,2,92499.52,134850.21
2024-10-01,3,83084.86,104795.55
2024-10-01,4,104296.38,148746.3
2024-10-01,5,81838.03,105355.32
2024-10-01,6,58682.54,0.0
2024-10-02,1,107260.07,152348.5
2024-10-02,2,119105.73,169478.12
2024-10-02,3,116070.89,137083.53
2024-10-02,4,94244.43,123776.76
2024-10-02,5,113770.93,147137.48
2024-10-02,6,58452.45,0.0
2024-10-03,1,114522.32,140678.55
2024-10-03,2,103410.56,145842.54
2024-10-03,3,90611.65,128622.91
2024-10-03,4,99656.99,134015.38
2024-10-03,5,84162.58,109938.11
2024-10-03,6,69918.31,0.0
2024-10-04,1,107125.71,129303.15
2024-10-04,2,102481.51,139974.73
2024-10-04,3,95086.02,127772.88
2024-10-04,4,56415.01,79618.2
2024-10-04,5,89053.14,118373.79
2024-10-04,6,58519.19,0.0
2024-10-05,1,116793.65,156591.45
2024-10-05,2,127589.37,184317.91
2024-10-05,3,123592.09,161877.32
2024-10-05,4,90783.98,141872.0
2024-10-05,5,86530.66,128184.56
2024-10-05,6,63026.16,0.0
2024-10-06,1,39440.28,52819.84
2024-10-06,2,43496.66,56653.38
2024-10-06,3,41647.21,52743.78
2024-10-06,4,34511.44,51356.46
2024-10-06,5,30750.21,39554.9
2024-10-06,6,23403.94,0.0
2024-10-07,1,133975.36,178319.46
2024-10-07,2,141162.56,188235.58
2024-10-07,3,103602.79,166274.02
2024-10-07,4,95574.86,139560.35
2024-10-07,5,113526.02,160029.08
2024-10-07,6,72778.17,0.0
2024-10-08,1,107705.6,158046.22
2024-10-08,2,134896.52,171097.45
2024-10-08,3,92370.84,122910.25
2024-10-08,4,100778.85,140682.52
2024-10-08,5,103957.35,135376.75
2024-10-08,6,65400.57,0.0
2024-10-09,1,114978.46,143724.92
2024-10-09,2,102303.51,135055.85
2024-10-09,3,90803.66,107254.06
2024-10-09,4,102887.03,140396.38
2024-10-09,5,95230.25,143622.79
2024-10-09,6,66952.77,0.0
2024-10-10,1,146394.72,180485.24
2024-10-10,2,135348.18,183861.04
2024-10-10,3,87251.25,107636.3
2024-10-10,4,85269.96,131272.6
2024-10-10,5,112486.7,147698.2
2024-10-10,6,61447.35,0.0
2024-10-11,1,114650.66,156650.43
2024-10-11,2,128096.62,153725.62
2024-10-11,3,81356.47,105322.4
2024-10-11,4,73013.48,108745.18
2024-10-11,5,89901.9,122820.65
2024-10-11,6,54087.61,0.0
2024-10-12,1,111801.86,153670.42
2024-10-12,2,123238.45,156324.74
2024-10-12,3,89203.97,118659.59
2024-10-12,4,105015.63,155696.75
2024-10-12,5,100635.77,155947.91
2024-10-12,6,76227.11,0.0
2024-10-13,1,42051.03,59028.78
2024-10-13,2,40746.87,52131.69
2024-10-13,3,35522.63,49298.6
2024-10-13,4,31039.25,46404.59
2024-10-13,5,38946.94,49564.76
2024-10-13,6,21441.13,0.0
2024-10-14,1,120433.1,184714.64
2024-10-14,2,105710.78,156657.49
2024-10-14,3,116829.63,159222.2
2024-10-14,4,69340.24,91501.78
2024-10-14,5,84365.58,110924.43
2024-10-14,6,73348.63,0.0
2024-10-15,1,120471.29,159779.44
2024-10-15,2,117476.61,163507.69
2024-10-15,3,114484.16,174273.52
2024-10-15,4,94489.14,119470.45
2024-10-15,5,93098.59,129643.32
2024-10-15,6,68084.27,0.0
2024-10-16,1,141366.19,185026.99
2024-10-16,2,102058.05,139196.08
2024-10-16,3,110197.56,157267.21
2024-10-16,4,78407.79,114880.34
2024-10-16,5,84872.49,121060.97
2024-10-16,6,65820.94,0.0
2024-10-17,1,136193.21,180311.52
2024-10-17,2,127885.26,183916.9
2024-10-17,3,122897.84,157060.85
2024-10-17,4,95674.61,128483.66
2024-10-17,5,85009.22,120523.92
2024-10-17,6,66941.09,0.0
2024-10-18,1,94811.36,150182.26
2024-10-18,2,113956.94,145040.65
2024-10-18,3,103783.57,133484.46
2024-10-18,4,59157.26,92102.2
2024-10-18,5,90254.14,128002.39
2024-10-18,6,51611.11,0.0
2024-10-19,1,118072.55,150816.58
2024-10-19,2,118264.23,162381.02
2024-10-19,3,129596.94,155864.02
2024-10-19,4,83423.88,142643.24
2024-10-19,5,103298.65,149676.47
2024-10-19,6,64994.17,0.0
2024-10-20,1,35497.45,55906.57
2024-10-20,2,34666.66,51695.03
2024-10-20,3,31480.73,46126.53
2024-10-20,4,31901.62,47172.94
2024-10-20,5,35242.5,48227.67
2024-10-20,6,25457.46,0.0
2024-10-21,1,128359.18,175314.35
2024-10-21,2,113500.31,150615.08
2024-10-21,3,82875.23,109921.29
2024-10-21,4,101282.85,122998.99
2024-10-21,5,108632.38,160139.61
2024-10-21,6,69945.3,0.0
2024-10-22,1,144379.55,197481.05
2024-10-22,2,129135.12,184667.81
2024-10-22,3,109578.39,161487.89
2024-10-22,4,88508.83,119757.85
2024-10-22,5,88218.65,150430.91
2024-10-22,6,61270.37,0.0
2024-10-23,1,142097.36,171045.3
2024-10-23,2,100664.1,151981.16
2024-10-23,3,113800.52,167577.88
2024-10-23,4,100283.15,127813.03
2024-10-23,5,95562.1,129222.76
2024-10-23,6,64330.03,0.0
2024-10-24,1,117390.89,171454.16
2024-10-24,2,110192.43,158060.25
2024-10-24,3,92804.59,117740.21
2024-10-24,4,92792.56,142254.83
2024-10-24,5,108313.39,163350.52
2024-10-24,6,69847.14,0.0
2024-10-25,1,120746.31,179300.87
2024-10-25,2,120457.15,140744.36
2024-10-25,3,85073.93,107128.08
2024-10-25,4,74638.18,107167.25
2024-10-25,5,88147.02,122233.15
2024-10-25,6,49106.12,0.0
2024-10-26,1,106060.58,148216.85
2024-10-26,2,121738.96,172429.89
2024-10-26,3,81656.69,121404.44
2024-10-26,4,114355.59,138812.02
2024-10-26,5,102994.26,151098.05
2024-10-26,6,59878.63,0.0
2024-10-27,1,49486.81,69908.49
2024-10-27,2,47951.3,61923.99
2024-10-27,3,31398.13,40424.89
2024-10-27,4,35841.68,48355.07
2024-10-27,5,40229.91,49879.3
2024-10-27,6,22447.95,0.0
2024-10-28,1,132089.38,194971.81
2024-10-28,2,117852.35,166273.54
2024-10-28,3,113527.8,150878.53
2024-10-28,4,101065.47,123213.06
2024-10-28,5,115863.29,152013.89
2024-10-28,6,66710.57,0.0
2024-10-29,1,118986.47,151111.48
2024-10-29,2,108814.33,158638.04
2024-10-29,3,95276.19,116935.52
2024-10-29,4,83544.84,121756.43
2024-10-29,5,97462.15,144626.34
2024-10-29,6,62584.87,0.0
2024-10-30,1,116296.32,161559.79
2024-10-30,2,102992.39,140838.09
2024-10-30,3,108176.56,156980.58
2024-10-30,4,95468.05,132473.27
2024-10-30,5,110745.26,155184.85
2024-10-30,6,68149.67,0.0
2024-10-31,1,121335.44,159460.7
2024-10-31,2,130697.54,172187.35
2024-10-31,3,100054.89,150910.53
2024-10-31,4,86877.82,104182.42
2024-10-31,5,116840.9,145132.68
2024-10-31,6,63334.01,0.0
2024-11-01,1,99578.35,132532.92
2024-11-01,2,87932.24,121467.09
2024-11-01,3,95876.95,126910.7
2024-11-01,4,85030.58,110225.65
2024-11-01,5,81566.62,135787.4
2024-11-01,6,51777.15,0.0
2024-11-02,1,120537.35,155896.77
2024-11-02,2,128782.22,158199.06
2024-11-02,3,94815.0,112657.04
2024-11-02,4,97359.53,155555.57
2024-11-02,5,116819.07,149181.58
2024-11-02,6,63375.5,0.0
2024-11-03,1,50380.22,68180.55
2024-11-03,2,41229.77,53889.39
2024-11-03,3,36668.89,58567.49
2024-11-03,4,24875.64,35240.91
2024-11-03,5,28296.03,40770.92
2024-11-03,6,22514.42,0.0
2024-11-04,1,139533.34,200486.87
2024-11-04,2,132642.99,157817.94
2024-11-04,3,129108.32,148397.88
2024-11-04,4,101546.63,142003.56
2024-11-04,5,81033.0,106828.21
2024-11-04,6,61081.14,0.0
2024-11-05,1,111079.43,160047.11
2024-11-05,2,113345.92,150644.71
2024-11-05,3,86846.96,136447.83
2024-11-05,4,68227.99,92969.85
2024-11-05,5,98441.3,147123.63
2024-11-05,6,60086.74,0.0
2024-11-06,1,108295.44,152054.46
2024-11-06,2,133408.32,180510.94
2024-11-06,3,124847.9,167422.18
2024-11-06,4,98179.21,124870.51
2024-11-06,5,103619.28,155885.23
2024-11-06,6,66779.11,0.0
2024-11-07,1,115430.34,150693.2
2024-11-07,2,120602.86,164043.48
2024-11-07,3,121574.04,162771.87
2024-11-07,4,108114.15,141280.81
2024-11-07,5,110145.34,154454.67
2024-11-07,6,65105.22,0.0
2024-11-08,1,129847.06,169799.05
2024-11-08,2,101420.84,128749.13
2024-11-08,3,78512.17,93514.57
2024-11-08,4,89238.27,117421.47
2024-11-08,5,64669.93,104053.99
2024-11-08,6,52480.67,0.0
2024-11-09,1,138508.42,192435.4
2024-11-09,2,140038.87,177560.86
2024-11-09,3,92032.13,119558.21
2024-11-09,4,101960.28,123352.2
2024-11-09,5,108407.78,148888.79
2024-11-09,6,68181.24,0.0
2024-11-10,1,44894.72,61384.24
2024-11-10,2,40594.15,56823.48
2024-11-10,3,41280.7,55561.86
2024-11-10,4,28498.26,38913.24
2024-11-10,5,29549.37,36860.05
2024-11-10,6,23036.95,0.0
2024-11-11,1,126097.23,163167.32
2024-11-11,2,126805.01,165987.1
2024-11-11,3,107406.99,164522.61
2024-11-11,4,90544.31,128358.71
2024-11-11,5,86085.84,124177.64
2024-11-11,6,68974.65,0.0
2024-11-12,1,115553.52,147483.15
2024-11-12,2,143001.16,178337.29
2024-11-12,3,110057.71,144860.35
2024-11-12,4,90903.54,149628.7
2024-11-12,5,100552.15,161310.72
2024-11-12,6,70303.89,0.0
2024-11-13,1,129758.24,145988.18
2024-11-13,2,122044.56,169864.43
2024-11-13,3,119972.58,152320.02
2024-11-13,4,90286.68,119759.14
2024-11-13,5,99983.36,142718.86
2024-11-13,6,70718.3,0.0
2024-11-14,1,120817.52,196616.68
2024-11-14,2,132531.88,172460.58
2024-11-14,3,91727.18,113391.01
2024-11-14,4,73966.32,108457.56
2024-11-14,5,111224.65,137655.49
2024-11-14,6,68285.68,0.0
2024-11-15,1,108374.73,154728.76
2024-11-15,2,97765.45,122433.65
2024-11-15,3,72660.93,93999.25
2024-11-15,4,78596.17,116307.34
2024-11-15,5,67936.09,103127.43
2024-11-15,6,53017.63,0.0
2024-11-16,1,120021.94,158921.2
2024-11-16,2,105413.96,152056.38
2024-11-16,3,108205.83,147314.57
2024-11-16,4,92456.62,129900.27
2024-11-16,5,104571.11,147682.97
2024-11-16,6,66122.83,0.0
2024-11-17,1,46206.49,65704.69
2024-11-17,2,48283.67,63303.66
2024-11-17,3,35386.16,50010.53
2024-11-17,4,24817.98,33736.99
2024-11-17,5,27324.21,39711.25
2024-11-17,6,22703.83,0.0
2024-11-18,1,144548.15,200254.06
2024-11-18,2,106126.05,150933.07
2024-11-18,3,118632.43,160321.65
2024-11-18,4,103079.58,132179.64
2024-11-18,5,115321.99,151085.15
2024-11-18,6,70338.37,0.0
2024-11-19,1,112100.63,158209.93
2024-11-19,2,118245.67,164657.93
2024-11-19,3,102569.33,139165.28
2024-11-19,4,86506.26,131266.93
2024-11-19,5,100160.17,151549.62
2024-11-19,6,61511.42,0.0
2024-11-20,1,135403.83,192322.14
2024-11-20,2,133340.15,176816.31
2024-11-20,3,87996.09,111087.97
2024-11-20,4,69668.17,104406.34
2024-11-20,5,86410.39,114626.24
2024-11-20,6,67279.64,0.0
2024-11-21,1,123737.82,157478.19
2024-11-21,2,105136.63,175353.55
2024-11-21,3,83183.72,118057.08
2024-11-21,4,91827.41,133797.1
2024-11-21,5,89099.48,105646.65
2024-11-21,6,55627.18,0.0
2024-11-22,1,101393.13,132211.63
2024-11-22,2,122067.69,155609.97
2024-11-22,3,103672.16,133262.88
2024-11-22,4,77181.33,111426.53
2024-11-22,5,67211.03,93577.03
2024-11-22,6,59504.08,0.0
2024-11-23,1,119429.51,169713.7
2024-11-23,2,107026.19,154817.83
2024-11-23,3,100844.21,138702.43
2024-11-23,4,94594.53,142849.06
2024-11-23,5,95616.18,168303.71
2024-11-23,6,67716.88,0.0
2024-11-24,1,46227.25,60100.76
2024-11-24,2,47115.18,60841.51
2024-11-24,3,43226.06,52907.09
2024-11-24,4,36576.54,50415.71
2024-11-24,5,36837.36,51895.79
2024-11-24,6,22689.96,0.0
2024-11-25,1,123980.66,160388.3
2024-11-25,2,123554.36,169898.77
2024-11-25,3,105729.57,147099.33
2024-11-25,4,76961.47,101479.81
2024-11-25,5,103092.86,155972.21
2024-11-25,6,64350.35,0.0
2024-11-26,1,109925.85,165278.19
2024-11-26,2,121910.31,176372.39
2024-11-26,3,111752.78,155195.08
2024-11-26,4,93334.4,149099.83
2024-11-26,5,85677.48,136404.73
2024-11-26,6,64494.77,0.0
2024-11-27,1,117740.05,166093.86
2024-11-27,2,128717.64,182246.8
2024-11-27,3,116151.56,159227.47
2024-11-27,4,93268.69,121567.05
2024-11-27,5,86681.36,133835.52
2024-11-27,6,65323.14,0.0
2024-11-28,1,144505.85,170135.99
2024-11-28,2,122843.84,164622.4
2024-11-28,3,84420.43,130118.79
2024-11-28,4,88090.23,117935.12
2024-11-28,5,106434.72,129710.9
2024-11-28,6,68967.14,0.0
2024-11-29,1,110206.02,146555.61
2024-11-29,2,95469.17,134503.84
2024-11-29,3,93439.95,123796.99
2024-11-29,4,81776.43,118021.51
2024-11-29,5,95509.82,124565.02
2024-11-29,6,59423.23,0.0
2024-11-30,1,126297.5,171915.65
2024-11-30,2,124833.51,154739.37
2024-11-30,3,102840.59,156182.31
2024-11-30,4,106014.69,135035.23
2024-11-30,5,86182.46,109438.85
2024-11-30,6,77080.72,0.0
2024-12-01,1,44235.15,61237.7
2024-12-01,2,31518.45,42406.81
2024-12-01,3,29974.51,34280.85
2024-12-01,4,18761.53,23933.69
2024-12-01,5,36443.17,46792.75
2024-12-01,6,21602.02,0.0
2024-12-02,1,116707.45,162002.08
2024-12-02,2,119274.03,158439.05
2024-12-02,3,96440.95,116915.64
2024-12-02,4,79967.08,126761.01
2024-12-02,5,72727.88,99711.64
2024-12-02,6,57050.25,0.0
2024-12-03,1,94222.51,131036.93
2024-12-03,2,123786.55,155082.98
2024-12-03,3,86533.11,129569.47
2024-12-03,4,77970.03,124002.15
2024-12-03,5,82742.0,105127.37
2024-12-03,6,59170.78,0.0
2024-12-04,1,121205.09,158359.4
2024-12-04,2,107429.74,157455.55
2024-12-04,3,73506.54,100884.56
2024-12-04,4,74669.26,117086.35
2024-12-04,5,92030.58,135873.57
2024-12-04,6,58211.4,0.0
2024-12-05,1,89806.38,130204.33
2024-12-05,2,102645.84,144698.01
2024-12-05,3,103508.35,129333.58
2024-12-05,4,85509.98,113074.96
2024-12-05,5,92522.59,122860.04
2024-12-05,6,64122.55,0.0
2024-12-06,1,100343.01,132220.57
2024-12-06,2,72836.87,90747.78
2024-12-06,3,83176.53,102670.8
2024-12-06,4,82972.14,103319.83
2024-12-06,5,64411.82,94568.83
2024-12-06,6,46696.82,0.0
2024-12-07,1,108746.29,146715.46
2024-12-07,2,111456.09,140193.29
2024-12-07,3,88083.51,124552.58
2024-12-07,4,79289.94,116428.33
2024-12-07,5,73741.06,103392.41
2024-12-07,6,58732.47,0.0
2024-12-08,1,33530.96,52053.83
2024-12-08,2,40885.52,55409.06
2024-12-08,3,26341.63,36297.0
2024-12-08,4,29062.18,39935.05
2024-12-08,5,31515.3,46129.69
2024-12-08,6,23045.46,0.0
2024-12-09,1,90485.71,123890.79
2024-12-09,2,94353.28,145055.5
2024-12-09,3,95879.26,141410.82
2024-12-09,4,54738.04,79076.65
2024-12-09,5,87920.77,130794.95
2024-12-09,6,55248.67,0.0
2024-12-10,1,111492.02,138552.33
2024-12-10,2,108585.59,143617.47
2024-12-10,3,101184.27,144814.81
2024-12-10,4,59507.74,91250.2
2024-12-10,5,85960.32,129625.25
2024-12-10,6,51194.98,0.0
2024-12-11,1,129883.38,166839.13
2024-12-11,2,119096.79,149305.32
2024-12-11,3,101298.1,113205.75
2024-12-11,4,83523.48,121617.61
2024-12-11,5,86759.6,122308.73
2024-12-11,6,50919.44,0.0
2024-12-12,1,106121.03,144525.41
2024-12-12,2,83364.54,132051.17
2024-12-12,3,88649.67,126397.7
2024-12-12,4,80906.51,111759.38
2024-12-12,5,83498.42,98468.88
2024-12-12,6,64739.46,0.0
2024-12-13,1,97754.54,124739.58
2024-12-13,2,84260.76,108503.11
2024-12-13,3,81151.84,115306.91
2024-12-13,4,74283.27,100508.29
2024-12-13,5,56136.03,86222.99
2024-12-13,6,49552.83,0.0
2024-12-14,1,106285.31,129369.5
2024-12-14,2,124192.86,169684.03
2024-12-14,3,97653.16,131267.45
2024-12-14,4,71502.69,107244.94
2024-12-14,5,97174.43,130140.31
2024-12-14,6,58052.96,0.0
2024-12-15,1,39337.9,54872.83
2024-12-15,2,32148.36,43961.96
2024-12-15,3,33562.35,47667.48
2024-12-15,4,31986.7,42941.4
2024-12-15,5,32215.77,45507.93
2024-12-15,6,20969.21,0.0
2024-12-16,1,111930.44,157122.78
2024-12-16,2,103342.09,135412.94
2024-12-16,3,100025.06,137228.84
2024-12-16,4,85044.65,120495.09
2024-12-16,5,94791.87,123203.0
2024-12-16,6,56792.3,0.0
2024-12-17,1,115285.15,164161.11
2024-12-17,2,89225.63,143194.11
2024-12-17,3,79277.32,108508.03
2024-12-17,4,77464.62,117680.2
2024-12-17,5,74250.91,94877.73
2024-12-17,6,55854.73,0.0
2024-12-18,1,127186.26,159122.74
2024-12-18,2,108120.59,134179.31
2024-12-18,3,112552.14,136821.55
2024-12-18,4,73585.13,104321.82
2024-12-18,5,97526.29,130612.5
2024-12-18,6,60114.01,0.0
2024-12-19,1,114514.64,154464.48
2024-12-19,2,106837.57,149813.21
2024-12-19,3,101543.14,137772.69
2024-12-19,4,60048.48,92233.27
2024-12-19,5,93506.5,137042.91
2024-12-19,6,51160.48,0.0
2024-12-20,1,99646.7,133495.13
2024-12-20,2,82284.41,123784.4
2024-12-20,3,76552.3,108984.24
2024-12-20,4,71715.61,108609.75
2024-12-20,5,66376.87,89664.84
2024-12-20,6,47440.8,0.0
2024-12-21,1,130091.01,154803.85
2024-12-21,2,89485.21,107012.04
2024-12-21,3,92983.11,140723.21
2024-12-21,4,75415.93,117669.87
2024-12-21,5,74177.45,98184.69
2024-12-21,6,63988.67,0.0
2024-12-22,1,41027.08,58533.66
2024-12-22,2,32416.76,46486.99
2024-12-22,3,28946.1,38736.45
2024-12-22,4,31596.32,42240.45
2024-12-22,5,34030.74,54099.38
2024-12-22,6,21823.05,0.0
2024-12-23,1,106564.27,139641.21
2024-12-23,2,108949.65,160274.87
2024-12-23,3,88314.69,123197.95
2024-12-23,4,68455.77,99619.97
2024-12-23,5,85694.06,126813.87
2024-12-23,6,52771.6,0.0
2024-12-24,1,105771.38,162309.44
2024-12-24,2,118379.1,154001.74
2024-12-24,3,91234.34,127515.96
2024-12-24,4,93465.06,137690.07
2024-12-24,5,94553.76,121510.32
2024-12-24,6,60467.05,0.0
2024-12-25,1,123194.72,147241.86
2024-12-25,2,100607.55,138499.67
2024-12-25,3,97006.15,127477.62
2024-12-25,4,84334.34,122832.77
2024-12-25,5,73431.91,102061.73
2024-12-25,6,57961.07,0.0
2024-12-26,1,122922.36,170608.11
2024-12-26,2,91407.04,119827.89
2024-12-26,3,94481.27,114481.05
2024-12-26,4,86395.87,113185.37
2024-12-26,5,96393.64,132495.09
2024-12-26,6,56679.72,0.0
2024-12-27,1,100058.08,126002.56
2024-12-27,2,70136.58,103631.15
2024-12-27,3,57133.51,85779.95
2024-12-27,4,52702.28,74400.99
2024-12-27,5,73757.13,111513.41
2024-12-27,6,52782.68,0.0
2024-12-28,1,94630.29,160918.44
2024-12-28,2,86649.13,106097.88
2024-12-28,3,87362.8,117895.08
2024-12-28,4,81189.98,121746.53
2024-12-28,5,93300.6,120937.82
2024-12-28,6,67440.32,0.0
2024-12-29,1,37278.0,48045.99
2024-12-29,2,41359.39,55162.56
2024-12-29,3,36115.44,46721.67
2024-12-29,4,29654.61,43433.15
2024-12-29,5,30198.81,45766.15
2024-12-29,6,21313.93,0.0
2024-12-30,1,107156.92,142180.18
2024-12-30,2,109508.6,138555.66
2024-12-30,3,105693.31,137928.81
2024-12-30,4,85408.99,108855.94
2024-12-30,5,74567.56,98843.4
2024-12-30,6,61948.06,0.0
2024-12-31,1,121061.24,169953.31
2024-12-31,2,115858.62,139727.28
2024-12-31,3,74786.99,109525.07
2024-12-31,4,77523.4,111695.41
2024-12-31,5,95999.57,132435.11
2024-12-31,6,60482.06,0.0
2025-01-01,1,113038.7,175995.98
2025-01-01,2,104014.3,140103.02
2025-01-01,3,82430.08,104462.9
2025-01-01,4,89439.89,134664.86
2025-01-01,5,102906.53,128530.3
2025-01-01,6,53998.23,0.0
2025-01-02,1,101384.57,136691.57
2025-01-02,2,89864.19,123335.38
2025-01-02,3,103348.49,145409.44
2025-01-02,4,85089.85,117331.5
2025-01-02,5,87994.86,134552.14
2025-01-02,6,60910.97,0.0
2025-01-03,1,77206.01,112193.93
2025-01-03,2,83956.26,128812.6
2025-01-03,3,63044.45,88197.24
2025-01-03,4,58480.12,76537.04
2025-01-03,5,81954.01,121887.98
2025-01-03,6,42545.93,0.0
2025-01-04,1,115348.89,145918.82
2025-01-04,2,112202.25,157183.32
2025-01-04,3,75897.74,109969.29
2025-01-04,4,79897.9,110378.57
2025-01-04,5,74742.33,110002.65
2025-01-04,6,60427.34,0.0
2025-01-05,1,35293.84,47854.48
2025-01-05,2,27249.85,35878.95
2025-01-05,3,33683.46,42134.06
2025-01-05,4,29051.25,39614.62
2025-01-05,5,25004.38,37993.42
2025-01-05,6,21488.67,0.0
2025-01-06,1,120819.63,155357.97
2025-01-06,2,104558.43,143147.85
2025-01-06,3,100833.36,126063.37
2025-01-06,4,90628.2,110017.14
2025-01-06,5,66274.98,83899.21
2025-01-06,6,54192.05,0.0
2025-01-07,1,119672.29,148255.63
2025-01-07,2,93846.1,120580.57
2025-01-07,3,76773.21,109514.72
2025-01-07,4,89993.83,121337.57
2025-01-07,5,96671.87,133466.82
2025-01-07,6,58372.9,0.0
2025-01-08,1,117463.78,148195.56
2025-01-08,2,121311.63,158945.68
2025-01-08,3,81833.47,105520.11
2025-01-08,4,61013.12,91280.13
2025-01-08,5,78649.19,119570.74
2025-01-08,6,61398.92,0.0
2025-01-09,1,107616.88,132999.25
2025-01-09,2,97619.1,131583.99
2025-01-09,3,110761.28,131903.76
2025-01-09,4,63991.44,90524.48
2025-01-09,5,85156.29,137639.67
2025-01-09,6,57899.17,0.0
2025-01-10,1,74286.38,111551.6
2025-01-10,2,103517.45,136305.73
2025-01-10,3,79381.62,116129.93
2025-01-10,4,64214.12,91799.65
2025-01-10,5,82068.15,101120.25
2025-01-10,6,50657.1,0.0
2025-01-11,1,96079.64,137196.26
2025-01-11,2,95891.96,142836.83
2025-01-11,3,97939.84,131003.19
2025-01-11,4,102600.75,113979.35
2025-01-11,5,69120.15,107383.78
2025-01-11,6,58234.97,0.0
2025-01-12,1,39378.07,49772.82
2025-01-12,2,31210.16,43671.16
2025-01-12,3,33120.23,46943.24
2025-01-12,4,31599.71,43956.84
2025-01-12,5,30659.79,40673.0
2025-01-12,6,18528.34,0.0
2025-01-13,1,122078.89,157879.26
2025-01-13,2,100289.65,127337.13
2025-01-13,3,80287.42,100732.11
2025-01-13,4,78467.21,114497.62
2025-01-13,5,86761.85,122701.05
2025-01-13,6,68434.35,0.0
2025-01-14,1,101286.4,138818.89
2025-01-14,2,104994.4,130130.46
2025-01-14,3,97074.55,135961.4
2025-01-14,4,76753.73,107386.15
2025-01-14,5,91294.07,137133.66
2025-01-14,6,59433.65,0.0
2025-01-15,1,94587.15,124565.05
2025-01-15,2,114407.84,151511.1
2025-01-15,3,81506.09,102350.26
2025-01-15,4,78153.79,117831.6
2025-01-15,5,96288.64,122507.34
2025-01-15,6,60564.41,0.0
2025-01-16,1,98651.95,123995.17
2025-01-16,2,120416.71,148898.48
2025-01-16,3,79227.61,96566.44
2025-01-16,4,85300.77,118296.67
2025-01-16,5,93072.71,134058.67
2025-01-16,6,61937.73,0.0
2025-01-17,1,89089.09,125177.44
2025-01-17,2,84190.02,114718.55
2025-01-17,3,78715.69,104300.39
2025-01-17,4,68572.13,99361.52
2025-01-17,5,80158.27,125687.55
2025-01-17,6,47792.17,0.0
2025-01-18,1,96887.39,131839.9
2025-01-18,2,118670.12,154658.91
2025-01-18,3,82852.5,119606.71
2025-01-18,4,86313.06,120339.06
2025-01-18,5,72690.75,102078.54
2025-01-18,6,60422.13,0.0
2025-01-19,1,37560.79,55450.01
2025-01-19,2,40268.18,51515.37
2025-01-19,3,34989.33,43939.88
2025-01-19,4,29416.37,40522.8
2025-01-19,5,32195.57,45810.89
2025-01-19,6,18868.04,0.0
2025-01-20,1,126050.08,157129.61
2025-01-20,2,87700.34,124314.23
2025-01-20,3,77762.99,102013.76
2025-01-20,4,79792.45,110866.03
2025-01-20,5,90489.18,119708.29
2025-01-20,6,56938.42,0.0
2025-01-21,1,103638.6,126608.14
2025-01-21,2,81286.46,112118.35
2025-01-21,3,100171.85,125196.63
2025-01-21,4,74883.48,115894.12
2025-01-21,5,69766.25,92103.92
2025-01-21,6,58704.21,0.0
2025-01-22,1,117575.53,164304.84
2025-01-22,2,103196.88,138069.54
2025-01-22,3,73401.14,112676.49
2025-01-22,4,90323.99,116739.0
2025-01-22,5,73487.04,99460.31
2025-01-22,6,57282.74,0.0
2025-01-23,1,99920.62,138551.59
2025-01-23,2,106018.22,148228.69
2025-01-23,3,68830.51,97584.18
2025-01-23,4,76351.33,107811.15
2025-01-23,5,88607.57,118486.68
2025-01-23,6,60223.79,0.0
2025-01-24,1,95715.06,137431.17
2025-01-24,2,71025.03,110398.44
2025-01-24,3,90102.06,112964.98
2025-01-24,4,72257.69,100350.22
2025-01-24,5,62029.75,95269.17
2025-01-24,6,51054.81,0.0
2025-01-25,1,131348.24,164193.52
2025-01-25,2,119169.88,165791.36
2025-01-25,3,101283.76,138073.47
2025-01-25,4,87196.0,132460.45
2025-01-25,5,76400.33,101314.34
2025-01-25,6,57165.37,0.0
2025-01-26,1,39534.87,52435.7
2025-01-26,2,36552.77,49154.95
2025-01-26,3,33794.61,47121.19
2025-01-26,4,29705.8,46752.41
2025-01-26,5,27290.73,36183.34
2025-01-26,6,17334.64,0.0
2025-01-27,1,95249.94,128930.72
2025-01-27,2,98189.12,131643.71
2025-01-27,3,78796.67,105405.61
2025-01-27,4,60019.66,88425.82
2025-01-27,5,75254.1,110532.86
2025-01-27,6,53867.56,0.0
2025-01-28,1,97154.57,128010.51
2025-01-28,2,91417.68,124408.95
2025-01-28,3,104543.36,127167.74
2025-01-28,4,79138.46,111147.86
2025-01-28,5,82662.54,118823.24
2025-01-28,6,61453.03,0.0
2025-01-29,1,100196.96,128928.23
2025-01-29,2,113618.71,140133.72
2025-01-29,3,99210.38,132795.02
2025-01-29,4,86597.96,128106.63
2025-01-29,5,87265.95,133983.09
2025-01-29,6,59878.76,0.0
2025-01-30,1,108477.91,144255.12
2025-01-30,2,111206.31,140555.83
2025-01-30,3,95555.2,127946.86
2025-01-30,4,87151.5,120447.99
2025-01-30,5,85673.23,126588.93
2025-01-30,6,64705.22,0.0
2025-01-31,1,99565.02,135997.57
2025-01-31,2,95325.41,128229.01
2025-01-31,3,63569.9,86693.78
2025-01-31,4,72475.03,101270.8
2025-01-31,5,67801.42,86980.83
2025-01-31,6,46528.68,0.0
2025-02-01,1,108595.56,132827.86
2025-02-01,2,88135.66,118255.04
2025-02-01,3,98306.25,129496.14
2025-02-01,4,81816.5,110367.79
2025-02-01,5,73245.62,111824.96
2025-02-01,6,58430.32,0.0
2025-02-02,1,39346.86,50342.42
2025-02-02,2,30395.88,42521.58
2025-02-02,3,27181.85,35830.31
2025-02-02,4,28802.23,39972.42
2025-02-02,5,26613.31,32999.18
2025-02-02,6,20411.84,0.0
2025-02-03,1,105817.43,156746.01
2025-02-03,2,105594.69,154171.65
2025-02-03,3,89297.42,132174.61
2025-02-03,4,77815.55,116044.07
2025-02-03,5,92825.42,137580.43
2025-02-03,6,58912.43,0.0
2025-02-04,1,102933.62,129262.78
2025-02-04,2,94274.86,143792.19
2025-02-04,3,79927.31,98640.5
2025-02-04,4,79960.35,107753.9
2025-02-04,5,89201.74,116038.63
2025-02-04,6,58510.42,0.0
2025-02-05,1,112498.06,152864.43
2025-02-05,2,91450.51,126369.24
2025-02-05,3,77462.91,113792.38
2025-02-05,4,80147.01,116272.71
2025-02-05,5,71742.82,122511.78
2025-02-05,6,58347.27,0.0
2025-02-06,1,120337.84,156779.51
2025-02-06,2,74644.28,118196.93
2025-02-06,3,105667.2,141385.14
2025-02-06,4,63887.65,78798.62
2025-02-06,5,88021.63,132935.3
2025-02-06,6,62312.18,0.0
2025-02-07,1,91151.02,113652.24
2025-02-07,2,72188.73,98273.24
2025-02-07,3,83372.98,106257.81
2025-02-07,4,48781.1,66663.96
2025-02-07,5,61646.91,82897.51
2025-02-07,6,48473.25,0.0
2025-02-08,1,110030.68,141663.5
2025-02-08,2,88266.59,112215.0
2025-02-08,3,108453.38,137870.37
2025-02-08,4,73217.5,108017.17
2025-02-08,5,85762.36,110234.75
2025-02-08,6,54204.29,0.0
2025-02-09,1,44948.02,54766.55
2025-02-09,2,37461.23,49667.49
2025-02-09,3,34648.07,45866.1
2025-02-09,4,30172.8,36885.78
2025-02-09,5,30835.22,45355.46
2025-02-09,6,22854.88,0.0
2025-02-10,1,106610.71,127294.97
2025-02-10,2,90521.67,118111.99
2025-02-10,3,96018.76,131347.6
2025-02-10,4,94952.93,113132.56
2025-02-10,5,73313.22,102647.83
2025-02-10,6,59148.36,0.0
2025-02-11,1,101323.17,136674.29
2025-02-11,2,99234.84,151919.86
2025-02-11,3,73297.08,98730.46
2025-02-11,4,63244.37,99589.31
2025-02-11,5,72137.7,104302.37
2025-02-11,6,54159.92,0.0
2025-02-12,1,100984.87,127595.17
2025-02-12,2,113272.56,151311.22
2025-02-12,3,98301.25,121653.14
2025-02-12,4,64971.31,86735.69
2025-02-12,5,96794.71,129265.32
2025-02-12,6,64144.35,0.0
2025-02-13,1,102437.81,139388.77
2025-02-13,2,100679.43,155530.69
2025-02-13,3,96170.82,117758.45
2025-02-13,4,81322.89,119094.12
2025-02-13,5,88007.66,131243.18
2025-02-13,6,55865.53,0.0
2025-02-14,1,81319.91,97948.71
2025-02-14,2,100635.19,138025.18
2025-02-14,3,66859.55,86426.94
2025-02-14,4,76626.16,97189.84
2025-02-14,5,62749.93,85828.24
2025-02-14,6,47544.55,0.0
2025-02-15,1,92983.39,152309.09
2025-02-15,2,111247.23,156555.44
2025-02-15,3,100852.16,131994.26
2025-02-15,4,62362.79,85698.82
2025-02-15,5,96619.39,126670.8
2025-02-15,6,53333.87,0.0
2025-02-16,1,33770.59,45501.45
2025-02-16,2,38685.29,57465.19
2025-02-16,3,34058.46,49110.83
2025-02-16,4,30250.55,36339.96
2025-02-16,5,33246.73,44987.66
2025-02-16,6,20249.44,0.0
2025-02-17,1,103027.73,129021.74
2025-02-17,2,111714.3,151548.11
2025-02-17,3,102754.73,136573.38
2025-02-17,4,80111.07,121902.58
2025-02-17,5,66774.55,96647.73
2025-02-17,6,58929.45,0.0
2025-02-18,1,106990.37,140145.17
2025-02-18,2,106045.15,150847.21
2025-02-18,3,74345.19,105550.6
2025-02-18,4,82246.6,125037.56
2025-02-18,5,76163.69,92237.24
2025-02-18,6,62583.17,0.0
2025-02-19,1,116078.34,167950.85
2025-02-19,2,113277.23,161286.17
2025-02-19,3,87145.35,116645.8
2025-02-19,4,62795.17,80497.75
2025-02-19,5,77073.23,100447.75
2025-02-19,6,58630.52,0.0
2025-02-20,1,90662.48,138919.72
2025-02-20,2,104163.87,153065.93
2025-02-20,3,79601.13,109326.62
2025-02-20,4,67833.11,93889.11
2025-02-20,5,83696.61,133185.47
2025-02-20,6,61233.86,0.0
2025-02-21,1,80441.01,117748.23
2025-02-21,2,88882.44,113928.06
2025-02-21,3,85932.7,113725.61
2025-02-21,4,69322.58,95022.99
2025-02-21,5,77659.52,111768.16
2025-02-21,6,54784.13,0.0
2025-02-22,1,116145.73,173875.7
2025-02-22,2,100363.97,142313.79
2025-02-22,3,83883.8,115056.08
2025-02-22,4,82205.49,113972.46
2025-02-22,5,86659.15,123708.22
2025-02-22,6,61572.53,0.0
2025-02-23,1,41173.69,58877.76
2025-02-23,2,34351.22,44843.42
2025-02-23,3,24950.12,37205.56
2025-02-23,4,22083.9,28803.5
2025-02-23,5,30158.44,42840.66
2025-02-23,6,21903.41,0.0
2025-02-24,1,113942.9,158470.74
2025-02-24,2,95033.89,127527.45
2025-02-24,3,98873.14,131072.74
2025-02-24,4,83765.96,115400.61
2025-02-24,5,91860.59,122402.51
2025-02-24,6,59723.53,0.0
2025-02-25,1,92814.72,150111.15
2025-02-25,2,92084.5,131301.9
2025-02-25,3,107594.91,140404.82
2025-02-25,4,85876.0,102488.73
2025-02-25,5,85084.04,117622.48
2025-02-25,6,60003.88,0.0
2025-02-26,1,111812.54,163326.42
2025-02-26,2,102001.58,152689.48
2025-02-26,3,76829.82,97388.96
2025-02-26,4,85862.09,108488.98
2025-02-26,5,68870.44,84909.05
2025-02-26,6,56785.07,0.0
2025-02-27,1,122390.51,162254.73
2025-02-27,2,107837.11,144821.79
2025-02-27,3,98088.37,133044.17
2025-02-27,4,57435.91,82396.01
2025-02-27,5,76239.61,101104.93
2025-02-27,6,55592.57,0.0
2025-02-28,1,97436.63,136041.78
2025-02-28,2,88687.28,110363.83
2025-02-28,3,88142.64,112758.53
2025-02-28,4,73760.98,101056.65
2025-02-28,5,65392.0,99576.72
2025-02-28,6,55378.22,0.0
2025-03-01,1,102648.58,120655.02
2025-03-01,2,112142.06,166323.26
2025-03-01,3,92906.97,130407.11
2025-03-01,4,80235.54,119225.12
2025-03-01,5,89866.56,129057.17
2025-03-01,6,54492.55,0.0
2025-03-02,1,39655.12,49656.93
2025-03-02,2,35090.91,49111.4
2025-03-02,3,32796.35,47968.13
2025-03-02,4,27795.64,41468.13
2025-03-02,5,31796.48,41494.92
2025-03-02,6,19587.35,0.0
2025-03-03,1,93348.57,140664.45
2025-03-03,2,101866.32,132970.27
2025-03-03,3,95649.85,126733.61
2025-03-03,4,85252.81,120236.56
2025-03-03,5,88168.72,123204.11
2025-03-03,6,55394.42,0.0
2025-03-04,1,121533.71,153620.97
2025-03-04,2,114048.46,154314.27
2025-03-04,3,103475.1,136890.23
2025-03-04,4,61581.87,94034.65
2025-03-04,5,96432.38,135659.53
2025-03-04,6,61945.99,0.0
2025-03-05,1,117737.94,157411.21
2025-03-05,2,116095.85,168465.09
2025-03-05,3,79143.25,109618.88
2025-03-05,4,77279.97,113831.2
2025-03-05,5,90810.04,126492.36
2025-03-05,6,55940.87,0.0
2025-03-06,1,110148.13,164923.59
2025-03-06,2,100669.31,147999.22
2025-03-06,3,75520.09,107125.52
2025-03-06,4,61524.87,90312.75
2025-03-06,5,96494.99,135687.88
2025-03-06,6,48407.56,0.0
2025-03-07,1,88344.09,113851.46
2025-03-07,2,95293.28,124314.04
2025-03-07,3,92437.59,112653.75
2025-03-07,4,73245.31,87992.23
2025-03-07,5,76890.83,106921.13
2025-03-07,6,50326.82,0.0
2025-03-08,1,102523.47,129939.64
2025-03-08,2,110033.99,159756.95
2025-03-08,3,87838.16,138557.23
2025-03-08,4,65754.94,81295.32
2025-03-08,5,76423.23,102038.8
2025-03-08,6,58620.94,0.0
2025-03-09,1,37909.47,56722.69
2025-03-09,2,36822.13,47843.98
2025-03-09,3,29453.82,38715.04
2025-03-09,4,24001.72,35825.43
2025-03-09,5,30969.42,45951.58
2025-03-09,6,20831.02,0.0
2025-03-10,1,99591.37,140675.47
2025-03-10,2,121678.35,154712.6
2025-03-10,3,101246.66,136827.34
2025-03-10,4,88891.69,119008.84
2025-03-10,5,93728.25,121946.53
2025-03-10,6,60165.96,0.0
2025-03-11,1,102886.97,123478.09
2025-03-11,2,113941.7,142975.4
2025-03-11,3,92051.18,126064.96
2025-03-11,4,79196.89,126442.44
2025-03-11,5,85927.89,122667.84
2025-03-11,6,57603.39,0.0
2025-03-12,1,104105.17,153496.09
2025-03-12,2,106333.29,156695.57
2025-03-12,3,102117.67,138306.32
2025-03-12,4,85743.74,128052.19
2025-03-12,5,78139.12,105276.55
2025-03-12,6,61830.72,0.0
2025-03-13,1,106806.2,146357.41
2025-03-13,2,104121.19,140249.17
2025-03-13,3,97022.4,120828.35
2025-03-13,4,83978.66,112415.96
2025-03-13,5,89989.16,130106.93
2025-03-13,6,56451.08,0.0
2025-03-14,1,92521.77,122248.19
2025-03-14,2,73838.64,108573.09
2025-03-14,3,82711.19,115664.69
2025-03-14,4,76993.86,100761.91
2025-03-14,5,77760.49,107359.3
2025-03-14,6,42702.23,0.0
2025-03-15,1,121132.22,161824.67
2025-03-15,2,114020.36,152305.24
2025-03-15,3,96390.75,124356.31
2025-03-15,4,53782.64,87820.71
2025-03-15,5,90420.33,123644.92
2025-03-15,6,60391.18,0.0
2025-03-16,1,37003.4,48148.42
2025-03-16,2,40249.77,48262.08
2025-03-16,3,33500.72,45018.32
2025-03-16,4,30904.81,44566.79
2025-03-16,5,32125.91,40815.48
2025-03-16,6,20081.97,0.0
2025-03-17,1,93611.88,137787.56
2025-03-17,2,115893.81,167168.74
2025-03-17,3,108346.42,134767.39
2025-03-17,4,91182.52,116745.79
2025-03-17,5,91971.04,116884.94
2025-03-17,6,60113.04,0.0
2025-03-18,1,104477.85,146253.58
2025-03-18,2,82553.03,128307.62
2025-03-18,3,102680.29,137527.78
2025-03-18,4,66235.85,88429.66
2025-03-18,5,84995.56,120923.79
2025-03-18,6,62451.44,0.0
2025-03-19,1,115688.66,149142.66
2025-03-19,2,75898.08,109427.92
2025-03-19,3,82766.81,129422.91
2025-03-19,4,79722.21,105579.18
2025-03-19,5,92262.1,118380.75
2025-03-19,6,53322.15,0.0
2025-03-20,1,106161.72,137730.43
2025-03-20,2,97495.96,129740.65
2025-03-20,3,77456.9,114477.5
2025-03-20,4,82200.93,120943.92
2025-03-20,5,97815.78,120439.94
2025-03-20,6,59327.51,0.0
2025-03-21,1,96861.18,124055.9
2025-03-21,2,96283.66,140228.49
2025-03-21,3,85933.01,112539.08
2025-03-21,4,69776.21,87771.22
2025-03-21,5,87243.51,103291.24
2025-03-21,6,45718.61,0.0
2025-03-22,1,123251.65,175177.56
2025-03-22,2,117234.68,159244.44
2025-03-22,3,77216.83,108610.76
2025-03-22,4,82351.78,119892.74
2025-03-22,5,94276.89,116996.8
2025-03-22,6,59708.24,0.0
2025-03-23,1,36109.52,49030.85
2025-03-23,2,37856.72,51408.73
2025-03-23,3,38987.15,50555.96
2025-03-23,4,27378.81,37427.89
2025-03-23,5,26964.04,33388.59
2025-03-23,6,18584.53,0.0
2025-03-24,1,108258.28,137815.1
2025-03-24,2,93191.52,117392.35
2025-03-24,3,78151.67,96789.8
2025-03-24,4,62813.26,95502.3
2025-03-24,5,87161.53,119328.22
2025-03-24,6,64626.19,0.0
2025-03-25,1,90334.83,134478.1
2025-03-25,2,89869.3,129665.24
2025-03-25,3,89812.14,128158.53
2025-03-25,4,91021.57,122982.54
2025-03-25,5,98212.3,142745.05
2025-03-25,6,49746.32,0.0
2025-03-26,1,127542.51,151179.68
2025-03-26,2,106457.82,154804.46
2025-03-26,3,105791.83,131759.77
2025-03-26,4,64051.56,91031.4
2025-03-26,5,71441.35,102219.6
2025-03-26,6,61412.22,0.0
2025-03-27,1,104343.08,149392.12
2025-03-27,2,114741.38,145625.32
2025-03-27,3,96879.66,136716.35
2025-03-27,4,79070.92,108740.7
2025-03-27,5,77335.72,123557.94
2025-03-27,6,59671.99,0.0
2025-03-28,1,84980.39,119814.12
2025-03-28,2,80492.97,116556.28
2025-03-28,3,68342.56,91488.34
2025-03-28,4,70496.02,106299.98
2025-03-28,5,74133.83,107224.38
2025-03-28,6,48763.39,0.0
2025-03-29,1,98739.15,152983.77
2025-03-29,2,115377.11,150040.22
2025-03-29,3,103508.99,121687.65
2025-03-29,4,86488.91,118016.21
2025-03-29,5,76010.18,101353.81
2025-03-29,6,58014.55,0.0
2025-03-30,1,31401.73,45352.79
2025-03-30,2,29680.62,43829.48
2025-03-30,3,29445.73,43568.92
2025-03-30,4,21207.42,31299.7
2025-03-30,5,31396.67,48983.82
2025-03-30,6,21523.71,0.0
2025-03-31,1,99870.24,124691.1
2025-03-31,2,93384.35,129383.75
2025-03-31,3,78383.35,105975.2
2025-03-31,4,93564.71,122619.67
2025-03-31,5,66786.14,93431.63
2025-03-31,6,57214.08,0.0
2025-04-01,1,118265.82,159759.57
2025-04-01,2,92052.81,135661.51
2025-04-01,3,100454.45,123639.39
2025-04-01,4,76722.14,110874.18
2025-04-01,5,84093.84,130081.65
2025-04-01,6,59337.98,0.0
2025-04-02,1,123164.92,153980.8
2025-04-02,2,116477.32,145904.94
2025-04-02,3,78979.82,101466.73
2025-04-02,4,73981.74,109111.97
2025-04-02,5,88176.23,123841.72
2025-04-02,6,56669.74,0.0
2025-04-03,1,105276.83,121016.66
2025-04-03,2,92077.31,117933.85
2025-04-03,3,95658.29,134583.35
2025-04-03,4,86238.1,117429.93
2025-04-03,5,68895.89,99074.21
2025-04-03,6,51974.01,0.0
2025-04-04,1,97170.99,131686.11
2025-04-04,2,99466.91,124049.5
2025-04-04,3,82604.31,100287.8
2025-04-04,4,67723.66,97530.43
2025-04-04,5,81693.97,118714.18
2025-04-04,6,48907.24,0.0
2025-04-05,1,101093.04,126357.32
2025-04-05,2,113349.4,156843.15
2025-04-05,3,96016.4,141838.28
2025-04-05,4,63436.28,84149.29
2025-04-05,5,94852.02,139811.26
2025-04-05,6,57110.39,0.0
2025-04-06,1,35144.56,42906.57
2025-04-06,2,32101.18,49660.33
2025-04-06,3,27638.35,35676.21
2025-04-06,4,32559.69,47363.73
2025-04-06,5,32192.48,45631.1
2025-04-06,6,20101.64,0.0
2025-04-07,1,94659.99,149509.01
2025-04-07,2,117154.38,156795.32
2025-04-07,3,81297.83,108862.54
2025-04-07,4,84596.52,115187.7
2025-04-07,5,85820.67,112426.9
2025-04-07,6,55132.57,0.0
2025-04-08,1,118937.15,151318.0
2025-04-08,2,84320.07,105418.61
2025-04-08,3,78909.53,109948.67
2025-04-08,4,81537.88,124677.73
2025-04-08,5,90393.72,128791.31
2025-04-08,6,60800.83,0.0
2025-04-09,1,103716.36,126342.7
2025-04-09,2,81856.0,113206.42
2025-04-09,3,96951.96,125368.02
2025-04-09,4,82748.72,127026.13
2025-04-09,5,76179.1,105760.13
2025-04-09,6,56188.33,0.0
2025-04-10,1,94724.86,130500.37
2025-04-10,2,102110.67,148479.92
2025-04-10,3,80695.01,97182.18
2025-04-10,4,88683.62,112345.29
2025-04-10,5,84533.05,128201.13
2025-04-10,6,54760.67,0.0
2025-04-11,1,94204.39,124176.71
2025-04-11,2,85911.79,115142.28
2025-04-11,3,85025.96,105456.17
2025-04-11,4,71955.13,101645.46
2025-04-11,5,76002.8,98996.47
2025-04-11,6,44760.25,0.0
2025-04-12,1,111245.09,169709.94
2025-04-12,2,81530.89,121218.78
2025-04-12,3,71335.21,99979.97
2025-04-12,4,88727.32,115704.51
2025-04-12,5,68823.38,94792.02
2025-04-12,6,55525.57,0.0
2025-04-13,1,41109.97,52767.18
2025-04-13,2,41721.35,53398.56
2025-04-13,3,27888.76,34629.13
2025-04-13,4,20071.81,31200.75
2025-04-13,5,31666.15,46863.04
2025-04-13,6,20663.99,0.0
2025-04-14,1,109294.77,157438.66
2025-04-14,2,88700.84,109771.4
2025-04-14,3,88892.55,126957.09
2025-04-14,4,92668.71,119643.77
2025-04-14,5,82009.4,118631.99
2025-04-14,6,58396.12,0.0
2025-04-15,1,111599.34,173413.59
2025-04-15,2,79872.99,122533.79
2025-04-15,3,102169.22,136409.24
2025-04-15,4,87625.04,128574.6
2025-04-15,5,89008.25,126927.14
2025-04-15,6,56582.77,0.0
2025-04-16,1,95165.56,142173.13
2025-04-16,2,121321.23,155086.93
2025-04-16,3,108759.5,147836.49
2025-04-16,4,76815.76,118133.82
2025-04-16,5,92797.86,122863.33
2025-04-16,6,63604.85,0.0
2025-04-17,1,95050.48,142166.49
2025-04-17,2,109685.55,162109.15
2025-04-17,3,87567.86,132805.88
2025-04-17,4,87159.77,127967.56
2025-04-17,5,77779.02,100847.9
2025-04-17,6,64544.55,0.0
2025-04-18,1,99531.8,134426.18
2025-04-18,2,87178.11,121892.29
2025-04-18,3,81113.26,110420.09
2025-04-18,4,78372.76,104271.49
2025-04-18,5,64169.65,78132.69
2025-04-18,6,48642.35,0.0
2025-04-19,1,115834.78,160447.17
2025-04-19,2,120200.26,172221.46
2025-04-19,3,102388.58,135985.99
2025-04-19,4,63398.09,85118.91
2025-04-19,5,77109.13,107202.23
2025-04-19,6,64078.09,0.0
2025-04-20,1,40923.02,58398.7
2025-04-20,2,39791.54,54151.51
2025-04-20,3,36102.04,45778.67
2025-04-20,4,27764.06,42165.78
2025-04-20,5,28641.99,36822.94
2025-04-20,6,18688.04,0.0
2025-04-21,1,94498.01,140245.91
2025-04-21,2,117013.33,143265.66
2025-04-21,3,85882.58,110439.04
2025-04-21,4,76333.73,116874.9
2025-04-21,5,95516.26,134791.45
2025-04-21,6,57670.67,0.0
2025-04-22,1,110970.78,166490.88
2025-04-22,2,105063.21,137302.39
2025-04-22,3,103241.97,140715.29
2025-04-22,4,84880.73,106878.42
2025-04-22,5,91624.59,130982.5
2025-04-22,6,54847.07,0.0
2025-04-23,1,116793.9,163836.38
2025-04-23,2,108224.81,140269.22
2025-04-23,3,70337.57,107573.32
2025-04-23,4,59628.47,79558.51
2025-04-23,5,71454.54,95374.52
2025-04-23,6,60179.47,0.0
2025-04-24,1,96646.99,140942.23
2025-04-24,2,116983.73,155438.93
2025-04-24,3,96284.56,129930.36
2025-04-24,4,88994.26,129570.65
2025-04-24,5,71213.67,101217.66
2025-04-24,6,63633.72,0.0
2025-04-25,1,96012.83,144049.29
2025-04-25,2,100780.05,132468.68
2025-04-25,3,84409.33,118770.98
2025-04-25,4,74012.17,95511.45
2025-04-25,5,92564.86,108185.79
2025-04-25,6,48635.42,0.0
2025-04-26,1,95863.75,136718.97
2025-04-26,2,119212.93,151057.93
2025-04-26,3,94336.93,131082.21
2025-04-26,4,87611.91,106620.82
2025-04-26,5,102747.93,141327.27
2025-04-26,6,54340.43,0.0
2025-04-27,1,37602.2,54722.73
2025-04-27,2,39192.89,54598.77
2025-04-27,3,34257.33,50315.77
2025-04-27,4,29016.53,40871.85
2025-04-27,5,26173.25,33725.14
2025-04-27,6,20017.24,0.0
2025-04-28,1,114448.54,165323.79
2025-04-28,2,85443.0,95938.48
2025-04-28,3,95413.44,133945.47
2025-04-28,4,80304.88,122208.37
2025-04-28,5,95158.8,138744.08
2025-04-28,6,53505.26,0.0
2025-04-29,1,118657.88,168501.27
2025-04-29,2,105454.33,132950.27
2025-04-29,3,97613.28,131050.99
2025-04-29,4,82812.57,105833.31
2025-04-29,5,99775.14,119051.89
2025-04-29,6,55460.38,0.0
2025-04-30,1,108159.01,147356.71
2025-04-30,2,87201.41,117744.18
2025-04-30,3,84589.96,137271.89
2025-04-30,4,87098.91,126357.68
2025-04-30,5,91771.74,130176.91
2025-04-30,6,60461.75,0.0
2025-05-01,1,125877.47,134506.46
2025-05-01,2,104319.75,138976.22
2025-05-01,3,107874.98,133770.71
2025-05-01,4,75622.18,117422.99
2025-05-01,5,94989.52,129094.24
2025-05-01,6,55592.87,0.0
2025-05-02,1,87248.69,114957.01
2025-05-02,2,98052.35,152317.6
2025-05-02,3,89431.81,103102.35
2025-05-02,4,68735.48,100230.41
2025-05-02,5,67387.78,101731.85
2025-05-02,6,46613.0,0.0
2025-05-03,1,110190.57,151087.96
2025-05-03,2,110939.09,159182.52
2025-05-03,3,95738.56,128204.94
2025-05-03,4,79499.08,105393.75
2025-05-03,5,80486.36,105984.78
2025-05-03,6,56069.67,0.0
2025-05-04,1,36813.81,50684.28
2025-05-04,2,34707.05,45755.24
2025-05-04,3,32640.86,49954.31
2025-05-04,4,23824.86,31013.92
2025-05-04,5,27409.68,36535.49
2025-05-04,6,21353.55,0.0
2025-05-05,1,112366.62,152384.61
2025-05-05,2,88754.42,108808.66
2025-05-05,3,75420.97,106520.72
2025-05-05,4,68280.9,93841.76
2025-05-05,5,91876.25,131376.64
2025-05-05,6,64281.98,0.0
2025-05-06,1,126503.5,165706.95
2025-05-06,2,98700.07,131515.21
2025-05-06,3,80524.82,98328.38
2025-05-06,4,83850.85,112055.17
2025-05-06,5,97573.62,132663.77
2025-05-06,6,52562.39,0.0
2025-05-07,1,128784.77,164674.23
2025-05-07,2,102569.99,143278.66
2025-05-07,3,82260.01,119773.13
2025-05-07,4,82727.16,116769.73
2025-05-07,5,103819.54,127878.08
2025-05-07,6,57359.46,0.0
2025-05-08,1,111824.94,135278.67
2025-05-08,2,118573.48,152472.69
2025-05-08,3,74446.34,104897.69
2025-05-08,4,84267.51,114736.09
2025-05-08,5,91908.45,138442.35
2025-05-08,6,63981.79,0.0
2025-05-09,1,99772.28,128012.41
2025-05-09,2,102075.18,134735.02
2025-05-09,3,68674.89,104646.36
2025-05-09,4,72108.56,98991.81
2025-05-09,5,68029.1,90804.76
2025-05-09,6,43296.66,0.0
2025-05-10,1,107562.65,130504.86
2025-05-10,2,105713.52,130623.59
2025-05-10,3,98955.74,134850.94
2025-05-10,4,99447.66,139336.51
2025-05-10,5,85518.23,121181.64
2025-05-10,6,61635.79,0.0
2025-05-11,1,33116.24,47269.53
2025-05-11,2,39934.8,52003.63
2025-05-11,3,36360.61,45462.46
2025-05-11,4,30269.05,40805.46
2025-05-11,5,25568.0,38945.0
2025-05-11,6,18811.21,0.0
2025-05-12,1,98211.39,145429.21
2025-05-12,2,108171.08,150578.54
2025-05-12,3,93162.61,132094.99
2025-05-12,4,78661.1,103517.03
2025-05-12,5,88773.45,135821.98
2025-05-12,6,65496.31,0.0
2025-05-13,1,90115.99,145385.86
2025-05-13,2,102973.24,143343.53
2025-05-13,3,105068.63,141127.99
2025-05-13,4,90806.31,121196.64
2025-05-13,5,87363.53,124063.1
2025-05-13,6,56405.01,0.0
2025-05-14,1,126582.3,151160.82
2025-05-14,2,126994.17,158509.9
2025-05-14,3,101761.07,149054.96
2025-05-14,4,83758.36,116590.69
2025-05-14,5,100545.5,147205.12
2025-05-14,6,54001.77,0.0
2025-05-15,1,97429.15,129717.55
2025-05-15,2,106029.88,137348.8
2025-05-15,3,104165.35,131818.31
2025-05-15,4,68536.89,94261.08
2025-05-15,5,92777.12,121433.41
2025-05-15,6,53478.0,0.0
2025-05-16,1,106342.32,142948.47
2025-05-16,2,94027.88,135790.2
2025-05-16,3,74653.43,100087.83
2025-05-16,4,74149.0,101935.97
2025-05-16,5,60860.27,89888.69
2025-05-16,6,47025.97,0.0
2025-05-17,1,98845.27,135778.03
2025-05-17,2,108149.87,136902.41
2025-05-17,3,101577.8,130276.16
2025-05-17,4,89964.27,121432.72
2025-05-17,5,100741.78,131130.08
2025-05-17,6,56896.81,0.0
2025-05-18,1,38860.55,49167.02
2025-05-18,2,34727.58,52753.54
2025-05-18,3,35404.52,48162.23
2025-05-18,4,30631.05,36921.0
2025-05-18,5,32604.19,43373.61
2025-05-18,6,20122.36,0.0
2025-05-19,1,99853.71,135161.75
2025-05-19,2,112223.41,155112.58
2025-05-19,3,81331.68,110240.46
2025-05-19,4,88013.05,111610.63
2025-05-19,5,91240.75,130793.28
2025-05-19,6,66039.89,0.0
2025-05-20,1,119200.86,162041.42
2025-05-20,2,84057.17,114476.23
2025-05-20,3,80136.39,111111.31
2025-05-20,4,70676.26,95480.37
2025-05-20,5,76978.18,94983.59
2025-05-20,6,59425.94,0.0
2025-05-21,1,123858.85,144008.98
2025-05-21,2,110481.95,156757.21
2025-05-21,3,104360.02,116332.69
2025-05-21,4,81755.95,121481.47
2025-05-21,5,99019.6,143852.54
2025-05-21,6,58532.51,0.0
2025-05-22,1,110898.29,172811.53
2025-05-22,2,95025.9,140516.57
2025-05-22,3,99511.46,140413.71
2025-05-22,4,81416.4,119577.23
2025-05-22,5,92044.8,120684.74
2025-05-22,6,51436.81,0.0
2025-05-23,1,87142.4,116736.26
2025-05-23,2,91875.81,123683.45
2025-05-23,3,60752.23,86528.82
2025-05-23,4,60691.28,79631.34
2025-05-23,5,85909.3,120427.25
2025-05-23,6,49924.82,0.0
2025-05-24,1,124619.66,173081.09
2025-05-24,2,106557.14,138970.69
2025-05-24,3,99365.53,131248.34
2025-05-24,4,81646.77,103897.09
2025-05-24,5,93556.04,121603.91
2025-05-24,6,57287.64,0.0
2025-05-25,1,43274.75,56227.0
2025-05-25,2,39069.93,52053.0
2025-05-25,3,32790.9,41765.58
2025-05-25,4,27738.62,39664.61
2025-05-25,5,29580.19,45021.64
2025-05-25,6,18473.21,0.0
2025-05-26,1,118639.21,165853.62
2025-05-26,2,109289.75,143091.72
2025-05-26,3,95697.82,131603.48
2025-05-26,4,76515.16,108589.48
2025-05-26,5,96456.86,132819.53
2025-05-26,6,59430.46,0.0
2025-05-27,1,116868.65,162934.3
2025-05-27,2,88559.08,128612.36
2025-05-27,3,94420.9,121600.46
2025-05-27,4,87388.31,106986.35
2025-05-27,5,65008.38,88721.43
2025-05-27,6,61026.42,0.0
2025-05-28,1,89398.45,126354.71
2025-05-28,2,120016.24,160746.38
2025-05-28,3,69973.25,103296.77
2025-05-28,4,91236.37,123130.08
2025-05-28,5,92709.55,132291.93
2025-05-28,6,56959.6,0.0
2025-05-29,1,104760.45,148615.83
2025-05-29,2,98393.99,142758.21
2025-05-29,3,98160.4,134135.87
2025-05-29,4,76505.54,99909.48
2025-05-29,5,72484.35,100536.66
2025-05-29,6,50772.0,0.0
2025-05-30,1,114033.38,134742.8
2025-05-30,2,101849.81,128100.9
2025-05-30,3,82965.75,110365.99
2025-05-30,4,63677.79,90067.25
2025-05-30,5,62627.37,86527.36
2025-05-30,6,52317.14,0.0
2025-05-31,1,106093.32,142160.83
2025-05-31,2,107717.81,154602.04
2025-05-31,3,102531.63,136492.32
2025-05-31,4,81623.09,107621.8
2025-05-31,5,96985.1,116415.77
2025-05-31,6,58004.09,0.0
2025-06-01,1,30589.18,38744.81
2025-06-01,2,32846.59,45582.46
2025-06-01,3,21127.56,29727.35
2025-06-01,4,27456.28,38128.36
2025-06-01,5,28333.38,35588.21
2025-06-01,6,16905.56,0.0
2025-06-02,1,87237.79,113270.09
2025-06-02,2,102949.08,135362.33
2025-06-02,3,76083.58,107879.87
2025-06-02,4,71490.04,103931.47
2025-06-02,5,80130.23,113853.08
2025-06-02,6,49799.14,0.0
2025-06-03,1,89203.99,122008.66
2025-06-03,2,95760.41,124336.68
2025-06-03,3,69838.92,75313.62
2025-06-03,4,70286.53,93205.42
2025-06-03,5,81265.12,118766.6
2025-06-03,6,48089.46,0.0
2025-06-04,1,80858.0,109774.07
2025-06-04,2,92363.66,128223.46
2025-06-04,3,84572.94,116487.14
2025-06-04,4,51221.88,77832.59
2025-06-04,5,74471.37,109698.57
2025-06-04,6,54836.34,0.0
2025-06-05,1,90839.95,115617.2
2025-06-05,2,96068.92,120225.73
2025-06-05,3,85613.44,108421.48
2025-06-05,4,75609.51,100044.04
2025-06-05,5,78524.31,112312.19
2025-06-05,6,49905.09,0.0
2025-06-06,1,73853.48,100258.02
2025-06-06,2,59290.72,83301.3
2025-06-06,3,61312.63,79083.91
2025-06-06,4,61252.55,79375.6
2025-06-06,5,58823.52,77095.01
2025-06-06,6,39439.95,0.0
2025-06-07,1,82358.28,103866.48
2025-06-07,2,95577.98,136480.94
2025-06-07,3,76120.99,114928.21
2025-06-07,4,58990.7,80906.24
2025-06-07,5,73948.91,100991.5
2025-06-07,6,45786.6,0.0
2025-06-08,1,28932.64,42584.31
2025-06-08,2,26852.08,33612.83
2025-06-08,3,27233.13,38629.68
2025-06-08,4,26108.95,36800.5
2025-06-08,5,22347.87,33705.7
2025-06-08,6,16763.81,0.0
2025-06-09,1,93395.26,123776.9
2025-06-09,2,101919.47,146462.62
2025-06-09,3,80102.13,108982.97
2025-06-09,4,77497.03,105817.96
2025-06-09,5,58770.63,90447.62
2025-06-09,6,49792.75,0.0
2025-06-10,1,85590.41,111951.41
2025-06-10,2,98213.94,123017.2
2025-06-10,3,68842.27,103779.6
2025-06-10,4,61144.46,80848.66
2025-06-10,5,62477.33,87233.73
2025-06-10,6,54333.61,0.0
2025-06-11,1,85543.79,111558.72
2025-06-11,2,96364.32,137900.74
2025-06-11,3,79446.15,107481.3
2025-06-11,4,75740.95,106823.11
2025-06-11,5,70255.44,102605.0
2025-06-11,6,47009.67,0.0
2025-06-12,1,86877.36,110547.96
2025-06-12,2,84424.53,111276.14
2025-06-12,3,68525.53,100457.75
2025-06-12,4,49925.11,78623.31
2025-06-12,5,81419.78,104893.81
2025-06-12,6,50821.67,0.0
2025-06-13,1,73526.52,97470.75
2025-06-13,2,80992.03,114634.95
2025-06-13,3,75160.37,99338.72
2025-06-13,4,61610.03,94782.23
2025-06-13,5,74491.61,99578.36
2025-06-13,6,44859.21,0.0
2025-06-14,1,86376.64,118527.07
2025-06-14,2,83858.33,118561.0
2025-06-14,3,84920.37,115848.64
2025-06-14,4,68895.31,86915.32
2025-06-14,5,57198.35,76676.55
2025-06-14,6,52489.01,0.0
2025-06-15,1,33328.16,49295.49
2025-06-15,2,28303.95,39633.06
2025-06-15,3,29661.73,34329.61
2025-06-15,4,24298.39,36387.25
2025-06-15,5,30851.46,37343.47
2025-06-15,6,14395.41,0.0
2025-06-16,1,79633.67,120672.68
2025-06-16,2,79812.42,112843.42
2025-06-16,3,59949.76,88770.91
2025-06-16,4,75278.7,89486.92
2025-06-16,5,85348.84,112020.5
2025-06-16,6,44092.24,0.0
2025-06-17,1,93347.21,123143.02
2025-06-17,2,82095.13,113771.08
2025-06-17,3,72073.54,94759.58
2025-06-17,4,55303.79,72743.03
2025-06-17,5,76448.85,115165.89
2025-06-17,6,52392.43,0.0
2025-06-18,1,100924.43,122805.92
2025-06-18,2,81069.69,105732.24
2025-06-18,3,94739.63,112473.95
2025-06-18,4,72051.96,100403.4
2025-06-18,5,83501.55,104601.11
2025-06-18,6,46328.18,0.0
2025-06-19,1,78125.26,102401.16
2025-06-19,2,88430.72,130446.03
2025-06-19,3,87259.79,103450.97
2025-06-19,4,77979.1,100030.86
2025-06-19,5,62455.76,85004.0
2025-06-19,6,49948.98,0.0
2025-06-20,1,74974.39,114910.49
2025-06-20,2,65930.24,105234.73
2025-06-20,3,79131.14,95045.44
2025-06-20,4,63298.99,88324.67
2025-06-20,5,58217.04,83231.06
2025-06-20,6,43947.02,0.0
2025-06-21,1,96346.25,138267.69
2025-06-21,2,77197.41,102311.0
2025-06-21,3,65869.52,80522.33
2025-06-21,4,62467.86,80238.97
2025-06-21,5,78928.09,109570.45
2025-06-21,6,51857.79,0.0
2025-06-22,1,28934.47,38075.38
2025-06-22,2,29268.67,41449.06
2025-06-22,3,24557.28,29630.63
2025-06-22,4,25349.18,36260.99
2025-06-22,5,28784.64,36342.05
2025-06-22,6,15297.57,0.0
2025-06-23,1,103747.31,134696.8
2025-06-23,2,77869.06,121216.48
2025-06-23,3,62157.67,86780.42
2025-06-23,4,70944.24,95847.26
2025-06-23,5,65448.88,93914.25
2025-06-23,6,50750.52,0.0
2025-06-24,1,82480.21,109216.82
2025-06-24,2,78268.34,101440.05
2025-06-24,3,79646.65,97688.36
2025-06-24,4,70666.5,92367.26
2025-06-24,5,77401.13,115403.11
2025-06-24,6,44143.32,0.0
2025-06-25,1,103038.3,138753.67
2025-06-25,2,95557.67,115714.18
2025-06-25,3,64690.79,87011.07
2025-06-25,4,72878.13,90683.06
2025-06-25,5,84034.9,112662.97
2025-06-25,6,48212.61,0.0
2025-06-26,1,79892.43,104372.92
2025-06-26,2,95275.91,147354.37
2025-06-26,3,84647.57,102953.67
2025-06-26,4,68153.42,94126.7
2025-06-26,5,74207.98,106212.04
2025-06-26,6,45708.15,0.0
2025-06-27,1,84012.25,111747.14
2025-06-27,2,68846.67,89237.43
2025-06-27,3,54168.5,72584.85
2025-06-27,4,57297.34,84572.24
2025-06-27,5,67682.18,93722.41
2025-06-27,6,38775.71,0.0
2025-06-28,1,111881.79,146587.92
2025-06-28,2,88636.91,118868.68
2025-06-28,3,86735.93,110948.32
2025-06-28,4,68701.34,101855.55
2025-06-28,5,80592.77,106553.81
2025-06-28,6,49494.11,0.0
2025-06-29,1,30181.43,41881.11
2025-06-29,2,31810.28,43215.14
2025-06-29,3,29314.29,35689.97
2025-06-29,4,22568.36,34518.28
2025-06-29,5,22644.51,31149.87
2025-06-29,6,17400.02,0.0
2025-06-30,1,100115.45,139790.07
2025-06-30,2,106120.29,146885.48
2025-06-30,3,90907.28,109559.87
2025-06-30,4,57380.92,72446.3
2025-06-30,5,76359.02,114191.58
2025-06-30,6,52058.29,0.0
2025-07-01,1,108609.02,141800.82
2025-07-01,2,103640.7,134611.37
2025-07-01,3,82378.76,112348.85
2025-07-01,4,67884.81,104673.2
2025-07-01,5,79676.48,104847.8
2025-07-01,6,49657.07,0.0
2025-07-02,1,86543.65,118565.24
2025-07-02,2,92406.39,116805.82
2025-07-02,3,85547.18,119273.31
2025-07-02,4,67760.4,107674.41
2025-07-02,5,77363.76,112485.16
2025-07-02,6,51236.77,0.0
2025-07-03,1,79242.33,107702.62
2025-07-03,2,69545.84,97199.67
2025-07-03,3,62321.53,85070.69
2025-07-03,4,76363.14,101269.41
2025-07-03,5,81460.05,116853.04
2025-07-03,6,47657.39,0.0
2025-07-04,1,80133.16,112272.16
2025-07-04,2,82321.21,106934.34
2025-07-04,3,67474.51,92971.96
2025-07-04,4,62394.61,78811.81
2025-07-04,5,71841.25,95166.63
2025-07-04,6,48157.02,0.0
2025-07-05,1,89346.55,105910.36
2025-07-05,2,85792.01,120250.07
2025-07-05,3,67341.63,84093.14
2025-07-05,4,58546.77,73839.72
2025-07-05,5,58469.25,86678.61
2025-07-05,6,46457.82,0.0
2025-07-06,1,28054.73,36042.5
2025-07-06,2,25320.84,36239.74
2025-07-06,3,28585.63,38735.56
2025-07-06,4,24145.31,35449.03
2025-07-06,5,21876.65,35092.87
2025-07-06,6,18021.08,0.0
2025-07-07,1,81830.03,114428.27
2025-07-07,2,85250.79,113590.0
2025-07-07,3,69214.84,96745.77
2025-07-07,4,50778.12,76372.55
2025-07-07,5,77537.99,113730.91
2025-07-07,6,48190.76,0.0
2025-07-08,1,79255.8,117554.83
2025-07-08,2,96469.99,133239.86
2025-07-08,3,83776.78,106506.41
2025-07-08,4,66181.02,99304.75
2025-07-08,5,76185.83,108486.04
2025-07-08,6,45842.16,0.0
2025-07-09,1,84897.02,119506.1
2025-07-09,2,101958.07,143899.09
2025-07-09,3,60711.46,74630.7
2025-07-09,4,81486.17,104073.02
2025-07-09,5,85415.69,117332.93
2025-07-09,6,46777.52,0.0
2025-07-10,1,95660.97,134184.59
2025-07-10,2,97562.47,140852.68
2025-07-10,3,70763.83,97480.33
2025-07-10,4,72611.62,106808.54
2025-07-10,5,58006.81,82902.47
2025-07-10,6,50134.65,0.0
2025-07-11,1,86812.97,100835.31
2025-07-11,2,73598.42,107866.65
2025-07-11,3,74439.76,100167.64
2025-07-11,4,46020.03,59793.03
2025-07-11,5,54629.97,79394.98
2025-07-11,6,38435.4,0.0
2025-07-12,1,80318.27,121400.69
2025-07-12,2,82336.5,99200.74
2025-07-12,3,69099.26,92080.49
2025-07-12,4,72713.69,98516.67
2025-07-12,5,82953.78,112724.74
2025-07-12,6,42892.56,0.0
2025-07-13,1,29147.24,40170.94
2025-07-13,2,31867.13,44529.62
2025-07-13,3,28080.25,38961.84
2025-07-13,4,20925.66,28862.08
2025-07-13,5,26596.28,34071.2
2025-07-13,6,17936.0,0.0
2025-07-14,1,91754.24,137570.18
2025-07-14,2,100442.76,133014.82
2025-07-14,3,85801.45,113318.27
2025-07-14,4,72674.6,100361.59
2025-07-14,5,80839.06,115225.1
2025-07-14,6,49205.31,0.0
2025-07-15,1,86378.19,121999.76
2025-07-15,2,98887.73,132406.18
2025-07-15,3,64101.67,91708.75
2025-07-15,4,65597.13,97389.07
2025-07-15,5,82858.52,112807.68
2025-07-15,6,48757.38,0.0
2025-07-16,1,86409.91,125891.89
2025-07-16,2,71726.2,93713.95
2025-07-16,3,74071.38,113364.06
2025-07-16,4,70187.37,103449.03
2025-07-16,5,77708.31,122229.32
2025-07-16,6,43643.5,0.0
2025-07-17,1,100435.1,130166.06
2025-07-17,2,85210.35,111453.13
2025-07-17,3,79149.57,126245.47
2025-07-17,4,71593.93,87735.32
2025-07-17,5,74919.08,103692.9
2025-07-17,6,49922.58,0.0
2025-07-18,1,71475.83,97460.04
2025-07-18,2,73819.46,97673.01
2025-07-18,3,55100.77,84757.35
2025-07-18,4,59297.95,91448.63
2025-07-18,5,55719.65,80659.73
2025-07-18,6,43757.08,0.0
2025-07-19,1,81442.4,121700.37
2025-07-19,2,92608.23,141701.23
2025-07-19,3,92192.51,100967.39
2025-07-19,4,77822.22,112539.65
2025-07-19,5,71049.81,96952.98
2025-07-19,6,51612.27,0.0
2025-07-20,1,31769.65,45408.85
2025-07-20,2,30204.48,39101.63
2025-07-20,3,27225.25,37618.72
2025-07-20,4,17826.1,25184.36
2025-07-20,5,26088.54,39513.08
2025-07-20,6,18079.22,0.0
2025-07-21,1,94358.12,127346.21
2025-07-21,2,75481.36,112150.82
2025-07-21,3,75471.89,112348.0
2025-07-21,4,50300.18,74337.23
2025-07-21,5,73286.91,107054.5
2025-07-21,6,49962.54,0.0
2025-07-22,1,105716.83,140225.62
2025-07-22,2,84288.51,117641.0
2025-07-22,3,77733.92,100039.44
2025-07-22,4,69440.86,97710.87
2025-07-22,5,60379.05,89924.39
2025-07-22,6,48525.8,0.0
2025-07-23,1,85246.68,106724.42
2025-07-23,2,82602.01,107008.72
2025-07-23,3,69079.17,104046.8
2025-07-23,4,68983.38,107489.8
2025-07-23,5,86853.38,115828.82
2025-07-23,6,51982.06,0.0
2025-07-24,1,81936.45,115557.57
2025-07-24,2,84790.07,111520.99
2025-07-24,3,85616.78,126342.69
2025-07-24,4,48731.65,69716.4
2025-07-24,5,73321.97,99232.63
2025-07-24,6,52951.42,0.0
2025-07-25,1,77662.1,99197.21
2025-07-25,2,61409.29,73233.79
2025-07-25,3,66274.29,93900.87
2025-07-25,4,57101.86,81487.43
2025-07-25,5,68713.67,88436.81
2025-07-25,6,44705.92,0.0
2025-07-26,1,103822.97,135537.4
2025-07-26,2,103004.72,143325.42
2025-07-26,3,70073.78,84384.9
2025-07-26,4,79807.03,94991.61
2025-07-26,5,81304.25,113106.27
2025-07-26,6,53986.24,0.0
2025-07-27,1,34786.21,46727.72
2025-07-27,2,29757.92,41231.84
2025-07-27,3,24481.41,34919.7
2025-07-27,4,26609.35,35638.2
2025-07-27,5,27389.79,35410.08
2025-07-27,6,18385.39,0.0
2025-07-28,1,92488.49,131710.34
2025-07-28,2,90883.22,127777.09
2025-07-28,3,83756.94,104020.03
2025-07-28,4,62958.86,98051.07
2025-07-28,5,76598.64,109359.3
2025-07-28,6,53644.37,0.0
2025-07-29,1,93542.7,121624.43
2025-07-29,2,83602.24,104925.7
2025-07-29,3,67327.83,89015.16
2025-07-29,4,80328.02,109135.91
2025-07-29,5,74230.53,119023.39
2025-07-29,6,53041.78,0.0
2025-07-30,1,79598.66,117971.59
2025-07-30,2,97797.22,133189.46
2025-07-30,3,70754.26,86092.46
2025-07-30,4,52623.93,71983.89
2025-07-30,5,79520.72,103893.98
2025-07-30,6,49781.59,0.0
2025-07-31,1,100583.12,139046.56
2025-07-31,2,83730.1,109307.41
2025-07-31,3,86566.51,109482.59
2025-07-31,4,63151.28,89871.21
2025-07-31,5,83613.94,107218.13
2025-07-31,6,50454.24,0.0
2025-08-01,1,89429.16,112012.12
2025-08-01,2,80088.42,103252.34
2025-08-01,3,85086.85,125910.95
2025-08-01,4,68494.64,95334.59
2025-08-01,5,58287.45,95092.4
2025-08-01,6,48268.35,0.0
2025-08-02,1,97411.31,149892.18
2025-08-02,2,109815.48,165327.09
2025-08-02,3,69778.6,92367.77
2025-08-02,4,88752.72,124571.89
2025-08-02,5,106741.21,139054.52
2025-08-02,6,54810.44,0.0
2025-08-03,1,36093.8,49171.62
2025-08-03,2,39373.79,55066.76
2025-08-03,3,28502.77,35568.65
2025-08-03,4,28486.14,39044.62
2025-08-03,5,26428.47,40974.99
2025-08-03,6,21608.01,0.0
2025-08-04,1,104632.87,148539.87
2025-08-04,2,108758.56,154696.59
2025-08-04,3,87934.89,138108.57
2025-08-04,4,82103.73,109055.42
2025-08-04,5,73858.21,104699.34
2025-08-04,6,63064.16,0.0
2025-08-05,1,117754.5,163251.29
2025-08-05,2,101201.02,147097.42
2025-08-05,3,114704.39,123127.21
2025-08-05,4,87184.36,118754.13
2025-08-05,5,89597.17,134107.26
2025-08-05,6,59346.65,0.0
2025-08-06,1,101226.24,132271.98
2025-08-06,2,92163.27,136392.01
2025-08-06,3,80886.59,104042.83
2025-08-06,4,52456.17,69724.07
2025-08-06,5,71587.37,103417.46
2025-08-06,6,64374.86,0.0
2025-08-07,1,109310.17,137041.64
2025-08-07,2,106580.1,134212.62
2025-08-07,3,80525.93,101151.15
2025-08-07,4,77565.67,121165.75
2025-08-07,5,71244.78,104581.28
2025-08-07,6,55591.66,0.0
2025-08-08,1,97229.8,144751.91
2025-08-08,2,99847.99,128856.63
2025-08-08,3,75376.3,89900.1
2025-08-08,4,74918.62,94698.21
2025-08-08,5,62962.88,83720.85
2025-08-08,6,47634.95,0.0
2025-08-09,1,110603.31,165671.13
2025-08-09,2,107949.89,156365.27
2025-08-09,3,78793.85,104870.07
2025-08-09,4,73913.4,111485.91
2025-08-09,5,94683.24,138773.54
2025-08-09,6,56524.26,0.0
2025-08-10,1,40127.28,51354.77
2025-08-10,2,32167.34,47929.01
2025-08-10,3,26992.38,36697.05
2025-08-10,4,27518.8,35240.74
2025-08-10,5,30808.66,45687.41
2025-08-10,6,20169.88,0.0
2025-08-11,1,121770.9,154488.71
2025-08-11,2,109631.2,153527.11
2025-08-11,3,87607.24,106593.45
2025-08-11,4,83100.22,120010.2
2025-08-11,5,82271.72,115578.67
2025-08-11,6,55472.79,0.0
2025-08-12,1,116782.44,158970.28
2025-08-12,2,87836.1,113877.56
2025-08-12,3,98683.83,128312.56
2025-08-12,4,86281.37,122687.65
2025-08-12,5,87313.79,141711.63
2025-08-12,6,54820.01,0.0
2025-08-13,1,107455.68,145261.12
2025-08-13,2,116671.48,162895.55
2025-08-13,3,93058.17,129443.57
2025-08-13,4,91277.93,136634.25
2025-08-13,5,73215.99,101678.73
2025-08-13,6,61111.35,0.0
2025-08-14,1,92708.28,145237.24
2025-08-14,2,107265.18,142403.86
2025-08-14,3,101170.01,134086.15
2025-08-14,4,87436.36,113607.41
2025-08-14,5,100966.43,137899.77
2025-08-14,6,58912.2,0.0
2025-08-15,1,87890.31,131947.92
2025-08-15,2,85713.5,117929.38
2025-08-15,3,67043.53,92437.65
2025-08-15,4,70435.07,100519.07
2025-08-15,5,85125.22,112710.93
2025-08-15,6,50373.29,0.0
2025-08-16,1,129141.36,175428.81
2025-08-16,2,119031.19,150711.25
2025-08-16,3,94056.49,146034.86
2025-08-16,4,74332.78,113036.8
2025-08-16,5,91179.52,134118.39
2025-08-16,6,57354.67,0.0
2025-08-17,1,36328.0,52385.77
2025-08-17,2,30669.08,47685.88
2025-08-17,3,32316.03,45011.83
2025-08-17,4,32337.13,41812.42
2025-08-17,5,32153.42,44224.76
2025-08-17,6,21145.2,0.0
2025-08-18,1,117921.55,153843.76
2025-08-18,2,93941.23,131040.99
2025-08-18,3,84907.04,130550.88
2025-08-18,4,73462.6,94585.27
2025-08-18,5,90812.39,127719.18
2025-08-18,6,57050.42,0.0
2025-08-19,1,112823.43,168277.63
2025-08-19,2,117990.91,161229.43
2025-08-19,3,73867.22,103316.88
2025-08-19,4,81242.28,123209.21
2025-08-19,5,72862.41,109083.19
2025-08-19,6,59258.85,0.0
2025-08-20,1,113589.39,149012.92
2025-08-20,2,85872.9,105096.08
2025-08-20,3,99452.19,133427.02
2025-08-20,4,85344.23,114790.38
2025-08-20,5,77271.41,104028.61
2025-08-20,6,54518.95,0.0
2025-08-21,1,99007.58,138410.51
2025-08-21,2,108339.3,139800.59
2025-08-21,3,94372.46,123186.03
2025-08-21,4,85538.87,122219.72
2025-08-21,5,96788.9,144925.39
2025-08-21,6,59283.6,0.0
2025-08-22,1,95911.35,156777.9
2025-08-22,2,100340.93,136784.84
2025-08-22,3,76104.06,110809.72
2025-08-22,4,71067.65,105746.88
2025-08-22,5,76985.58,107360.61
2025-08-22,6,47595.98,0.0
2025-08-23,1,123631.19,157753.22
2025-08-23,2,110000.3,131892.67
2025-08-23,3,89492.83,130240.93
2025-08-23,4,81580.19,121742.97
2025-08-23,5,85367.85,131488.2
2025-08-23,6,63529.75,0.0
2025-08-24,1,30765.48,45516.18
2025-08-24,2,41174.2,50941.89
2025-08-24,3,33719.16,44166.88
2025-08-24,4,28851.65,39584.03
2025-08-24,5,31435.94,42824.68
2025-08-24,6,22833.17,0.0
2025-08-25,1,125196.41,164167.96
2025-08-25,2,110393.1,145968.26
2025-08-25,3,101889.27,137612.92
2025-08-25,4,82641.57,115161.48
2025-08-25,5,89563.35,122755.93
2025-08-25,6,64713.37,0.0
2025-08-26,1,114158.15,144816.61
2025-08-26,2,109110.0,153372.72
2025-08-26,3,75650.02,106675.58
2025-08-26,4,85768.48,108830.15
2025-08-26,5,89900.84,141220.29
2025-08-26,6,56059.05,0.0
2025-08-27,1,117710.36,155995.16
2025-08-27,2,108742.05,127554.79
2025-08-27,3,88131.2,133721.45
2025-08-27,4,64495.13,80766.47
2025-08-27,5,70386.61,104226.46
2025-08-27,6,57487.82,0.0
2025-08-28,1,109622.03,144050.71
2025-08-28,2,93804.6,135550.57
2025-08-28,3,75794.67,90774.79
2025-08-28,4,83252.4,125908.83
2025-08-28,5,97920.71,125951.83
2025-08-28,6,52841.69,0.0
2025-08-29,1,85993.04,125552.79
2025-08-29,2,88457.56,113170.56
2025-08-29,3,73640.31,114622.02
2025-08-29,4,67711.38,92302.97
2025-08-29,5,71899.35,93118.99
2025-08-29,6,54402.54,0.0
2025-08-30,1,112704.78,158849.07
2025-08-30,2,100707.95,145472.05
2025-08-30,3,104393.36,143508.11
2025-08-30,4,83201.24,122944.16
2025-08-30,5,74474.54,112821.14
2025-08-30,6,52985.93,0.0
2025-08-31,1,41689.19,59780.89
2025-08-31,2,30882.23,40472.2
2025-08-31,3,33639.15,48989.88
2025-08-31,4,27981.33,34436.35
2025-08-31,5,38781.63,48854.95
2025-08-31,6,20348.81,0.0
2025-09-01,1,110377.95,145429.31
2025-09-01,2,103792.71,143655.0
2025-09-01,3,90622.2,115113.35
2025-09-01,4,101869.95,136427.71
2025-09-01,5,91945.93,124234.32
2025-09-01,6,69867.53,0.0
2025-09-02,1,128909.71,169411.78
2025-09-02,2,114076.48,174016.14
2025-09-02,3,84907.22,114417.17
2025-09-02,4,108796.7,140974.28
2025-09-02,5,86427.98,117863.2
2025-09-02,6,66269.61,0.0
2025-09-03,1,122632.9,164178.38
2025-09-03,2,126991.4,169372.39
2025-09-03,3,116274.41,157361.58
2025-09-03,4,68932.16,95884.19
2025-09-03,5,113351.19,143338.64
2025-09-03,6,65747.87,0.0
2025-09-04,1,116463.18,156960.42
2025-09-04,2,130354.99,174386.14
2025-09-04,3,93772.42,122144.26
2025-09-04,4,93034.89,133813.58
2025-09-04,5,87621.14,109101.93
2025-09-04,6,62080.37,0.0
2025-09-05,1,119114.36,147857.74
2025-09-05,2,100638.79,155409.82
2025-09-05,3,101941.74,117580.47
2025-09-05,4,71287.92,107515.16
2025-09-05,5,91628.99,126424.17
2025-09-05,6,50769.69,0.0
2025-09-06,1,146507.59,218023.52
2025-09-06,2,87135.37,119971.62
2025-09-06,3,94645.81,127737.22
2025-09-06,4,98043.29,144282.39
2025-09-06,5,86171.02,115180.51
2025-09-06,6,71908.73,0.0
2025-09-07,1,47804.36,60934.74
2025-09-07,2,34934.55,50615.3
2025-09-07,3,40592.83,59255.54
2025-09-07,4,23119.96,36618.74
2025-09-07,5,39597.15,58304.68
2025-09-07,6,25125.22,0.0
2025-09-08,1,105957.82,157049.62
2025-09-08,2,98451.05,144848.45
2025-09-08,3,96510.66,126677.69
2025-09-08,4,97803.19,138564.58
2025-09-08,5,114898.82,155168.09
2025-09-08,6,62863.88,0.0
2025-09-09,1,136087.69,168518.45
2025-09-09,2,100274.88,144046.66
2025-09-09,3,118609.57,164243.36
2025-09-09,4,110494.14,146770.62
2025-09-09,5,82797.79,123495.96
2025-09-09,6,72004.38,0.0
2025-09-10,1,141054.91,182344.28
2025-09-10,2,112619.41,171413.27
2025-09-10,3,93422.03,114294.78
2025-09-10,4,101036.57,148916.04
2025-09-10,5,103423.82,157986.75
2025-09-10,6,68019.75,0.0
2025-09-11,1,109719.7,152671.98
2025-09-11,2,120944.49,163846.9
2025-09-11,3,93686.1,135378.44
2025-09-11,4,100011.05,130643.29
2025-09-11,5,86916.18,117751.87
2025-09-11,6,69635.36,0.0
2025-09-12,1,114488.04,158107.04
2025-09-12,2,101171.24,140228.4
2025-09-12,3,91088.17,136162.11
2025-09-12,4,91309.31,129503.1
2025-09-12,5,98086.27,129641.42
2025-09-12,6,58144.14,0.0
2025-09-13,1,120880.43,151442.36
2025-09-13,2,120043.7,157368.88
2025-09-13,3,117855.91,149025.02
2025-09-13,4,103606.62,114419.44
2025-09-13,5,104758.85,142143.02
2025-09-13,6,65530.84,0.0
2025-09-14,1,45590.76,67141.07
2025-09-14,2,35732.58,50491.98
2025-09-14,3,29830.56,37774.26
2025-09-14,4,24397.67,35497.88
2025-09-14,5,28997.66,45682.81
2025-09-14,6,25000.3,0.0
2025-09-15,1,139074.54,177556.5
2025-09-15,2,133204.89,166796.05
2025-09-15,3,111829.83,171672.15
2025-09-15,4,72342.33,100666.68
2025-09-15,5,88858.69,122546.99
2025-09-15,6,59616.08,0.0
2025-09-16,1,112422.06,138590.1
2025-09-16,2,140057.12,172235.28
2025-09-16,3,79083.45,109194.96
2025-09-16,4,99175.76,135738.67
2025-09-16,5,90773.76,122734.71
2025-09-16,6,72229.75,0.0
2025-09-17,1,143552.69,195295.22
2025-09-17,2,110083.61,154010.21
2025-09-17,3,85051.24,109898.27
2025-09-17,4,72211.35,93900.52
2025-09-17,5,97381.99,137486.27
2025-09-17,6,67928.71,0.0
2025-09-18,1,115312.96,165090.11
2025-09-18,2,126953.82,196117.32
2025-09-18,3,106596.98,149153.92
2025-09-18,4,95119.12,131944.94
2025-09-18,5,93818.34,144800.2
2025-09-18,6,66106.95,0.0
2025-09-19,1,102231.64,144231.17
2025-09-19,2,114952.9,148965.11
2025-09-19,3,90992.05,134816.57
2025-09-19,4,79636.58,120591.03
2025-09-19,5,69709.14,98582.09
2025-09-19,6,51653.7,0.0
2025-09-20,1,118082.99,163779.08
2025-09-20,2,131672.07,200352.77
2025-09-20,3,84560.62,125071.43
2025-09-20,4,94590.52,134650.23
2025-09-20,5,101094.76,147873.83
2025-09-20,6,63202.8,0.0
2025-09-21,1,46170.31,64555.82
2025-09-21,2,37927.63,52881.28
2025-09-21,3,34896.96,52890.7
2025-09-21,4,33321.19,49116.89
2025-09-21,5,31505.59,41760.3
2025-09-21,6,23321.91,0.0
2025-09-22,1,117956.38,155586.19
2025-09-22,2,134340.22,185469.76
2025-09-22,3,89756.48,115126.39
2025-09-22,4,80822.37,119957.27
2025-09-22,5,108421.84,143201.85
2025-09-22,6,73352.33,0.0
2025-09-23,1,99671.21,143555.54
2025-09-23,2,120784.34,154514.69
2025-09-23,3,106802.03,173218.72
2025-09-23,4,76248.97,114724.72
2025-09-23,5,114665.33,156668.53
2025-09-23,6,68289.16,0.0
2025-09-24,1,130982.33,171027.16
2025-09-24,2,122690.72,172467.69
2025-09-24,3,111839.15,147954.26
2025-09-24,4,97007.69,132838.11
2025-09-24,5,83718.33,116531.59
2025-09-24,6,62152.37,0.0
2025-09-25,1,121465.27,167031.81
2025-09-25,2,123261.07,143315.81
2025-09-25,3,96332.86,117678.03
2025-09-25,4,90016.63,133280.1
2025-09-25,5,109187.74,138813.48
2025-09-25,6,63602.18,0.0
2025-09-26,1,92837.82,125306.19
2025-09-26,2,108757.78,149467.89
2025-09-26,3,98934.86,138175.88
2025-09-26,4,66785.35,84624.79
2025-09-26,5,92224.8,125106.1
2025-09-26,6,59238.53,0.0
2025-09-27,1,118695.38,146130.88
2025-09-27,2,121521.77,163710.47
2025-09-27,3,109145.44,153327.84
2025-09-27,4,94627.09,134576.41
2025-09-27,5,110044.93,162235.2
2025-09-27,6,69201.6,0.0
2025-09-28,1,49292.79,66531.31
2025-09-28,2,48919.04,67298.58
2025-09-28,3,34627.3,44091.62
2025-09-28,4,34479.5,47044.63
2025-09-28,5,28236.9,41550.13
2025-09-28,6,25413.65,0.0
2025-09-29,1,121742.77,141575.77
2025-09-29,2,120172.47,139356.18
2025-09-29,3,116095.27,152578.46
2025-09-29,4,89366.8,121112.36
2025-09-29,5,84641.0,122885.16
2025-09-29,6,63655.68,0.0
2025-09-30,1,135729.37,194082.4
2025-09-30,2,117720.33,164638.03
2025-09-30,3,116579.28,153345.09
2025-09-30,4,100516.47,128647.51
2025-09-30,5,114936.46,155089.99
2025-09-30,6,70930.45,0.0
2025-10-01,1,106237.57,152289.66
2025-10-01,2,98461.97,133826.22
2025-10-01,3,77690.69,111145.96
2025-10-01,4,81271.31,104401.68
2025-10-01,5,81782.04,112837.46
2025-10-01,6,61497.21,0.0
2025-10-02,1,129982.79,162914.59
2025-10-02,2,124568.27,171107.93
2025-10-02,3,107504.97,158642.54
2025-10-02,4,90797.45,124487.02
2025-10-02,5,84511.76,120059.01
2025-10-02,6,74096.73,0.0
2025-10-03,1,99113.08,135221.37
2025-10-03,2,80541.08,129042.76
2025-10-03,3,102238.35,131931.31
2025-10-03,4,61524.57,81667.89
2025-10-03,5,85420.9,125060.46
2025-10-03,6,57024.92,0.0
2025-10-04,1,114800.48,177991.04
2025-10-04,2,128332.73,186164.94
2025-10-04,3,104351.22,153027.45
2025-10-04,4,95171.19,130005.91
2025-10-04,5,96853.77,128716.82
2025-10-04,6,68408.88,0.0
2025-10-05,1,37495.8,57709.6
2025-10-05,2,42456.85,48856.39
2025-10-05,3,31637.76,42395.69
2025-10-05,4,30280.05,47326.18
2025-10-05,5,42198.13,49285.73
2025-10-05,6,21565.79,0.0
2025-10-06,1,116363.51,152592.63
2025-10-06,2,108087.54,152956.19
2025-10-06,3,112970.31,166963.02
2025-10-06,4,101518.8,139136.09
2025-10-06,5,111713.15,146580.86
2025-10-06,6,58868.57,0.0
2025-10-07,1,102417.43,145426.31
2025-10-07,2,124712.44,182362.8
2025-10-07,3,93220.03,122124.63
2025-10-07,4,74103.87,102793.26
2025-10-07,5,110833.02,152438.59
2025-10-07,6,70418.81,0.0
2025-10-08,1,113386.02,152314.09
2025-10-08,2,137779.58,171620.95
2025-10-08,3,108568.84,158153.91
2025-10-08,4,91793.68,132809.52
2025-10-08,5,108843.24,149384.96
2025-10-08,6,67021.51,0.0
2025-10-09,1,119837.99,153778.59
2025-10-09,2,141205.45,184856.2
2025-10-09,3,114664.3,136943.17
2025-10-09,4,92686.15,146812.89
2025-10-09,5,106227.32,142433.97
2025-10-09,6,68688.66,0.0
2025-10-10,1,97067.55,137843.02
2025-10-10,2,108840.37,152472.0
2025-10-10,3,72706.7,103229.39
2025-10-10,4,82443.8,122026.68
2025-10-10,5,68477.13,102465.07
2025-10-10,6,58400.99,0.0
2025-10-11,1,134638.73,208143.27
2025-10-11,2,140176.34,183566.08
2025-10-11,3,92429.41,115007.36
2025-10-11,4,94847.71,136794.48
2025-10-11,5,107074.89,152752.49
2025-10-11,6,71595.79,0.0
2025-10-12,1,40832.1,59305.4
2025-10-12,2,41647.95,57464.37
2025-10-12,3,39922.4,59018.2
2025-10-12,4,30731.47,47050.94
2025-10-12,5,34050.05,50555.74
2025-10-12,6,22135.63,0.0
2025-10-13,1,138208.32,180768.14
2025-10-13,2,134982.84,173268.67
2025-10-13,3,90433.0,124396.12
2025-10-13,4,93759.57,134162.05
2025-10-13,5,104157.31,149004.97
2025-10-13,6,67832.66,0.0
2025-10-14,1,147268.45,186588.13
2025-10-14,2,124870.02,166051.54
2025-10-14,3,102640.72,151649.54
2025-10-14,4,97935.01,142675.93
2025-10-14,5,90018.81,127865.41
2025-10-14,6,76400.71,0.0
2025-10-15,1,102300.73,158290.26
2025-10-15,2,115197.66,166044.04
2025-10-15,3,111696.96,153611.64
2025-10-15,4,72967.54,112239.43
2025-10-15,5,87374.52,126253.08
2025-10-15,6,77173.87,0.0
2025-10-16,1,146392.43,189170.89
2025-10-16,2,103034.72,138782.65
2025-10-16,3,94140.47,122834.05
2025-10-16,4,87948.38,127634.01
2025-10-16,5,112214.17,162754.28
2025-10-16,6,70393.2,0.0
2025-10-17,1,94859.42,119378.66
2025-10-17,2,112442.88,165601.95
2025-10-17,3,71064.55,99375.04
2025-10-17,4,94574.45,132355.65
2025-10-17,5,95982.64,118442.33
2025-10-17,6,53938.84,0.0
2025-10-18,1,121941.9,150946.9
2025-10-18,2,139653.48,188681.8
2025-10-18,3,87943.78,112864.27
2025-10-18,4,87085.6,123872.67
2025-10-18,5,111111.45,158941.97
2025-10-18,6,67439.29,0.0
2025-10-19,1,38450.21,56487.15
2025-10-19,2,45951.73,61249.78
2025-10-19,3,38423.3,51973.09
2025-10-19,4,32952.97,45119.85
2025-10-19,5,36775.59,55616.36
2025-10-19,6,22574.89,0.0
2025-10-20,1,131833.44,190718.56
2025-10-20,2,115829.51,162480.01
2025-10-20,3,115856.88,154933.27
2025-10-20,4,95993.93,127591.61
2025-10-20,5,88350.99,127293.89
2025-10-20,6,60482.38,0.0
2025-10-21,1,140293.23,192151.53
2025-10-21,2,137410.26,182956.06
2025-10-21,3,109575.76,165323.62
2025-10-21,4,94294.12,133775.61
2025-10-21,5,118227.39,153243.38
2025-10-21,6,70803.76,0.0
2025-10-22,1,114778.71,141745.87
2025-10-22,2,124046.73,176961.25
2025-10-22,3,117849.48,137743.6
2025-10-22,4,90989.22,134049.63
2025-10-22,5,88238.9,107310.79
2025-10-22,6,62556.24,0.0
2025-10-23,1,114285.74,154172.91
2025-10-23,2,110594.85,157644.12
2025-10-23,3,108892.89,147867.94
2025-10-23,4,95369.48,139075.63
2025-10-23,5,115410.09,150963.42
2025-10-23,6,59371.61,0.0
2025-10-24,1,107953.05,151870.44
2025-10-24,2,95748.12,129465.37
2025-10-24,3,101605.38,135115.41
2025-10-24,4,81545.2,115717.95
2025-10-24,5,88186.39,121122.29
2025-10-24,6,62015.04,0.0
2025-10-25,1,129975.72,176503.36
2025-10-25,2,104441.3,143801.05
2025-10-25,3,115061.66,167255.04
2025-10-25,4,84946.81,136552.59
2025-10-25,5,92779.78,122880.08
2025-10-25,6,69298.82,0.0
2025-10-26,1,39992.7,56077.81
2025-10-26,2,46031.43,58264.92
2025-10-26,3,44977.12,62492.42
2025-10-26,4,30488.5,46318.39
2025-10-26,5,36826.49,55313.89
2025-10-26,6,24896.35,0.0
2025-10-27,1,116493.21,154075.33
2025-10-27,2,130686.38,184469.64
2025-10-27,3,106613.4,159349.47
2025-10-27,4,98870.99,122408.06
2025-10-27,5,99810.47,139664.02
2025-10-27,6,61969.63,0.0
2025-10-28,1,100128.69,141809.42
2025-10-28,2,128626.08,184061.27
2025-10-28,3,108909.18,166347.84
2025-10-28,4,96510.21,149490.33
2025-10-28,5,108413.79,166147.13
2025-10-28,6,68933.24,0.0
2025-10-29,1,157453.76,175540.9
2025-10-29,2,132554.35,168379.5
2025-10-29,3,109985.21,149667.16
2025-10-29,4,106006.05,146650.57
2025-10-29,5,112785.61,152984.6
2025-10-29,6,70350.13,0.0
2025-10-30,1,117776.63,175884.46
2025-10-30,2,131140.07,168989.25
2025-10-30,3,95229.85,123429.23
2025-10-30,4,96610.55,136010.91
2025-10-30,5,105664.08,150984.63
2025-10-30,6,65423.63,0.0
2025-10-31,1,107150.7,143392.78
2025-10-31,2,93775.86,120331.36
2025-10-31,3,75943.02,101229.71
2025-10-31,4,83428.08,114856.01
2025-10-31,5,87928.95,127021.96
2025-10-31,6,57964.56,0.0
2025-11-01,1,139182.62,179961.64
2025-11-01,2,110677.0,166668.1
2025-11-01,3,87473.74,117048.35
2025-11-01,4,95560.05,128957.37
2025-11-01,5,98279.66,130325.85
2025-11-01,6,76198.03,0.0
2025-11-02,1,44589.16,59858.9
2025-11-02,2,42067.5,54484.07
2025-11-02,3,41195.82,50293.48
2025-11-02,4,32609.86,53612.49
2025-11-02,5,34802.91,55614.16
2025-11-02,6,23534.03,0.0
2025-11-03,1,123192.16,176419.51
2025-11-03,2,112439.12,164207.82
2025-11-03,3,120492.84,162274.72
2025-11-03,4,72442.64,101708.36
2025-11-03,5,83053.3,116520.77
2025-11-03,6,74598.01,0.0
2025-11-04,1,129282.3,181873.72
2025-11-04,2,121925.16,157310.02
2025-11-04,3,93723.37,138664.62
2025-11-04,4,73618.52,103383.67
2025-11-04,5,82892.09,122273.42
2025-11-04,6,67973.24,0.0
2025-11-05,1,130031.82,172664.53
2025-11-05,2,126437.11,170555.03
2025-11-05,3,94778.84,118416.85
2025-11-05,4,97342.2,128648.43
2025-11-05,5,90779.18,118302.2
2025-11-05,6,65244.09,0.0
2025-11-06,1,120084.94,185550.76
2025-11-06,2,133010.85,182624.65
2025-11-06,3,92419.85,127141.77
2025-11-06,4,93167.27,126549.07
2025-11-06,5,94049.37,134065.9
2025-11-06,6,69375.44,0.0
2025-11-07,1,125766.4,164505.57
2025-11-07,2,82681.62,106399.91
2025-11-07,3,95238.37,121530.76
2025-11-07,4,83280.71,116884.36
2025-11-07,5,94086.73,135279.64
2025-11-07,6,53564.56,0.0
2025-11-08,1,138613.23,181940.51
2025-11-08,2,120543.03,156982.67
2025-11-08,3,80305.2,120430.15
2025-11-08,4,94690.14,139858.95
2025-11-08,5,101928.45,142486.88
2025-11-08,6,66484.08,0.0
2025-11-09,1,42313.37,50603.79
2025-11-09,2,35181.63,47624.99
2025-11-09,3,39711.34,56042.91
2025-11-09,4,32043.48,45815.72
2025-11-09,5,38016.28,52087.1
2025-11-09,6,24033.05,0.0
2025-11-10,1,129099.51,171701.67
2025-11-10,2,97666.33,115210.44
2025-11-10,3,113128.9,142097.6
2025-11-10,4,97665.35,128837.45
2025-11-10,5,80864.49,109596.99
2025-11-10,6,79465.03,0.0
2025-11-11,1,131949.25,174091.28
2025-11-11,2,123477.87,145982.32
2025-11-11,3,119414.63,147811.9
2025-11-11,4,93740.63,137360.88
2025-11-11,5,88046.25,119407.98
2025-11-11,6,61408.38,0.0
2025-11-12,1,117024.39,169552.91
2025-11-12,2,124790.67,182264.31
2025-11-12,3,112991.37,157882.05
2025-11-12,4,94039.11,146169.33
2025-11-12,5,92464.91,126338.69
2025-11-12,6,64324.32,0.0
2025-11-13,1,130644.59,185915.5
2025-11-13,2,136987.79,188309.02
2025-11-13,3,99279.07,113494.96
2025-11-13,4,91715.22,140033.4
2025-11-13,5,104398.06,156148.61
2025-11-13,6,61755.22,0.0
2025-11-14,1,113532.82,167729.28
2025-11-14,2,87975.07,124832.22
2025-11-14,3,75974.12,102289.59
2025-11-14,4,52760.23,75406.33
2025-11-14,5,87720.45,130415.29
2025-11-14,6,55841.22,0.0
2025-11-15,1,113132.2,155079.25
2025-11-15,2,136768.82,158936.07
2025-11-15,3,90508.54,111889.71
2025-11-15,4,82724.09,129264.76
2025-11-15,5,120573.19,156875.78
2025-11-15,6,67113.61,0.0
2025-11-16,1,43748.92,61755.3
2025-11-16,2,38435.77,58124.55
2025-11-16,3,40943.56,56284.23
2025-11-16,4,31131.04,47271.25
2025-11-16,5,37142.79,52601.11
2025-11-16,6,22030.92,0.0
2025-11-17,1,113273.96,153130.15
2025-11-17,2,117953.61,167863.71
2025-11-17,3,97439.16,127031.57
2025-11-17,4,94167.1,124212.26
2025-11-17,5,109005.45,137731.08
2025-11-17,6,65634.07,0.0
2025-11-18,1,133291.6,199255.76
2025-11-18,2,123665.55,157453.62
2025-11-18,3,114050.31,147383.67
2025-11-18,4,94838.23,133299.24
2025-11-18,5,88115.1,124364.82
2025-11-18,6,75872.59,0.0
2025-11-19,1,143636.94,190182.25
2025-11-19,2,121571.68,150361.82
2025-11-19,3,107151.24,151041.97
2025-11-19,4,88079.88,125420.25
2025-11-19,5,84252.66,141914.38
2025-11-19,6,68401.94,0.0
2025-11-20,1,110249.02,159800.37
2025-11-20,2,97879.06,119435.81
2025-11-20,3,93893.56,120439.19
2025-11-20,4,106742.03,141629.58
2025-11-20,5,96136.5,135684.17
2025-11-20,6,70609.94,0.0
2025-11-21,1,108781.5,168240.42
2025-11-21,2,96962.35,112048.71
2025-11-21,3,95879.82,121038.66
2025-11-21,4,78537.9,118518.29
2025-11-21,5,100580.67,125111.44
2025-11-21,6,61133.24,0.0
2025-11-22,1,110815.26,153356.69
2025-11-22,2,108328.61,167546.94
2025-11-22,3,87260.8,117305.63
2025-11-22,4,88737.93,133676.21
2025-11-22,5,74933.63,104159.47
2025-11-22,6,62542.43,0.0
2025-11-23,1,41986.58,50732.37
2025-11-23,2,39467.88,57229.56
2025-11-23,3,42928.96,58083.2
2025-11-23,4,24030.12,38338.33
2025-11-23,5,38919.27,52220.06
2025-11-23,6,21100.3,0.0
2025-11-24,1,136832.96,191722.37
2025-11-24,2,131049.54,163137.19
2025-11-24,3,109412.71,134482.76
2025-11-24,4,100484.43,141361.42
2025-11-24,5,90565.36,111736.85
2025-11-24,6,75973.75,0.0
2025-11-25,1,126959.44,173983.56
2025-11-25,2,102298.94,132773.15
2025-11-25,3,116792.65,161085.46
2025-11-25,4,93422.98,131108.24
2025-11-25,5,115001.21,151883.0
2025-11-25,6,63356.28,0.0
2025-11-26,1,127291.23,164481.44
2025-11-26,2,106035.67,154917.93
2025-11-26,3,113119.54,159317.03
2025-11-26,4,64624.59,93471.68
2025-11-26,5,106519.12,145872.45
2025-11-26,6,74061.17,0.0
2025-11-27,1,120086.13,167801.99
2025-11-27,2,129610.04,171902.42
2025-11-27,3,106215.0,137070.72
2025-11-27,4,84429.54,121618.34
2025-11-27,5,103360.26,157275.21
2025-11-27,6,73023.13,0.0
2025-11-28,1,95124.91,123401.98
2025-11-28,2,102583.69,140256.39
2025-11-28,3,101368.19,137366.9
2025-11-28,4,93495.31,124788.83
2025-11-28,5,87883.63,116619.95
2025-11-28,6,58444.13,0.0
2025-11-29,1,108756.68,165342.93
2025-11-29,2,127926.65,175911.05
2025-11-29,3,88591.27,121278.88
2025-11-29,4,95201.9,140226.56
2025-11-29,5,105902.12,146650.14
2025-11-29,6,74009.37,0.0
2025-11-30,1,42034.11,67043.21
2025-11-30,2,44802.8,57670.78
2025-11-30,3,40085.98,61183.29
2025-11-30,4,32157.58,49616.55
2025-11-30,5,39946.4,52287.21
2025-11-30,6,23777.88,0.0
2025-12-01,1,111249.09,145051.39
2025-12-01,2,84185.9,131097.97
2025-12-01,3,76455.39,108365.44
2025-12-01,4,88647.02,115755.73
2025-12-01,5,83735.3,124929.66
2025-12-01,6,59401.36,0.0
2025-12-02,1,116191.91,158263.73
2025-12-02,2,102480.15,137052.23
2025-12-02,3,73202.31,114034.07
2025-12-02,4,63756.78,85672.43
2025-12-02,5,96301.56,111189.21
2025-12-02,6,64371.54,0.0
2025-12-03,1,99954.6,125056.59
2025-12-03,2,114983.47,146951.91
2025-12-03,3,100106.05,133599.39
2025-12-03,4,80668.02,123755.73
2025-12-03,5,90053.44,128654.15
2025-12-03,6,62544.75,0.0
2025-12-04,1,104438.69,130738.68
2025-12-04,2,101274.32,143186.71
2025-12-04,3,107213.05,134222.65
2025-12-04,4,91385.73,113843.99
2025-12-04,5,88804.5,115570.37
2025-12-04,6,58563.09,0.0
2025-12-05,1,97852.52,130742.41
2025-12-05,2,89369.61,103658.21
2025-12-05,3,69840.69,98479.57
2025-12-05,4,74555.21,106870.69
2025-12-05,5,72619.33,103661.29
2025-12-05,6,52715.91,0.0
2025-12-06,1,120186.98,159461.61
2025-12-06,2,100476.38,148094.3
2025-12-06,3,99230.64,123615.65
2025-12-06,4,84866.5,117941.07
2025-12-06,5,77658.97,100750.32
2025-12-06,6,58422.42,0.0
2025-12-07,1,41816.74,55841.58
2025-12-07,2,33243.81,49657.45
2025-12-07,3,28379.88,36356.43
2025-12-07,4,27608.85,37873.85
2025-12-07,5,31701.13,49063.74
2025-12-07,6,20970.62,0.0
2025-12-08,1,101753.33,135213.5
2025-12-08,2,98626.83,124800.12
2025-12-08,3,78610.09,96868.19
2025-12-08,4,86011.73,108246.02
2025-12-08,5,95128.07,117495.95
2025-12-08,6,60473.5,0.0
2025-12-09,1,126334.07,155088.38
2025-12-09,2,109527.24,153088.8
2025-12-09,3,74128.23,115284.84
2025-12-09,4,61737.17,81744.35
2025-12-09,5,93254.09,138946.91
2025-12-09,6,61551.33,0.0
2025-12-10,1,110073.67,166450.5
2025-12-10,2,99064.75,142132.19
2025-12-10,3,66747.01,93375.24
2025-12-10,4,89399.87,120549.95
2025-12-10,5,87755.0,129817.67
2025-12-10,6,63055.54,0.0
2025-12-11,1,117271.76,158902.57
2025-12-11,2,113751.49,150523.87
2025-12-11,3,96001.68,138729.86
2025-12-11,4,76843.45,117441.32
2025-12-11,5,72058.39,91768.41
2025-12-11,6,58501.47,0.0
2025-12-12,1,103080.1,130064.24
2025-12-12,2,90591.49,122500.82
2025-12-12,3,82076.86,110410.04
2025-12-12,4,74432.17,100440.6
2025-12-12,5,77728.44,111271.42
2025-12-12,6,45881.61,0.0
2025-12-13,1,117522.3,156565.72
2025-12-13,2,88317.98,123602.02
2025-12-13,3,95769.68,130858.72
2025-12-13,4,85136.95,119543.91
2025-12-13,5,74791.08,106383.43
2025-12-13,6,54532.98,0.0
2025-12-14,1,44690.51,55800.9
2025-12-14,2,39259.09,52627.42
2025-12-14,3,34158.65,43936.16
2025-12-14,4,22291.56,33236.23
2025-12-14,5,29558.14,46914.38
2025-12-14,6,19399.05,0.0
2025-12-15,1,107200.41,158697.72
2025-12-15,2,88001.74,114397.56
2025-12-15,3,87741.77,129477.83
2025-12-15,4,82889.73,112851.12
2025-12-15,5,86241.41,118761.55
2025-12-15,6,60479.65,0.0
2025-12-16,1,100277.9,130443.03
2025-12-16,2,91604.34,121720.12
2025-12-16,3,99928.59,126763.6
2025-12-16,4,80352.97,123135.86
2025-12-16,5,92479.95,140593.58
2025-12-16,6,61950.92,0.0
2025-12-17,1,106239.01,173178.86
2025-12-17,2,123231.3,164077.45
2025-12-17,3,105617.55,136058.89
2025-12-17,4,60835.07,89729.95
2025-12-17,5,95132.86,138447.32
2025-12-17,6,56295.39,0.0
2025-12-18,1,101302.49,140211.91
2025-12-18,2,113336.08,155853.7
2025-12-18,3,95707.5,125301.63
2025-12-18,4,93406.16,128495.69
2025-12-18,5,68094.9,101527.97
2025-12-18,6,54168.23,0.0
2025-12-19,1,98204.85,124338.53
2025-12-19,2,94976.36,121209.64
2025-12-19,3,75730.98,107799.85
2025-12-19,4,72345.35,96551.44
2025-12-19,5,78097.99,111051.13
2025-12-19,6,53047.29,0.0
2025-12-20,1,117514.77,158007.4
2025-12-20,2,101623.84,134142.8
2025-12-20,3,106953.08,142275.86
2025-12-20,4,85137.65,107381.19
2025-12-20,5,97337.48,137399.64
2025-12-20,6,65429.51,0.0
2025-12-21,1,41353.95,50181.54
2025-12-21,2,36500.76,46955.83
2025-12-21,3,34323.54,43318.09
2025-12-21,4,30958.65,40431.07
2025-12-21,5,27340.42,38842.48
2025-12-21,6,20616.36,0.0
2025-12-22,1,117408.0,165550.34
2025-12-22,2,97263.86,139436.64
2025-12-22,3,96299.1,134491.23
2025-12-22,4,87774.81,112651.69
2025-12-22,5,62441.64,101524.78
2025-12-22,6,65484.1,0.0
2025-12-23,1,103180.91,144444.18
2025-12-23,2,129000.86,145875.58
2025-12-23,3,79006.46,113235.9
2025-12-23,4,78182.91,114081.11
2025-12-23,5,92983.22,131320.35
2025-12-23,6,63550.19,0.0
2025-12-24,1,92724.31,127643.11
2025-12-24,2,104775.78,143774.62
2025-12-24,3,79032.57,98393.73
2025-12-24,4,79738.45,107871.6
2025-12-24,5,78527.55,93322.8
2025-12-24,6,63617.09,0.0
2025-12-25,1,99279.73,131314.21
2025-12-25,2,93250.22,146836.44
2025-12-25,3,81363.0,101557.39
2025-12-25,4,89708.77,116878.98
2025-12-25,5,74369.86,108079.81
2025-12-25,6,65769.01,0.0
2025-12-26,1,82502.9,119717.69
2025-12-26,2,84997.22,114783.11
2025-12-26,3,62795.98,88869.98
2025-12-26,4,69023.1,93211.48
2025-12-26,5,78310.3,112537.88
2025-12-26,6,49130.28,0.0
2025-12-27,1,96916.72,132612.58
2025-12-27,2,113099.44,168801.64
2025-12-27,3,81421.13,101826.75
2025-12-27,4,79664.73,129279.12
2025-12-27,5,91221.69,123123.1
2025-12-27,6,60676.18,0.0
2025-12-28,1,43073.33,54539.86
2025-12-28,2,38257.75,49291.92
2025-12-28,3,36312.02,48494.57
2025-12-28,4,30499.02,42518.99
2025-12-28,5,31282.29,50412.31
2025-12-28,6,19821.33,0.0
2025-12-29,1,118586.11,165589.3
2025-12-29,2,102378.34,152042.58
2025-12-29,3,87876.08,132354.26
2025-12-29,4,85435.89,115643.83
2025-12-29,5,89716.12,135507.79
2025-12-29,6,64669.38,0.0
2025-12-30,1,111689.33,148989.64
2025-12-30,2,109427.3,147226.64
2025-12-30,3,101942.51,133323.55
2025-12-30,4,66850.23,87368.47
2025-12-30,5,88444.85,129067.26
2025-12-30,6,58570.89,0.0
2025-12-31,1,109650.24,144383.31
2025-12-31,2,106403.09,154930.51
2025-12-31,3,83477.99,114579.96
2025-12-31,4,67440.22,84437.6
2025-12-31,5,75764.17,114613.79
2025-12-31,6,64688.69,0.0
