ProdID,Date,DeptID,MachineID,EmployeeID,QuantityProduced,TargetQuantity
PR000001,2024-01-01,1,MC007,EMP0030,199,181
PR000002,2024-01-01,1,MC008,EMP0025,175,181
PR000003,2024-01-01,1,MC003,EMP0025,164,181
PR000004,2024-01-01,1,MC006,EMP0107,175,181
PR000005,2024-01-01,1,MC004,EMP0151,189,181
PR000006,2024-01-01,1,MC001,EMP0102,166,181
PR000007,2024-01-01,2,MC013,EMP0036,120,120
PR000008,2024-01-01,2,MC015,EMP0074,113,120
PR000009,2024-01-01,2,MC010,EMP0178,120,120
PR000010,2024-01-01,2,MC009,EMP0004,118,120
PR000011,2024-01-01,2,MC014,EMP0079,130,120
PR000012,2024-01-01,2,MC012,EMP0148,111,120
PR000013,2024-01-01,2,MC016,EMP0146,115,120
PR000014,2024-01-01,2,MC018,EMP0009,111,120
PR000015,2024-01-01,2,MC011,EMP0009,125,120
PR000016,2024-01-01,3,MC019,EMP0013,141,158
PR000017,2024-01-01,3,MC021,EMP0069,130,158
PR000018,2024-01-01,3,MC020,EMP0055,125,158
PR000019,2024-01-01,3,MC023,EMP0134,136,158
PR000020,2024-01-01,4,MC027,EMP0174,240,200
PR000021,2024-01-01,4,MC029,EMP0153,224,200
PR000022,2024-01-01,4,MC026,EMP0002,220,200
PR000023,2024-01-01,4,MC025,EMP0019,181,200
PR000024,2024-01-01,5,MC033,EMP0056,137,142
PR000025,2024-01-01,5,MC035,EMP0056,136,142
PR000026,2024-01-01,5,MC032,EMP0164,154,142
PR000027,2024-01-01,5,MC031,EMP0060,134,142
PR000028,2024-01-01,5,MC034,EMP0164,132,142
PR000029,2024-01-01,6,MC038,EMP0120,288,325
PR000030,2024-01-01,6,MC037,EMP0053,323,325
PR000031,2024-01-01,6,MC039,EMP0085,315,325
PR000032,2024-01-02,1,MC004,EMP0044,174,181
PR000033,2024-01-02,1,MC008,EMP0030,170,181
PR000034,2024-01-02,1,MC001,EMP0072,158,181
PR000035,2024-01-02,1,MC006,EMP0025,171,181
PR000036,2024-01-02,1,MC007,EMP0030,196,181
PR000037,2024-01-02,1,MC003,EMP0126,177,181
PR000038,2024-01-02,1,MC002,EMP0112,196,181
PR000039,2024-01-02,2,MC015,EMP0047,118,120
PR000040,2024-01-02,2,MC016,EMP0047,113,120
PR000041,2024-01-02,2,MC012,EMP0045,121,120
PR000042,2024-01-02,2,MC014,EMP0045,119,120
PR000043,2024-01-02,2,MC013,EMP0083,113,120
PR000044,2024-01-02,2,MC009,EMP0035,112,120
PR000045,2024-01-02,2,MC011,EMP0042,129,120
PR000046,2024-01-02,2,MC010,EMP0048,120,120
PR000047,2024-01-02,3,MC019,EMP0122,150,158
PR000048,2024-01-02,3,MC022,EMP0039,142,158
PR000049,2024-01-02,3,MC021,EMP0180,177,158
PR000050,2024-01-02,3,MC024,EMP0136,146,158
PR000051,2024-01-02,4,MC025,EMP0108,195,200
PR000052,2024-01-02,4,MC029,EMP0011,217,200
PR000053,2024-01-02,4,MC026,EMP0049,218,200
PR000054,2024-01-02,4,MC028,EMP0011,234,200
PR000055,2024-01-02,5,MC034,EMP0086,152,142
PR000056,2024-01-02,5,MC031,EMP0060,130,142
PR000057,2024-01-02,5,MC030,EMP0003,145,142
PR000058,2024-01-02,5,MC035,EMP0145,120,142
PR000059,2024-01-02,5,MC033,EMP0150,134,142
PR000060,2024-01-02,6,MC036,EMP0065,308,325
PR000061,2024-01-02,6,MC037,EMP0085,315,325
PR000062,2024-01-02,6,MC038,EMP0046,342,325
PR000063,2024-01-03,1,MC004,EMP0052,174,181
PR000064,2024-01-03,1,MC007,EMP0088,182,181
PR000065,2024-01-03,1,MC001,EMP0057,188,181
PR000066,2024-01-03,1,MC003,EMP0126,166,181
PR000067,2024-01-03,1,MC008,EMP0119,168,181
PR000068,2024-01-03,1,MC005,EMP0107,160,181
PR000069,2024-01-03,1,MC002,EMP0104,176,181
PR000070,2024-01-03,2,MC017,EMP0128,97,120
PR000071,2024-01-03,2,MC010,EMP0079,108,120
PR000072,2024-01-03,2,MC011,EMP0051,110,120
PR000073,2024-01-03,2,MC012,EMP0113,104,120
PR000074,2024-01-03,2,MC014,EMP0079,112,120
PR000075,2024-01-03,2,MC016,EMP0004,112,120
PR000076,2024-01-03,2,MC015,EMP0123,115,120
PR000077,2024-01-03,2,MC018,EMP0077,113,120
PR000078,2024-01-03,3,MC019,EMP0013,163,158
PR000079,2024-01-03,3,MC022,EMP0125,131,158
PR000080,2024-01-03,3,MC020,EMP0099,164,158
PR000081,2024-01-03,3,MC023,EMP0029,139,158
PR000082,2024-01-03,3,MC024,EMP0010,172,158
PR000083,2024-01-03,4,MC028,EMP0132,218,200
PR000084,2024-01-03,4,MC025,EMP0174,198,200
PR000085,2024-01-03,4,MC027,EMP0023,192,200
PR000086,2024-01-03,5,MC031,EMP0080,125,142
PR000087,2024-01-03,5,MC034,EMP0164,132,142
PR000088,2024-01-03,5,MC035,EMP0060,123,142
PR000089,2024-01-03,5,MC030,EMP0165,144,142
PR000090,2024-01-03,5,MC032,EMP0086,119,142
PR000091,2024-01-03,6,MC039,EMP0171,313,325
PR000092,2024-01-03,6,MC036,EMP0155,333,325
PR000093,2024-01-03,6,MC038,EMP0155,328,325
PR000094,2024-01-04,1,MC003,EMP0102,156,181
PR000095,2024-01-04,1,MC005,EMP0032,171,181
PR000096,2024-01-04,1,MC002,EMP0066,179,181
PR000097,2024-01-04,1,MC001,EMP0054,190,181
PR000098,2024-01-04,1,MC004,EMP0151,146,181
PR000099,2024-01-04,1,MC008,EMP0008,148,181
PR000100,2024-01-04,1,MC007,EMP0091,188,181
PR000101,2024-01-04,2,MC016,EMP0076,100,120
PR000102,2024-01-04,2,MC017,EMP0074,102,120
PR000103,2024-01-04,2,MC013,EMP0098,112,120
PR000104,2024-01-04,2,MC014,EMP0035,118,120
PR000105,2024-01-04,2,MC012,EMP0001,111,120
PR000106,2024-01-04,2,MC011,EMP0095,105,120
PR000107,2024-01-04,2,MC010,EMP0042,120,120
PR000108,2024-01-04,2,MC015,EMP0140,119,120
PR000109,2024-01-04,3,MC022,EMP0013,143,158
PR000110,2024-01-04,3,MC020,EMP0078,148,158
PR000111,2024-01-04,3,MC024,EMP0078,152,158
PR000112,2024-01-04,3,MC023,EMP0180,147,158
PR000113,2024-01-04,3,MC019,EMP0122,138,158
PR000114,2024-01-04,4,MC025,EMP0175,221,200
PR000115,2024-01-04,4,MC026,EMP0121,209,200
PR000116,2024-01-04,4,MC029,EMP0011,208,200
PR000117,2024-01-04,4,MC028,EMP0087,226,200
PR000118,2024-01-04,5,MC031,EMP0058,138,142
PR000119,2024-01-04,5,MC030,EMP0086,146,142
PR000120,2024-01-04,5,MC034,EMP0164,128,142
PR000121,2024-01-04,5,MC032,EMP0145,132,142
PR000122,2024-01-04,5,MC033,EMP0058,147,142
PR000123,2024-01-04,6,MC038,EMP0155,344,325
PR000124,2024-01-04,6,MC036,EMP0144,358,325
PR000125,2024-01-04,6,MC037,EMP0100,322,325
PR000126,2024-01-05,1,MC008,EMP0008,147,181
PR000127,2024-01-05,1,MC002,EMP0052,147,181
PR000128,2024-01-05,1,MC005,EMP0044,149,181
PR000129,2024-01-05,1,MC003,EMP0073,143,181
PR000130,2024-01-05,1,MC007,EMP0091,149,181
PR000131,2024-01-05,1,MC004,EMP0044,164,181
PR000132,2024-01-05,1,MC006,EMP0032,128,181
PR000133,2024-01-05,2,MC014,EMP0045,109,120
PR000134,2024-01-05,2,MC016,EMP0074,94,120
PR000135,2024-01-05,2,MC010,EMP0027,94,120
PR000136,2024-01-05,2,MC011,EMP0067,98,120
PR000137,2024-01-05,2,MC013,EMP0083,102,120
PR000138,2024-01-05,2,MC012,EMP0035,102,120
PR000139,2024-01-05,2,MC015,EMP0139,93,120
PR000140,2024-01-05,3,MC023,EMP0125,104,158
PR000141,2024-01-05,3,MC021,EMP0069,122,158
PR000142,2024-01-05,3,MC024,EMP0006,109,158
PR000143,2024-01-05,3,MC022,EMP0010,135,158
PR000144,2024-01-05,4,MC029,EMP0121,185,200
PR000145,2024-01-05,4,MC028,EMP0011,159,200
PR000146,2024-01-05,4,MC026,EMP0109,186,200
PR000147,2024-01-05,5,MC030,EMP0060,125,142
PR000148,2024-01-05,5,MC035,EMP0096,110,142
PR000149,2024-01-05,5,MC034,EMP0096,130,142
PR000150,2024-01-05,5,MC033,EMP0080,129,142
PR000151,2024-01-05,5,MC031,EMP0060,116,142
PR000152,2024-01-05,6,MC038,EMP0065,241,325
PR000153,2024-01-05,6,MC039,EMP0046,297,325
PR000154,2024-01-05,6,MC037,EMP0065,275,325
PR000155,2024-01-06,1,MC003,EMP0005,158,181
PR000156,2024-01-06,1,MC007,EMP0166,166,181
PR000157,2024-01-06,1,MC006,EMP0094,194,181
PR000158,2024-01-06,1,MC008,EMP0166,163,181
PR000159,2024-01-06,1,MC004,EMP0112,215,181
PR000160,2024-01-06,1,MC002,EMP0137,164,181
PR000161,2024-01-06,2,MC011,EMP0042,121,120
PR000162,2024-01-06,2,MC009,EMP0012,107,120
PR000163,2024-01-06,2,MC017,EMP0001,120,120
PR000164,2024-01-06,2,MC016,EMP0106,100,120
PR000165,2024-01-06,2,MC013,EMP0036,122,120
PR000166,2024-01-06,2,MC015,EMP0079,113,120
PR000167,2024-01-06,2,MC012,EMP0103,109,120
PR000168,2024-01-06,2,MC014,EMP0123,118,120
PR000169,2024-01-06,3,MC022,EMP0013,155,158
PR000170,2024-01-06,3,MC023,EMP0136,149,158
PR000171,2024-01-06,3,MC020,EMP0172,171,158
PR000172,2024-01-06,3,MC021,EMP0159,133,158
PR000173,2024-01-06,3,MC024,EMP0006,137,158
PR000174,2024-01-06,4,MC028,EMP0023,217,200
PR000175,2024-01-06,4,MC025,EMP0019,238,200
PR000176,2024-01-06,4,MC027,EMP0049,254,200
PR000177,2024-01-06,4,MC026,EMP0011,207,200
PR000178,2024-01-06,5,MC035,EMP0145,132,142
PR000179,2024-01-06,5,MC032,EMP0060,109,142
PR000180,2024-01-06,5,MC030,EMP0145,131,142
PR000181,2024-01-06,5,MC031,EMP0028,140,142
PR000182,2024-01-06,5,MC034,EMP0003,128,142
PR000183,2024-01-06,6,MC037,EMP0065,308,325
PR000184,2024-01-06,6,MC038,EMP0120,327,325
PR000185,2024-01-06,6,MC036,EMP0142,310,325
PR000186,2024-01-07,1,MC007,EMP0007,64,181
PR000187,2024-01-07,1,MC008,EMP0061,62,181
PR000188,2024-01-07,1,MC006,EMP0088,61,181
PR000189,2024-01-07,1,MC005,EMP0104,54,181
PR000190,2024-01-07,1,MC004,EMP0160,61,181
PR000191,2024-01-07,1,MC002,EMP0158,66,181
PR000192,2024-01-07,1,MC001,EMP0038,60,181
PR000193,2024-01-07,2,MC010,EMP0009,30,120
PR000194,2024-01-07,2,MC011,EMP0133,40,120
PR000195,2024-01-07,2,MC014,EMP0117,42,120
PR000196,2024-01-07,2,MC018,EMP0133,41,120
PR000197,2024-01-07,2,MC016,EMP0139,37,120
PR000198,2024-01-07,2,MC009,EMP0015,35,120
PR000199,2024-01-07,2,MC013,EMP0140,40,120
PR000200,2024-01-07,3,MC023,EMP0039,59,158
PR000201,2024-01-07,3,MC019,EMP0034,52,158
PR000202,2024-01-07,3,MC022,EMP0010,46,158
PR000203,2024-01-07,3,MC024,EMP0180,53,158
PR000204,2024-01-07,4,MC027,EMP0022,81,200
PR000205,2024-01-07,4,MC028,EMP0175,78,200
PR000206,2024-01-07,4,MC025,EMP0043,79,200
PR000207,2024-01-07,5,MC033,EMP0060,44,142
PR000208,2024-01-07,5,MC032,EMP0060,46,142
PR000209,2024-01-07,5,MC030,EMP0150,45,142
PR000210,2024-01-07,5,MC031,EMP0068,48,142
PR000211,2024-01-07,6,MC039,EMP0142,108,325
PR000212,2024-01-07,6,MC037,EMP0142,116,325
PR000213,2024-01-07,6,MC036,EMP0053,104,325
PR000214,2024-01-08,1,MC001,EMP0075,154,181
PR000215,2024-01-08,1,MC005,EMP0110,165,181
PR000216,2024-01-08,1,MC007,EMP0137,165,181
PR000217,2024-01-08,1,MC002,EMP0075,173,181
PR000218,2024-01-08,1,MC008,EMP0005,182,181
PR000219,2024-01-08,1,MC003,EMP0126,183,181
PR000220,2024-01-08,2,MC011,EMP0149,118,120
PR000221,2024-01-08,2,MC016,EMP0133,111,120
PR000222,2024-01-08,2,MC014,EMP0095,135,120
PR000223,2024-01-08,2,MC015,EMP0024,120,120
PR000224,2024-01-08,2,MC013,EMP0146,122,120
PR000225,2024-01-08,2,MC018,EMP0095,125,120
PR000226,2024-01-08,2,MC010,EMP0106,109,120
PR000227,2024-01-08,2,MC012,EMP0117,114,120
PR000228,2024-01-08,3,MC022,EMP0078,142,158
PR000229,2024-01-08,3,MC024,EMP0064,173,158
PR000230,2024-01-08,3,MC019,EMP0084,146,158
PR000231,2024-01-08,3,MC020,EMP0122,150,158
PR000232,2024-01-08,3,MC023,EMP0082,134,158
PR000233,2024-01-08,4,MC028,EMP0071,222,200
PR000234,2024-01-08,4,MC026,EMP0062,212,200
PR000235,2024-01-08,4,MC027,EMP0022,212,200
PR000236,2024-01-08,4,MC025,EMP0154,219,200
PR000237,2024-01-08,5,MC031,EMP0101,127,142
PR000238,2024-01-08,5,MC033,EMP0056,121,142
PR000239,2024-01-08,5,MC034,EMP0086,146,142
PR000240,2024-01-08,5,MC032,EMP0150,138,142
PR000241,2024-01-08,5,MC035,EMP0096,145,142
PR000242,2024-01-08,6,MC037,EMP0085,319,325
PR000243,2024-01-08,6,MC038,EMP0120,314,325
PR000244,2024-01-08,6,MC036,EMP0152,310,325
PR000245,2024-01-09,1,MC006,EMP0030,170,181
PR000246,2024-01-09,1,MC002,EMP0102,166,181
PR000247,2024-01-09,1,MC003,EMP0038,189,181
PR000248,2024-01-09,1,MC001,EMP0088,155,181
PR000249,2024-01-09,1,MC007,EMP0073,191,181
PR000250,2024-01-09,1,MC008,EMP0030,157,181
PR000251,2024-01-09,2,MC013,EMP0098,129,120
PR000252,2024-01-09,2,MC012,EMP0048,119,120
PR000253,2024-01-09,2,MC015,EMP0004,107,120
PR000254,2024-01-09,2,MC017,EMP0045,103,120
PR000255,2024-01-09,2,MC009,EMP0139,127,120
PR000256,2024-01-09,2,MC014,EMP0001,107,120
PR000257,2024-01-09,2,MC016,EMP0042,103,120
PR000258,2024-01-09,2,MC010,EMP0133,130,120
PR000259,2024-01-09,2,MC018,EMP0114,105,120
PR000260,2024-01-09,3,MC020,EMP0136,137,158
PR000261,2024-01-09,3,MC023,EMP0099,135,158
PR000262,2024-01-09,3,MC024,EMP0069,141,158
PR000263,2024-01-09,3,MC021,EMP0136,154,158
PR000264,2024-01-09,3,MC019,EMP0016,166,158
PR000265,2024-01-09,4,MC028,EMP0109,214,200
PR000266,2024-01-09,4,MC026,EMP0002,219,200
PR000267,2024-01-09,4,MC029,EMP0093,194,200
PR000268,2024-01-09,4,MC027,EMP0154,213,200
PR000269,2024-01-09,5,MC031,EMP0028,148,142
PR000270,2024-01-09,5,MC032,EMP0060,122,142
PR000271,2024-01-09,5,MC030,EMP0058,128,142
PR000272,2024-01-09,5,MC035,EMP0150,143,142
PR000273,2024-01-09,5,MC034,EMP0096,113,142
PR000274,2024-01-09,6,MC039,EMP0144,320,325
PR000275,2024-01-09,6,MC038,EMP0046,337,325
PR000276,2024-01-09,6,MC036,EMP0120,346,325
PR000277,2024-01-10,1,MC008,EMP0032,176,181
PR000278,2024-01-10,1,MC002,EMP0162,159,181
PR000279,2024-01-10,1,MC006,EMP0163,183,181
PR000280,2024-01-10,1,MC007,EMP0072,159,181
PR000281,2024-01-10,1,MC004,EMP0102,190,181
PR000282,2024-01-10,1,MC003,EMP0017,172,181
PR000283,2024-01-10,2,MC015,EMP0103,138,120
PR000284,2024-01-10,2,MC014,EMP0148,123,120
PR000285,2024-01-10,2,MC013,EMP0089,124,120
PR000286,2024-01-10,2,MC009,EMP0031,112,120
PR000287,2024-01-10,2,MC010,EMP0146,116,120
PR000288,2024-01-10,2,MC011,EMP0148,108,120
PR000289,2024-01-10,2,MC012,EMP0036,121,120
PR000290,2024-01-10,3,MC024,EMP0099,152,158
PR000291,2024-01-10,3,MC020,EMP0179,149,158
PR000292,2024-01-10,3,MC023,EMP0136,173,158
PR000293,2024-01-10,3,MC022,EMP0179,165,158
PR000294,2024-01-10,3,MC021,EMP0078,143,158
PR000295,2024-01-10,4,MC028,EMP0109,238,200
PR000296,2024-01-10,4,MC027,EMP0174,210,200
PR000297,2024-01-10,4,MC026,EMP0071,204,200
PR000298,2024-01-10,4,MC025,EMP0153,198,200
PR000299,2024-01-10,5,MC033,EMP0068,139,142
PR000300,2024-01-10,5,MC035,EMP0060,154,142
PR000301,2024-01-10,5,MC030,EMP0003,134,142
PR000302,2024-01-10,5,MC032,EMP0165,113,142
PR000303,2024-01-10,6,MC037,EMP0171,337,325
PR000304,2024-01-10,6,MC038,EMP0046,354,325
PR000305,2024-01-10,6,MC039,EMP0046,318,325
PR000306,2024-01-11,1,MC005,EMP0112,178,181
PR000307,2024-01-11,1,MC003,EMP0038,172,181
PR000308,2024-01-11,1,MC008,EMP0104,162,181
PR000309,2024-01-11,1,MC001,EMP0044,169,181
PR000310,2024-01-11,1,MC002,EMP0176,184,181
PR000311,2024-01-11,1,MC006,EMP0025,174,181
PR000312,2024-01-11,1,MC007,EMP0151,186,181
PR000313,2024-01-11,2,MC012,EMP0045,120,120
PR000314,2024-01-11,2,MC016,EMP0041,108,120
PR000315,2024-01-11,2,MC018,EMP0090,103,120
PR000316,2024-01-11,2,MC013,EMP0106,113,120
PR000317,2024-01-11,2,MC009,EMP0090,126,120
PR000318,2024-01-11,2,MC017,EMP0178,121,120
PR000319,2024-01-11,2,MC014,EMP0133,110,120
PR000320,2024-01-11,2,MC011,EMP0042,113,120
PR000321,2024-01-11,2,MC015,EMP0031,117,120
PR000322,2024-01-11,3,MC024,EMP0159,138,158
PR000323,2024-01-11,3,MC019,EMP0111,144,158
PR000324,2024-01-11,3,MC020,EMP0064,154,158
PR000325,2024-01-11,3,MC022,EMP0078,157,158
PR000326,2024-01-11,3,MC021,EMP0084,150,158
PR000327,2024-01-11,4,MC027,EMP0132,200,200
PR000328,2024-01-11,4,MC025,EMP0154,237,200
PR000329,2024-01-11,4,MC028,EMP0062,222,200
PR000330,2024-01-11,5,MC033,EMP0145,154,142
PR000331,2024-01-11,5,MC031,EMP0068,121,142
PR000332,2024-01-11,5,MC030,EMP0165,151,142
PR000333,2024-01-11,5,MC035,EMP0068,131,142
PR000334,2024-01-11,5,MC034,EMP0086,137,142
PR000335,2024-01-11,6,MC037,EMP0120,307,325
PR000336,2024-01-11,6,MC039,EMP0100,296,325
PR000337,2024-01-11,6,MC038,EMP0046,333,325
PR000338,2024-01-12,1,MC008,EMP0094,147,181
PR000339,2024-01-12,1,MC004,EMP0166,149,181
PR000340,2024-01-12,1,MC003,EMP0032,149,181
PR000341,2024-01-12,1,MC005,EMP0054,141,181
PR000342,2024-01-12,1,MC006,EMP0177,161,181
PR000343,2024-01-12,1,MC007,EMP0037,141,181
PR000344,2024-01-12,2,MC010,EMP0051,97,120
PR000345,2024-01-12,2,MC009,EMP0001,107,120
PR000346,2024-01-12,2,MC015,EMP0036,93,120
PR000347,2024-01-12,2,MC014,EMP0115,104,120
PR000348,2024-01-12,2,MC013,EMP0012,97,120
PR000349,2024-01-12,2,MC012,EMP0105,100,120
PR000350,2024-01-12,2,MC017,EMP0076,101,120
PR000351,2024-01-12,2,MC018,EMP0027,96,120
PR000352,2024-01-12,3,MC024,EMP0143,139,158
PR000353,2024-01-12,3,MC023,EMP0099,138,158
PR000354,2024-01-12,3,MC019,EMP0179,124,158
PR000355,2024-01-12,3,MC022,EMP0016,129,158
PR000356,2024-01-12,3,MC021,EMP0033,121,158
PR000357,2024-01-12,4,MC025,EMP0059,196,200
PR000358,2024-01-12,4,MC029,EMP0156,188,200
PR000359,2024-01-12,4,MC026,EMP0059,172,200
PR000360,2024-01-12,4,MC028,EMP0093,175,200
PR000361,2024-01-12,5,MC033,EMP0101,96,142
PR000362,2024-01-12,5,MC034,EMP0003,96,142
PR000363,2024-01-12,5,MC030,EMP0164,121,142
PR000364,2024-01-12,5,MC031,EMP0101,110,142
PR000365,2024-01-12,6,MC039,EMP0171,274,325
PR000366,2024-01-12,6,MC036,EMP0155,247,325
PR000367,2024-01-12,6,MC038,EMP0171,293,325
PR000368,2024-01-13,1,MC007,EMP0038,190,181
PR000369,2024-01-13,1,MC005,EMP0005,166,181
PR000370,2024-01-13,1,MC001,EMP0005,186,181
PR000371,2024-01-13,1,MC006,EMP0168,179,181
PR000372,2024-01-13,1,MC004,EMP0032,188,181
PR000373,2024-01-13,1,MC008,EMP0057,143,181
PR000374,2024-01-13,2,MC009,EMP0074,119,120
PR000375,2024-01-13,2,MC013,EMP0135,112,120
PR000376,2024-01-13,2,MC012,EMP0169,135,120
PR000377,2024-01-13,2,MC016,EMP0138,113,120
PR000378,2024-01-13,2,MC014,EMP0048,106,120
PR000379,2024-01-13,2,MC010,EMP0106,113,120
PR000380,2024-01-13,2,MC018,EMP0095,110,120
PR000381,2024-01-13,3,MC021,EMP0006,143,158
PR000382,2024-01-13,3,MC019,EMP0143,153,158
PR000383,2024-01-13,3,MC023,EMP0013,139,158
PR000384,2024-01-13,3,MC022,EMP0064,169,158
PR000385,2024-01-13,3,MC024,EMP0172,139,158
PR000386,2024-01-13,4,MC028,EMP0071,213,200
PR000387,2024-01-13,4,MC025,EMP0174,208,200
PR000388,2024-01-13,4,MC026,EMP0109,185,200
PR000389,2024-01-13,5,MC030,EMP0164,136,142
PR000390,2024-01-13,5,MC032,EMP0086,136,142
PR000391,2024-01-13,5,MC031,EMP0164,134,142
PR000392,2024-01-13,5,MC034,EMP0060,146,142
PR000393,2024-01-13,6,MC038,EMP0155,306,325
PR000394,2024-01-13,6,MC036,EMP0046,325,325
PR000395,2024-01-13,6,MC037,EMP0155,312,325
PR000396,2024-01-14,1,MC004,EMP0176,61,181
PR000397,2024-01-14,1,MC008,EMP0091,63,181
PR000398,2024-01-14,1,MC007,EMP0073,60,181
PR000399,2024-01-14,1,MC006,EMP0044,64,181
PR000400,2024-01-14,1,MC002,EMP0008,59,181
PR000401,2024-01-14,1,MC005,EMP0038,62,181
PR000402,2024-01-14,1,MC003,EMP0038,54,181
PR000403,2024-01-14,2,MC017,EMP0147,41,120
PR000404,2024-01-14,2,MC016,EMP0041,39,120
PR000405,2024-01-14,2,MC014,EMP0115,40,120
PR000406,2024-01-14,2,MC013,EMP0129,40,120
PR000407,2024-01-14,2,MC009,EMP0089,39,120
PR000408,2024-01-14,2,MC015,EMP0040,41,120
PR000409,2024-01-14,2,MC012,EMP0114,43,120
PR000410,2024-01-14,2,MC010,EMP0147,43,120
PR000411,2024-01-14,2,MC018,EMP0089,40,120
PR000412,2024-01-14,3,MC021,EMP0125,56,158
PR000413,2024-01-14,3,MC019,EMP0055,51,158
PR000414,2024-01-14,3,MC020,EMP0069,56,158
PR000415,2024-01-14,3,MC022,EMP0122,48,158
PR000416,2024-01-14,4,MC026,EMP0156,69,200
PR000417,2024-01-14,4,MC029,EMP0071,74,200
PR000418,2024-01-14,4,MC025,EMP0131,69,200
PR000419,2024-01-14,4,MC027,EMP0087,79,200
PR000420,2024-01-14,5,MC031,EMP0068,47,142
PR000421,2024-01-14,5,MC030,EMP0086,49,142
PR000422,2024-01-14,5,MC033,EMP0056,49,142
PR000423,2024-01-14,5,MC035,EMP0101,47,142
PR000424,2024-01-14,5,MC034,EMP0068,54,142
PR000425,2024-01-14,6,MC036,EMP0085,120,325
PR000426,2024-01-14,6,MC039,EMP0144,109,325
PR000427,2024-01-14,6,MC038,EMP0155,127,325
PR000428,2024-01-15,1,MC005,EMP0008,181,181
PR000429,2024-01-15,1,MC004,EMP0054,148,181
PR000430,2024-01-15,1,MC001,EMP0102,172,181
PR000431,2024-01-15,1,MC007,EMP0007,204,181
PR000432,2024-01-15,1,MC002,EMP0008,170,181
PR000433,2024-01-15,1,MC008,EMP0097,178,181
PR000434,2024-01-15,2,MC010,EMP0041,102,120
PR000435,2024-01-15,2,MC015,EMP0020,96,120
PR000436,2024-01-15,2,MC018,EMP0098,115,120
PR000437,2024-01-15,2,MC014,EMP0035,108,120
PR000438,2024-01-15,2,MC009,EMP0169,106,120
PR000439,2024-01-15,2,MC011,EMP0074,110,120
PR000440,2024-01-15,2,MC013,EMP0138,118,120
PR000441,2024-01-15,2,MC012,EMP0035,110,120
PR000442,2024-01-15,3,MC021,EMP0180,155,158
PR000443,2024-01-15,3,MC019,EMP0159,159,158
PR000444,2024-01-15,3,MC023,EMP0136,135,158
PR000445,2024-01-15,3,MC022,EMP0010,129,158
PR000446,2024-01-15,3,MC020,EMP0029,145,158
PR000447,2024-01-15,4,MC026,EMP0175,197,200
PR000448,2024-01-15,4,MC027,EMP0019,208,200
PR000449,2024-01-15,4,MC028,EMP0062,231,200
PR000450,2024-01-15,4,MC029,EMP0050,189,200
PR000451,2024-01-15,5,MC033,EMP0058,129,142
PR000452,2024-01-15,5,MC035,EMP0145,126,142
PR000453,2024-01-15,5,MC031,EMP0086,142,142
PR000454,2024-01-15,5,MC034,EMP0058,139,142
PR000455,2024-01-15,6,MC037,EMP0065,286,325
PR000456,2024-01-15,6,MC036,EMP0053,364,325
PR000457,2024-01-15,6,MC039,EMP0046,321,325
PR000458,2024-01-16,1,MC006,EMP0097,170,181
PR000459,2024-01-16,1,MC003,EMP0092,158,181
PR000460,2024-01-16,1,MC002,EMP0017,177,181
PR000461,2024-01-16,1,MC004,EMP0177,186,181
PR000462,2024-01-16,1,MC001,EMP0151,194,181
PR000463,2024-01-16,1,MC007,EMP0112,165,181
PR000464,2024-01-16,2,MC015,EMP0148,106,120
PR000465,2024-01-16,2,MC012,EMP0045,119,120
PR000466,2024-01-16,2,MC011,EMP0021,117,120
PR000467,2024-01-16,2,MC009,EMP0089,114,120
PR000468,2024-01-16,2,MC016,EMP0024,131,120
PR000469,2024-01-16,2,MC013,EMP0098,107,120
PR000470,2024-01-16,2,MC014,EMP0117,110,120
PR000471,2024-01-16,2,MC010,EMP0040,127,120
PR000472,2024-01-16,3,MC021,EMP0084,163,158
PR000473,2024-01-16,3,MC019,EMP0039,163,158
PR000474,2024-01-16,3,MC024,EMP0016,155,158
PR000475,2024-01-16,3,MC023,EMP0064,129,158
PR000476,2024-01-16,3,MC020,EMP0033,172,158
PR000477,2024-01-16,4,MC027,EMP0108,199,200
PR000478,2024-01-16,4,MC026,EMP0062,211,200
PR000479,2024-01-16,4,MC029,EMP0022,236,200
PR000480,2024-01-16,4,MC025,EMP0002,223,200
PR000481,2024-01-16,5,MC032,EMP0058,139,142
PR000482,2024-01-16,5,MC033,EMP0101,142,142
PR000483,2024-01-16,5,MC030,EMP0056,145,142
PR000484,2024-01-16,5,MC031,EMP0096,141,142
PR000485,2024-01-16,6,MC037,EMP0053,342,325
PR000486,2024-01-16,6,MC038,EMP0144,315,325
PR000487,2024-01-16,6,MC036,EMP0065,323,325
PR000488,2024-01-17,1,MC004,EMP0176,180,181
PR000489,2024-01-17,1,MC005,EMP0137,162,181
PR000490,2024-01-17,1,MC003,EMP0017,190,181
PR000491,2024-01-17,1,MC002,EMP0094,189,181
PR000492,2024-01-17,1,MC001,EMP0075,170,181
PR000493,2024-01-17,1,MC008,EMP0126,183,181
PR000494,2024-01-17,2,MC016,EMP0009,128,120
PR000495,2024-01-17,2,MC011,EMP0133,127,120
PR000496,2024-01-17,2,MC013,EMP0113,113,120
PR000497,2024-01-17,2,MC010,EMP0169,126,120
PR000498,2024-01-17,2,MC015,EMP0070,109,120
PR000499,2024-01-17,2,MC018,EMP0083,120,120
PR000500,2024-01-17,2,MC017,EMP0015,109,120
PR000501,2024-01-17,3,MC020,EMP0064,161,158
PR000502,2024-01-17,3,MC021,EMP0172,164,158
PR000503,2024-01-17,3,MC022,EMP0099,159,158
PR000504,2024-01-17,3,MC023,EMP0006,142,158
PR000505,2024-01-17,3,MC019,EMP0180,155,158
PR000506,2024-01-17,4,MC026,EMP0132,198,200
PR000507,2024-01-17,4,MC025,EMP0023,213,200
PR000508,2024-01-17,4,MC028,EMP0059,204,200
PR000509,2024-01-17,5,MC030,EMP0060,148,142
PR000510,2024-01-17,5,MC035,EMP0165,147,142
PR000511,2024-01-17,5,MC034,EMP0145,122,142
PR000512,2024-01-17,5,MC032,EMP0086,138,142
PR000513,2024-01-17,5,MC033,EMP0058,135,142
PR000514,2024-01-17,6,MC038,EMP0046,315,325
PR000515,2024-01-17,6,MC036,EMP0053,337,325
PR000516,2024-01-17,6,MC039,EMP0144,371,325
PR000517,2024-01-18,1,MC005,EMP0061,178,181
PR000518,2024-01-18,1,MC001,EMP0167,208,181
PR000519,2024-01-18,1,MC007,EMP0118,181,181
PR000520,2024-01-18,1,MC006,EMP0104,186,181
PR000521,2024-01-18,1,MC004,EMP0007,169,181
PR000522,2024-01-18,1,MC008,EMP0102,168,181
PR000523,2024-01-18,1,MC003,EMP0107,154,181
PR000524,2024-01-18,2,MC017,EMP0135,114,120
PR000525,2024-01-18,2,MC009,EMP0157,104,120
PR000526,2024-01-18,2,MC015,EMP0148,102,120
PR000527,2024-01-18,2,MC018,EMP0149,106,120
PR000528,2024-01-18,2,MC011,EMP0169,123,120
PR000529,2024-01-18,2,MC014,EMP0012,115,120
PR000530,2024-01-18,2,MC012,EMP0103,105,120
PR000531,2024-01-18,2,MC016,EMP0129,113,120
PR000532,2024-01-18,2,MC010,EMP0042,124,120
PR000533,2024-01-18,3,MC019,EMP0013,145,158
PR000534,2024-01-18,3,MC021,EMP0084,164,158
PR000535,2024-01-18,3,MC024,EMP0122,165,158
PR000536,2024-01-18,3,MC023,EMP0006,168,158
PR000537,2024-01-18,3,MC022,EMP0029,140,158
PR000538,2024-01-18,4,MC028,EMP0153,230,200
PR000539,2024-01-18,4,MC025,EMP0050,170,200
PR000540,2024-01-18,4,MC029,EMP0132,183,200
PR000541,2024-01-18,4,MC027,EMP0153,191,200
PR000542,2024-01-18,5,MC030,EMP0096,120,142
PR000543,2024-01-18,5,MC034,EMP0080,127,142
PR000544,2024-01-18,5,MC035,EMP0003,130,142
PR000545,2024-01-18,5,MC031,EMP0028,131,142
PR000546,2024-01-18,5,MC033,EMP0068,143,142
PR000547,2024-01-18,6,MC036,EMP0053,341,325
PR000548,2024-01-18,6,MC038,EMP0155,360,325
PR000549,2024-01-18,6,MC037,EMP0065,317,325
PR000550,2024-01-19,1,MC003,EMP0066,166,181
PR000551,2024-01-19,1,MC008,EMP0025,167,181
PR000552,2024-01-19,1,MC004,EMP0141,146,181
PR000553,2024-01-19,1,MC005,EMP0075,157,181
PR000554,2024-01-19,1,MC007,EMP0162,149,181
PR000555,2024-01-19,1,MC002,EMP0158,164,181
PR000556,2024-01-19,2,MC012,EMP0004,106,120
PR000557,2024-01-19,2,MC017,EMP0067,101,120
PR000558,2024-01-19,2,MC014,EMP0036,99,120
PR000559,2024-01-19,2,MC018,EMP0105,103,120
PR000560,2024-01-19,2,MC013,EMP0114,97,120
PR000561,2024-01-19,2,MC011,EMP0001,105,120
PR000562,2024-01-19,2,MC015,EMP0031,97,120
PR000563,2024-01-19,2,MC010,EMP0063,91,120
PR000564,2024-01-19,2,MC016,EMP0063,91,120
PR000565,2024-01-19,3,MC020,EMP0033,130,158
PR000566,2024-01-19,3,MC021,EMP0013,131,158
PR000567,2024-01-19,3,MC019,EMP0078,122,158
PR000568,2024-01-19,3,MC022,EMP0143,115,158
PR000569,2024-01-19,4,MC028,EMP0121,195,200
PR000570,2024-01-19,4,MC027,EMP0154,169,200
PR000571,2024-01-19,4,MC029,EMP0022,197,200
PR000572,2024-01-19,4,MC025,EMP0062,192,200
PR000573,2024-01-19,5,MC035,EMP0150,126,142
PR000574,2024-01-19,5,MC031,EMP0164,118,142
PR000575,2024-01-19,5,MC032,EMP0060,112,142
PR000576,2024-01-19,5,MC033,EMP0150,116,142
PR000577,2024-01-19,5,MC030,EMP0150,111,142
PR000578,2024-01-19,6,MC036,EMP0152,307,325
PR000579,2024-01-19,6,MC039,EMP0053,246,325
PR000580,2024-01-19,6,MC037,EMP0142,261,325
PR000581,2024-01-20,1,MC005,EMP0112,183,181
PR000582,2024-01-20,1,MC007,EMP0118,171,181
PR000583,2024-01-20,1,MC008,EMP0094,177,181
PR000584,2024-01-20,1,MC006,EMP0094,180,181
PR000585,2024-01-20,1,MC001,EMP0137,184,181
PR000586,2024-01-20,1,MC002,EMP0161,192,181
PR000587,2024-01-20,2,MC014,EMP0051,110,120
PR000588,2024-01-20,2,MC009,EMP0081,122,120
PR000589,2024-01-20,2,MC016,EMP0076,132,120
PR000590,2024-01-20,2,MC012,EMP0041,134,120
PR000591,2024-01-20,2,MC015,EMP0149,115,120
PR000592,2024-01-20,2,MC011,EMP0063,135,120
PR000593,2024-01-20,2,MC010,EMP0157,94,120
PR000594,2024-01-20,2,MC013,EMP0063,117,120
PR000595,2024-01-20,3,MC019,EMP0064,159,158
PR000596,2024-01-20,3,MC024,EMP0179,152,158
PR000597,2024-01-20,3,MC023,EMP0124,142,158
PR000598,2024-01-20,3,MC020,EMP0084,138,158
PR000599,2024-01-20,3,MC021,EMP0122,143,158
PR000600,2024-01-20,4,MC028,EMP0132,242,200
PR000601,2024-01-20,4,MC029,EMP0071,192,200
PR000602,2024-01-20,4,MC026,EMP0002,197,200
PR000603,2024-01-20,4,MC025,EMP0014,213,200
PR000604,2024-01-20,5,MC033,EMP0096,134,142
PR000605,2024-01-20,5,MC032,EMP0056,138,142
PR000606,2024-01-20,5,MC035,EMP0080,127,142
PR000607,2024-01-20,5,MC034,EMP0080,134,142
PR000608,2024-01-20,6,MC038,EMP0065,353,325
PR000609,2024-01-20,6,MC039,EMP0120,327,325
PR000610,2024-01-20,6,MC036,EMP0053,300,325
PR000611,2024-01-21,1,MC002,EMP0137,64,181
PR000612,2024-01-21,1,MC006,EMP0130,60,181
PR000613,2024-01-21,1,MC003,EMP0130,63,181
PR000614,2024-01-21,1,MC007,EMP0107,63,181
PR000615,2024-01-21,1,MC004,EMP0017,65,181
PR000616,2024-01-21,1,MC005,EMP0158,65,181
PR000617,2024-01-21,1,MC001,EMP0030,66,181
PR000618,2024-01-21,2,MC009,EMP0077,41,120
PR000619,2024-01-21,2,MC015,EMP0114,41,120
PR000620,2024-01-21,2,MC018,EMP0128,45,120
PR000621,2024-01-21,2,MC017,EMP0036,44,120
PR000622,2024-01-21,2,MC016,EMP0095,41,120
PR000623,2024-01-21,2,MC011,EMP0113,38,120
PR000624,2024-01-21,2,MC014,EMP0170,39,120
PR000625,2024-01-21,2,MC010,EMP0178,39,120
PR000626,2024-01-21,3,MC020,EMP0029,56,158
PR000627,2024-01-21,3,MC023,EMP0122,52,158
PR000628,2024-01-21,3,MC024,EMP0016,56,158
PR000629,2024-01-21,3,MC022,EMP0016,56,158
PR000630,2024-01-21,3,MC019,EMP0033,50,158
PR000631,2024-01-21,4,MC028,EMP0154,78,200
PR000632,2024-01-21,4,MC029,EMP0062,74,200
PR000633,2024-01-21,4,MC025,EMP0156,69,200
PR000634,2024-01-21,4,MC027,EMP0071,78,200
PR000635,2024-01-21,5,MC032,EMP0058,45,142
PR000636,2024-01-21,5,MC030,EMP0101,40,142
PR000637,2024-01-21,5,MC034,EMP0003,49,142
PR000638,2024-01-21,5,MC031,EMP0003,45,142
PR000639,2024-01-21,6,MC036,EMP0155,122,325
PR000640,2024-01-21,6,MC037,EMP0085,124,325
PR000641,2024-01-21,6,MC039,EMP0046,125,325
PR000642,2024-01-22,1,MC003,EMP0126,180,181
PR000643,2024-01-22,1,MC008,EMP0066,151,181
PR000644,2024-01-22,1,MC001,EMP0102,161,181
PR000645,2024-01-22,1,MC004,EMP0177,188,181
PR000646,2024-01-22,1,MC007,EMP0061,171,181
PR000647,2024-01-22,1,MC002,EMP0088,153,181
PR000648,2024-01-22,1,MC005,EMP0177,176,181
PR000649,2024-01-22,2,MC012,EMP0001,126,120
PR000650,2024-01-22,2,MC010,EMP0077,98,120
PR000651,2024-01-22,2,MC011,EMP0074,111,120
PR000652,2024-01-22,2,MC017,EMP0067,121,120
PR000653,2024-01-22,2,MC016,EMP0170,109,120
PR000654,2024-01-22,2,MC018,EMP0067,116,120
PR000655,2024-01-22,2,MC015,EMP0123,122,120
PR000656,2024-01-22,3,MC022,EMP0099,146,158
PR000657,2024-01-22,3,MC021,EMP0078,154,158
PR000658,2024-01-22,3,MC020,EMP0084,147,158
PR000659,2024-01-22,3,MC024,EMP0055,136,158
PR000660,2024-01-22,3,MC019,EMP0006,133,158
PR000661,2024-01-22,4,MC026,EMP0050,195,200
PR000662,2024-01-22,4,MC029,EMP0022,223,200
PR000663,2024-01-22,4,MC025,EMP0108,206,200
PR000664,2024-01-22,4,MC027,EMP0049,234,200
PR000665,2024-01-22,5,MC031,EMP0060,117,142
PR000666,2024-01-22,5,MC033,EMP0096,147,142
PR000667,2024-01-22,5,MC034,EMP0058,147,142
PR000668,2024-01-22,5,MC032,EMP0145,132,142
PR000669,2024-01-22,5,MC030,EMP0150,126,142
PR000670,2024-01-22,6,MC039,EMP0152,300,325
PR000671,2024-01-22,6,MC038,EMP0142,356,325
PR000672,2024-01-22,6,MC037,EMP0152,337,325
PR000673,2024-01-23,1,MC002,EMP0102,189,181
PR000674,2024-01-23,1,MC006,EMP0167,175,181
PR000675,2024-01-23,1,MC005,EMP0158,161,181
PR000676,2024-01-23,1,MC001,EMP0088,168,181
PR000677,2024-01-23,1,MC003,EMP0102,171,181
PR000678,2024-01-23,1,MC004,EMP0025,187,181
PR000679,2024-01-23,2,MC012,EMP0148,108,120
PR000680,2024-01-23,2,MC014,EMP0140,112,120
PR000681,2024-01-23,2,MC018,EMP0036,114,120
PR000682,2024-01-23,2,MC017,EMP0135,115,120
PR000683,2024-01-23,2,MC009,EMP0020,104,120
PR000684,2024-01-23,2,MC015,EMP0048,106,120
PR000685,2024-01-23,2,MC011,EMP0149,121,120
PR000686,2024-01-23,3,MC021,EMP0055,138,158
PR000687,2024-01-23,3,MC022,EMP0006,139,158
PR000688,2024-01-23,3,MC023,EMP0143,151,158
PR000689,2024-01-23,3,MC024,EMP0159,147,158
PR000690,2024-01-23,3,MC019,EMP0084,135,158
PR000691,2024-01-23,4,MC028,EMP0153,199,200
PR000692,2024-01-23,4,MC026,EMP0023,204,200
PR000693,2024-01-23,4,MC029,EMP0019,200,200
PR000694,2024-01-23,4,MC027,EMP0132,223,200
PR000695,2024-01-23,5,MC035,EMP0101,140,142
PR000696,2024-01-23,5,MC030,EMP0080,120,142
PR000697,2024-01-23,5,MC033,EMP0164,123,142
PR000698,2024-01-23,5,MC034,EMP0056,128,142
PR000699,2024-01-23,6,MC038,EMP0155,285,325
PR000700,2024-01-23,6,MC039,EMP0155,311,325
PR000701,2024-01-23,6,MC036,EMP0152,339,325
PR000702,2024-01-24,1,MC006,EMP0066,149,181
PR000703,2024-01-24,1,MC001,EMP0032,162,181
PR000704,2024-01-24,1,MC007,EMP0091,201,181
PR000705,2024-01-24,1,MC003,EMP0094,189,181
PR000706,2024-01-24,1,MC008,EMP0025,211,181
PR000707,2024-01-24,1,MC005,EMP0176,189,181
PR000708,2024-01-24,1,MC004,EMP0104,174,181
PR000709,2024-01-24,2,MC012,EMP0098,113,120
PR000710,2024-01-24,2,MC013,EMP0129,117,120
PR000711,2024-01-24,2,MC010,EMP0040,119,120
PR000712,2024-01-24,2,MC011,EMP0129,115,120
PR000713,2024-01-24,2,MC018,EMP0169,110,120
PR000714,2024-01-24,2,MC014,EMP0095,97,120
PR000715,2024-01-24,2,MC015,EMP0009,119,120
PR000716,2024-01-24,2,MC017,EMP0149,143,120
PR000717,2024-01-24,2,MC016,EMP0045,101,120
PR000718,2024-01-24,3,MC024,EMP0033,148,158
PR000719,2024-01-24,3,MC020,EMP0078,164,158
PR000720,2024-01-24,3,MC021,EMP0013,133,158
PR000721,2024-01-24,3,MC019,EMP0136,118,158
PR000722,2024-01-24,3,MC022,EMP0029,155,158
PR000723,2024-01-24,4,MC028,EMP0002,188,200
PR000724,2024-01-24,4,MC029,EMP0156,237,200
PR000725,2024-01-24,4,MC025,EMP0022,205,200
PR000726,2024-01-24,4,MC027,EMP0071,219,200
PR000727,2024-01-24,5,MC035,EMP0145,128,142
PR000728,2024-01-24,5,MC031,EMP0096,134,142
PR000729,2024-01-24,5,MC034,EMP0164,148,142
PR000730,2024-01-24,5,MC033,EMP0145,145,142
PR000731,2024-01-24,6,MC039,EMP0053,366,325
PR000732,2024-01-24,6,MC037,EMP0100,335,325
PR000733,2024-01-24,6,MC036,EMP0120,385,325
PR000734,2024-01-25,1,MC001,EMP0088,166,181
PR000735,2024-01-25,1,MC003,EMP0032,178,181
PR000736,2024-01-25,1,MC007,EMP0091,189,181
PR000737,2024-01-25,1,MC002,EMP0118,151,181
PR000738,2024-01-25,1,MC008,EMP0097,189,181
PR000739,2024-01-25,1,MC006,EMP0044,173,181
PR000740,2024-01-25,2,MC009,EMP0021,128,120
PR000741,2024-01-25,2,MC016,EMP0095,102,120
PR000742,2024-01-25,2,MC017,EMP0095,114,120
PR000743,2024-01-25,2,MC018,EMP0147,122,120
PR000744,2024-01-25,2,MC014,EMP0063,120,120
PR000745,2024-01-25,2,MC011,EMP0070,112,120
PR000746,2024-01-25,2,MC013,EMP0123,110,120
PR000747,2024-01-25,3,MC024,EMP0172,154,158
PR000748,2024-01-25,3,MC021,EMP0006,150,158
PR000749,2024-01-25,3,MC020,EMP0029,158,158
PR000750,2024-01-25,3,MC019,EMP0078,175,158
PR000751,2024-01-25,3,MC023,EMP0136,153,158
PR000752,2024-01-25,4,MC026,EMP0174,185,200
PR000753,2024-01-25,4,MC025,EMP0062,224,200
PR000754,2024-01-25,4,MC027,EMP0023,199,200
PR000755,2024-01-25,4,MC029,EMP0071,233,200
PR000756,2024-01-25,5,MC031,EMP0058,140,142
PR000757,2024-01-25,5,MC034,EMP0003,134,142
PR000758,2024-01-25,5,MC032,EMP0101,108,142
PR000759,2024-01-25,5,MC035,EMP0165,139,142
PR000760,2024-01-25,6,MC036,EMP0142,320,325
PR000761,2024-01-25,6,MC039,EMP0065,297,325
PR000762,2024-01-25,6,MC037,EMP0155,275,325
PR000763,2024-01-26,1,MC003,EMP0025,163,181
PR000764,2024-01-26,1,MC006,EMP0112,148,181
PR000765,2024-01-26,1,MC002,EMP0054,150,181
PR000766,2024-01-26,1,MC007,EMP0097,138,181
PR000767,2024-01-26,1,MC005,EMP0008,147,181
PR000768,2024-01-26,1,MC004,EMP0130,131,181
PR000769,2024-01-26,1,MC008,EMP0038,144,181
PR000770,2024-01-26,2,MC009,EMP0128,92,120
PR000771,2024-01-26,2,MC017,EMP0178,93,120
PR000772,2024-01-26,2,MC015,EMP0031,95,120
PR000773,2024-01-26,2,MC011,EMP0048,106,120
PR000774,2024-01-26,2,MC018,EMP0083,94,120
PR000775,2024-01-26,2,MC012,EMP0129,102,120
PR000776,2024-01-26,2,MC014,EMP0113,95,120
PR000777,2024-01-26,3,MC023,EMP0082,120,158
PR000778,2024-01-26,3,MC021,EMP0134,137,158
PR000779,2024-01-26,3,MC022,EMP0180,130,158
PR000780,2024-01-26,3,MC020,EMP0172,104,158
PR000781,2024-01-26,3,MC019,EMP0069,127,158
PR000782,2024-01-26,4,MC029,EMP0154,159,200
PR000783,2024-01-26,4,MC028,EMP0022,180,200
PR000784,2024-01-26,4,MC026,EMP0062,200,200
PR000785,2024-01-26,4,MC027,EMP0153,190,200
PR000786,2024-01-26,5,MC031,EMP0096,95,142
PR000787,2024-01-26,5,MC033,EMP0080,110,142
PR000788,2024-01-26,5,MC030,EMP0096,122,142
PR000789,2024-01-26,5,MC034,EMP0101,116,142
PR000790,2024-01-26,5,MC035,EMP0080,113,142
PR000791,2024-01-26,6,MC037,EMP0085,241,325
PR000792,2024-01-26,6,MC036,EMP0171,251,325
PR000793,2024-01-26,6,MC038,EMP0085,359,325
PR000794,2024-01-27,1,MC008,EMP0130,173,181
PR000795,2024-01-27,1,MC002,EMP0158,189,181
PR000796,2024-01-27,1,MC005,EMP0107,159,181
PR000797,2024-01-27,1,MC004,EMP0018,175,181
PR000798,2024-01-27,1,MC007,EMP0037,147,181
PR000799,2024-01-27,1,MC003,EMP0151,183,181
PR000800,2024-01-27,1,MC001,EMP0177,180,181
PR000801,2024-01-27,2,MC017,EMP0146,116,120
PR000802,2024-01-27,2,MC010,EMP0026,117,120
PR000803,2024-01-27,2,MC016,EMP0146,111,120
PR000804,2024-01-27,2,MC015,EMP0012,142,120
PR000805,2024-01-27,2,MC014,EMP0042,121,120
PR000806,2024-01-27,2,MC012,EMP0074,108,120
PR000807,2024-01-27,2,MC018,EMP0001,113,120
PR000808,2024-01-27,2,MC009,EMP0115,107,120
PR000809,2024-01-27,2,MC013,EMP0089,110,120
PR000810,2024-01-27,3,MC020,EMP0034,180,158
PR000811,2024-01-27,3,MC022,EMP0016,138,158
PR000812,2024-01-27,3,MC019,EMP0078,139,158
PR000813,2024-01-27,3,MC021,EMP0078,139,158
PR000814,2024-01-27,4,MC025,EMP0071,217,200
PR000815,2024-01-27,4,MC027,EMP0174,207,200
PR000816,2024-01-27,4,MC029,EMP0071,244,200
PR000817,2024-01-27,4,MC028,EMP0109,204,200
PR000818,2024-01-27,5,MC032,EMP0164,116,142
PR000819,2024-01-27,5,MC030,EMP0028,125,142
PR000820,2024-01-27,5,MC035,EMP0145,135,142
PR000821,2024-01-27,5,MC033,EMP0060,125,142
PR000822,2024-01-27,5,MC031,EMP0058,137,142
PR000823,2024-01-27,6,MC039,EMP0144,349,325
PR000824,2024-01-27,6,MC036,EMP0053,287,325
PR000825,2024-01-27,6,MC038,EMP0065,306,325
PR000826,2024-01-28,1,MC005,EMP0141,58,181
PR000827,2024-01-28,1,MC007,EMP0073,62,181
PR000828,2024-01-28,1,MC006,EMP0005,57,181
PR000829,2024-01-28,1,MC004,EMP0092,51,181
PR000830,2024-01-28,1,MC002,EMP0038,57,181
PR000831,2024-01-28,1,MC003,EMP0130,62,181
PR000832,2024-01-28,1,MC008,EMP0008,60,181
PR000833,2024-01-28,2,MC018,EMP0041,39,120
PR000834,2024-01-28,2,MC015,EMP0103,43,120
PR000835,2024-01-28,2,MC016,EMP0074,40,120
PR000836,2024-01-28,2,MC010,EMP0103,41,120
PR000837,2024-01-28,2,MC014,EMP0051,41,120
PR000838,2024-01-28,2,MC012,EMP0114,36,120
PR000839,2024-01-28,2,MC013,EMP0009,45,120
PR000840,2024-01-28,3,MC021,EMP0099,52,158
PR000841,2024-01-28,3,MC022,EMP0078,51,158
PR000842,2024-01-28,3,MC024,EMP0006,50,158
PR000843,2024-01-28,3,MC023,EMP0125,61,158
PR000844,2024-01-28,4,MC025,EMP0153,82,200
PR000845,2024-01-28,4,MC026,EMP0174,69,200
PR000846,2024-01-28,4,MC028,EMP0022,77,200
PR000847,2024-01-28,4,MC029,EMP0087,79,200
PR000848,2024-01-28,5,MC032,EMP0003,52,142
PR000849,2024-01-28,5,MC035,EMP0164,43,142
PR000850,2024-01-28,5,MC031,EMP0165,46,142
PR000851,2024-01-28,5,MC034,EMP0164,45,142
PR000852,2024-01-28,6,MC036,EMP0085,119,325
PR000853,2024-01-28,6,MC037,EMP0065,97,325
PR000854,2024-01-28,6,MC038,EMP0053,113,325
PR000855,2024-01-29,1,MC006,EMP0092,178,181
PR000856,2024-01-29,1,MC008,EMP0177,180,181
PR000857,2024-01-29,1,MC003,EMP0167,172,181
PR000858,2024-01-29,1,MC005,EMP0119,180,181
PR000859,2024-01-29,1,MC002,EMP0097,159,181
PR000860,2024-01-29,1,MC004,EMP0066,205,181
PR000861,2024-01-29,1,MC007,EMP0038,163,181
PR000862,2024-01-29,2,MC016,EMP0015,109,120
PR000863,2024-01-29,2,MC015,EMP0051,121,120
PR000864,2024-01-29,2,MC018,EMP0051,118,120
PR000865,2024-01-29,2,MC012,EMP0138,114,120
PR000866,2024-01-29,2,MC013,EMP0106,115,120
PR000867,2024-01-29,2,MC011,EMP0067,96,120
PR000868,2024-01-29,2,MC010,EMP0036,117,120
PR000869,2024-01-29,2,MC014,EMP0020,90,120
PR000870,2024-01-29,3,MC023,EMP0179,148,158
PR000871,2024-01-29,3,MC021,EMP0084,142,158
PR000872,2024-01-29,3,MC022,EMP0013,158,158
PR000873,2024-01-29,3,MC020,EMP0069,146,158
PR000874,2024-01-29,4,MC027,EMP0049,203,200
PR000875,2024-01-29,4,MC025,EMP0002,198,200
PR000876,2024-01-29,4,MC028,EMP0011,232,200
PR000877,2024-01-29,4,MC026,EMP0108,208,200
PR000878,2024-01-29,5,MC032,EMP0150,130,142
PR000879,2024-01-29,5,MC034,EMP0056,133,142
PR000880,2024-01-29,5,MC030,EMP0003,119,142
PR000881,2024-01-29,5,MC033,EMP0028,147,142
PR000882,2024-01-29,5,MC035,EMP0068,134,142
PR000883,2024-01-29,6,MC037,EMP0171,322,325
PR000884,2024-01-29,6,MC039,EMP0046,307,325
PR000885,2024-01-29,6,MC036,EMP0120,323,325
PR000886,2024-01-30,1,MC001,EMP0107,167,181
PR000887,2024-01-30,1,MC006,EMP0025,178,181
PR000888,2024-01-30,1,MC004,EMP0162,179,181
PR000889,2024-01-30,1,MC007,EMP0126,164,181
PR000890,2024-01-30,1,MC003,EMP0104,148,181
PR000891,2024-01-30,1,MC008,EMP0118,179,181
PR000892,2024-01-30,1,MC005,EMP0007,164,181
PR000893,2024-01-30,2,MC014,EMP0004,112,120
PR000894,2024-01-30,2,MC009,EMP0040,118,120
PR000895,2024-01-30,2,MC015,EMP0103,121,120
PR000896,2024-01-30,2,MC013,EMP0070,110,120
PR000897,2024-01-30,2,MC018,EMP0081,113,120
PR000898,2024-01-30,2,MC011,EMP0105,122,120
PR000899,2024-01-30,2,MC010,EMP0114,108,120
PR000900,2024-01-30,2,MC017,EMP0027,107,120
PR000901,2024-01-30,3,MC023,EMP0159,160,158
PR000902,2024-01-30,3,MC021,EMP0179,133,158
PR000903,2024-01-30,3,MC020,EMP0179,147,158
PR000904,2024-01-30,3,MC024,EMP0064,151,158
PR000905,2024-01-30,3,MC022,EMP0179,146,158
PR000906,2024-01-30,4,MC028,EMP0022,216,200
PR000907,2024-01-30,4,MC027,EMP0002,236,200
PR000908,2024-01-30,4,MC026,EMP0109,191,200
PR000909,2024-01-30,4,MC029,EMP0153,195,200
PR000910,2024-01-30,5,MC035,EMP0003,124,142
PR000911,2024-01-30,5,MC031,EMP0056,118,142
PR000912,2024-01-30,5,MC033,EMP0003,135,142
PR000913,2024-01-30,5,MC030,EMP0096,125,142
PR000914,2024-01-30,6,MC037,EMP0065,269,325
PR000915,2024-01-30,6,MC039,EMP0065,302,325
PR000916,2024-01-30,6,MC038,EMP0046,335,325
PR000917,2024-01-31,1,MC004,EMP0057,152,181
PR000918,2024-01-31,1,MC008,EMP0007,159,181
PR000919,2024-01-31,1,MC007,EMP0167,179,181
PR000920,2024-01-31,1,MC002,EMP0005,172,181
PR000921,2024-01-31,1,MC003,EMP0166,174,181
PR000922,2024-01-31,1,MC005,EMP0168,185,181
PR000923,2024-01-31,1,MC006,EMP0017,185,181
PR000924,2024-01-31,2,MC015,EMP0081,121,120
PR000925,2024-01-31,2,MC018,EMP0041,147,120
PR000926,2024-01-31,2,MC012,EMP0040,110,120
PR000927,2024-01-31,2,MC009,EMP0140,126,120
PR000928,2024-01-31,2,MC011,EMP0123,99,120
PR000929,2024-01-31,2,MC017,EMP0051,105,120
PR000930,2024-01-31,2,MC014,EMP0040,113,120
PR000931,2024-01-31,2,MC016,EMP0147,124,120
PR000932,2024-01-31,3,MC021,EMP0069,156,158
PR000933,2024-01-31,3,MC020,EMP0111,166,158
PR000934,2024-01-31,3,MC024,EMP0033,140,158
PR000935,2024-01-31,3,MC023,EMP0143,167,158
PR000936,2024-01-31,3,MC019,EMP0134,173,158
PR000937,2024-01-31,4,MC025,EMP0011,204,200
PR000938,2024-01-31,4,MC026,EMP0023,199,200
PR000939,2024-01-31,4,MC027,EMP0022,218,200
PR000940,2024-01-31,4,MC028,EMP0154,250,200
PR000941,2024-01-31,5,MC031,EMP0096,125,142
PR000942,2024-01-31,5,MC030,EMP0068,131,142
PR000943,2024-01-31,5,MC035,EMP0164,147,142
PR000944,2024-01-31,5,MC033,EMP0086,130,142
PR000945,2024-01-31,5,MC034,EMP0080,138,142
PR000946,2024-01-31,6,MC039,EMP0155,315,325
PR000947,2024-01-31,6,MC037,EMP0085,328,325
PR000948,2024-01-31,6,MC036,EMP0046,293,325
PR000949,2024-02-01,1,MC004,EMP0091,154,181
PR000950,2024-02-01,1,MC005,EMP0032,161,181
PR000951,2024-02-01,1,MC008,EMP0126,164,181
PR000952,2024-02-01,1,MC001,EMP0137,171,181
PR000953,2024-02-01,1,MC007,EMP0005,163,181
PR000954,2024-02-01,1,MC006,EMP0061,170,181
PR000955,2024-02-01,2,MC017,EMP0040,100,120
PR000956,2024-02-01,2,MC018,EMP0138,99,120
PR000957,2024-02-01,2,MC010,EMP0047,111,120
PR000958,2024-02-01,2,MC013,EMP0035,138,120
PR000959,2024-02-01,2,MC011,EMP0045,118,120
PR000960,2024-02-01,2,MC012,EMP0015,113,120
PR000961,2024-02-01,2,MC009,EMP0036,122,120
PR000962,2024-02-01,2,MC016,EMP0012,87,120
PR000963,2024-02-01,3,MC021,EMP0136,145,158
PR000964,2024-02-01,3,MC024,EMP0124,164,158
PR000965,2024-02-01,3,MC019,EMP0124,159,158
PR000966,2024-02-01,3,MC020,EMP0159,144,158
PR000967,2024-02-01,3,MC022,EMP0172,140,158
PR000968,2024-02-01,4,MC028,EMP0087,190,200
PR000969,2024-02-01,4,MC027,EMP0087,221,200
PR000970,2024-02-01,4,MC029,EMP0093,189,200
PR000971,2024-02-01,4,MC026,EMP0153,251,200
PR000972,2024-02-01,5,MC034,EMP0165,123,142
PR000973,2024-02-01,5,MC032,EMP0145,124,142
PR000974,2024-02-01,5,MC033,EMP0028,142,142
PR000975,2024-02-01,5,MC030,EMP0164,130,142
PR000976,2024-02-01,6,MC036,EMP0171,319,325
PR000977,2024-02-01,6,MC037,EMP0144,323,325
PR000978,2024-02-01,6,MC038,EMP0171,337,325
PR000979,2024-02-02,1,MC001,EMP0141,139,181
PR000980,2024-02-02,1,MC004,EMP0066,141,181
PR000981,2024-02-02,1,MC006,EMP0102,146,181
PR000982,2024-02-02,1,MC007,EMP0177,151,181
PR000983,2024-02-02,1,MC003,EMP0104,166,181
PR000984,2024-02-02,1,MC005,EMP0073,141,181
PR000985,2024-02-02,2,MC014,EMP0103,99,120
PR000986,2024-02-02,2,MC010,EMP0090,110,120
PR000987,2024-02-02,2,MC012,EMP0041,104,120
PR000988,2024-02-02,2,MC013,EMP0015,116,120
PR000989,2024-02-02,2,MC011,EMP0074,97,120
PR000990,2024-02-02,2,MC018,EMP0040,91,120
PR000991,2024-02-02,2,MC016,EMP0031,89,120
PR000992,2024-02-02,2,MC015,EMP0042,85,120
PR000993,2024-02-02,2,MC017,EMP0035,100,120
PR000994,2024-02-02,3,MC022,EMP0078,126,158
PR000995,2024-02-02,3,MC020,EMP0016,138,158
PR000996,2024-02-02,3,MC019,EMP0029,124,158
PR000997,2024-02-02,3,MC023,EMP0055,117,158
PR000998,2024-02-02,3,MC021,EMP0016,126,158
PR000999,2024-02-02,4,MC029,EMP0050,207,200
PR001000,2024-02-02,4,MC027,EMP0059,175,200
PR001001,2024-02-02,4,MC026,EMP0156,177,200
PR001002,2024-02-02,4,MC025,EMP0108,167,200
PR001003,2024-02-02,5,MC031,EMP0068,111,142
PR001004,2024-02-02,5,MC034,EMP0096,125,142
PR001005,2024-02-02,5,MC035,EMP0058,111,142
PR001006,2024-02-02,5,MC030,EMP0068,98,142
PR001007,2024-02-02,5,MC032,EMP0068,100,142
PR001008,2024-02-02,6,MC037,EMP0046,267,325
PR001009,2024-02-02,6,MC036,EMP0065,290,325
PR001010,2024-02-02,6,MC039,EMP0152,270,325
PR001011,2024-02-03,1,MC005,EMP0025,152,181
PR001012,2024-02-03,1,MC002,EMP0037,164,181
PR001013,2024-02-03,1,MC003,EMP0075,148,181
PR001014,2024-02-03,1,MC004,EMP0097,152,181
PR001015,2024-02-03,1,MC001,EMP0177,174,181
PR001016,2024-02-03,1,MC006,EMP0102,178,181
PR001017,2024-02-03,1,MC007,EMP0008,162,181
PR001018,2024-02-03,2,MC015,EMP0169,116,120
PR001019,2024-02-03,2,MC018,EMP0114,129,120
PR001020,2024-02-03,2,MC013,EMP0015,123,120
PR001021,2024-02-03,2,MC011,EMP0040,104,120
PR001022,2024-02-03,2,MC010,EMP0170,108,120
PR001023,2024-02-03,2,MC012,EMP0020,100,120
PR001024,2024-02-03,2,MC014,EMP0076,105,120
PR001025,2024-02-03,2,MC017,EMP0103,117,120
PR001026,2024-02-03,2,MC009,EMP0095,135,120
PR001027,2024-02-03,3,MC019,EMP0084,163,158
PR001028,2024-02-03,3,MC024,EMP0033,148,158
PR001029,2024-02-03,3,MC022,EMP0099,151,158
PR001030,2024-02-03,3,MC020,EMP0111,140,158
PR001031,2024-02-03,3,MC021,EMP0122,143,158
PR001032,2024-02-03,4,MC026,EMP0154,205,200
PR001033,2024-02-03,4,MC028,EMP0127,247,200
PR001034,2024-02-03,4,MC027,EMP0175,227,200
PR001035,2024-02-03,4,MC025,EMP0175,222,200
PR001036,2024-02-03,5,MC031,EMP0086,130,142
PR001037,2024-02-03,5,MC030,EMP0165,137,142
PR001038,2024-02-03,5,MC034,EMP0101,141,142
PR001039,2024-02-03,5,MC033,EMP0003,119,142
PR001040,2024-02-03,6,MC038,EMP0152,335,325
PR001041,2024-02-03,6,MC037,EMP0142,289,325
PR001042,2024-02-03,6,MC036,EMP0065,269,325
PR001043,2024-02-04,1,MC003,EMP0137,73,181
PR001044,2024-02-04,1,MC008,EMP0025,55,181
PR001045,2024-02-04,1,MC007,EMP0102,60,181
PR001046,2024-02-04,1,MC002,EMP0167,59,181
PR001047,2024-02-04,1,MC001,EMP0151,59,181
PR001048,2024-02-04,1,MC004,EMP0130,63,181
PR001049,2024-02-04,1,MC005,EMP0168,56,181
PR001050,2024-02-04,2,MC012,EMP0026,40,120
PR001051,2024-02-04,2,MC015,EMP0040,44,120
PR001052,2024-02-04,2,MC017,EMP0123,41,120
PR001053,2024-02-04,2,MC016,EMP0089,42,120
PR001054,2024-02-04,2,MC013,EMP0095,44,120
PR001055,2024-02-04,2,MC011,EMP0114,39,120
PR001056,2024-02-04,2,MC014,EMP0074,40,120
PR001057,2024-02-04,2,MC009,EMP0036,38,120
PR001058,2024-02-04,3,MC024,EMP0006,49,158
PR001059,2024-02-04,3,MC023,EMP0013,55,158
PR001060,2024-02-04,3,MC019,EMP0125,56,158
PR001061,2024-02-04,3,MC021,EMP0010,57,158
PR001062,2024-02-04,3,MC020,EMP0039,53,158
PR001063,2024-02-04,4,MC026,EMP0043,69,200
PR001064,2024-02-04,4,MC028,EMP0011,66,200
PR001065,2024-02-04,4,MC029,EMP0093,75,200
PR001066,2024-02-04,4,MC027,EMP0019,78,200
PR001067,2024-02-04,5,MC030,EMP0003,48,142
PR001068,2024-02-04,5,MC034,EMP0096,41,142
PR001069,2024-02-04,5,MC033,EMP0164,47,142
PR001070,2024-02-04,5,MC035,EMP0086,49,142
PR001071,2024-02-04,6,MC038,EMP0065,124,325
PR001072,2024-02-04,6,MC036,EMP0085,121,325
PR001073,2024-02-04,6,MC039,EMP0053,108,325
PR001074,2024-02-05,1,MC002,EMP0112,171,181
PR001075,2024-02-05,1,MC001,EMP0110,172,181
PR001076,2024-02-05,1,MC004,EMP0017,171,181
PR001077,2024-02-05,1,MC008,EMP0037,168,181
PR001078,2024-02-05,1,MC003,EMP0044,196,181
PR001079,2024-02-05,1,MC006,EMP0075,169,181
PR001080,2024-02-05,2,MC014,EMP0077,107,120
PR001081,2024-02-05,2,MC017,EMP0063,124,120
PR001082,2024-02-05,2,MC011,EMP0027,120,120
PR001083,2024-02-05,2,MC016,EMP0048,123,120
PR001084,2024-02-05,2,MC015,EMP0123,97,120
PR001085,2024-02-05,2,MC018,EMP0133,111,120
PR001086,2024-02-05,2,MC010,EMP0036,116,120
PR001087,2024-02-05,2,MC009,EMP0027,113,120
PR001088,2024-02-05,2,MC013,EMP0035,112,120
PR001089,2024-02-05,3,MC022,EMP0016,146,158
PR001090,2024-02-05,3,MC019,EMP0034,168,158
PR001091,2024-02-05,3,MC023,EMP0122,163,158
PR001092,2024-02-05,3,MC020,EMP0013,133,158
PR001093,2024-02-05,4,MC025,EMP0109,205,200
PR001094,2024-02-05,4,MC028,EMP0059,197,200
PR001095,2024-02-05,4,MC029,EMP0131,194,200
PR001096,2024-02-05,4,MC027,EMP0175,196,200
PR001097,2024-02-05,5,MC033,EMP0060,154,142
PR001098,2024-02-05,5,MC032,EMP0101,125,142
PR001099,2024-02-05,5,MC031,EMP0028,151,142
PR001100,2024-02-05,5,MC034,EMP0068,133,142
PR001101,2024-02-05,6,MC038,EMP0120,282,325
PR001102,2024-02-05,6,MC036,EMP0144,323,325
PR001103,2024-02-05,6,MC039,EMP0085,291,325
PR001104,2024-02-06,1,MC003,EMP0044,144,181
PR001105,2024-02-06,1,MC001,EMP0104,175,181
PR001106,2024-02-06,1,MC008,EMP0008,180,181
PR001107,2024-02-06,1,MC007,EMP0008,198,181
PR001108,2024-02-06,1,MC004,EMP0160,172,181
PR001109,2024-02-06,1,MC005,EMP0107,199,181
PR001110,2024-02-06,1,MC006,EMP0176,164,181
PR001111,2024-02-06,2,MC014,EMP0128,96,120
PR001112,2024-02-06,2,MC010,EMP0067,92,120
PR001113,2024-02-06,2,MC018,EMP0157,125,120
PR001114,2024-02-06,2,MC016,EMP0170,130,120
PR001115,2024-02-06,2,MC015,EMP0051,116,120
PR001116,2024-02-06,2,MC017,EMP0045,120,120
PR001117,2024-02-06,2,MC011,EMP0021,127,120
PR001118,2024-02-06,2,MC009,EMP0024,119,120
PR001119,2024-02-06,3,MC023,EMP0039,157,158
PR001120,2024-02-06,3,MC024,EMP0125,158,158
PR001121,2024-02-06,3,MC019,EMP0010,162,158
PR001122,2024-02-06,3,MC020,EMP0055,119,158
PR001123,2024-02-06,3,MC021,EMP0034,160,158
PR001124,2024-02-06,4,MC026,EMP0019,202,200
PR001125,2024-02-06,4,MC029,EMP0019,221,200
PR001126,2024-02-06,4,MC025,EMP0109,224,200
PR001127,2024-02-06,4,MC027,EMP0131,236,200
PR001128,2024-02-06,5,MC031,EMP0003,132,142
PR001129,2024-02-06,5,MC030,EMP0080,141,142
PR001130,2024-02-06,5,MC035,EMP0096,140,142
PR001131,2024-02-06,5,MC034,EMP0060,121,142
PR001132,2024-02-06,5,MC033,EMP0028,119,142
PR001133,2024-02-06,6,MC037,EMP0155,336,325
PR001134,2024-02-06,6,MC036,EMP0046,295,325
PR001135,2024-02-06,6,MC038,EMP0053,313,325
PR001136,2024-02-07,1,MC002,EMP0092,159,181
PR001137,2024-02-07,1,MC001,EMP0118,172,181
PR001138,2024-02-07,1,MC008,EMP0052,182,181
PR001139,2024-02-07,1,MC005,EMP0091,182,181
PR001140,2024-02-07,1,MC006,EMP0107,186,181
PR001141,2024-02-07,1,MC004,EMP0025,175,181
PR001142,2024-02-07,2,MC017,EMP0036,107,120
PR001143,2024-02-07,2,MC011,EMP0129,109,120
PR001144,2024-02-07,2,MC018,EMP0135,112,120
PR001145,2024-02-07,2,MC015,EMP0001,126,120
PR001146,2024-02-07,2,MC016,EMP0009,111,120
PR001147,2024-02-07,2,MC010,EMP0103,96,120
PR001148,2024-02-07,2,MC013,EMP0015,130,120
PR001149,2024-02-07,3,MC020,EMP0136,145,158
PR001150,2024-02-07,3,MC019,EMP0078,164,158
PR001151,2024-02-07,3,MC021,EMP0033,151,158
PR001152,2024-02-07,3,MC024,EMP0143,154,158
PR001153,2024-02-07,3,MC023,EMP0111,140,158
PR001154,2024-02-07,4,MC027,EMP0154,226,200
PR001155,2024-02-07,4,MC025,EMP0023,179,200
PR001156,2024-02-07,4,MC029,EMP0087,197,200
PR001157,2024-02-07,4,MC026,EMP0121,217,200
PR001158,2024-02-07,5,MC034,EMP0164,132,142
PR001159,2024-02-07,5,MC035,EMP0058,126,142
PR001160,2024-02-07,5,MC030,EMP0101,148,142
PR001161,2024-02-07,5,MC033,EMP0096,126,142
PR001162,2024-02-07,5,MC031,EMP0086,144,142
PR001163,2024-02-07,6,MC036,EMP0171,283,325
PR001164,2024-02-07,6,MC037,EMP0120,358,325
PR001165,2024-02-07,6,MC038,EMP0142,321,325
PR001166,2024-02-08,1,MC006,EMP0088,185,181
PR001167,2024-02-08,1,MC008,EMP0161,159,181
PR001168,2024-02-08,1,MC005,EMP0032,173,181
PR001169,2024-02-08,1,MC004,EMP0107,159,181
PR001170,2024-02-08,1,MC003,EMP0161,178,181
PR001171,2024-02-08,1,MC001,EMP0118,197,181
PR001172,2024-02-08,2,MC012,EMP0067,121,120
PR001173,2024-02-08,2,MC010,EMP0047,115,120
PR001174,2024-02-08,2,MC014,EMP0133,114,120
PR001175,2024-02-08,2,MC018,EMP0079,130,120
PR001176,2024-02-08,2,MC015,EMP0105,105,120
PR001177,2024-02-08,2,MC013,EMP0024,116,120
PR001178,2024-02-08,2,MC009,EMP0129,125,120
PR001179,2024-02-08,2,MC017,EMP0009,112,120
PR001180,2024-02-08,3,MC020,EMP0078,133,158
PR001181,2024-02-08,3,MC022,EMP0039,162,158
PR001182,2024-02-08,3,MC021,EMP0134,149,158
PR001183,2024-02-08,3,MC024,EMP0064,153,158
PR001184,2024-02-08,3,MC019,EMP0069,138,158
PR001185,2024-02-08,4,MC029,EMP0121,191,200
PR001186,2024-02-08,4,MC026,EMP0002,198,200
PR001187,2024-02-08,4,MC025,EMP0019,203,200
PR001188,2024-02-08,4,MC028,EMP0108,212,200
PR001189,2024-02-08,5,MC032,EMP0056,138,142
PR001190,2024-02-08,5,MC035,EMP0145,138,142
PR001191,2024-02-08,5,MC030,EMP0028,132,142
PR001192,2024-02-08,5,MC034,EMP0101,126,142
PR001193,2024-02-08,5,MC031,EMP0086,143,142
PR001194,2024-02-08,6,MC038,EMP0152,325,325
PR001195,2024-02-08,6,MC037,EMP0046,315,325
PR001196,2024-02-08,6,MC039,EMP0144,364,325
PR001197,2024-02-09,1,MC001,EMP0088,166,181
PR001198,2024-02-09,1,MC008,EMP0038,152,181
PR001199,2024-02-09,1,MC006,EMP0161,161,181
PR001200,2024-02-09,1,MC007,EMP0118,134,181
PR001201,2024-02-09,1,MC004,EMP0091,153,181
PR001202,2024-02-09,1,MC002,EMP0037,133,181
PR001203,2024-02-09,2,MC013,EMP0139,99,120
PR001204,2024-02-09,2,MC011,EMP0123,86,120
PR001205,2024-02-09,2,MC012,EMP0117,106,120
PR001206,2024-02-09,2,MC018,EMP0048,90,120
PR001207,2024-02-09,2,MC015,EMP0004,107,120
PR001208,2024-02-09,2,MC014,EMP0106,96,120
PR001209,2024-02-09,2,MC009,EMP0123,103,120
PR001210,2024-02-09,2,MC010,EMP0148,96,120
PR001211,2024-02-09,2,MC016,EMP0117,85,120
PR001212,2024-02-09,3,MC024,EMP0125,144,158
PR001213,2024-02-09,3,MC021,EMP0010,143,158
PR001214,2024-02-09,3,MC023,EMP0078,128,158
PR001215,2024-02-09,3,MC020,EMP0034,127,158
PR001216,2024-02-09,3,MC019,EMP0180,115,158
PR001217,2024-02-09,4,MC029,EMP0059,175,200
PR001218,2024-02-09,4,MC026,EMP0131,192,200
PR001219,2024-02-09,4,MC027,EMP0087,196,200
PR001220,2024-02-09,5,MC031,EMP0101,117,142
PR001221,2024-02-09,5,MC032,EMP0086,135,142
PR001222,2024-02-09,5,MC034,EMP0028,121,142
PR001223,2024-02-09,5,MC035,EMP0060,119,142
PR001224,2024-02-09,5,MC030,EMP0080,108,142
PR001225,2024-02-09,6,MC039,EMP0085,267,325
PR001226,2024-02-09,6,MC037,EMP0144,296,325
PR001227,2024-02-09,6,MC036,EMP0142,286,325
PR001228,2024-02-10,1,MC006,EMP0151,174,181
PR001229,2024-02-10,1,MC001,EMP0107,177,181
PR001230,2024-02-10,1,MC002,EMP0073,149,181
PR001231,2024-02-10,1,MC003,EMP0097,156,181
PR001232,2024-02-10,1,MC004,EMP0104,199,181
PR001233,2024-02-10,1,MC005,EMP0075,171,181
PR001234,2024-02-10,2,MC016,EMP0070,120,120
PR001235,2024-02-10,2,MC009,EMP0074,119,120
PR001236,2024-02-10,2,MC017,EMP0042,126,120
PR001237,2024-02-10,2,MC013,EMP0173,103,120
PR001238,2024-02-10,2,MC014,EMP0021,110,120
PR001239,2024-02-10,2,MC015,EMP0129,98,120
PR001240,2024-02-10,2,MC011,EMP0157,114,120
PR001241,2024-02-10,3,MC021,EMP0136,160,158
PR001242,2024-02-10,3,MC020,EMP0159,135,158
PR001243,2024-02-10,3,MC023,EMP0179,160,158
PR001244,2024-02-10,3,MC024,EMP0082,141,158
PR001245,2024-02-10,4,MC028,EMP0071,204,200
PR001246,2024-02-10,4,MC029,EMP0156,207,200
PR001247,2024-02-10,4,MC026,EMP0127,257,200
PR001248,2024-02-10,4,MC027,EMP0121,217,200
PR001249,2024-02-10,5,MC032,EMP0080,132,142
PR001250,2024-02-10,5,MC031,EMP0096,143,142
PR001251,2024-02-10,5,MC034,EMP0165,130,142
PR001252,2024-02-10,5,MC033,EMP0145,138,142
PR001253,2024-02-10,5,MC030,EMP0101,129,142
PR001254,2024-02-10,6,MC038,EMP0065,297,325
PR001255,2024-02-10,6,MC039,EMP0171,349,325
PR001256,2024-02-10,6,MC036,EMP0152,346,325
PR001257,2024-02-11,1,MC001,EMP0162,65,181
PR001258,2024-02-11,1,MC006,EMP0177,69,181
PR001259,2024-02-11,1,MC007,EMP0161,64,181
PR001260,2024-02-11,1,MC004,EMP0130,64,181
PR001261,2024-02-11,1,MC003,EMP0161,70,181
PR001262,2024-02-11,1,MC008,EMP0061,68,181
PR001263,2024-02-11,1,MC002,EMP0030,68,181
PR001264,2024-02-11,2,MC010,EMP0001,37,120
PR001265,2024-02-11,2,MC014,EMP0117,43,120
PR001266,2024-02-11,2,MC009,EMP0083,35,120
PR001267,2024-02-11,2,MC017,EMP0098,41,120
PR001268,2024-02-11,2,MC013,EMP0083,38,120
PR001269,2024-02-11,2,MC016,EMP0106,42,120
PR001270,2024-02-11,2,MC015,EMP0148,44,120
PR001271,2024-02-11,2,MC018,EMP0009,41,120
PR001272,2024-02-11,2,MC012,EMP0149,42,120
PR001273,2024-02-11,3,MC020,EMP0122,53,158
PR001274,2024-02-11,3,MC021,EMP0039,53,158
PR001275,2024-02-11,3,MC023,EMP0124,53,158
PR001276,2024-02-11,3,MC024,EMP0064,57,158
PR001277,2024-02-11,4,MC025,EMP0121,82,200
PR001278,2024-02-11,4,MC026,EMP0093,73,200
PR001279,2024-02-11,4,MC029,EMP0014,75,200
PR001280,2024-02-11,4,MC027,EMP0050,68,200
PR001281,2024-02-11,5,MC030,EMP0101,47,142
PR001282,2024-02-11,5,MC033,EMP0080,47,142
PR001283,2024-02-11,5,MC034,EMP0145,43,142
PR001284,2024-02-11,5,MC032,EMP0164,51,142
PR001285,2024-02-11,6,MC038,EMP0053,114,325
PR001286,2024-02-11,6,MC039,EMP0144,123,325
PR001287,2024-02-11,6,MC037,EMP0065,109,325
PR001288,2024-02-12,1,MC008,EMP0104,179,181
PR001289,2024-02-12,1,MC002,EMP0075,163,181
PR001290,2024-02-12,1,MC003,EMP0018,177,181
PR001291,2024-02-12,1,MC005,EMP0137,180,181
PR001292,2024-02-12,1,MC007,EMP0112,189,181
PR001293,2024-02-12,1,MC001,EMP0177,158,181
PR001294,2024-02-12,2,MC013,EMP0015,109,120
PR001295,2024-02-12,2,MC012,EMP0040,126,120
PR001296,2024-02-12,2,MC018,EMP0001,134,120
PR001297,2024-02-12,2,MC014,EMP0138,106,120
PR001298,2024-02-12,2,MC009,EMP0117,94,120
PR001299,2024-02-12,2,MC016,EMP0045,119,120
PR001300,2024-02-12,2,MC015,EMP0070,117,120
PR001301,2024-02-12,3,MC024,EMP0016,150,158
PR001302,2024-02-12,3,MC021,EMP0172,145,158
PR001303,2024-02-12,3,MC023,EMP0159,137,158
PR001304,2024-02-12,3,MC020,EMP0084,138,158
PR001305,2024-02-12,4,MC028,EMP0022,201,200
PR001306,2024-02-12,4,MC025,EMP0175,218,200
PR001307,2024-02-12,4,MC026,EMP0109,207,200
PR001308,2024-02-12,4,MC029,EMP0062,201,200
PR001309,2024-02-12,5,MC031,EMP0058,129,142
PR001310,2024-02-12,5,MC030,EMP0060,146,142
PR001311,2024-02-12,5,MC032,EMP0003,128,142
PR001312,2024-02-12,5,MC033,EMP0150,125,142
PR001313,2024-02-12,5,MC035,EMP0165,131,142
PR001314,2024-02-12,6,MC039,EMP0065,323,325
PR001315,2024-02-12,6,MC036,EMP0046,343,325
PR001316,2024-02-12,6,MC037,EMP0085,327,325
PR001317,2024-02-13,1,MC007,EMP0158,163,181
PR001318,2024-02-13,1,MC001,EMP0018,199,181
PR001319,2024-02-13,1,MC008,EMP0092,162,181
PR001320,2024-02-13,1,MC006,EMP0151,178,181
PR001321,2024-02-13,1,MC004,EMP0126,167,181
PR001322,2024-02-13,1,MC005,EMP0057,172,181
PR001323,2024-02-13,1,MC003,EMP0066,166,181
PR001324,2024-02-13,2,MC015,EMP0140,112,120
PR001325,2024-02-13,2,MC010,EMP0113,120,120
PR001326,2024-02-13,2,MC017,EMP0138,96,120
PR001327,2024-02-13,2,MC013,EMP0170,116,120
PR001328,2024-02-13,2,MC016,EMP0031,134,120
PR001329,2024-02-13,2,MC014,EMP0123,115,120
PR001330,2024-02-13,2,MC012,EMP0170,102,120
PR001331,2024-02-13,2,MC018,EMP0042,114,120
PR001332,2024-02-13,2,MC011,EMP0123,121,120
PR001333,2024-02-13,3,MC022,EMP0134,162,158
PR001334,2024-02-13,3,MC023,EMP0013,156,158
PR001335,2024-02-13,3,MC020,EMP0039,154,158
PR001336,2024-02-13,3,MC019,EMP0006,144,158
PR001337,2024-02-13,3,MC024,EMP0082,142,158
PR001338,2024-02-13,4,MC026,EMP0043,208,200
PR001339,2024-02-13,4,MC025,EMP0011,212,200
PR001340,2024-02-13,4,MC028,EMP0011,216,200
PR001341,2024-02-13,4,MC027,EMP0049,188,200
PR001342,2024-02-13,5,MC030,EMP0056,121,142
PR001343,2024-02-13,5,MC034,EMP0003,149,142
PR001344,2024-02-13,5,MC033,EMP0164,127,142
PR001345,2024-02-13,5,MC031,EMP0164,118,142
PR001346,2024-02-13,5,MC035,EMP0028,139,142
PR001347,2024-02-13,6,MC037,EMP0053,334,325
PR001348,2024-02-13,6,MC038,EMP0142,275,325
PR001349,2024-02-13,6,MC039,EMP0053,303,325
PR001350,2024-02-14,1,MC002,EMP0167,145,181
PR001351,2024-02-14,1,MC005,EMP0162,162,181
PR001352,2024-02-14,1,MC007,EMP0118,184,181
PR001353,2024-02-14,1,MC006,EMP0167,183,181
PR001354,2024-02-14,1,MC001,EMP0151,168,181
PR001355,2024-02-14,1,MC003,EMP0057,167,181
PR001356,2024-02-14,1,MC004,EMP0052,179,181
PR001357,2024-02-14,2,MC016,EMP0105,102,120
PR001358,2024-02-14,2,MC012,EMP0070,121,120
PR001359,2024-02-14,2,MC010,EMP0021,128,120
PR001360,2024-02-14,2,MC014,EMP0138,122,120
PR001361,2024-02-14,2,MC015,EMP0169,122,120
PR001362,2024-02-14,2,MC018,EMP0020,117,120
PR001363,2024-02-14,2,MC017,EMP0047,98,120
PR001364,2024-02-14,2,MC009,EMP0051,121,120
PR001365,2024-02-14,2,MC011,EMP0027,122,120
PR001366,2024-02-14,3,MC021,EMP0010,157,158
PR001367,2024-02-14,3,MC020,EMP0143,123,158
PR001368,2024-02-14,3,MC019,EMP0179,173,158
PR001369,2024-02-14,3,MC022,EMP0034,162,158
PR001370,2024-02-14,3,MC024,EMP0082,160,158
PR001371,2024-02-14,4,MC029,EMP0002,197,200
PR001372,2024-02-14,4,MC026,EMP0156,204,200
PR001373,2024-02-14,4,MC027,EMP0002,195,200
PR001374,2024-02-14,4,MC025,EMP0154,200,200
PR001375,2024-02-14,5,MC033,EMP0086,123,142
PR001376,2024-02-14,5,MC030,EMP0150,109,142
PR001377,2024-02-14,5,MC031,EMP0060,141,142
PR001378,2024-02-14,5,MC032,EMP0165,128,142
PR001379,2024-02-14,5,MC035,EMP0003,135,142
PR001380,2024-02-14,6,MC037,EMP0171,359,325
PR001381,2024-02-14,6,MC039,EMP0144,314,325
PR001382,2024-02-14,6,MC036,EMP0120,319,325
PR001383,2024-02-15,1,MC001,EMP0092,191,181
PR001384,2024-02-15,1,MC004,EMP0066,194,181
PR001385,2024-02-15,1,MC005,EMP0025,164,181
PR001386,2024-02-15,1,MC008,EMP0044,166,181
PR001387,2024-02-15,1,MC003,EMP0008,164,181
PR001388,2024-02-15,1,MC006,EMP0110,184,181
PR001389,2024-02-15,1,MC002,EMP0092,179,181
PR001390,2024-02-15,2,MC010,EMP0079,119,120
PR001391,2024-02-15,2,MC016,EMP0133,116,120
PR001392,2024-02-15,2,MC011,EMP0020,126,120
PR001393,2024-02-15,2,MC018,EMP0040,123,120
PR001394,2024-02-15,2,MC013,EMP0048,115,120
PR001395,2024-02-15,2,MC009,EMP0135,117,120
PR001396,2024-02-15,2,MC015,EMP0081,130,120
PR001397,2024-02-15,3,MC020,EMP0143,170,158
PR001398,2024-02-15,3,MC023,EMP0159,155,158
PR001399,2024-02-15,3,MC022,EMP0064,135,158
PR001400,2024-02-15,3,MC021,EMP0039,142,158
PR001401,2024-02-15,4,MC025,EMP0153,195,200
PR001402,2024-02-15,4,MC029,EMP0132,188,200
PR001403,2024-02-15,4,MC027,EMP0153,215,200
PR001404,2024-02-15,4,MC028,EMP0131,197,200
PR001405,2024-02-15,5,MC034,EMP0028,127,142
PR001406,2024-02-15,5,MC030,EMP0028,144,142
PR001407,2024-02-15,5,MC033,EMP0003,113,142
PR001408,2024-02-15,5,MC031,EMP0068,133,142
PR001409,2024-02-15,5,MC035,EMP0056,147,142
PR001410,2024-02-15,6,MC039,EMP0144,342,325
PR001411,2024-02-15,6,MC038,EMP0053,392,325
PR001412,2024-02-15,6,MC037,EMP0100,330,325
PR001413,2024-02-16,1,MC003,EMP0091,162,181
PR001414,2024-02-16,1,MC004,EMP0007,141,181
PR001415,2024-02-16,1,MC006,EMP0061,144,181
PR001416,2024-02-16,1,MC001,EMP0057,148,181
PR001417,2024-02-16,1,MC007,EMP0167,133,181
PR001418,2024-02-16,1,MC002,EMP0073,148,181
PR001419,2024-02-16,2,MC012,EMP0128,106,120
PR001420,2024-02-16,2,MC010,EMP0035,102,120
PR001421,2024-02-16,2,MC017,EMP0027,108,120
PR001422,2024-02-16,2,MC016,EMP0021,97,120
PR001423,2024-02-16,2,MC014,EMP0076,90,120
PR001424,2024-02-16,2,MC013,EMP0123,97,120
PR001425,2024-02-16,2,MC011,EMP0113,97,120
PR001426,2024-02-16,3,MC019,EMP0029,116,158
PR001427,2024-02-16,3,MC021,EMP0078,125,158
PR001428,2024-02-16,3,MC024,EMP0172,137,158
PR001429,2024-02-16,3,MC020,EMP0029,138,158
PR001430,2024-02-16,4,MC027,EMP0121,175,200
PR001431,2024-02-16,4,MC029,EMP0019,184,200
PR001432,2024-02-16,4,MC026,EMP0023,177,200
PR001433,2024-02-16,4,MC025,EMP0175,158,200
PR001434,2024-02-16,5,MC030,EMP0165,113,142
PR001435,2024-02-16,5,MC031,EMP0058,105,142
PR001436,2024-02-16,5,MC034,EMP0086,102,142
PR001437,2024-02-16,5,MC035,EMP0165,104,142
PR001438,2024-02-16,5,MC033,EMP0003,90,142
PR001439,2024-02-16,6,MC038,EMP0046,264,325
PR001440,2024-02-16,6,MC036,EMP0144,280,325
PR001441,2024-02-16,6,MC037,EMP0053,323,325
PR001442,2024-02-17,1,MC008,EMP0052,164,181
PR001443,2024-02-17,1,MC001,EMP0110,134,181
PR001444,2024-02-17,1,MC004,EMP0017,192,181
PR001445,2024-02-17,1,MC007,EMP0054,177,181
PR001446,2024-02-17,1,MC006,EMP0073,185,181
PR001447,2024-02-17,1,MC002,EMP0112,174,181
PR001448,2024-02-17,2,MC014,EMP0040,130,120
PR001449,2024-02-17,2,MC017,EMP0116,99,120
PR001450,2024-02-17,2,MC009,EMP0024,117,120
PR001451,2024-02-17,2,MC016,EMP0081,100,120
PR001452,2024-02-17,2,MC013,EMP0012,112,120
PR001453,2024-02-17,2,MC010,EMP0103,108,120
PR001454,2024-02-17,2,MC012,EMP0098,117,120
PR001455,2024-02-17,2,MC011,EMP0040,118,120
PR001456,2024-02-17,3,MC021,EMP0029,130,158
PR001457,2024-02-17,3,MC022,EMP0180,160,158
PR001458,2024-02-17,3,MC023,EMP0136,124,158
PR001459,2024-02-17,3,MC024,EMP0016,139,158
PR001460,2024-02-17,4,MC027,EMP0109,194,200
PR001461,2024-02-17,4,MC025,EMP0023,226,200
PR001462,2024-02-17,4,MC028,EMP0002,208,200
PR001463,2024-02-17,4,MC026,EMP0153,224,200
PR001464,2024-02-17,5,MC035,EMP0164,155,142
PR001465,2024-02-17,5,MC033,EMP0145,136,142
PR001466,2024-02-17,5,MC030,EMP0056,128,142
PR001467,2024-02-17,5,MC032,EMP0068,139,142
PR001468,2024-02-17,5,MC034,EMP0080,119,142
PR001469,2024-02-17,6,MC038,EMP0085,324,325
PR001470,2024-02-17,6,MC039,EMP0155,344,325
PR001471,2024-02-17,6,MC036,EMP0053,343,325
PR001472,2024-02-18,1,MC001,EMP0091,63,181
PR001473,2024-02-18,1,MC003,EMP0054,59,181
PR001474,2024-02-18,1,MC004,EMP0104,52,181
PR001475,2024-02-18,1,MC002,EMP0168,58,181
PR001476,2024-02-18,1,MC005,EMP0044,62,181
PR001477,2024-02-18,1,MC006,EMP0097,63,181
PR001478,2024-02-18,2,MC016,EMP0157,39,120
PR001479,2024-02-18,2,MC014,EMP0036,40,120
PR001480,2024-02-18,2,MC018,EMP0147,36,120
PR001481,2024-02-18,2,MC017,EMP0047,41,120
PR001482,2024-02-18,2,MC010,EMP0140,41,120
PR001483,2024-02-18,2,MC013,EMP0009,42,120
PR001484,2024-02-18,2,MC015,EMP0035,38,120
PR001485,2024-02-18,2,MC009,EMP0079,45,120
PR001486,2024-02-18,3,MC023,EMP0029,50,158
PR001487,2024-02-18,3,MC021,EMP0180,47,158
PR001488,2024-02-18,3,MC020,EMP0134,53,158
PR001489,2024-02-18,3,MC019,EMP0111,56,158
PR001490,2024-02-18,3,MC024,EMP0124,50,158
PR001491,2024-02-18,4,MC027,EMP0050,81,200
PR001492,2024-02-18,4,MC026,EMP0022,81,200
PR001493,2024-02-18,4,MC029,EMP0121,81,200
PR001494,2024-02-18,4,MC025,EMP0131,78,200
PR001495,2024-02-18,5,MC030,EMP0028,45,142
PR001496,2024-02-18,5,MC031,EMP0165,41,142
PR001497,2024-02-18,5,MC034,EMP0164,46,142
PR001498,2024-02-18,5,MC033,EMP0080,47,142
PR001499,2024-02-18,5,MC035,EMP0101,45,142
PR001500,2024-02-18,6,MC037,EMP0142,106,325
PR001501,2024-02-18,6,MC038,EMP0046,129,325
PR001502,2024-02-18,6,MC039,EMP0053,114,325
PR001503,2024-02-19,1,MC002,EMP0088,179,181
PR001504,2024-02-19,1,MC003,EMP0166,169,181
PR001505,2024-02-19,1,MC008,EMP0130,165,181
PR001506,2024-02-19,1,MC006,EMP0032,193,181
PR001507,2024-02-19,1,MC004,EMP0066,182,181
PR001508,2024-02-19,1,MC001,EMP0167,166,181
PR001509,2024-02-19,1,MC005,EMP0160,169,181
PR001510,2024-02-19,2,MC017,EMP0035,115,120
PR001511,2024-02-19,2,MC018,EMP0045,122,120
PR001512,2024-02-19,2,MC012,EMP0042,122,120
PR001513,2024-02-19,2,MC016,EMP0074,116,120
PR001514,2024-02-19,2,MC009,EMP0045,130,120
PR001515,2024-02-19,2,MC013,EMP0149,111,120
PR001516,2024-02-19,2,MC011,EMP0133,105,120
PR001517,2024-02-19,2,MC015,EMP0012,114,120
PR001518,2024-02-19,2,MC010,EMP0129,116,120
PR001519,2024-02-19,3,MC021,EMP0069,157,158
PR001520,2024-02-19,3,MC019,EMP0179,158,158
PR001521,2024-02-19,3,MC022,EMP0136,157,158
PR001522,2024-02-19,3,MC020,EMP0099,129,158
PR001523,2024-02-19,4,MC026,EMP0127,213,200
PR001524,2024-02-19,4,MC028,EMP0087,159,200
PR001525,2024-02-19,4,MC025,EMP0174,199,200
PR001526,2024-02-19,4,MC027,EMP0071,210,200
PR001527,2024-02-19,5,MC033,EMP0145,130,142
PR001528,2024-02-19,5,MC035,EMP0060,124,142
PR001529,2024-02-19,5,MC032,EMP0003,142,142
PR001530,2024-02-19,5,MC030,EMP0056,139,142
PR001531,2024-02-19,5,MC034,EMP0101,130,142
PR001532,2024-02-19,6,MC039,EMP0120,347,325
PR001533,2024-02-19,6,MC038,EMP0152,334,325
PR001534,2024-02-19,6,MC037,EMP0120,332,325
PR001535,2024-02-20,1,MC006,EMP0032,166,181
PR001536,2024-02-20,1,MC002,EMP0075,173,181
PR001537,2024-02-20,1,MC004,EMP0166,168,181
PR001538,2024-02-20,1,MC001,EMP0163,188,181
PR001539,2024-02-20,1,MC007,EMP0177,169,181
PR001540,2024-02-20,1,MC008,EMP0054,175,181
PR001541,2024-02-20,1,MC003,EMP0088,187,181
PR001542,2024-02-20,2,MC010,EMP0106,123,120
PR001543,2024-02-20,2,MC016,EMP0004,118,120
PR001544,2024-02-20,2,MC009,EMP0148,119,120
PR001545,2024-02-20,2,MC018,EMP0157,119,120
PR001546,2024-02-20,2,MC017,EMP0020,116,120
PR001547,2024-02-20,2,MC013,EMP0042,113,120
PR001548,2024-02-20,2,MC012,EMP0035,107,120
PR001549,2024-02-20,2,MC011,EMP0035,106,120
PR001550,2024-02-20,3,MC020,EMP0013,166,158
PR001551,2024-02-20,3,MC019,EMP0029,171,158
PR001552,2024-02-20,3,MC023,EMP0069,140,158
PR001553,2024-02-20,3,MC022,EMP0122,137,158
PR001554,2024-02-20,3,MC021,EMP0069,156,158
PR001555,2024-02-20,4,MC028,EMP0014,186,200
PR001556,2024-02-20,4,MC027,EMP0023,217,200
PR001557,2024-02-20,4,MC026,EMP0014,198,200
PR001558,2024-02-20,4,MC025,EMP0132,193,200
PR001559,2024-02-20,5,MC032,EMP0056,119,142
PR001560,2024-02-20,5,MC031,EMP0101,148,142
PR001561,2024-02-20,5,MC035,EMP0164,108,142
PR001562,2024-02-20,5,MC034,EMP0164,143,142
PR001563,2024-02-20,5,MC033,EMP0165,144,142
PR001564,2024-02-20,6,MC038,EMP0085,300,325
PR001565,2024-02-20,6,MC039,EMP0053,352,325
PR001566,2024-02-20,6,MC036,EMP0053,298,325
PR001567,2024-02-21,1,MC004,EMP0167,176,181
PR001568,2024-02-21,1,MC007,EMP0158,172,181
PR001569,2024-02-21,1,MC006,EMP0037,175,181
PR001570,2024-02-21,1,MC008,EMP0054,178,181
PR001571,2024-02-21,1,MC005,EMP0057,182,181
PR001572,2024-02-21,1,MC001,EMP0163,153,181
PR001573,2024-02-21,1,MC003,EMP0066,168,181
PR001574,2024-02-21,2,MC017,EMP0004,117,120
PR001575,2024-02-21,2,MC018,EMP0098,115,120
PR001576,2024-02-21,2,MC014,EMP0040,110,120
PR001577,2024-02-21,2,MC016,EMP0135,118,120
PR001578,2024-02-21,2,MC009,EMP0089,123,120
PR001579,2024-02-21,2,MC015,EMP0036,124,120
PR001580,2024-02-21,2,MC010,EMP0040,109,120
PR001581,2024-02-21,2,MC011,EMP0128,113,120
PR001582,2024-02-21,3,MC019,EMP0159,160,158
PR001583,2024-02-21,3,MC020,EMP0143,149,158
PR001584,2024-02-21,3,MC022,EMP0180,157,158
PR001585,2024-02-21,3,MC023,EMP0082,149,158
PR001586,2024-02-21,4,MC027,EMP0014,200,200
PR001587,2024-02-21,4,MC025,EMP0011,206,200
PR001588,2024-02-21,4,MC029,EMP0121,222,200
PR001589,2024-02-21,4,MC026,EMP0022,206,200
PR001590,2024-02-21,5,MC031,EMP0028,126,142
PR001591,2024-02-21,5,MC033,EMP0150,129,142
PR001592,2024-02-21,5,MC030,EMP0165,137,142
PR001593,2024-02-21,5,MC034,EMP0145,128,142
PR001594,2024-02-21,5,MC035,EMP0086,134,142
PR001595,2024-02-21,6,MC036,EMP0155,309,325
PR001596,2024-02-21,6,MC039,EMP0142,359,325
PR001597,2024-02-21,6,MC038,EMP0053,322,325
PR001598,2024-02-22,1,MC004,EMP0141,159,181
PR001599,2024-02-22,1,MC008,EMP0091,161,181
PR001600,2024-02-22,1,MC003,EMP0017,190,181
PR001601,2024-02-22,1,MC007,EMP0118,158,181
PR001602,2024-02-22,1,MC005,EMP0163,176,181
PR001603,2024-02-22,1,MC006,EMP0037,161,181
PR001604,2024-02-22,1,MC002,EMP0151,161,181
PR001605,2024-02-22,2,MC018,EMP0103,115,120
PR001606,2024-02-22,2,MC009,EMP0027,114,120
PR001607,2024-02-22,2,MC013,EMP0133,138,120
PR001608,2024-02-22,2,MC014,EMP0135,120,120
PR001609,2024-02-22,2,MC017,EMP0012,103,120
PR001610,2024-02-22,2,MC011,EMP0048,110,120
PR001611,2024-02-22,2,MC012,EMP0026,113,120
PR001612,2024-02-22,3,MC019,EMP0134,171,158
PR001613,2024-02-22,3,MC021,EMP0033,149,158
PR001614,2024-02-22,3,MC020,EMP0033,168,158
PR001615,2024-02-22,3,MC023,EMP0179,142,158
PR001616,2024-02-22,4,MC027,EMP0127,239,200
PR001617,2024-02-22,4,MC025,EMP0014,203,200
PR001618,2024-02-22,4,MC028,EMP0174,204,200
PR001619,2024-02-22,4,MC026,EMP0087,216,200
PR001620,2024-02-22,5,MC031,EMP0080,106,142
PR001621,2024-02-22,5,MC034,EMP0058,138,142
PR001622,2024-02-22,5,MC032,EMP0164,144,142
PR001623,2024-02-22,5,MC035,EMP0150,134,142
PR001624,2024-02-22,6,MC039,EMP0085,273,325
PR001625,2024-02-22,6,MC036,EMP0100,292,325
PR001626,2024-02-22,6,MC037,EMP0144,358,325
PR001627,2024-02-23,1,MC006,EMP0107,147,181
PR001628,2024-02-23,1,MC003,EMP0005,142,181
PR001629,2024-02-23,1,MC002,EMP0158,144,181
PR001630,2024-02-23,1,MC007,EMP0005,163,181
PR001631,2024-02-23,1,MC008,EMP0161,151,181
PR001632,2024-02-23,1,MC005,EMP0008,153,181
PR001633,2024-02-23,2,MC014,EMP0076,82,120
PR001634,2024-02-23,2,MC013,EMP0024,91,120
PR001635,2024-02-23,2,MC018,EMP0001,100,120
PR001636,2024-02-23,2,MC011,EMP0079,109,120
PR001637,2024-02-23,2,MC015,EMP0146,94,120
PR001638,2024-02-23,2,MC017,EMP0140,97,120
PR001639,2024-02-23,2,MC016,EMP0149,101,120
PR001640,2024-02-23,2,MC010,EMP0148,92,120
PR001641,2024-02-23,3,MC024,EMP0122,138,158
PR001642,2024-02-23,3,MC020,EMP0069,135,158
PR001643,2024-02-23,3,MC023,EMP0084,144,158
PR001644,2024-02-23,3,MC022,EMP0029,143,158
PR001645,2024-02-23,3,MC021,EMP0124,117,158
PR001646,2024-02-23,4,MC025,EMP0175,172,200
PR001647,2024-02-23,4,MC027,EMP0174,203,200
PR001648,2024-02-23,4,MC029,EMP0127,192,200
PR001649,2024-02-23,4,MC026,EMP0011,203,200
PR001650,2024-02-23,5,MC032,EMP0150,107,142
PR001651,2024-02-23,5,MC033,EMP0068,103,142
PR001652,2024-02-23,5,MC034,EMP0028,95,142
PR001653,2024-02-23,5,MC035,EMP0028,99,142
PR001654,2024-02-23,5,MC030,EMP0003,112,142
PR001655,2024-02-23,6,MC036,EMP0144,245,325
PR001656,2024-02-23,6,MC038,EMP0046,281,325
PR001657,2024-02-23,6,MC039,EMP0144,270,325
PR001658,2024-02-24,1,MC008,EMP0094,170,181
PR001659,2024-02-24,1,MC004,EMP0088,187,181
PR001660,2024-02-24,1,MC003,EMP0094,182,181
PR001661,2024-02-24,1,MC005,EMP0030,175,181
PR001662,2024-02-24,1,MC007,EMP0160,168,181
PR001663,2024-02-24,1,MC002,EMP0018,204,181
PR001664,2024-02-24,2,MC009,EMP0133,113,120
PR001665,2024-02-24,2,MC012,EMP0123,121,120
PR001666,2024-02-24,2,MC017,EMP0009,124,120
PR001667,2024-02-24,2,MC010,EMP0114,120,120
PR001668,2024-02-24,2,MC011,EMP0081,122,120
PR001669,2024-02-24,2,MC013,EMP0135,98,120
PR001670,2024-02-24,2,MC014,EMP0081,132,120
PR001671,2024-02-24,2,MC016,EMP0035,111,120
PR001672,2024-02-24,3,MC023,EMP0039,141,158
PR001673,2024-02-24,3,MC021,EMP0172,145,158
PR001674,2024-02-24,3,MC019,EMP0033,140,158
PR001675,2024-02-24,3,MC022,EMP0136,152,158
PR001676,2024-02-24,3,MC024,EMP0013,133,158
PR001677,2024-02-24,4,MC027,EMP0109,214,200
PR001678,2024-02-24,4,MC029,EMP0175,187,200
PR001679,2024-02-24,4,MC028,EMP0002,193,200
PR001680,2024-02-24,4,MC025,EMP0022,225,200
PR001681,2024-02-24,5,MC034,EMP0165,137,142
PR001682,2024-02-24,5,MC031,EMP0068,135,142
PR001683,2024-02-24,5,MC035,EMP0003,133,142
PR001684,2024-02-24,5,MC030,EMP0096,127,142
PR001685,2024-02-24,5,MC032,EMP0096,117,142
PR001686,2024-02-24,6,MC037,EMP0065,318,325
PR001687,2024-02-24,6,MC038,EMP0085,327,325
PR001688,2024-02-24,6,MC039,EMP0065,240,325
PR001689,2024-02-25,1,MC001,EMP0073,58,181
PR001690,2024-02-25,1,MC004,EMP0107,58,181
PR001691,2024-02-25,1,MC002,EMP0130,53,181
PR001692,2024-02-25,1,MC005,EMP0118,57,181
PR001693,2024-02-25,1,MC003,EMP0025,57,181
PR001694,2024-02-25,1,MC007,EMP0092,66,181
PR001695,2024-02-25,2,MC012,EMP0115,43,120
PR001696,2024-02-25,2,MC017,EMP0178,36,120
PR001697,2024-02-25,2,MC013,EMP0114,45,120
PR001698,2024-02-25,2,MC010,EMP0138,43,120
PR001699,2024-02-25,2,MC016,EMP0139,35,120
PR001700,2024-02-25,2,MC015,EMP0135,42,120
PR001701,2024-02-25,2,MC014,EMP0135,40,120
PR001702,2024-02-25,3,MC022,EMP0006,54,158
PR001703,2024-02-25,3,MC023,EMP0013,59,158
PR001704,2024-02-25,3,MC019,EMP0180,59,158
PR001705,2024-02-25,3,MC020,EMP0143,57,158
PR001706,2024-02-25,4,MC028,EMP0043,69,200
PR001707,2024-02-25,4,MC026,EMP0062,72,200
PR001708,2024-02-25,4,MC027,EMP0175,74,200
PR001709,2024-02-25,5,MC031,EMP0068,47,142
PR001710,2024-02-25,5,MC035,EMP0080,45,142
PR001711,2024-02-25,5,MC034,EMP0060,53,142
PR001712,2024-02-25,5,MC033,EMP0056,43,142
PR001713,2024-02-25,6,MC036,EMP0155,98,325
PR001714,2024-02-25,6,MC039,EMP0120,96,325
PR001715,2024-02-25,6,MC038,EMP0152,117,325
PR001716,2024-02-26,1,MC008,EMP0073,172,181
PR001717,2024-02-26,1,MC007,EMP0137,182,181
PR001718,2024-02-26,1,MC004,EMP0119,162,181
PR001719,2024-02-26,1,MC005,EMP0130,184,181
PR001720,2024-02-26,1,MC006,EMP0130,155,181
PR001721,2024-02-26,1,MC002,EMP0061,202,181
PR001722,2024-02-26,2,MC015,EMP0135,124,120
PR001723,2024-02-26,2,MC010,EMP0157,102,120
PR001724,2024-02-26,2,MC018,EMP0123,119,120
PR001725,2024-02-26,2,MC009,EMP0089,120,120
PR001726,2024-02-26,2,MC011,EMP0106,114,120
PR001727,2024-02-26,2,MC012,EMP0009,108,120
PR001728,2024-02-26,2,MC014,EMP0090,125,120
PR001729,2024-02-26,2,MC017,EMP0098,111,120
PR001730,2024-02-26,3,MC024,EMP0033,161,158
PR001731,2024-02-26,3,MC022,EMP0136,141,158
PR001732,2024-02-26,3,MC023,EMP0172,142,158
PR001733,2024-02-26,3,MC021,EMP0006,154,158
PR001734,2024-02-26,3,MC020,EMP0029,160,158
PR001735,2024-02-26,4,MC028,EMP0062,187,200
PR001736,2024-02-26,4,MC027,EMP0127,207,200
PR001737,2024-02-26,4,MC029,EMP0087,211,200
PR001738,2024-02-26,4,MC025,EMP0023,207,200
PR001739,2024-02-26,5,MC030,EMP0086,120,142
PR001740,2024-02-26,5,MC034,EMP0060,133,142
PR001741,2024-02-26,5,MC032,EMP0096,130,142
PR001742,2024-02-26,5,MC031,EMP0068,148,142
PR001743,2024-02-26,6,MC038,EMP0053,377,325
PR001744,2024-02-26,6,MC039,EMP0100,347,325
PR001745,2024-02-26,6,MC037,EMP0155,328,325
PR001746,2024-02-27,1,MC005,EMP0073,174,181
PR001747,2024-02-27,1,MC001,EMP0075,177,181
PR001748,2024-02-27,1,MC003,EMP0044,203,181
PR001749,2024-02-27,1,MC004,EMP0102,189,181
PR001750,2024-02-27,1,MC007,EMP0018,148,181
PR001751,2024-02-27,1,MC002,EMP0057,179,181
PR001752,2024-02-27,1,MC008,EMP0037,209,181
PR001753,2024-02-27,2,MC012,EMP0106,127,120
PR001754,2024-02-27,2,MC009,EMP0146,117,120
PR001755,2024-02-27,2,MC015,EMP0081,119,120
PR001756,2024-02-27,2,MC011,EMP0009,106,120
PR001757,2024-02-27,2,MC017,EMP0095,117,120
PR001758,2024-02-27,2,MC014,EMP0076,125,120
PR001759,2024-02-27,2,MC010,EMP0020,121,120
PR001760,2024-02-27,2,MC016,EMP0170,122,120
PR001761,2024-02-27,3,MC023,EMP0010,138,158
PR001762,2024-02-27,3,MC020,EMP0016,136,158
PR001763,2024-02-27,3,MC021,EMP0006,160,158
PR001764,2024-02-27,3,MC019,EMP0159,123,158
PR001765,2024-02-27,3,MC022,EMP0136,136,158
PR001766,2024-02-27,4,MC026,EMP0043,209,200
PR001767,2024-02-27,4,MC025,EMP0071,211,200
PR001768,2024-02-27,4,MC028,EMP0043,209,200
PR001769,2024-02-27,5,MC033,EMP0060,119,142
PR001770,2024-02-27,5,MC032,EMP0058,127,142
PR001771,2024-02-27,5,MC035,EMP0003,137,142
PR001772,2024-02-27,5,MC031,EMP0150,139,142
PR001773,2024-02-27,6,MC037,EMP0144,346,325
PR001774,2024-02-27,6,MC039,EMP0155,335,325
PR001775,2024-02-27,6,MC036,EMP0046,324,325
PR001776,2024-02-28,1,MC001,EMP0130,178,181
PR001777,2024-02-28,1,MC004,EMP0017,173,181
PR001778,2024-02-28,1,MC007,EMP0137,149,181
PR001779,2024-02-28,1,MC008,EMP0126,182,181
PR001780,2024-02-28,1,MC003,EMP0176,162,181
PR001781,2024-02-28,1,MC006,EMP0044,168,181
PR001782,2024-02-28,1,MC002,EMP0166,185,181
PR001783,2024-02-28,2,MC017,EMP0128,116,120
PR001784,2024-02-28,2,MC009,EMP0067,107,120
PR001785,2024-02-28,2,MC014,EMP0114,118,120
PR001786,2024-02-28,2,MC012,EMP0031,114,120
PR001787,2024-02-28,2,MC016,EMP0178,110,120
PR001788,2024-02-28,2,MC010,EMP0036,136,120
PR001789,2024-02-28,2,MC015,EMP0178,133,120
PR001790,2024-02-28,2,MC011,EMP0147,109,120
PR001791,2024-02-28,3,MC019,EMP0180,145,158
PR001792,2024-02-28,3,MC023,EMP0069,124,158
PR001793,2024-02-28,3,MC021,EMP0125,143,158
PR001794,2024-02-28,3,MC020,EMP0111,152,158
PR001795,2024-02-28,3,MC022,EMP0013,138,158
PR001796,2024-02-28,4,MC025,EMP0131,204,200
PR001797,2024-02-28,4,MC026,EMP0059,241,200
PR001798,2024-02-28,4,MC028,EMP0121,225,200
PR001799,2024-02-28,4,MC029,EMP0156,217,200
PR001800,2024-02-28,5,MC031,EMP0028,139,142
PR001801,2024-02-28,5,MC030,EMP0165,139,142
PR001802,2024-02-28,5,MC033,EMP0086,135,142
PR001803,2024-02-28,5,MC035,EMP0164,129,142
PR001804,2024-02-28,6,MC039,EMP0053,330,325
PR001805,2024-02-28,6,MC038,EMP0144,301,325
PR001806,2024-02-28,6,MC037,EMP0100,300,325
PR001807,2024-02-29,1,MC005,EMP0176,189,181
PR001808,2024-02-29,1,MC003,EMP0073,179,181
PR001809,2024-02-29,1,MC007,EMP0166,173,181
PR001810,2024-02-29,1,MC002,EMP0104,166,181
PR001811,2024-02-29,1,MC004,EMP0176,181,181
PR001812,2024-02-29,1,MC006,EMP0032,200,181
PR001813,2024-02-29,2,MC011,EMP0169,114,120
PR001814,2024-02-29,2,MC013,EMP0045,116,120
PR001815,2024-02-29,2,MC009,EMP0009,127,120
PR001816,2024-02-29,2,MC017,EMP0090,113,120
PR001817,2024-02-29,2,MC015,EMP0020,120,120
PR001818,2024-02-29,2,MC010,EMP0169,111,120
PR001819,2024-02-29,2,MC018,EMP0040,118,120
PR001820,2024-02-29,2,MC012,EMP0115,112,120
PR001821,2024-02-29,2,MC014,EMP0173,112,120
PR001822,2024-02-29,3,MC021,EMP0136,139,158
PR001823,2024-02-29,3,MC024,EMP0136,159,158
PR001824,2024-02-29,3,MC020,EMP0122,108,158
PR001825,2024-02-29,3,MC019,EMP0069,155,158
PR001826,2024-02-29,4,MC026,EMP0050,230,200
PR001827,2024-02-29,4,MC028,EMP0011,204,200
PR001828,2024-02-29,4,MC025,EMP0023,239,200
PR001829,2024-02-29,5,MC030,EMP0028,124,142
PR001830,2024-02-29,5,MC033,EMP0086,142,142
PR001831,2024-02-29,5,MC034,EMP0145,127,142
PR001832,2024-02-29,5,MC035,EMP0150,143,142
PR001833,2024-02-29,6,MC039,EMP0100,325,325
PR001834,2024-02-29,6,MC037,EMP0152,334,325
PR001835,2024-02-29,6,MC036,EMP0053,321,325
PR001836,2024-03-01,1,MC003,EMP0158,155,181
PR001837,2024-03-01,1,MC002,EMP0030,176,181
PR001838,2024-03-01,1,MC004,EMP0126,131,181
PR001839,2024-03-01,1,MC006,EMP0092,117,181
PR001840,2024-03-01,1,MC005,EMP0092,148,181
PR001841,2024-03-01,1,MC007,EMP0097,151,181
PR001842,2024-03-01,2,MC011,EMP0063,104,120
PR001843,2024-03-01,2,MC016,EMP0089,93,120
PR001844,2024-03-01,2,MC013,EMP0048,102,120
PR001845,2024-03-01,2,MC018,EMP0117,106,120
PR001846,2024-03-01,2,MC012,EMP0113,94,120
PR001847,2024-03-01,2,MC017,EMP0133,95,120
PR001848,2024-03-01,2,MC010,EMP0090,97,120
PR001849,2024-03-01,2,MC014,EMP0036,109,120
PR001850,2024-03-01,2,MC009,EMP0170,98,120
PR001851,2024-03-01,3,MC021,EMP0159,122,158
PR001852,2024-03-01,3,MC020,EMP0159,119,158
PR001853,2024-03-01,3,MC023,EMP0013,130,158
PR001854,2024-03-01,3,MC022,EMP0006,132,158
PR001855,2024-03-01,3,MC024,EMP0124,131,158
PR001856,2024-03-01,4,MC029,EMP0154,182,200
PR001857,2024-03-01,4,MC025,EMP0019,217,200
PR001858,2024-03-01,4,MC028,EMP0154,170,200
PR001859,2024-03-01,4,MC027,EMP0156,169,200
PR001860,2024-03-01,5,MC030,EMP0068,123,142
PR001861,2024-03-01,5,MC033,EMP0150,101,142
PR001862,2024-03-01,5,MC035,EMP0096,121,142
PR001863,2024-03-01,5,MC031,EMP0068,111,142
PR001864,2024-03-01,6,MC037,EMP0065,283,325
PR001865,2024-03-01,6,MC036,EMP0053,275,325
PR001866,2024-03-01,6,MC038,EMP0053,265,325
PR001867,2024-03-02,1,MC006,EMP0032,178,181
PR001868,2024-03-02,1,MC008,EMP0073,150,181
PR001869,2024-03-02,1,MC004,EMP0038,185,181
PR001870,2024-03-02,1,MC007,EMP0097,176,181
PR001871,2024-03-02,1,MC001,EMP0007,157,181
PR001872,2024-03-02,1,MC005,EMP0017,175,181
PR001873,2024-03-02,1,MC002,EMP0162,158,181
PR001874,2024-03-02,2,MC011,EMP0031,115,120
PR001875,2024-03-02,2,MC014,EMP0027,115,120
PR001876,2024-03-02,2,MC017,EMP0024,120,120
PR001877,2024-03-02,2,MC013,EMP0147,132,120
PR001878,2024-03-02,2,MC010,EMP0031,115,120
PR001879,2024-03-02,2,MC018,EMP0098,121,120
PR001880,2024-03-02,2,MC015,EMP0113,129,120
PR001881,2024-03-02,2,MC016,EMP0106,112,120
PR001882,2024-03-02,2,MC009,EMP0079,115,120
PR001883,2024-03-02,3,MC019,EMP0039,158,158
PR001884,2024-03-02,3,MC024,EMP0039,160,158
PR001885,2024-03-02,3,MC020,EMP0039,147,158
PR001886,2024-03-02,3,MC022,EMP0111,148,158
PR001887,2024-03-02,3,MC023,EMP0082,138,158
PR001888,2024-03-02,4,MC025,EMP0108,196,200
PR001889,2024-03-02,4,MC026,EMP0049,201,200
PR001890,2024-03-02,4,MC027,EMP0132,187,200
PR001891,2024-03-02,4,MC029,EMP0043,203,200
PR001892,2024-03-02,5,MC032,EMP0028,123,142
PR001893,2024-03-02,5,MC030,EMP0164,130,142
PR001894,2024-03-02,5,MC035,EMP0028,124,142
PR001895,2024-03-02,5,MC033,EMP0164,131,142
PR001896,2024-03-02,6,MC037,EMP0142,341,325
PR001897,2024-03-02,6,MC036,EMP0053,351,325
PR001898,2024-03-02,6,MC039,EMP0152,360,325
PR001899,2024-03-03,1,MC001,EMP0092,59,181
PR001900,2024-03-03,1,MC004,EMP0030,56,181
PR001901,2024-03-03,1,MC008,EMP0177,63,181
PR001902,2024-03-03,1,MC002,EMP0130,56,181
PR001903,2024-03-03,1,MC006,EMP0044,59,181
PR001904,2024-03-03,1,MC005,EMP0167,66,181
PR001905,2024-03-03,1,MC007,EMP0110,64,181
PR001906,2024-03-03,2,MC010,EMP0079,44,120
PR001907,2024-03-03,2,MC012,EMP0105,34,120
PR001908,2024-03-03,2,MC016,EMP0048,39,120
PR001909,2024-03-03,2,MC009,EMP0067,44,120
PR001910,2024-03-03,2,MC014,EMP0047,40,120
PR001911,2024-03-03,2,MC018,EMP0128,34,120
PR001912,2024-03-03,2,MC017,EMP0041,38,120
PR001913,2024-03-03,2,MC015,EMP0077,34,120
PR001914,2024-03-03,2,MC011,EMP0133,39,120
PR001915,2024-03-03,3,MC019,EMP0034,50,158
PR001916,2024-03-03,3,MC024,EMP0136,52,158
PR001917,2024-03-03,3,MC023,EMP0082,57,158
PR001918,2024-03-03,3,MC021,EMP0143,53,158
PR001919,2024-03-03,4,MC025,EMP0059,80,200
PR001920,2024-03-03,4,MC028,EMP0131,79,200
PR001921,2024-03-03,4,MC027,EMP0022,73,200
PR001922,2024-03-03,4,MC026,EMP0014,75,200
PR001923,2024-03-03,5,MC035,EMP0164,37,142
PR001924,2024-03-03,5,MC030,EMP0164,44,142
PR001925,2024-03-03,5,MC031,EMP0028,44,142
PR001926,2024-03-03,5,MC032,EMP0058,50,142
PR001927,2024-03-03,5,MC034,EMP0058,53,142
PR001928,2024-03-03,6,MC038,EMP0120,119,325
PR001929,2024-03-03,6,MC037,EMP0100,109,325
PR001930,2024-03-03,6,MC036,EMP0144,118,325
PR001931,2024-03-04,1,MC003,EMP0038,175,181
PR001932,2024-03-04,1,MC001,EMP0072,167,181
PR001933,2024-03-04,1,MC005,EMP0032,182,181
PR001934,2024-03-04,1,MC004,EMP0102,160,181
PR001935,2024-03-04,1,MC002,EMP0167,188,181
PR001936,2024-03-04,1,MC008,EMP0005,167,181
PR001937,2024-03-04,2,MC014,EMP0123,119,120
PR001938,2024-03-04,2,MC010,EMP0105,117,120
PR001939,2024-03-04,2,MC013,EMP0051,105,120
PR001940,2024-03-04,2,MC016,EMP0040,114,120
PR001941,2024-03-04,2,MC011,EMP0138,119,120
PR001942,2024-03-04,2,MC015,EMP0026,114,120
PR001943,2024-03-04,2,MC012,EMP0070,121,120
PR001944,2024-03-04,3,MC020,EMP0122,133,158
PR001945,2024-03-04,3,MC023,EMP0084,165,158
PR001946,2024-03-04,3,MC021,EMP0143,152,158
PR001947,2024-03-04,3,MC022,EMP0033,157,158
PR001948,2024-03-04,3,MC019,EMP0124,167,158
PR001949,2024-03-04,4,MC028,EMP0049,206,200
PR001950,2024-03-04,4,MC027,EMP0121,206,200
PR001951,2024-03-04,4,MC029,EMP0087,202,200
PR001952,2024-03-04,4,MC026,EMP0059,204,200
PR001953,2024-03-04,5,MC035,EMP0150,127,142
PR001954,2024-03-04,5,MC030,EMP0058,145,142
PR001955,2024-03-04,5,MC032,EMP0086,146,142
PR001956,2024-03-04,5,MC031,EMP0150,127,142
PR001957,2024-03-04,5,MC033,EMP0086,135,142
PR001958,2024-03-04,6,MC038,EMP0085,327,325
PR001959,2024-03-04,6,MC039,EMP0171,340,325
PR001960,2024-03-04,6,MC036,EMP0171,313,325
PR001961,2024-03-05,1,MC001,EMP0008,158,181
PR001962,2024-03-05,1,MC003,EMP0161,172,181
PR001963,2024-03-05,1,MC005,EMP0167,150,181
PR001964,2024-03-05,1,MC008,EMP0061,171,181
PR001965,2024-03-05,1,MC007,EMP0092,166,181
PR001966,2024-03-05,1,MC002,EMP0030,172,181
PR001967,2024-03-05,1,MC004,EMP0052,181,181
PR001968,2024-03-05,2,MC012,EMP0169,119,120
PR001969,2024-03-05,2,MC013,EMP0170,126,120
PR001970,2024-03-05,2,MC016,EMP0048,111,120
PR001971,2024-03-05,2,MC009,EMP0027,139,120
PR001972,2024-03-05,2,MC014,EMP0027,125,120
PR001973,2024-03-05,2,MC010,EMP0035,119,120
PR001974,2024-03-05,2,MC011,EMP0031,106,120
PR001975,2024-03-05,3,MC024,EMP0033,152,158
PR001976,2024-03-05,3,MC020,EMP0084,171,158
PR001977,2024-03-05,3,MC021,EMP0034,159,158
PR001978,2024-03-05,3,MC019,EMP0179,150,158
PR001979,2024-03-05,4,MC025,EMP0132,176,200
PR001980,2024-03-05,4,MC027,EMP0002,197,200
PR001981,2024-03-05,4,MC026,EMP0087,214,200
PR001982,2024-03-05,4,MC028,EMP0087,213,200
PR001983,2024-03-05,5,MC030,EMP0101,146,142
PR001984,2024-03-05,5,MC032,EMP0058,138,142
PR001985,2024-03-05,5,MC034,EMP0003,129,142
PR001986,2024-03-05,5,MC035,EMP0145,134,142
PR001987,2024-03-05,5,MC033,EMP0101,129,142
PR001988,2024-03-05,6,MC037,EMP0085,311,325
PR001989,2024-03-05,6,MC038,EMP0155,292,325
PR001990,2024-03-05,6,MC036,EMP0120,337,325
PR001991,2024-03-06,1,MC006,EMP0118,182,181
PR001992,2024-03-06,1,MC005,EMP0066,176,181
PR001993,2024-03-06,1,MC008,EMP0112,164,181
PR001994,2024-03-06,1,MC007,EMP0107,177,181
PR001995,2024-03-06,1,MC001,EMP0005,177,181
PR001996,2024-03-06,1,MC003,EMP0032,176,181
PR001997,2024-03-06,2,MC012,EMP0103,135,120
PR001998,2024-03-06,2,MC015,EMP0148,113,120
PR001999,2024-03-06,2,MC018,EMP0047,124,120
PR002000,2024-03-06,2,MC011,EMP0146,126,120
PR002001,2024-03-06,2,MC013,EMP0090,119,120
PR002002,2024-03-06,2,MC010,EMP0001,101,120
PR002003,2024-03-06,2,MC016,EMP0128,121,120
PR002004,2024-03-06,2,MC017,EMP0089,115,120
PR002005,2024-03-06,2,MC009,EMP0115,111,120
PR002006,2024-03-06,3,MC023,EMP0180,146,158
PR002007,2024-03-06,3,MC022,EMP0055,148,158
PR002008,2024-03-06,3,MC024,EMP0099,152,158
PR002009,2024-03-06,3,MC019,EMP0064,148,158
PR002010,2024-03-06,4,MC025,EMP0023,172,200
PR002011,2024-03-06,4,MC029,EMP0002,187,200
PR002012,2024-03-06,4,MC028,EMP0093,233,200
PR002013,2024-03-06,4,MC027,EMP0108,222,200
PR002014,2024-03-06,5,MC032,EMP0028,130,142
PR002015,2024-03-06,5,MC034,EMP0096,145,142
PR002016,2024-03-06,5,MC035,EMP0028,133,142
PR002017,2024-03-06,5,MC033,EMP0060,115,142
PR002018,2024-03-06,5,MC030,EMP0058,131,142
PR002019,2024-03-06,6,MC038,EMP0100,352,325
PR002020,2024-03-06,6,MC037,EMP0155,302,325
PR002021,2024-03-06,6,MC039,EMP0120,332,325
PR002022,2024-03-07,1,MC006,EMP0107,143,181
PR002023,2024-03-07,1,MC002,EMP0097,174,181
PR002024,2024-03-07,1,MC003,EMP0104,171,181
PR002025,2024-03-07,1,MC001,EMP0044,194,181
PR002026,2024-03-07,1,MC008,EMP0054,168,181
PR002027,2024-03-07,1,MC005,EMP0141,184,181
PR002028,2024-03-07,2,MC013,EMP0149,109,120
PR002029,2024-03-07,2,MC012,EMP0012,122,120
PR002030,2024-03-07,2,MC011,EMP0076,119,120
PR002031,2024-03-07,2,MC015,EMP0173,110,120
PR002032,2024-03-07,2,MC014,EMP0129,110,120
PR002033,2024-03-07,2,MC017,EMP0129,111,120
PR002034,2024-03-07,2,MC010,EMP0095,118,120
PR002035,2024-03-07,2,MC018,EMP0090,108,120
PR002036,2024-03-07,3,MC019,EMP0159,152,158
PR002037,2024-03-07,3,MC020,EMP0179,145,158
PR002038,2024-03-07,3,MC023,EMP0143,161,158
PR002039,2024-03-07,3,MC022,EMP0069,130,158
PR002040,2024-03-07,3,MC024,EMP0124,164,158
PR002041,2024-03-07,4,MC028,EMP0050,230,200
PR002042,2024-03-07,4,MC025,EMP0059,225,200
PR002043,2024-03-07,4,MC029,EMP0043,190,200
PR002044,2024-03-07,5,MC034,EMP0101,148,142
PR002045,2024-03-07,5,MC031,EMP0164,120,142
PR002046,2024-03-07,5,MC033,EMP0086,116,142
PR002047,2024-03-07,5,MC032,EMP0096,137,142
PR002048,2024-03-07,5,MC035,EMP0165,137,142
PR002049,2024-03-07,6,MC036,EMP0155,260,325
PR002050,2024-03-07,6,MC039,EMP0152,323,325
PR002051,2024-03-07,6,MC038,EMP0065,337,325
PR002052,2024-03-08,1,MC002,EMP0112,151,181
PR002053,2024-03-08,1,MC008,EMP0176,174,181
PR002054,2024-03-08,1,MC005,EMP0141,144,181
PR002055,2024-03-08,1,MC001,EMP0052,155,181
PR002056,2024-03-08,1,MC006,EMP0091,168,181
PR002057,2024-03-08,1,MC003,EMP0092,142,181
PR002058,2024-03-08,1,MC004,EMP0007,138,181
PR002059,2024-03-08,2,MC010,EMP0133,103,120
PR002060,2024-03-08,2,MC018,EMP0128,99,120
PR002061,2024-03-08,2,MC009,EMP0051,110,120
PR002062,2024-03-08,2,MC013,EMP0178,110,120
PR002063,2024-03-08,2,MC014,EMP0170,91,120
PR002064,2024-03-08,2,MC016,EMP0083,81,120
PR002065,2024-03-08,2,MC015,EMP0147,76,120
PR002066,2024-03-08,2,MC012,EMP0106,79,120
PR002067,2024-03-08,3,MC024,EMP0143,134,158
PR002068,2024-03-08,3,MC021,EMP0111,121,158
PR002069,2024-03-08,3,MC020,EMP0134,130,158
PR002070,2024-03-08,3,MC022,EMP0082,128,158
PR002071,2024-03-08,3,MC019,EMP0124,116,158
PR002072,2024-03-08,4,MC028,EMP0050,195,200
PR002073,2024-03-08,4,MC026,EMP0121,184,200
PR002074,2024-03-08,4,MC025,EMP0022,173,200
PR002075,2024-03-08,4,MC029,EMP0059,152,200
PR002076,2024-03-08,5,MC030,EMP0086,107,142
PR002077,2024-03-08,5,MC031,EMP0068,102,142
PR002078,2024-03-08,5,MC033,EMP0086,109,142
PR002079,2024-03-08,5,MC034,EMP0101,131,142
PR002080,2024-03-08,6,MC038,EMP0065,279,325
PR002081,2024-03-08,6,MC037,EMP0144,290,325
PR002082,2024-03-08,6,MC036,EMP0171,297,325
PR002083,2024-03-09,1,MC003,EMP0166,163,181
PR002084,2024-03-09,1,MC004,EMP0066,173,181
PR002085,2024-03-09,1,MC002,EMP0158,172,181
PR002086,2024-03-09,1,MC007,EMP0072,179,181
PR002087,2024-03-09,1,MC006,EMP0094,195,181
PR002088,2024-03-09,1,MC001,EMP0032,183,181
PR002089,2024-03-09,2,MC018,EMP0106,108,120
PR002090,2024-03-09,2,MC012,EMP0115,117,120
PR002091,2024-03-09,2,MC014,EMP0117,120,120
PR002092,2024-03-09,2,MC017,EMP0133,117,120
PR002093,2024-03-09,2,MC009,EMP0048,111,120
PR002094,2024-03-09,2,MC011,EMP0170,127,120
PR002095,2024-03-09,2,MC013,EMP0147,97,120
PR002096,2024-03-09,2,MC016,EMP0081,112,120
PR002097,2024-03-09,3,MC024,EMP0084,161,158
PR002098,2024-03-09,3,MC022,EMP0122,148,158
PR002099,2024-03-09,3,MC020,EMP0069,133,158
PR002100,2024-03-09,3,MC019,EMP0136,151,158
PR002101,2024-03-09,3,MC021,EMP0082,150,158
PR002102,2024-03-09,4,MC026,EMP0109,197,200
PR002103,2024-03-09,4,MC029,EMP0127,192,200
PR002104,2024-03-09,4,MC025,EMP0108,174,200
PR002105,2024-03-09,5,MC030,EMP0164,141,142
PR002106,2024-03-09,5,MC035,EMP0101,127,142
PR002107,2024-03-09,5,MC031,EMP0096,123,142
PR002108,2024-03-09,5,MC033,EMP0058,132,142
PR002109,2024-03-09,5,MC034,EMP0145,139,142
PR002110,2024-03-09,6,MC037,EMP0120,287,325
PR002111,2024-03-09,6,MC038,EMP0144,331,325
PR002112,2024-03-09,6,MC039,EMP0171,307,325
PR002113,2024-03-10,1,MC003,EMP0054,55,181
PR002114,2024-03-10,1,MC008,EMP0057,60,181
PR002115,2024-03-10,1,MC005,EMP0072,54,181
PR002116,2024-03-10,1,MC001,EMP0025,60,181
PR002117,2024-03-10,1,MC006,EMP0126,53,181
PR002118,2024-03-10,1,MC007,EMP0072,57,181
PR002119,2024-03-10,1,MC004,EMP0088,57,181
PR002120,2024-03-10,2,MC012,EMP0139,40,120
PR002121,2024-03-10,2,MC015,EMP0083,38,120
PR002122,2024-03-10,2,MC010,EMP0095,45,120
PR002123,2024-03-10,2,MC017,EMP0041,41,120
PR002124,2024-03-10,2,MC016,EMP0070,39,120
PR002125,2024-03-10,2,MC009,EMP0063,39,120
PR002126,2024-03-10,2,MC013,EMP0079,41,120
PR002127,2024-03-10,2,MC014,EMP0105,39,120
PR002128,2024-03-10,3,MC022,EMP0084,47,158
PR002129,2024-03-10,3,MC019,EMP0179,50,158
PR002130,2024-03-10,3,MC024,EMP0179,48,158
PR002131,2024-03-10,3,MC021,EMP0055,51,158
PR002132,2024-03-10,4,MC028,EMP0127,71,200
PR002133,2024-03-10,4,MC026,EMP0108,79,200
PR002134,2024-03-10,4,MC027,EMP0049,71,200
PR002135,2024-03-10,4,MC025,EMP0121,62,200
PR002136,2024-03-10,5,MC032,EMP0060,46,142
PR002137,2024-03-10,5,MC033,EMP0086,53,142
PR002138,2024-03-10,5,MC030,EMP0056,44,142
PR002139,2024-03-10,5,MC034,EMP0086,41,142
PR002140,2024-03-10,6,MC039,EMP0065,102,325
PR002141,2024-03-10,6,MC038,EMP0142,126,325
PR002142,2024-03-10,6,MC036,EMP0046,115,325
PR002143,2024-03-11,1,MC007,EMP0018,150,181
PR002144,2024-03-11,1,MC004,EMP0017,195,181
PR002145,2024-03-11,1,MC006,EMP0025,185,181
PR002146,2024-03-11,1,MC003,EMP0008,197,181
PR002147,2024-03-11,1,MC002,EMP0088,171,181
PR002148,2024-03-11,1,MC008,EMP0176,162,181
PR002149,2024-03-11,2,MC010,EMP0116,111,120
PR002150,2024-03-11,2,MC013,EMP0117,112,120
PR002151,2024-03-11,2,MC009,EMP0139,111,120
PR002152,2024-03-11,2,MC015,EMP0178,105,120
PR002153,2024-03-11,2,MC014,EMP0024,113,120
PR002154,2024-03-11,2,MC011,EMP0089,119,120
PR002155,2024-03-11,2,MC018,EMP0095,109,120
PR002156,2024-03-11,3,MC022,EMP0111,154,158
PR002157,2024-03-11,3,MC020,EMP0159,150,158
PR002158,2024-03-11,3,MC024,EMP0082,148,158
PR002159,2024-03-11,3,MC019,EMP0179,148,158
PR002160,2024-03-11,3,MC023,EMP0055,145,158
PR002161,2024-03-11,4,MC028,EMP0108,204,200
PR002162,2024-03-11,4,MC027,EMP0175,190,200
PR002163,2024-03-11,4,MC025,EMP0050,192,200
PR002164,2024-03-11,4,MC029,EMP0022,204,200
PR002165,2024-03-11,5,MC033,EMP0096,135,142
PR002166,2024-03-11,5,MC031,EMP0080,135,142
PR002167,2024-03-11,5,MC032,EMP0003,154,142
PR002168,2024-03-11,5,MC030,EMP0086,135,142
PR002169,2024-03-11,5,MC035,EMP0164,139,142
PR002170,2024-03-11,6,MC039,EMP0053,352,325
PR002171,2024-03-11,6,MC038,EMP0142,344,325
PR002172,2024-03-11,6,MC036,EMP0152,347,325
PR002173,2024-03-12,1,MC007,EMP0038,182,181
PR002174,2024-03-12,1,MC003,EMP0061,170,181
PR002175,2024-03-12,1,MC002,EMP0025,168,181
PR002176,2024-03-12,1,MC004,EMP0151,172,181
PR002177,2024-03-12,1,MC001,EMP0161,181,181
PR002178,2024-03-12,1,MC005,EMP0018,175,181
PR002179,2024-03-12,1,MC008,EMP0075,150,181
PR002180,2024-03-12,2,MC018,EMP0128,123,120
PR002181,2024-03-12,2,MC012,EMP0051,122,120
PR002182,2024-03-12,2,MC014,EMP0012,104,120
PR002183,2024-03-12,2,MC015,EMP0021,96,120
PR002184,2024-03-12,2,MC009,EMP0015,121,120
PR002185,2024-03-12,2,MC013,EMP0133,129,120
PR002186,2024-03-12,2,MC016,EMP0114,126,120
PR002187,2024-03-12,2,MC011,EMP0170,121,120
PR002188,2024-03-12,3,MC021,EMP0099,178,158
PR002189,2024-03-12,3,MC020,EMP0069,162,158
PR002190,2024-03-12,3,MC022,EMP0124,152,158
PR002191,2024-03-12,3,MC019,EMP0136,154,158
PR002192,2024-03-12,3,MC023,EMP0122,161,158
PR002193,2024-03-12,4,MC029,EMP0049,207,200
PR002194,2024-03-12,4,MC028,EMP0019,193,200
PR002195,2024-03-12,4,MC026,EMP0121,175,200
PR002196,2024-03-12,5,MC032,EMP0096,132,142
PR002197,2024-03-12,5,MC035,EMP0101,121,142
PR002198,2024-03-12,5,MC031,EMP0058,139,142
PR002199,2024-03-12,5,MC033,EMP0086,146,142
PR002200,2024-03-12,6,MC037,EMP0152,346,325
PR002201,2024-03-12,6,MC036,EMP0053,359,325
PR002202,2024-03-12,6,MC038,EMP0065,321,325
PR002203,2024-03-13,1,MC004,EMP0167,187,181
PR002204,2024-03-13,1,MC008,EMP0052,171,181
PR002205,2024-03-13,1,MC007,EMP0166,173,181
PR002206,2024-03-13,1,MC002,EMP0137,192,181
PR002207,2024-03-13,1,MC001,EMP0107,178,181
PR002208,2024-03-13,1,MC005,EMP0054,139,181
PR002209,2024-03-13,2,MC015,EMP0128,130,120
PR002210,2024-03-13,2,MC012,EMP0077,110,120
PR002211,2024-03-13,2,MC014,EMP0077,117,120
PR002212,2024-03-13,2,MC016,EMP0076,115,120
PR002213,2024-03-13,2,MC018,EMP0098,125,120
PR002214,2024-03-13,2,MC013,EMP0106,119,120
PR002215,2024-03-13,2,MC011,EMP0009,131,120
PR002216,2024-03-13,2,MC010,EMP0042,120,120
PR002217,2024-03-13,3,MC024,EMP0180,166,158
PR002218,2024-03-13,3,MC023,EMP0111,163,158
PR002219,2024-03-13,3,MC020,EMP0064,143,158
PR002220,2024-03-13,3,MC022,EMP0078,129,158
PR002221,2024-03-13,3,MC021,EMP0124,153,158
PR002222,2024-03-13,4,MC025,EMP0121,194,200
PR002223,2024-03-13,4,MC026,EMP0109,213,200
PR002224,2024-03-13,4,MC027,EMP0019,204,200
PR002225,2024-03-13,5,MC035,EMP0165,138,142
PR002226,2024-03-13,5,MC034,EMP0060,136,142
PR002227,2024-03-13,5,MC031,EMP0060,137,142
PR002228,2024-03-13,5,MC033,EMP0080,139,142
PR002229,2024-03-13,6,MC037,EMP0046,255,325
PR002230,2024-03-13,6,MC039,EMP0171,308,325
PR002231,2024-03-13,6,MC038,EMP0046,348,325
PR002232,2024-03-14,1,MC004,EMP0118,181,181
PR002233,2024-03-14,1,MC008,EMP0107,197,181
PR002234,2024-03-14,1,MC003,EMP0167,178,181
PR002235,2024-03-14,1,MC002,EMP0025,180,181
PR002236,2024-03-14,1,MC001,EMP0112,173,181
PR002237,2024-03-14,1,MC006,EMP0057,160,181
PR002238,2024-03-14,1,MC007,EMP0097,181,181
PR002239,2024-03-14,2,MC010,EMP0047,126,120
PR002240,2024-03-14,2,MC009,EMP0077,109,120
PR002241,2024-03-14,2,MC016,EMP0036,115,120
PR002242,2024-03-14,2,MC013,EMP0135,111,120
PR002243,2024-03-14,2,MC018,EMP0147,122,120
PR002244,2024-03-14,2,MC012,EMP0117,118,120
PR002245,2024-03-14,2,MC014,EMP0115,94,120
PR002246,2024-03-14,2,MC011,EMP0036,113,120
PR002247,2024-03-14,2,MC015,EMP0113,120,120
PR002248,2024-03-14,3,MC023,EMP0069,166,158
PR002249,2024-03-14,3,MC021,EMP0159,137,158
PR002250,2024-03-14,3,MC019,EMP0136,167,158
PR002251,2024-03-14,3,MC022,EMP0143,164,158
PR002252,2024-03-14,4,MC029,EMP0108,187,200
PR002253,2024-03-14,4,MC028,EMP0062,216,200
PR002254,2024-03-14,4,MC026,EMP0156,240,200
PR002255,2024-03-14,4,MC027,EMP0023,225,200
PR002256,2024-03-14,5,MC035,EMP0058,120,142
PR002257,2024-03-14,5,MC031,EMP0145,148,142
PR002258,2024-03-14,5,MC034,EMP0058,125,142
PR002259,2024-03-14,5,MC030,EMP0150,107,142
PR002260,2024-03-14,6,MC036,EMP0046,292,325
PR002261,2024-03-14,6,MC038,EMP0144,359,325
PR002262,2024-03-14,6,MC039,EMP0053,302,325
PR002263,2024-03-15,1,MC008,EMP0061,165,181
PR002264,2024-03-15,1,MC006,EMP0017,136,181
PR002265,2024-03-15,1,MC004,EMP0107,164,181
PR002266,2024-03-15,1,MC005,EMP0092,139,181
PR002267,2024-03-15,1,MC001,EMP0163,151,181
PR002268,2024-03-15,1,MC002,EMP0107,149,181
PR002269,2024-03-15,2,MC017,EMP0041,106,120
PR002270,2024-03-15,2,MC009,EMP0001,98,120
PR002271,2024-03-15,2,MC014,EMP0021,102,120
PR002272,2024-03-15,2,MC018,EMP0169,99,120
PR002273,2024-03-15,2,MC013,EMP0169,99,120
PR002274,2024-03-15,2,MC012,EMP0133,95,120
PR002275,2024-03-15,2,MC010,EMP0074,105,120
PR002276,2024-03-15,3,MC023,EMP0084,125,158
PR002277,2024-03-15,3,MC021,EMP0013,125,158
PR002278,2024-03-15,3,MC019,EMP0124,116,158
PR002279,2024-03-15,3,MC020,EMP0082,114,158
PR002280,2024-03-15,3,MC024,EMP0111,115,158
PR002281,2024-03-15,4,MC025,EMP0121,172,200
PR002282,2024-03-15,4,MC028,EMP0002,181,200
PR002283,2024-03-15,4,MC027,EMP0174,161,200
PR002284,2024-03-15,4,MC026,EMP0109,179,200
PR002285,2024-03-15,5,MC033,EMP0003,112,142
PR002286,2024-03-15,5,MC034,EMP0058,119,142
PR002287,2024-03-15,5,MC032,EMP0101,124,142
PR002288,2024-03-15,5,MC035,EMP0080,100,142
PR002289,2024-03-15,6,MC036,EMP0152,277,325
PR002290,2024-03-15,6,MC037,EMP0155,207,325
PR002291,2024-03-15,6,MC038,EMP0155,280,325
PR002292,2024-03-16,1,MC008,EMP0119,178,181
PR002293,2024-03-16,1,MC005,EMP0163,175,181
PR002294,2024-03-16,1,MC006,EMP0008,181,181
PR002295,2024-03-16,1,MC007,EMP0075,171,181
PR002296,2024-03-16,1,MC002,EMP0005,158,181
PR002297,2024-03-16,1,MC003,EMP0091,171,181
PR002298,2024-03-16,2,MC009,EMP0157,113,120
PR002299,2024-03-16,2,MC012,EMP0139,121,120
PR002300,2024-03-16,2,MC018,EMP0135,118,120
PR002301,2024-03-16,2,MC014,EMP0115,99,120
PR002302,2024-03-16,2,MC010,EMP0116,127,120
PR002303,2024-03-16,2,MC011,EMP0027,123,120
PR002304,2024-03-16,2,MC015,EMP0042,103,120
PR002305,2024-03-16,2,MC013,EMP0103,107,120
PR002306,2024-03-16,2,MC017,EMP0070,104,120
PR002307,2024-03-16,3,MC020,EMP0122,160,158
PR002308,2024-03-16,3,MC023,EMP0180,156,158
PR002309,2024-03-16,3,MC021,EMP0010,159,158
PR002310,2024-03-16,3,MC024,EMP0033,160,158
PR002311,2024-03-16,3,MC019,EMP0082,147,158
PR002312,2024-03-16,4,MC025,EMP0022,192,200
PR002313,2024-03-16,4,MC027,EMP0022,197,200
PR002314,2024-03-16,4,MC026,EMP0127,222,200
PR002315,2024-03-16,4,MC029,EMP0011,222,200
PR002316,2024-03-16,5,MC033,EMP0058,145,142
PR002317,2024-03-16,5,MC034,EMP0164,134,142
PR002318,2024-03-16,5,MC031,EMP0058,134,142
PR002319,2024-03-16,5,MC035,EMP0003,141,142
PR002320,2024-03-16,5,MC030,EMP0028,138,142
PR002321,2024-03-16,6,MC038,EMP0120,320,325
PR002322,2024-03-16,6,MC036,EMP0171,352,325
PR002323,2024-03-16,6,MC039,EMP0171,357,325
PR002324,2024-03-17,1,MC008,EMP0038,60,181
PR002325,2024-03-17,1,MC003,EMP0176,66,181
PR002326,2024-03-17,1,MC007,EMP0007,65,181
PR002327,2024-03-17,1,MC005,EMP0032,59,181
PR002328,2024-03-17,1,MC002,EMP0088,57,181
PR002329,2024-03-17,1,MC001,EMP0088,57,181
PR002330,2024-03-17,1,MC004,EMP0030,59,181
PR002331,2024-03-17,2,MC016,EMP0173,42,120
PR002332,2024-03-17,2,MC017,EMP0031,40,120
PR002333,2024-03-17,2,MC011,EMP0015,42,120
PR002334,2024-03-17,2,MC012,EMP0020,47,120
PR002335,2024-03-17,2,MC009,EMP0128,33,120
PR002336,2024-03-17,2,MC014,EMP0020,42,120
PR002337,2024-03-17,2,MC018,EMP0042,39,120
PR002338,2024-03-17,2,MC010,EMP0128,39,120
PR002339,2024-03-17,3,MC022,EMP0069,61,158
PR002340,2024-03-17,3,MC024,EMP0039,62,158
PR002341,2024-03-17,3,MC019,EMP0180,51,158
PR002342,2024-03-17,3,MC023,EMP0159,52,158
PR002343,2024-03-17,3,MC020,EMP0180,54,158
PR002344,2024-03-17,4,MC026,EMP0093,67,200
PR002345,2024-03-17,4,MC028,EMP0059,69,200
PR002346,2024-03-17,4,MC025,EMP0019,78,200
PR002347,2024-03-17,4,MC029,EMP0093,75,200
PR002348,2024-03-17,5,MC031,EMP0028,47,142
PR002349,2024-03-17,5,MC033,EMP0086,48,142
PR002350,2024-03-17,5,MC032,EMP0101,55,142
PR002351,2024-03-17,5,MC035,EMP0165,51,142
PR002352,2024-03-17,5,MC030,EMP0060,45,142
PR002353,2024-03-17,6,MC036,EMP0152,112,325
PR002354,2024-03-17,6,MC039,EMP0085,115,325
PR002355,2024-03-17,6,MC038,EMP0144,112,325
PR002356,2024-03-18,1,MC006,EMP0088,172,181
PR002357,2024-03-18,1,MC004,EMP0130,181,181
PR002358,2024-03-18,1,MC008,EMP0075,201,181
PR002359,2024-03-18,1,MC001,EMP0112,187,181
PR002360,2024-03-18,1,MC005,EMP0075,163,181
PR002361,2024-03-18,1,MC002,EMP0119,173,181
PR002362,2024-03-18,1,MC007,EMP0162,171,181
PR002363,2024-03-18,2,MC013,EMP0169,126,120
PR002364,2024-03-18,2,MC017,EMP0149,118,120
PR002365,2024-03-18,2,MC009,EMP0074,94,120
PR002366,2024-03-18,2,MC012,EMP0081,118,120
PR002367,2024-03-18,2,MC014,EMP0089,128,120
PR002368,2024-03-18,2,MC016,EMP0138,128,120
PR002369,2024-03-18,2,MC011,EMP0133,121,120
PR002370,2024-03-18,3,MC019,EMP0084,147,158
PR002371,2024-03-18,3,MC020,EMP0125,157,158
PR002372,2024-03-18,3,MC021,EMP0143,162,158
PR002373,2024-03-18,3,MC023,EMP0136,151,158
PR002374,2024-03-18,3,MC024,EMP0078,150,158
PR002375,2024-03-18,4,MC025,EMP0019,225,200
PR002376,2024-03-18,4,MC027,EMP0174,203,200
PR002377,2024-03-18,4,MC028,EMP0175,188,200
PR002378,2024-03-18,5,MC034,EMP0068,120,142
PR002379,2024-03-18,5,MC033,EMP0080,143,142
PR002380,2024-03-18,5,MC031,EMP0086,149,142
PR002381,2024-03-18,5,MC030,EMP0086,123,142
PR002382,2024-03-18,5,MC035,EMP0086,150,142
PR002383,2024-03-18,6,MC036,EMP0120,361,325
PR002384,2024-03-18,6,MC039,EMP0053,257,325
PR002385,2024-03-18,6,MC038,EMP0085,374,325
PR002386,2024-03-19,1,MC008,EMP0052,190,181
PR002387,2024-03-19,1,MC005,EMP0057,152,181
PR002388,2024-03-19,1,MC004,EMP0025,160,181
PR002389,2024-03-19,1,MC007,EMP0038,161,181
PR002390,2024-03-19,1,MC001,EMP0088,186,181
PR002391,2024-03-19,1,MC006,EMP0018,151,181
PR002392,2024-03-19,1,MC003,EMP0151,174,181
PR002393,2024-03-19,2,MC012,EMP0117,93,120
PR002394,2024-03-19,2,MC010,EMP0047,122,120
PR002395,2024-03-19,2,MC009,EMP0083,97,120
PR002396,2024-03-19,2,MC016,EMP0047,104,120
PR002397,2024-03-19,2,MC018,EMP0089,118,120
PR002398,2024-03-19,2,MC011,EMP0031,119,120
PR002399,2024-03-19,2,MC015,EMP0135,117,120
PR002400,2024-03-19,2,MC013,EMP0140,122,120
PR002401,2024-03-19,2,MC017,EMP0115,138,120
PR002402,2024-03-19,3,MC022,EMP0078,122,158
PR002403,2024-03-19,3,MC023,EMP0055,141,158
PR002404,2024-03-19,3,MC019,EMP0039,150,158
PR002405,2024-03-19,3,MC024,EMP0180,174,158
PR002406,2024-03-19,3,MC020,EMP0124,153,158
PR002407,2024-03-19,4,MC029,EMP0108,199,200
PR002408,2024-03-19,4,MC027,EMP0093,208,200
PR002409,2024-03-19,4,MC025,EMP0174,228,200
PR002410,2024-03-19,4,MC028,EMP0059,218,200
PR002411,2024-03-19,5,MC035,EMP0150,148,142
PR002412,2024-03-19,5,MC031,EMP0068,129,142
PR002413,2024-03-19,5,MC032,EMP0164,127,142
PR002414,2024-03-19,5,MC030,EMP0101,126,142
PR002415,2024-03-19,6,MC039,EMP0155,298,325
PR002416,2024-03-19,6,MC036,EMP0155,304,325
PR002417,2024-03-19,6,MC038,EMP0142,290,325
PR002418,2024-03-20,1,MC006,EMP0119,179,181
PR002419,2024-03-20,1,MC004,EMP0091,160,181
PR002420,2024-03-20,1,MC002,EMP0005,171,181
PR002421,2024-03-20,1,MC007,EMP0072,176,181
PR002422,2024-03-20,1,MC008,EMP0167,189,181
PR002423,2024-03-20,1,MC005,EMP0037,166,181
PR002424,2024-03-20,1,MC001,EMP0112,172,181
PR002425,2024-03-20,2,MC012,EMP0004,123,120
PR002426,2024-03-20,2,MC013,EMP0048,124,120
PR002427,2024-03-20,2,MC016,EMP0138,113,120
PR002428,2024-03-20,2,MC017,EMP0113,126,120
PR002429,2024-03-20,2,MC010,EMP0035,107,120
PR002430,2024-03-20,2,MC014,EMP0138,122,120
PR002431,2024-03-20,2,MC011,EMP0024,91,120
PR002432,2024-03-20,2,MC015,EMP0140,118,120
PR002433,2024-03-20,2,MC018,EMP0027,124,120
PR002434,2024-03-20,3,MC023,EMP0099,155,158
PR002435,2024-03-20,3,MC022,EMP0179,141,158
PR002436,2024-03-20,3,MC021,EMP0143,126,158
PR002437,2024-03-20,3,MC024,EMP0124,160,158
PR002438,2024-03-20,4,MC025,EMP0062,197,200
PR002439,2024-03-20,4,MC026,EMP0093,210,200
PR002440,2024-03-20,4,MC028,EMP0062,204,200
PR002441,2024-03-20,4,MC029,EMP0174,193,200
PR002442,2024-03-20,5,MC030,EMP0058,151,142
PR002443,2024-03-20,5,MC034,EMP0028,131,142
PR002444,2024-03-20,5,MC032,EMP0068,132,142
PR002445,2024-03-20,5,MC035,EMP0028,138,142
PR002446,2024-03-20,6,MC038,EMP0144,296,325
PR002447,2024-03-20,6,MC036,EMP0120,322,325
PR002448,2024-03-20,6,MC037,EMP0152,385,325
PR002449,2024-03-21,1,MC007,EMP0126,175,181
PR002450,2024-03-21,1,MC005,EMP0037,192,181
PR002451,2024-03-21,1,MC003,EMP0072,180,181
PR002452,2024-03-21,1,MC008,EMP0176,197,181
PR002453,2024-03-21,1,MC002,EMP0066,187,181
PR002454,2024-03-21,1,MC004,EMP0066,192,181
PR002455,2024-03-21,2,MC017,EMP0170,117,120
PR002456,2024-03-21,2,MC012,EMP0074,129,120
PR002457,2024-03-21,2,MC011,EMP0012,112,120
PR002458,2024-03-21,2,MC013,EMP0128,116,120
PR002459,2024-03-21,2,MC014,EMP0041,114,120
PR002460,2024-03-21,2,MC018,EMP0103,102,120
PR002461,2024-03-21,2,MC016,EMP0036,119,120
PR002462,2024-03-21,3,MC019,EMP0111,158,158
PR002463,2024-03-21,3,MC024,EMP0122,157,158
PR002464,2024-03-21,3,MC021,EMP0033,166,158
PR002465,2024-03-21,3,MC020,EMP0016,147,158
PR002466,2024-03-21,3,MC023,EMP0134,162,158
PR002467,2024-03-21,4,MC026,EMP0109,256,200
PR002468,2024-03-21,4,MC027,EMP0109,191,200
PR002469,2024-03-21,4,MC025,EMP0087,228,200
PR002470,2024-03-21,4,MC029,EMP0175,221,200
PR002471,2024-03-21,5,MC033,EMP0096,117,142
PR002472,2024-03-21,5,MC035,EMP0028,142,142
PR002473,2024-03-21,5,MC031,EMP0165,134,142
PR002474,2024-03-21,5,MC030,EMP0164,113,142
PR002475,2024-03-21,6,MC036,EMP0053,339,325
PR002476,2024-03-21,6,MC037,EMP0152,316,325
PR002477,2024-03-21,6,MC039,EMP0171,318,325
PR002478,2024-03-22,1,MC002,EMP0163,152,181
PR002479,2024-03-22,1,MC004,EMP0118,170,181
PR002480,2024-03-22,1,MC001,EMP0073,142,181
PR002481,2024-03-22,1,MC005,EMP0088,138,181
PR002482,2024-03-22,1,MC006,EMP0007,134,181
PR002483,2024-03-22,1,MC008,EMP0126,140,181
PR002484,2024-03-22,2,MC014,EMP0115,93,120
PR002485,2024-03-22,2,MC015,EMP0004,101,120
PR002486,2024-03-22,2,MC012,EMP0095,101,120
PR002487,2024-03-22,2,MC018,EMP0115,91,120
PR002488,2024-03-22,2,MC009,EMP0149,101,120
PR002489,2024-03-22,2,MC017,EMP0047,100,120
PR002490,2024-03-22,2,MC013,EMP0079,97,120
PR002491,2024-03-22,3,MC019,EMP0034,133,158
PR002492,2024-03-22,3,MC021,EMP0034,131,158
PR002493,2024-03-22,3,MC020,EMP0029,136,158
PR002494,2024-03-22,3,MC022,EMP0136,125,158
PR002495,2024-03-22,4,MC027,EMP0071,205,200
PR002496,2024-03-22,4,MC026,EMP0093,182,200
PR002497,2024-03-22,4,MC028,EMP0156,166,200
PR002498,2024-03-22,4,MC029,EMP0121,185,200
PR002499,2024-03-22,5,MC034,EMP0086,127,142
PR002500,2024-03-22,5,MC030,EMP0056,121,142
PR002501,2024-03-22,5,MC033,EMP0164,113,142
PR002502,2024-03-22,5,MC032,EMP0080,118,142
PR002503,2024-03-22,5,MC035,EMP0096,113,142
PR002504,2024-03-22,6,MC036,EMP0144,323,325
PR002505,2024-03-22,6,MC039,EMP0120,262,325
PR002506,2024-03-22,6,MC038,EMP0053,309,325
PR002507,2024-03-23,1,MC003,EMP0061,189,181
PR002508,2024-03-23,1,MC005,EMP0061,182,181
PR002509,2024-03-23,1,MC002,EMP0017,206,181
PR002510,2024-03-23,1,MC006,EMP0052,201,181
PR002511,2024-03-23,1,MC001,EMP0025,171,181
PR002512,2024-03-23,1,MC004,EMP0119,159,181
PR002513,2024-03-23,1,MC007,EMP0176,191,181
PR002514,2024-03-23,2,MC015,EMP0031,116,120
PR002515,2024-03-23,2,MC013,EMP0070,118,120
PR002516,2024-03-23,2,MC012,EMP0149,118,120
PR002517,2024-03-23,2,MC010,EMP0148,98,120
PR002518,2024-03-23,2,MC017,EMP0178,118,120
PR002519,2024-03-23,2,MC014,EMP0138,112,120
PR002520,2024-03-23,2,MC016,EMP0083,121,120
PR002521,2024-03-23,2,MC018,EMP0024,104,120
PR002522,2024-03-23,3,MC021,EMP0136,161,158
PR002523,2024-03-23,3,MC023,EMP0125,152,158
PR002524,2024-03-23,3,MC020,EMP0111,150,158
PR002525,2024-03-23,3,MC024,EMP0179,142,158
PR002526,2024-03-23,3,MC019,EMP0125,152,158
PR002527,2024-03-23,4,MC028,EMP0093,251,200
PR002528,2024-03-23,4,MC029,EMP0127,191,200
PR002529,2024-03-23,4,MC025,EMP0071,238,200
PR002530,2024-03-23,5,MC033,EMP0086,137,142
PR002531,2024-03-23,5,MC032,EMP0068,135,142
PR002532,2024-03-23,5,MC034,EMP0028,152,142
PR002533,2024-03-23,5,MC031,EMP0086,142,142
PR002534,2024-03-23,5,MC030,EMP0056,135,142
PR002535,2024-03-23,6,MC036,EMP0065,341,325
PR002536,2024-03-23,6,MC039,EMP0100,277,325
PR002537,2024-03-23,6,MC038,EMP0171,309,325
PR002538,2024-03-24,1,MC004,EMP0112,63,181
PR002539,2024-03-24,1,MC007,EMP0032,61,181
PR002540,2024-03-24,1,MC006,EMP0052,63,181
PR002541,2024-03-24,1,MC002,EMP0032,53,181
PR002542,2024-03-24,1,MC008,EMP0160,71,181
PR002543,2024-03-24,1,MC005,EMP0177,59,181
PR002544,2024-03-24,1,MC003,EMP0038,61,181
PR002545,2024-03-24,2,MC012,EMP0133,41,120
PR002546,2024-03-24,2,MC010,EMP0001,30,120
PR002547,2024-03-24,2,MC016,EMP0079,48,120
PR002548,2024-03-24,2,MC014,EMP0098,38,120
PR002549,2024-03-24,2,MC013,EMP0138,41,120
PR002550,2024-03-24,2,MC018,EMP0114,35,120
PR002551,2024-03-24,2,MC017,EMP0083,38,120
PR002552,2024-03-24,2,MC009,EMP0040,42,120
PR002553,2024-03-24,3,MC019,EMP0172,47,158
PR002554,2024-03-24,3,MC022,EMP0069,50,158
PR002555,2024-03-24,3,MC020,EMP0006,49,158
PR002556,2024-03-24,3,MC021,EMP0055,50,158
PR002557,2024-03-24,3,MC023,EMP0134,57,158
PR002558,2024-03-24,4,MC027,EMP0062,66,200
PR002559,2024-03-24,4,MC025,EMP0043,64,200
PR002560,2024-03-24,4,MC026,EMP0059,71,200
PR002561,2024-03-24,4,MC028,EMP0132,77,200
PR002562,2024-03-24,5,MC034,EMP0086,50,142
PR002563,2024-03-24,5,MC032,EMP0056,49,142
PR002564,2024-03-24,5,MC035,EMP0060,45,142
PR002565,2024-03-24,5,MC033,EMP0150,51,142
PR002566,2024-03-24,5,MC031,EMP0058,48,142
PR002567,2024-03-24,6,MC037,EMP0085,101,325
PR002568,2024-03-24,6,MC039,EMP0120,118,325
PR002569,2024-03-24,6,MC036,EMP0142,112,325
PR002570,2024-03-25,1,MC008,EMP0166,176,181
PR002571,2024-03-25,1,MC004,EMP0052,173,181
PR002572,2024-03-25,1,MC002,EMP0092,172,181
PR002573,2024-03-25,1,MC003,EMP0057,197,181
PR002574,2024-03-25,1,MC001,EMP0073,196,181
PR002575,2024-03-25,1,MC006,EMP0037,197,181
PR002576,2024-03-25,2,MC016,EMP0035,112,120
PR002577,2024-03-25,2,MC017,EMP0045,101,120
PR002578,2024-03-25,2,MC012,EMP0040,119,120
PR002579,2024-03-25,2,MC010,EMP0149,117,120
PR002580,2024-03-25,2,MC015,EMP0106,129,120
PR002581,2024-03-25,2,MC011,EMP0063,133,120
PR002582,2024-03-25,2,MC013,EMP0042,106,120
PR002583,2024-03-25,2,MC009,EMP0149,110,120
PR002584,2024-03-25,2,MC014,EMP0147,117,120
PR002585,2024-03-25,3,MC024,EMP0006,147,158
PR002586,2024-03-25,3,MC019,EMP0125,140,158
PR002587,2024-03-25,3,MC023,EMP0122,154,158
PR002588,2024-03-25,3,MC021,EMP0136,153,158
PR002589,2024-03-25,3,MC022,EMP0084,148,158
PR002590,2024-03-25,4,MC029,EMP0059,192,200
PR002591,2024-03-25,4,MC027,EMP0175,204,200
PR002592,2024-03-25,4,MC026,EMP0087,225,200
PR002593,2024-03-25,4,MC025,EMP0175,219,200
PR002594,2024-03-25,5,MC034,EMP0164,142,142
PR002595,2024-03-25,5,MC032,EMP0145,143,142
PR002596,2024-03-25,5,MC030,EMP0145,136,142
PR002597,2024-03-25,5,MC035,EMP0060,122,142
PR002598,2024-03-25,5,MC033,EMP0060,133,142
PR002599,2024-03-25,6,MC036,EMP0120,340,325
PR002600,2024-03-25,6,MC039,EMP0065,339,325
PR002601,2024-03-25,6,MC037,EMP0142,344,325
PR002602,2024-03-26,1,MC004,EMP0151,165,181
PR002603,2024-03-26,1,MC006,EMP0007,163,181
PR002604,2024-03-26,1,MC002,EMP0097,189,181
PR002605,2024-03-26,1,MC005,EMP0130,162,181
PR002606,2024-03-26,1,MC003,EMP0037,214,181
PR002607,2024-03-26,1,MC001,EMP0107,175,181
PR002608,2024-03-26,1,MC008,EMP0118,190,181
PR002609,2024-03-26,2,MC010,EMP0147,107,120
PR002610,2024-03-26,2,MC009,EMP0026,108,120
PR002611,2024-03-26,2,MC014,EMP0048,98,120
PR002612,2024-03-26,2,MC015,EMP0021,111,120
PR002613,2024-03-26,2,MC018,EMP0129,110,120
PR002614,2024-03-26,2,MC017,EMP0147,126,120
PR002615,2024-03-26,2,MC013,EMP0123,122,120
PR002616,2024-03-26,3,MC021,EMP0033,136,158
PR002617,2024-03-26,3,MC024,EMP0082,151,158
PR002618,2024-03-26,3,MC020,EMP0029,153,158
PR002619,2024-03-26,3,MC019,EMP0082,160,158
PR002620,2024-03-26,3,MC022,EMP0124,143,158
PR002621,2024-03-26,4,MC028,EMP0132,218,200
PR002622,2024-03-26,4,MC027,EMP0174,217,200
PR002623,2024-03-26,4,MC025,EMP0175,185,200
PR002624,2024-03-26,4,MC026,EMP0127,218,200
PR002625,2024-03-26,5,MC030,EMP0056,126,142
PR002626,2024-03-26,5,MC034,EMP0068,132,142
PR002627,2024-03-26,5,MC032,EMP0003,127,142
PR002628,2024-03-26,5,MC033,EMP0028,130,142
PR002629,2024-03-26,5,MC035,EMP0056,117,142
PR002630,2024-03-26,6,MC039,EMP0046,308,325
PR002631,2024-03-26,6,MC037,EMP0100,310,325
PR002632,2024-03-26,6,MC038,EMP0053,324,325
PR002633,2024-03-27,1,MC003,EMP0088,178,181
PR002634,2024-03-27,1,MC007,EMP0177,181,181
PR002635,2024-03-27,1,MC004,EMP0030,177,181
PR002636,2024-03-27,1,MC006,EMP0091,159,181
PR002637,2024-03-27,1,MC001,EMP0094,160,181
PR002638,2024-03-27,1,MC002,EMP0176,178,181
PR002639,2024-03-27,2,MC014,EMP0117,112,120
PR002640,2024-03-27,2,MC017,EMP0133,109,120
PR002641,2024-03-27,2,MC018,EMP0128,118,120
PR002642,2024-03-27,2,MC012,EMP0009,112,120
PR002643,2024-03-27,2,MC011,EMP0148,125,120
PR002644,2024-03-27,2,MC010,EMP0048,107,120
PR002645,2024-03-27,2,MC009,EMP0105,114,120
PR002646,2024-03-27,2,MC013,EMP0079,114,120
PR002647,2024-03-27,3,MC020,EMP0143,145,158
PR002648,2024-03-27,3,MC024,EMP0136,152,158
PR002649,2024-03-27,3,MC019,EMP0180,157,158
PR002650,2024-03-27,3,MC021,EMP0006,144,158
PR002651,2024-03-27,3,MC022,EMP0010,142,158
PR002652,2024-03-27,4,MC026,EMP0127,223,200
PR002653,2024-03-27,4,MC029,EMP0023,221,200
PR002654,2024-03-27,4,MC028,EMP0175,218,200
PR002655,2024-03-27,5,MC033,EMP0060,132,142
PR002656,2024-03-27,5,MC032,EMP0150,140,142
PR002657,2024-03-27,5,MC030,EMP0164,134,142
PR002658,2024-03-27,5,MC035,EMP0068,141,142
PR002659,2024-03-27,5,MC031,EMP0056,125,142
PR002660,2024-03-27,6,MC037,EMP0171,243,325
PR002661,2024-03-27,6,MC038,EMP0144,319,325
PR002662,2024-03-27,6,MC039,EMP0152,323,325
PR002663,2024-03-28,1,MC008,EMP0126,169,181
PR002664,2024-03-28,1,MC006,EMP0032,183,181
PR002665,2024-03-28,1,MC004,EMP0018,186,181
PR002666,2024-03-28,1,MC003,EMP0158,177,181
PR002667,2024-03-28,1,MC001,EMP0091,162,181
PR002668,2024-03-28,1,MC005,EMP0072,167,181
PR002669,2024-03-28,2,MC010,EMP0169,103,120
PR002670,2024-03-28,2,MC016,EMP0040,120,120
PR002671,2024-03-28,2,MC017,EMP0015,122,120
PR002672,2024-03-28,2,MC013,EMP0024,105,120
PR002673,2024-03-28,2,MC011,EMP0070,112,120
PR002674,2024-03-28,2,MC015,EMP0026,107,120
PR002675,2024-03-28,2,MC014,EMP0081,106,120
PR002676,2024-03-28,2,MC018,EMP0157,109,120
PR002677,2024-03-28,3,MC020,EMP0082,144,158
PR002678,2024-03-28,3,MC024,EMP0064,132,158
PR002679,2024-03-28,3,MC023,EMP0006,157,158
PR002680,2024-03-28,3,MC022,EMP0084,139,158
PR002681,2024-03-28,3,MC019,EMP0143,133,158
PR002682,2024-03-28,4,MC027,EMP0108,229,200
PR002683,2024-03-28,4,MC026,EMP0087,210,200
PR002684,2024-03-28,4,MC028,EMP0019,189,200
PR002685,2024-03-28,4,MC029,EMP0132,208,200
PR002686,2024-03-28,5,MC034,EMP0058,143,142
PR002687,2024-03-28,5,MC030,EMP0068,128,142
PR002688,2024-03-28,5,MC033,EMP0101,142,142
PR002689,2024-03-28,5,MC035,EMP0028,133,142
PR002690,2024-03-28,6,MC038,EMP0155,354,325
PR002691,2024-03-28,6,MC037,EMP0120,319,325
PR002692,2024-03-28,6,MC039,EMP0120,353,325
PR002693,2024-03-29,1,MC001,EMP0130,170,181
PR002694,2024-03-29,1,MC005,EMP0005,164,181
PR002695,2024-03-29,1,MC008,EMP0057,123,181
PR002696,2024-03-29,1,MC004,EMP0141,153,181
PR002697,2024-03-29,1,MC003,EMP0092,147,181
PR002698,2024-03-29,1,MC006,EMP0141,149,181
PR002699,2024-03-29,2,MC017,EMP0173,106,120
PR002700,2024-03-29,2,MC013,EMP0045,94,120
PR002701,2024-03-29,2,MC014,EMP0070,106,120
PR002702,2024-03-29,2,MC009,EMP0004,108,120
PR002703,2024-03-29,2,MC018,EMP0045,95,120
PR002704,2024-03-29,2,MC016,EMP0074,92,120
PR002705,2024-03-29,2,MC012,EMP0114,99,120
PR002706,2024-03-29,3,MC024,EMP0134,102,158
PR002707,2024-03-29,3,MC023,EMP0013,122,158
PR002708,2024-03-29,3,MC022,EMP0159,124,158
PR002709,2024-03-29,3,MC019,EMP0078,132,158
PR002710,2024-03-29,4,MC025,EMP0049,182,200
PR002711,2024-03-29,4,MC028,EMP0156,192,200
PR002712,2024-03-29,4,MC026,EMP0050,168,200
PR002713,2024-03-29,5,MC035,EMP0028,112,142
PR002714,2024-03-29,5,MC033,EMP0096,119,142
PR002715,2024-03-29,5,MC032,EMP0165,117,142
PR002716,2024-03-29,5,MC031,EMP0003,110,142
PR002717,2024-03-29,5,MC030,EMP0164,115,142
PR002718,2024-03-29,6,MC039,EMP0142,299,325
PR002719,2024-03-29,6,MC037,EMP0046,241,325
PR002720,2024-03-29,6,MC038,EMP0053,295,325
PR002721,2024-03-30,1,MC003,EMP0007,168,181
PR002722,2024-03-30,1,MC008,EMP0097,152,181
PR002723,2024-03-30,1,MC004,EMP0007,175,181
PR002724,2024-03-30,1,MC005,EMP0110,188,181
PR002725,2024-03-30,1,MC002,EMP0066,194,181
PR002726,2024-03-30,1,MC007,EMP0160,196,181
PR002727,2024-03-30,1,MC001,EMP0112,168,181
PR002728,2024-03-30,2,MC012,EMP0063,135,120
PR002729,2024-03-30,2,MC010,EMP0031,110,120
PR002730,2024-03-30,2,MC018,EMP0090,117,120
PR002731,2024-03-30,2,MC017,EMP0031,132,120
PR002732,2024-03-30,2,MC009,EMP0076,121,120
PR002733,2024-03-30,2,MC016,EMP0035,105,120
PR002734,2024-03-30,2,MC014,EMP0021,113,120
PR002735,2024-03-30,2,MC015,EMP0117,127,120
PR002736,2024-03-30,2,MC011,EMP0083,125,120
PR002737,2024-03-30,3,MC019,EMP0029,170,158
PR002738,2024-03-30,3,MC024,EMP0134,144,158
PR002739,2024-03-30,3,MC020,EMP0179,146,158
PR002740,2024-03-30,3,MC021,EMP0111,158,158
PR002741,2024-03-30,3,MC022,EMP0082,161,158
PR002742,2024-03-30,4,MC028,EMP0108,227,200
PR002743,2024-03-30,4,MC029,EMP0127,218,200
PR002744,2024-03-30,4,MC025,EMP0132,206,200
PR002745,2024-03-30,5,MC032,EMP0086,145,142
PR002746,2024-03-30,5,MC031,EMP0165,130,142
PR002747,2024-03-30,5,MC034,EMP0096,131,142
PR002748,2024-03-30,5,MC030,EMP0080,108,142
PR002749,2024-03-30,6,MC037,EMP0120,331,325
PR002750,2024-03-30,6,MC036,EMP0053,344,325
PR002751,2024-03-30,6,MC038,EMP0100,317,325
PR002752,2024-03-31,1,MC008,EMP0018,59,181
PR002753,2024-03-31,1,MC006,EMP0008,66,181
PR002754,2024-03-31,1,MC007,EMP0110,64,181
PR002755,2024-03-31,1,MC004,EMP0007,60,181
PR002756,2024-03-31,1,MC001,EMP0163,57,181
PR002757,2024-03-31,1,MC002,EMP0054,65,181
PR002758,2024-03-31,2,MC012,EMP0063,40,120
PR002759,2024-03-31,2,MC014,EMP0173,45,120
PR002760,2024-03-31,2,MC018,EMP0012,44,120
PR002761,2024-03-31,2,MC013,EMP0128,37,120
PR002762,2024-03-31,2,MC011,EMP0001,45,120
PR002763,2024-03-31,2,MC010,EMP0135,43,120
PR002764,2024-03-31,2,MC009,EMP0004,41,120
PR002765,2024-03-31,2,MC016,EMP0103,37,120
PR002766,2024-03-31,3,MC021,EMP0033,49,158
PR002767,2024-03-31,3,MC019,EMP0159,56,158
PR002768,2024-03-31,3,MC022,EMP0099,53,158
PR002769,2024-03-31,3,MC023,EMP0125,51,158
PR002770,2024-03-31,3,MC024,EMP0179,49,158
PR002771,2024-03-31,4,MC027,EMP0014,78,200
PR002772,2024-03-31,4,MC029,EMP0108,63,200
PR002773,2024-03-31,4,MC026,EMP0121,77,200
PR002774,2024-03-31,4,MC025,EMP0019,72,200
PR002775,2024-03-31,5,MC030,EMP0028,44,142
PR002776,2024-03-31,5,MC035,EMP0165,47,142
PR002777,2024-03-31,5,MC032,EMP0145,37,142
PR002778,2024-03-31,5,MC034,EMP0058,52,142
PR002779,2024-03-31,5,MC031,EMP0165,46,142
PR002780,2024-03-31,6,MC038,EMP0152,127,325
PR002781,2024-03-31,6,MC039,EMP0155,125,325
PR002782,2024-03-31,6,MC036,EMP0065,118,325
PR002783,2024-04-01,1,MC001,EMP0092,165,181
PR002784,2024-04-01,1,MC008,EMP0017,162,181
PR002785,2024-04-01,1,MC002,EMP0110,172,181
PR002786,2024-04-01,1,MC006,EMP0037,170,181
PR002787,2024-04-01,1,MC005,EMP0126,164,181
PR002788,2024-04-01,1,MC007,EMP0176,164,181
PR002789,2024-04-01,1,MC004,EMP0137,183,181
PR002790,2024-04-01,2,MC014,EMP0139,103,120
PR002791,2024-04-01,2,MC015,EMP0113,115,120
PR002792,2024-04-01,2,MC012,EMP0079,107,120
PR002793,2024-04-01,2,MC018,EMP0076,115,120
PR002794,2024-04-01,2,MC016,EMP0020,131,120
PR002795,2024-04-01,2,MC010,EMP0021,101,120
PR002796,2024-04-01,2,MC011,EMP0105,119,120
PR002797,2024-04-01,2,MC009,EMP0095,109,120
PR002798,2024-04-01,2,MC013,EMP0170,116,120
PR002799,2024-04-01,3,MC024,EMP0010,147,158
PR002800,2024-04-01,3,MC023,EMP0029,139,158
PR002801,2024-04-01,3,MC019,EMP0122,151,158
PR002802,2024-04-01,3,MC022,EMP0134,125,158
PR002803,2024-04-01,4,MC026,EMP0153,218,200
PR002804,2024-04-01,4,MC027,EMP0153,225,200
PR002805,2024-04-01,4,MC029,EMP0023,178,200
PR002806,2024-04-01,4,MC025,EMP0050,211,200
PR002807,2024-04-01,5,MC032,EMP0101,154,142
PR002808,2024-04-01,5,MC031,EMP0145,146,142
PR002809,2024-04-01,5,MC034,EMP0101,127,142
PR002810,2024-04-01,5,MC033,EMP0068,121,142
PR002811,2024-04-01,5,MC035,EMP0003,134,142
PR002812,2024-04-01,6,MC037,EMP0085,340,325
PR002813,2024-04-01,6,MC036,EMP0171,346,325
PR002814,2024-04-01,6,MC038,EMP0065,320,325
PR002815,2024-04-02,1,MC003,EMP0057,165,181
PR002816,2024-04-02,1,MC001,EMP0005,173,181
PR002817,2024-04-02,1,MC005,EMP0168,171,181
PR002818,2024-04-02,1,MC008,EMP0091,150,181
PR002819,2024-04-02,1,MC006,EMP0107,209,181
PR002820,2024-04-02,1,MC002,EMP0097,145,181
PR002821,2024-04-02,2,MC009,EMP0041,109,120
PR002822,2024-04-02,2,MC017,EMP0178,118,120
PR002823,2024-04-02,2,MC013,EMP0089,116,120
PR002824,2024-04-02,2,MC014,EMP0040,125,120
PR002825,2024-04-02,2,MC016,EMP0178,126,120
PR002826,2024-04-02,2,MC012,EMP0024,116,120
PR002827,2024-04-02,2,MC018,EMP0089,123,120
PR002828,2024-04-02,2,MC011,EMP0024,108,120
PR002829,2024-04-02,3,MC023,EMP0134,154,158
PR002830,2024-04-02,3,MC024,EMP0180,138,158
PR002831,2024-04-02,3,MC020,EMP0122,155,158
PR002832,2024-04-02,3,MC021,EMP0143,142,158
PR002833,2024-04-02,4,MC029,EMP0175,179,200
PR002834,2024-04-02,4,MC027,EMP0023,195,200
PR002835,2024-04-02,4,MC025,EMP0071,203,200
PR002836,2024-04-02,5,MC033,EMP0080,135,142
PR002837,2024-04-02,5,MC032,EMP0028,110,142
PR002838,2024-04-02,5,MC031,EMP0080,144,142
PR002839,2024-04-02,5,MC035,EMP0060,145,142
PR002840,2024-04-02,6,MC039,EMP0065,340,325
PR002841,2024-04-02,6,MC038,EMP0100,336,325
PR002842,2024-04-02,6,MC036,EMP0171,347,325
PR002843,2024-04-03,1,MC004,EMP0038,157,181
PR002844,2024-04-03,1,MC008,EMP0018,178,181
PR002845,2024-04-03,1,MC005,EMP0094,158,181
PR002846,2024-04-03,1,MC002,EMP0091,172,181
PR002847,2024-04-03,1,MC006,EMP0167,169,181
PR002848,2024-04-03,1,MC001,EMP0061,177,181
PR002849,2024-04-03,1,MC003,EMP0160,176,181
PR002850,2024-04-03,2,MC010,EMP0103,126,120
PR002851,2024-04-03,2,MC018,EMP0074,102,120
PR002852,2024-04-03,2,MC017,EMP0077,110,120
PR002853,2024-04-03,2,MC015,EMP0081,122,120
PR002854,2024-04-03,2,MC011,EMP0105,122,120
PR002855,2024-04-03,2,MC016,EMP0031,111,120
PR002856,2024-04-03,2,MC012,EMP0105,109,120
PR002857,2024-04-03,3,MC019,EMP0125,144,158
PR002858,2024-04-03,3,MC021,EMP0099,164,158
PR002859,2024-04-03,3,MC020,EMP0084,137,158
PR002860,2024-04-03,3,MC024,EMP0039,137,158
PR002861,2024-04-03,3,MC023,EMP0159,157,158
PR002862,2024-04-03,4,MC028,EMP0174,208,200
PR002863,2024-04-03,4,MC029,EMP0093,208,200
PR002864,2024-04-03,4,MC027,EMP0050,238,200
PR002865,2024-04-03,4,MC026,EMP0154,234,200
PR002866,2024-04-03,5,MC030,EMP0145,120,142
PR002867,2024-04-03,5,MC033,EMP0056,141,142
PR002868,2024-04-03,5,MC034,EMP0165,141,142
PR002869,2024-04-03,5,MC031,EMP0060,143,142
PR002870,2024-04-03,5,MC035,EMP0086,131,142
PR002871,2024-04-03,6,MC037,EMP0120,351,325
PR002872,2024-04-03,6,MC039,EMP0152,343,325
PR002873,2024-04-03,6,MC038,EMP0152,259,325
PR002874,2024-04-04,1,MC003,EMP0075,177,181
PR002875,2024-04-04,1,MC004,EMP0094,188,181
PR002876,2024-04-04,1,MC001,EMP0091,167,181
PR002877,2024-04-04,1,MC005,EMP0107,151,181
PR002878,2024-04-04,1,MC006,EMP0161,146,181
PR002879,2024-04-04,1,MC002,EMP0038,143,181
PR002880,2024-04-04,2,MC014,EMP0123,130,120
PR002881,2024-04-04,2,MC012,EMP0115,121,120
PR002882,2024-04-04,2,MC015,EMP0067,90,120
PR002883,2024-04-04,2,MC011,EMP0009,115,120
PR002884,2024-04-04,2,MC017,EMP0027,111,120
PR002885,2024-04-04,2,MC010,EMP0114,132,120
PR002886,2024-04-04,2,MC018,EMP0015,109,120
PR002887,2024-04-04,2,MC016,EMP0051,118,120
PR002888,2024-04-04,2,MC009,EMP0079,131,120
PR002889,2024-04-04,3,MC022,EMP0122,169,158
PR002890,2024-04-04,3,MC023,EMP0039,166,158
PR002891,2024-04-04,3,MC021,EMP0055,143,158
PR002892,2024-04-04,3,MC019,EMP0111,153,158
PR002893,2024-04-04,3,MC020,EMP0124,187,158
PR002894,2024-04-04,4,MC028,EMP0014,210,200
PR002895,2024-04-04,4,MC025,EMP0175,212,200
PR002896,2024-04-04,4,MC026,EMP0071,182,200
PR002897,2024-04-04,4,MC027,EMP0049,233,200
PR002898,2024-04-04,5,MC033,EMP0086,116,142
PR002899,2024-04-04,5,MC032,EMP0003,151,142
PR002900,2024-04-04,5,MC034,EMP0150,136,142
PR002901,2024-04-04,5,MC030,EMP0101,140,142
PR002902,2024-04-04,6,MC037,EMP0100,317,325
PR002903,2024-04-04,6,MC036,EMP0046,326,325
PR002904,2024-04-04,6,MC039,EMP0142,299,325
PR002905,2024-04-05,1,MC004,EMP0072,147,181
PR002906,2024-04-05,1,MC005,EMP0044,158,181
PR002907,2024-04-05,1,MC007,EMP0166,134,181
PR002908,2024-04-05,1,MC003,EMP0162,161,181
PR002909,2024-04-05,1,MC001,EMP0160,150,181
PR002910,2024-04-05,1,MC002,EMP0037,158,181
PR002911,2024-04-05,1,MC008,EMP0005,143,181
PR002912,2024-04-05,2,MC017,EMP0041,89,120
PR002913,2024-04-05,2,MC014,EMP0045,100,120
PR002914,2024-04-05,2,MC013,EMP0027,83,120
PR002915,2024-04-05,2,MC011,EMP0146,97,120
PR002916,2024-04-05,2,MC009,EMP0170,92,120
PR002917,2024-04-05,2,MC015,EMP0026,107,120
PR002918,2024-04-05,2,MC012,EMP0098,103,120
PR002919,2024-04-05,2,MC018,EMP0173,103,120
PR002920,2024-04-05,3,MC021,EMP0082,125,158
PR002921,2024-04-05,3,MC022,EMP0033,149,158
PR002922,2024-04-05,3,MC024,EMP0055,119,158
PR002923,2024-04-05,3,MC023,EMP0006,136,158
PR002924,2024-04-05,4,MC025,EMP0049,199,200
PR002925,2024-04-05,4,MC029,EMP0019,204,200
PR002926,2024-04-05,4,MC026,EMP0049,198,200
PR002927,2024-04-05,4,MC028,EMP0062,173,200
PR002928,2024-04-05,5,MC033,EMP0165,127,142
PR002929,2024-04-05,5,MC034,EMP0096,124,142
PR002930,2024-04-05,5,MC032,EMP0096,107,142
PR002931,2024-04-05,5,MC030,EMP0028,113,142
PR002932,2024-04-05,5,MC035,EMP0101,111,142
PR002933,2024-04-05,6,MC038,EMP0053,278,325
PR002934,2024-04-05,6,MC036,EMP0142,293,325
PR002935,2024-04-05,6,MC037,EMP0120,305,325
PR002936,2024-04-06,1,MC001,EMP0161,197,181
PR002937,2024-04-06,1,MC003,EMP0032,169,181
PR002938,2024-04-06,1,MC007,EMP0057,174,181
PR002939,2024-04-06,1,MC008,EMP0037,175,181
PR002940,2024-04-06,1,MC004,EMP0162,190,181
PR002941,2024-04-06,1,MC005,EMP0162,162,181
PR002942,2024-04-06,2,MC009,EMP0021,125,120
PR002943,2024-04-06,2,MC018,EMP0178,113,120
PR002944,2024-04-06,2,MC010,EMP0106,103,120
PR002945,2024-04-06,2,MC016,EMP0157,106,120
PR002946,2024-04-06,2,MC011,EMP0035,111,120
PR002947,2024-04-06,2,MC013,EMP0036,105,120
PR002948,2024-04-06,2,MC014,EMP0079,119,120
PR002949,2024-04-06,2,MC017,EMP0103,119,120
PR002950,2024-04-06,2,MC012,EMP0024,118,120
PR002951,2024-04-06,3,MC024,EMP0016,136,158
PR002952,2024-04-06,3,MC019,EMP0055,138,158
PR002953,2024-04-06,3,MC023,EMP0180,138,158
PR002954,2024-04-06,3,MC021,EMP0124,145,158
PR002955,2024-04-06,4,MC025,EMP0011,207,200
PR002956,2024-04-06,4,MC026,EMP0154,208,200
PR002957,2024-04-06,4,MC029,EMP0108,227,200
PR002958,2024-04-06,4,MC028,EMP0087,211,200
PR002959,2024-04-06,5,MC031,EMP0003,140,142
PR002960,2024-04-06,5,MC030,EMP0056,140,142
PR002961,2024-04-06,5,MC032,EMP0165,142,142
PR002962,2024-04-06,5,MC033,EMP0060,129,142
PR002963,2024-04-06,5,MC035,EMP0096,139,142
PR002964,2024-04-06,6,MC039,EMP0100,299,325
PR002965,2024-04-06,6,MC038,EMP0100,323,325
PR002966,2024-04-06,6,MC036,EMP0152,339,325
PR002967,2024-04-07,1,MC004,EMP0037,59,181
PR002968,2024-04-07,1,MC008,EMP0168,64,181
PR002969,2024-04-07,1,MC007,EMP0066,53,181
PR002970,2024-04-07,1,MC002,EMP0018,70,181
PR002971,2024-04-07,1,MC003,EMP0163,64,181
PR002972,2024-04-07,1,MC005,EMP0007,52,181
PR002973,2024-04-07,1,MC006,EMP0168,54,181
PR002974,2024-04-07,2,MC016,EMP0129,38,120
PR002975,2024-04-07,2,MC013,EMP0114,42,120
PR002976,2024-04-07,2,MC017,EMP0024,40,120
PR002977,2024-04-07,2,MC010,EMP0103,39,120
PR002978,2024-04-07,2,MC012,EMP0169,41,120
PR002979,2024-04-07,2,MC011,EMP0051,41,120
PR002980,2024-04-07,2,MC015,EMP0123,37,120
PR002981,2024-04-07,2,MC009,EMP0095,45,120
PR002982,2024-04-07,3,MC022,EMP0064,51,158
PR002983,2024-04-07,3,MC024,EMP0099,49,158
PR002984,2024-04-07,3,MC019,EMP0111,51,158
PR002985,2024-04-07,3,MC021,EMP0006,52,158
PR002986,2024-04-07,3,MC020,EMP0078,54,158
PR002987,2024-04-07,4,MC025,EMP0049,80,200
PR002988,2024-04-07,4,MC028,EMP0014,80,200
PR002989,2024-04-07,4,MC026,EMP0002,75,200
PR002990,2024-04-07,5,MC034,EMP0086,44,142
PR002991,2024-04-07,5,MC030,EMP0165,46,142
PR002992,2024-04-07,5,MC035,EMP0101,45,142
PR002993,2024-04-07,5,MC033,EMP0003,48,142
PR002994,2024-04-07,5,MC031,EMP0028,44,142
PR002995,2024-04-07,6,MC037,EMP0100,113,325
PR002996,2024-04-07,6,MC036,EMP0142,114,325
PR002997,2024-04-07,6,MC038,EMP0120,103,325
PR002998,2024-04-08,1,MC006,EMP0161,169,181
PR002999,2024-04-08,1,MC001,EMP0091,167,181
PR003000,2024-04-08,1,MC007,EMP0092,154,181
PR003001,2024-04-08,1,MC008,EMP0118,161,181
PR003002,2024-04-08,1,MC004,EMP0008,164,181
PR003003,2024-04-08,1,MC005,EMP0166,171,181
PR003004,2024-04-08,2,MC010,EMP0147,119,120
PR003005,2024-04-08,2,MC018,EMP0138,105,120
PR003006,2024-04-08,2,MC015,EMP0095,117,120
PR003007,2024-04-08,2,MC011,EMP0063,123,120
PR003008,2024-04-08,2,MC012,EMP0128,128,120
PR003009,2024-04-08,2,MC009,EMP0135,126,120
PR003010,2024-04-08,2,MC016,EMP0089,122,120
PR003011,2024-04-08,2,MC014,EMP0047,130,120
PR003012,2024-04-08,2,MC013,EMP0051,122,120
PR003013,2024-04-08,3,MC020,EMP0143,132,158
PR003014,2024-04-08,3,MC024,EMP0013,168,158
PR003015,2024-04-08,3,MC021,EMP0111,132,158
PR003016,2024-04-08,3,MC023,EMP0055,144,158
PR003017,2024-04-08,3,MC022,EMP0064,140,158
PR003018,2024-04-08,4,MC028,EMP0011,215,200
PR003019,2024-04-08,4,MC026,EMP0132,193,200
PR003020,2024-04-08,4,MC029,EMP0109,203,200
PR003021,2024-04-08,5,MC034,EMP0086,145,142
PR003022,2024-04-08,5,MC031,EMP0145,131,142
PR003023,2024-04-08,5,MC030,EMP0060,132,142
PR003024,2024-04-08,5,MC032,EMP0101,142,142
PR003025,2024-04-08,6,MC039,EMP0142,321,325
PR003026,2024-04-08,6,MC037,EMP0171,328,325
PR003027,2024-04-08,6,MC036,EMP0171,317,325
PR003028,2024-04-09,1,MC005,EMP0066,179,181
PR003029,2024-04-09,1,MC008,EMP0112,177,181
PR003030,2024-04-09,1,MC001,EMP0166,161,181
PR003031,2024-04-09,1,MC003,EMP0161,183,181
PR003032,2024-04-09,1,MC002,EMP0166,160,181
PR003033,2024-04-09,1,MC004,EMP0075,165,181
PR003034,2024-04-09,2,MC012,EMP0095,116,120
PR003035,2024-04-09,2,MC013,EMP0105,105,120
PR003036,2024-04-09,2,MC009,EMP0173,111,120
PR003037,2024-04-09,2,MC018,EMP0015,102,120
PR003038,2024-04-09,2,MC011,EMP0070,105,120
PR003039,2024-04-09,2,MC014,EMP0129,121,120
PR003040,2024-04-09,2,MC016,EMP0105,111,120
PR003041,2024-04-09,2,MC017,EMP0095,106,120
PR003042,2024-04-09,2,MC010,EMP0045,123,120
PR003043,2024-04-09,3,MC019,EMP0055,156,158
PR003044,2024-04-09,3,MC021,EMP0122,151,158
PR003045,2024-04-09,3,MC024,EMP0016,159,158
PR003046,2024-04-09,3,MC023,EMP0078,155,158
PR003047,2024-04-09,3,MC020,EMP0013,150,158
PR003048,2024-04-09,4,MC028,EMP0011,191,200
PR003049,2024-04-09,4,MC026,EMP0132,204,200
PR003050,2024-04-09,4,MC029,EMP0014,187,200
PR003051,2024-04-09,4,MC027,EMP0156,203,200
PR003052,2024-04-09,5,MC033,EMP0164,136,142
PR003053,2024-04-09,5,MC032,EMP0096,126,142
PR003054,2024-04-09,5,MC034,EMP0058,148,142
PR003055,2024-04-09,5,MC035,EMP0164,139,142
PR003056,2024-04-09,6,MC036,EMP0085,309,325
PR003057,2024-04-09,6,MC037,EMP0120,346,325
PR003058,2024-04-09,6,MC039,EMP0144,333,325
PR003059,2024-04-10,1,MC004,EMP0097,168,181
PR003060,2024-04-10,1,MC001,EMP0094,190,181
PR003061,2024-04-10,1,MC003,EMP0054,188,181
PR003062,2024-04-10,1,MC005,EMP0118,158,181
PR003063,2024-04-10,1,MC002,EMP0167,197,181
PR003064,2024-04-10,1,MC007,EMP0052,195,181
PR003065,2024-04-10,2,MC016,EMP0012,112,120
PR003066,2024-04-10,2,MC012,EMP0063,127,120
PR003067,2024-04-10,2,MC013,EMP0015,117,120
PR003068,2024-04-10,2,MC017,EMP0035,107,120
PR003069,2024-04-10,2,MC018,EMP0076,107,120
PR003070,2024-04-10,2,MC009,EMP0169,116,120
PR003071,2024-04-10,2,MC014,EMP0105,98,120
PR003072,2024-04-10,3,MC022,EMP0136,125,158
PR003073,2024-04-10,3,MC023,EMP0159,157,158
PR003074,2024-04-10,3,MC024,EMP0029,135,158
PR003075,2024-04-10,3,MC021,EMP0029,165,158
PR003076,2024-04-10,3,MC020,EMP0122,144,158
PR003077,2024-04-10,4,MC028,EMP0022,180,200
PR003078,2024-04-10,4,MC025,EMP0011,220,200
PR003079,2024-04-10,4,MC029,EMP0127,219,200
PR003080,2024-04-10,4,MC026,EMP0050,216,200
PR003081,2024-04-10,5,MC033,EMP0164,121,142
PR003082,2024-04-10,5,MC035,EMP0165,143,142
PR003083,2024-04-10,5,MC034,EMP0003,133,142
PR003084,2024-04-10,5,MC031,EMP0058,134,142
PR003085,2024-04-10,5,MC032,EMP0056,139,142
PR003086,2024-04-10,6,MC037,EMP0046,376,325
PR003087,2024-04-10,6,MC038,EMP0171,347,325
PR003088,2024-04-10,6,MC039,EMP0065,290,325
PR003089,2024-04-11,1,MC004,EMP0107,169,181
PR003090,2024-04-11,1,MC003,EMP0177,175,181
PR003091,2024-04-11,1,MC005,EMP0075,166,181
PR003092,2024-04-11,1,MC006,EMP0118,192,181
PR003093,2024-04-11,1,MC001,EMP0151,208,181
PR003094,2024-04-11,1,MC002,EMP0177,172,181
PR003095,2024-04-11,1,MC007,EMP0166,171,181
PR003096,2024-04-11,2,MC013,EMP0140,102,120
PR003097,2024-04-11,2,MC010,EMP0041,123,120
PR003098,2024-04-11,2,MC016,EMP0148,106,120
PR003099,2024-04-11,2,MC017,EMP0157,123,120
PR003100,2024-04-11,2,MC011,EMP0089,113,120
PR003101,2024-04-11,2,MC015,EMP0133,125,120
PR003102,2024-04-11,2,MC018,EMP0139,111,120
PR003103,2024-04-11,2,MC014,EMP0140,118,120
PR003104,2024-04-11,3,MC019,EMP0179,149,158
PR003105,2024-04-11,3,MC022,EMP0124,136,158
PR003106,2024-04-11,3,MC023,EMP0172,147,158
PR003107,2024-04-11,3,MC021,EMP0078,149,158
PR003108,2024-04-11,4,MC027,EMP0014,207,200
PR003109,2024-04-11,4,MC025,EMP0175,208,200
PR003110,2024-04-11,4,MC029,EMP0071,205,200
PR003111,2024-04-11,4,MC028,EMP0071,215,200
PR003112,2024-04-11,5,MC030,EMP0068,130,142
PR003113,2024-04-11,5,MC031,EMP0056,137,142
PR003114,2024-04-11,5,MC034,EMP0003,147,142
PR003115,2024-04-11,5,MC035,EMP0058,142,142
PR003116,2024-04-11,5,MC032,EMP0165,139,142
PR003117,2024-04-11,6,MC038,EMP0142,371,325
PR003118,2024-04-11,6,MC037,EMP0065,350,325
PR003119,2024-04-11,6,MC036,EMP0152,325,325
PR003120,2024-04-12,1,MC002,EMP0166,140,181
PR003121,2024-04-12,1,MC003,EMP0008,131,181
PR003122,2024-04-12,1,MC004,EMP0057,135,181
PR003123,2024-04-12,1,MC005,EMP0038,139,181
PR003124,2024-04-12,1,MC007,EMP0091,154,181
PR003125,2024-04-12,1,MC006,EMP0025,137,181
PR003126,2024-04-12,2,MC017,EMP0041,102,120
PR003127,2024-04-12,2,MC012,EMP0117,102,120
PR003128,2024-04-12,2,MC015,EMP0009,107,120
PR003129,2024-04-12,2,MC010,EMP0020,115,120
PR003130,2024-04-12,2,MC013,EMP0105,104,120
PR003131,2024-04-12,2,MC011,EMP0070,96,120
PR003132,2024-04-12,2,MC016,EMP0098,94,120
PR003133,2024-04-12,2,MC009,EMP0063,104,120
PR003134,2024-04-12,3,MC019,EMP0010,116,158
PR003135,2024-04-12,3,MC022,EMP0033,120,158
PR003136,2024-04-12,3,MC024,EMP0179,128,158
PR003137,2024-04-12,3,MC020,EMP0134,133,158
PR003138,2024-04-12,3,MC021,EMP0124,135,158
PR003139,2024-04-12,4,MC025,EMP0131,169,200
PR003140,2024-04-12,4,MC026,EMP0002,155,200
PR003141,2024-04-12,4,MC027,EMP0002,185,200
PR003142,2024-04-12,4,MC029,EMP0049,155,200
PR003143,2024-04-12,5,MC030,EMP0003,110,142
PR003144,2024-04-12,5,MC034,EMP0164,89,142
PR003145,2024-04-12,5,MC033,EMP0165,99,142
PR003146,2024-04-12,5,MC032,EMP0058,112,142
PR003147,2024-04-12,5,MC035,EMP0028,124,142
PR003148,2024-04-12,6,MC036,EMP0085,264,325
PR003149,2024-04-12,6,MC038,EMP0144,295,325
PR003150,2024-04-12,6,MC037,EMP0142,253,325
PR003151,2024-04-13,1,MC002,EMP0168,187,181
PR003152,2024-04-13,1,MC006,EMP0104,164,181
PR003153,2024-04-13,1,MC004,EMP0130,160,181
PR003154,2024-04-13,1,MC005,EMP0151,191,181
PR003155,2024-04-13,1,MC003,EMP0066,178,181
PR003156,2024-04-13,1,MC008,EMP0126,193,181
PR003157,2024-04-13,2,MC011,EMP0147,113,120
PR003158,2024-04-13,2,MC014,EMP0123,105,120
PR003159,2024-04-13,2,MC009,EMP0116,98,120
PR003160,2024-04-13,2,MC017,EMP0009,124,120
PR003161,2024-04-13,2,MC012,EMP0042,122,120
PR003162,2024-04-13,2,MC013,EMP0115,115,120
PR003163,2024-04-13,2,MC015,EMP0103,117,120
PR003164,2024-04-13,2,MC010,EMP0020,113,120
PR003165,2024-04-13,2,MC018,EMP0173,128,120
PR003166,2024-04-13,3,MC020,EMP0006,148,158
PR003167,2024-04-13,3,MC021,EMP0078,147,158
PR003168,2024-04-13,3,MC022,EMP0122,167,158
PR003169,2024-04-13,3,MC023,EMP0124,146,158
PR003170,2024-04-13,4,MC028,EMP0175,179,200
PR003171,2024-04-13,4,MC026,EMP0108,215,200
PR003172,2024-04-13,4,MC027,EMP0175,194,200
PR003173,2024-04-13,4,MC025,EMP0127,223,200
PR003174,2024-04-13,5,MC030,EMP0068,150,142
PR003175,2024-04-13,5,MC034,EMP0086,153,142
PR003176,2024-04-13,5,MC035,EMP0086,135,142
PR003177,2024-04-13,5,MC032,EMP0165,143,142
PR003178,2024-04-13,5,MC033,EMP0056,138,142
PR003179,2024-04-13,6,MC037,EMP0100,306,325
PR003180,2024-04-13,6,MC039,EMP0142,353,325
PR003181,2024-04-13,6,MC038,EMP0142,347,325
PR003182,2024-04-14,1,MC008,EMP0126,59,181
PR003183,2024-04-14,1,MC004,EMP0057,65,181
PR003184,2024-04-14,1,MC006,EMP0075,64,181
PR003185,2024-04-14,1,MC007,EMP0075,65,181
PR003186,2024-04-14,1,MC003,EMP0057,62,181
PR003187,2024-04-14,1,MC005,EMP0025,54,181
PR003188,2024-04-14,2,MC010,EMP0128,44,120
PR003189,2024-04-14,2,MC017,EMP0036,41,120
PR003190,2024-04-14,2,MC011,EMP0106,44,120
PR003191,2024-04-14,2,MC009,EMP0157,37,120
PR003192,2024-04-14,2,MC014,EMP0024,34,120
PR003193,2024-04-14,2,MC016,EMP0128,40,120
PR003194,2024-04-14,2,MC013,EMP0103,38,120
PR003195,2024-04-14,2,MC015,EMP0123,43,120
PR003196,2024-04-14,3,MC023,EMP0172,49,158
PR003197,2024-04-14,3,MC022,EMP0033,59,158
PR003198,2024-04-14,3,MC021,EMP0122,52,158
PR003199,2024-04-14,3,MC024,EMP0084,56,158
PR003200,2024-04-14,4,MC026,EMP0093,74,200
PR003201,2024-04-14,4,MC025,EMP0059,82,200
PR003202,2024-04-14,4,MC027,EMP0175,80,200
PR003203,2024-04-14,5,MC035,EMP0060,42,142
PR003204,2024-04-14,5,MC030,EMP0028,48,142
PR003205,2024-04-14,5,MC032,EMP0096,46,142
PR003206,2024-04-14,5,MC034,EMP0145,40,142
PR003207,2024-04-14,5,MC031,EMP0056,48,142
PR003208,2024-04-14,6,MC037,EMP0171,108,325
PR003209,2024-04-14,6,MC036,EMP0152,114,325
PR003210,2024-04-14,6,MC039,EMP0065,113,325
PR003211,2024-04-15,1,MC001,EMP0032,175,181
PR003212,2024-04-15,1,MC002,EMP0094,199,181
PR003213,2024-04-15,1,MC007,EMP0025,190,181
PR003214,2024-04-15,1,MC003,EMP0119,168,181
PR003215,2024-04-15,1,MC008,EMP0094,198,181
PR003216,2024-04-15,1,MC005,EMP0032,168,181
PR003217,2024-04-15,2,MC017,EMP0063,109,120
PR003218,2024-04-15,2,MC010,EMP0041,108,120
PR003219,2024-04-15,2,MC011,EMP0036,114,120
PR003220,2024-04-15,2,MC012,EMP0116,103,120
PR003221,2024-04-15,2,MC009,EMP0063,121,120
PR003222,2024-04-15,2,MC018,EMP0146,121,120
PR003223,2024-04-15,2,MC013,EMP0113,119,120
PR003224,2024-04-15,2,MC014,EMP0020,111,120
PR003225,2024-04-15,2,MC016,EMP0169,119,120
PR003226,2024-04-15,3,MC024,EMP0029,142,158
PR003227,2024-04-15,3,MC020,EMP0064,150,158
PR003228,2024-04-15,3,MC022,EMP0029,141,158
PR003229,2024-04-15,3,MC021,EMP0124,152,158
PR003230,2024-04-15,3,MC023,EMP0159,147,158
PR003231,2024-04-15,4,MC028,EMP0121,212,200
PR003232,2024-04-15,4,MC029,EMP0050,227,200
PR003233,2024-04-15,4,MC027,EMP0156,199,200
PR003234,2024-04-15,4,MC025,EMP0109,206,200
PR003235,2024-04-15,5,MC033,EMP0003,134,142
PR003236,2024-04-15,5,MC034,EMP0060,143,142
PR003237,2024-04-15,5,MC032,EMP0096,134,142
PR003238,2024-04-15,5,MC035,EMP0150,144,142
PR003239,2024-04-15,6,MC039,EMP0152,334,325
PR003240,2024-04-15,6,MC037,EMP0155,338,325
PR003241,2024-04-15,6,MC038,EMP0053,344,325
PR003242,2024-04-16,1,MC003,EMP0072,204,181
PR003243,2024-04-16,1,MC008,EMP0008,187,181
PR003244,2024-04-16,1,MC007,EMP0168,181,181
PR003245,2024-04-16,1,MC001,EMP0118,177,181
PR003246,2024-04-16,1,MC004,EMP0091,176,181
PR003247,2024-04-16,1,MC005,EMP0044,192,181
PR003248,2024-04-16,1,MC006,EMP0137,172,181
PR003249,2024-04-16,2,MC018,EMP0133,113,120
PR003250,2024-04-16,2,MC016,EMP0098,120,120
PR003251,2024-04-16,2,MC012,EMP0113,104,120
PR003252,2024-04-16,2,MC011,EMP0128,112,120
PR003253,2024-04-16,2,MC017,EMP0001,114,120
PR003254,2024-04-16,2,MC010,EMP0048,117,120
PR003255,2024-04-16,2,MC015,EMP0040,111,120
PR003256,2024-04-16,2,MC014,EMP0089,102,120
PR003257,2024-04-16,2,MC013,EMP0015,110,120
PR003258,2024-04-16,3,MC020,EMP0180,141,158
PR003259,2024-04-16,3,MC019,EMP0029,135,158
PR003260,2024-04-16,3,MC021,EMP0122,150,158
PR003261,2024-04-16,3,MC022,EMP0078,153,158
PR003262,2024-04-16,4,MC029,EMP0019,246,200
PR003263,2024-04-16,4,MC027,EMP0002,197,200
PR003264,2024-04-16,4,MC028,EMP0050,218,200
PR003265,2024-04-16,4,MC025,EMP0019,204,200
PR003266,2024-04-16,5,MC031,EMP0165,123,142
PR003267,2024-04-16,5,MC034,EMP0028,128,142
PR003268,2024-04-16,5,MC035,EMP0165,130,142
PR003269,2024-04-16,5,MC032,EMP0164,154,142
PR003270,2024-04-16,5,MC033,EMP0101,140,142
PR003271,2024-04-16,6,MC038,EMP0120,324,325
PR003272,2024-04-16,6,MC036,EMP0144,281,325
PR003273,2024-04-16,6,MC039,EMP0065,341,325
PR003274,2024-04-17,1,MC008,EMP0112,147,181
PR003275,2024-04-17,1,MC001,EMP0037,174,181
PR003276,2024-04-17,1,MC007,EMP0037,155,181
PR003277,2024-04-17,1,MC005,EMP0091,143,181
PR003278,2024-04-17,1,MC006,EMP0158,179,181
PR003279,2024-04-17,1,MC004,EMP0162,192,181
PR003280,2024-04-17,2,MC018,EMP0178,120,120
PR003281,2024-04-17,2,MC013,EMP0024,125,120
PR003282,2024-04-17,2,MC017,EMP0129,106,120
PR003283,2024-04-17,2,MC011,EMP0114,107,120
PR003284,2024-04-17,2,MC014,EMP0169,121,120
PR003285,2024-04-17,2,MC012,EMP0048,113,120
PR003286,2024-04-17,2,MC015,EMP0074,118,120
PR003287,2024-04-17,2,MC016,EMP0146,122,120
PR003288,2024-04-17,3,MC019,EMP0069,171,158
PR003289,2024-04-17,3,MC024,EMP0029,180,158
PR003290,2024-04-17,3,MC022,EMP0180,154,158
PR003291,2024-04-17,3,MC020,EMP0143,157,158
PR003292,2024-04-17,3,MC021,EMP0064,142,158
PR003293,2024-04-17,4,MC026,EMP0049,204,200
PR003294,2024-04-17,4,MC025,EMP0156,221,200
PR003295,2024-04-17,4,MC027,EMP0002,216,200
PR003296,2024-04-17,4,MC028,EMP0062,200,200
PR003297,2024-04-17,5,MC030,EMP0003,125,142
PR003298,2024-04-17,5,MC031,EMP0060,137,142
PR003299,2024-04-17,5,MC034,EMP0101,126,142
PR003300,2024-04-17,5,MC032,EMP0164,126,142
PR003301,2024-04-17,6,MC038,EMP0053,336,325
PR003302,2024-04-17,6,MC036,EMP0053,322,325
PR003303,2024-04-17,6,MC039,EMP0046,344,325
PR003304,2024-04-18,1,MC004,EMP0119,197,181
PR003305,2024-04-18,1,MC006,EMP0032,186,181
PR003306,2024-04-18,1,MC005,EMP0061,174,181
PR003307,2024-04-18,1,MC003,EMP0176,164,181
PR003308,2024-04-18,1,MC001,EMP0160,181,181
PR003309,2024-04-18,1,MC002,EMP0110,168,181
PR003310,2024-04-18,1,MC008,EMP0038,176,181
PR003311,2024-04-18,2,MC016,EMP0067,114,120
PR003312,2024-04-18,2,MC012,EMP0146,117,120
PR003313,2024-04-18,2,MC015,EMP0040,128,120
PR003314,2024-04-18,2,MC017,EMP0115,110,120
PR003315,2024-04-18,2,MC010,EMP0139,124,120
PR003316,2024-04-18,2,MC018,EMP0105,110,120
PR003317,2024-04-18,2,MC014,EMP0047,129,120
PR003318,2024-04-18,2,MC009,EMP0103,127,120
PR003319,2024-04-18,3,MC022,EMP0099,122,158
PR003320,2024-04-18,3,MC023,EMP0159,140,158
PR003321,2024-04-18,3,MC020,EMP0006,141,158
PR003322,2024-04-18,3,MC019,EMP0006,146,158
PR003323,2024-04-18,3,MC021,EMP0143,156,158
PR003324,2024-04-18,4,MC027,EMP0059,204,200
PR003325,2024-04-18,4,MC028,EMP0043,209,200
PR003326,2024-04-18,4,MC026,EMP0059,219,200
PR003327,2024-04-18,5,MC035,EMP0056,139,142
PR003328,2024-04-18,5,MC032,EMP0060,145,142
PR003329,2024-04-18,5,MC034,EMP0096,110,142
PR003330,2024-04-18,5,MC033,EMP0164,109,142
PR003331,2024-04-18,5,MC031,EMP0165,123,142
PR003332,2024-04-18,6,MC039,EMP0144,330,325
PR003333,2024-04-18,6,MC038,EMP0120,382,325
PR003334,2024-04-18,6,MC037,EMP0142,310,325
PR003335,2024-04-19,1,MC006,EMP0091,162,181
PR003336,2024-04-19,1,MC002,EMP0052,138,181
PR003337,2024-04-19,1,MC003,EMP0119,159,181
PR003338,2024-04-19,1,MC007,EMP0037,167,181
PR003339,2024-04-19,1,MC001,EMP0166,171,181
PR003340,2024-04-19,1,MC004,EMP0107,159,181
PR003341,2024-04-19,1,MC008,EMP0066,154,181
PR003342,2024-04-19,2,MC014,EMP0027,106,120
PR003343,2024-04-19,2,MC013,EMP0173,96,120
PR003344,2024-04-19,2,MC009,EMP0004,112,120
PR003345,2024-04-19,2,MC015,EMP0041,90,120
PR003346,2024-04-19,2,MC010,EMP0020,88,120
PR003347,2024-04-19,2,MC011,EMP0170,107,120
PR003348,2024-04-19,2,MC017,EMP0117,100,120
PR003349,2024-04-19,2,MC016,EMP0027,110,120
PR003350,2024-04-19,2,MC018,EMP0114,114,120
PR003351,2024-04-19,3,MC020,EMP0039,132,158
PR003352,2024-04-19,3,MC024,EMP0010,136,158
PR003353,2024-04-19,3,MC023,EMP0172,139,158
PR003354,2024-04-19,3,MC019,EMP0034,128,158
PR003355,2024-04-19,4,MC025,EMP0014,197,200
PR003356,2024-04-19,4,MC029,EMP0154,185,200
PR003357,2024-04-19,4,MC026,EMP0014,184,200
PR003358,2024-04-19,4,MC028,EMP0132,215,200
PR003359,2024-04-19,5,MC030,EMP0150,120,142
PR003360,2024-04-19,5,MC034,EMP0003,119,142
PR003361,2024-04-19,5,MC032,EMP0096,119,142
PR003362,2024-04-19,5,MC031,EMP0056,110,142
PR003363,2024-04-19,6,MC037,EMP0085,262,325
PR003364,2024-04-19,6,MC039,EMP0053,277,325
PR003365,2024-04-19,6,MC038,EMP0065,286,325
PR003366,2024-04-20,1,MC008,EMP0008,174,181
PR003367,2024-04-20,1,MC006,EMP0163,172,181
PR003368,2024-04-20,1,MC003,EMP0176,177,181
PR003369,2024-04-20,1,MC002,EMP0005,187,181
PR003370,2024-04-20,1,MC001,EMP0158,171,181
PR003371,2024-04-20,1,MC004,EMP0137,170,181
PR003372,2024-04-20,1,MC005,EMP0166,151,181
PR003373,2024-04-20,2,MC017,EMP0067,111,120
PR003374,2024-04-20,2,MC016,EMP0004,104,120
PR003375,2024-04-20,2,MC018,EMP0169,109,120
PR003376,2024-04-20,2,MC009,EMP0148,108,120
PR003377,2024-04-20,2,MC010,EMP0040,119,120
PR003378,2024-04-20,2,MC013,EMP0089,114,120
PR003379,2024-04-20,2,MC012,EMP0169,120,120
PR003380,2024-04-20,2,MC014,EMP0026,122,120
PR003381,2024-04-20,2,MC015,EMP0103,106,120
PR003382,2024-04-20,3,MC022,EMP0136,156,158
PR003383,2024-04-20,3,MC024,EMP0078,160,158
PR003384,2024-04-20,3,MC020,EMP0006,140,158
PR003385,2024-04-20,3,MC021,EMP0033,153,158
PR003386,2024-04-20,3,MC023,EMP0064,140,158
PR003387,2024-04-20,4,MC029,EMP0131,203,200
PR003388,2024-04-20,4,MC026,EMP0132,217,200
PR003389,2024-04-20,4,MC025,EMP0043,218,200
PR003390,2024-04-20,5,MC035,EMP0164,127,142
PR003391,2024-04-20,5,MC034,EMP0145,132,142
PR003392,2024-04-20,5,MC032,EMP0028,133,142
PR003393,2024-04-20,5,MC031,EMP0164,128,142
PR003394,2024-04-20,6,MC038,EMP0100,357,325
PR003395,2024-04-20,6,MC039,EMP0171,293,325
PR003396,2024-04-20,6,MC036,EMP0053,343,325
PR003397,2024-04-21,1,MC002,EMP0061,65,181
PR003398,2024-04-21,1,MC006,EMP0038,59,181
PR003399,2024-04-21,1,MC005,EMP0094,64,181
PR003400,2024-04-21,1,MC003,EMP0052,55,181
PR003401,2024-04-21,1,MC008,EMP0110,66,181
PR003402,2024-04-21,1,MC001,EMP0167,55,181
PR003403,2024-04-21,1,MC007,EMP0025,59,181
PR003404,2024-04-21,2,MC010,EMP0103,41,120
PR003405,2024-04-21,2,MC011,EMP0004,37,120
PR003406,2024-04-21,2,MC017,EMP0024,43,120
PR003407,2024-04-21,2,MC009,EMP0129,40,120
PR003408,2024-04-21,2,MC016,EMP0077,41,120
PR003409,2024-04-21,2,MC013,EMP0020,39,120
PR003410,2024-04-21,2,MC014,EMP0090,37,120
PR003411,2024-04-21,3,MC019,EMP0125,60,158
PR003412,2024-04-21,3,MC023,EMP0124,58,158
PR003413,2024-04-21,3,MC020,EMP0179,50,158
PR003414,2024-04-21,3,MC024,EMP0016,58,158
PR003415,2024-04-21,3,MC021,EMP0124,51,158
PR003416,2024-04-21,4,MC027,EMP0050,64,200
PR003417,2024-04-21,4,MC025,EMP0093,73,200
PR003418,2024-04-21,4,MC029,EMP0121,78,200
PR003419,2024-04-21,4,MC026,EMP0087,77,200
PR003420,2024-04-21,5,MC030,EMP0165,49,142
PR003421,2024-04-21,5,MC033,EMP0101,44,142
PR003422,2024-04-21,5,MC031,EMP0164,50,142
PR003423,2024-04-21,5,MC035,EMP0150,45,142
PR003424,2024-04-21,5,MC034,EMP0080,42,142
PR003425,2024-04-21,6,MC037,EMP0046,105,325
PR003426,2024-04-21,6,MC036,EMP0085,116,325
PR003427,2024-04-21,6,MC038,EMP0100,119,325
PR003428,2024-04-22,1,MC002,EMP0161,186,181
PR003429,2024-04-22,1,MC001,EMP0007,154,181
PR003430,2024-04-22,1,MC007,EMP0054,165,181
PR003431,2024-04-22,1,MC006,EMP0166,182,181
PR003432,2024-04-22,1,MC003,EMP0091,177,181
PR003433,2024-04-22,1,MC004,EMP0005,178,181
PR003434,2024-04-22,1,MC005,EMP0005,174,181
PR003435,2024-04-22,2,MC017,EMP0149,120,120
PR003436,2024-04-22,2,MC015,EMP0140,117,120
PR003437,2024-04-22,2,MC011,EMP0178,108,120
PR003438,2024-04-22,2,MC013,EMP0079,113,120
PR003439,2024-04-22,2,MC016,EMP0116,121,120
PR003440,2024-04-22,2,MC010,EMP0041,122,120
PR003441,2024-04-22,2,MC014,EMP0113,111,120
PR003442,2024-04-22,2,MC009,EMP0147,129,120
PR003443,2024-04-22,3,MC022,EMP0111,174,158
PR003444,2024-04-22,3,MC021,EMP0006,147,158
PR003445,2024-04-22,3,MC024,EMP0064,166,158
PR003446,2024-04-22,3,MC023,EMP0010,145,158
PR003447,2024-04-22,3,MC020,EMP0136,146,158
PR003448,2024-04-22,4,MC029,EMP0093,237,200
PR003449,2024-04-22,4,MC026,EMP0022,205,200
PR003450,2024-04-22,4,MC027,EMP0131,189,200
PR003451,2024-04-22,4,MC028,EMP0043,200,200
PR003452,2024-04-22,5,MC033,EMP0096,138,142
PR003453,2024-04-22,5,MC034,EMP0056,121,142
PR003454,2024-04-22,5,MC032,EMP0086,137,142
PR003455,2024-04-22,5,MC035,EMP0003,140,142
PR003456,2024-04-22,5,MC030,EMP0056,139,142
PR003457,2024-04-22,6,MC039,EMP0155,326,325
PR003458,2024-04-22,6,MC037,EMP0085,295,325
PR003459,2024-04-22,6,MC036,EMP0085,314,325
PR003460,2024-04-23,1,MC001,EMP0092,175,181
PR003461,2024-04-23,1,MC005,EMP0176,187,181
PR003462,2024-04-23,1,MC006,EMP0107,160,181
PR003463,2024-04-23,1,MC007,EMP0126,166,181
PR003464,2024-04-23,1,MC008,EMP0054,159,181
PR003465,2024-04-23,1,MC002,EMP0176,181,181
PR003466,2024-04-23,1,MC003,EMP0061,181,181
PR003467,2024-04-23,2,MC016,EMP0117,115,120
PR003468,2024-04-23,2,MC010,EMP0139,113,120
PR003469,2024-04-23,2,MC015,EMP0106,126,120
PR003470,2024-04-23,2,MC017,EMP0015,114,120
PR003471,2024-04-23,2,MC009,EMP0133,105,120
PR003472,2024-04-23,2,MC012,EMP0103,113,120
PR003473,2024-04-23,2,MC014,EMP0031,126,120
PR003474,2024-04-23,2,MC018,EMP0173,117,120
PR003475,2024-04-23,3,MC021,EMP0180,151,158
PR003476,2024-04-23,3,MC022,EMP0179,128,158
PR003477,2024-04-23,3,MC024,EMP0069,141,158
PR003478,2024-04-23,3,MC019,EMP0069,148,158
PR003479,2024-04-23,3,MC023,EMP0039,172,158
PR003480,2024-04-23,4,MC027,EMP0011,224,200
PR003481,2024-04-23,4,MC025,EMP0093,199,200
PR003482,2024-04-23,4,MC028,EMP0023,233,200
PR003483,2024-04-23,4,MC029,EMP0108,203,200
PR003484,2024-04-23,5,MC034,EMP0056,137,142
PR003485,2024-04-23,5,MC035,EMP0150,131,142
PR003486,2024-04-23,5,MC031,EMP0003,137,142
PR003487,2024-04-23,5,MC030,EMP0086,124,142
PR003488,2024-04-23,5,MC033,EMP0150,150,142
PR003489,2024-04-23,6,MC038,EMP0155,344,325
PR003490,2024-04-23,6,MC039,EMP0085,304,325
PR003491,2024-04-23,6,MC037,EMP0046,303,325
PR003492,2024-04-24,1,MC001,EMP0110,192,181
PR003493,2024-04-24,1,MC008,EMP0017,171,181
PR003494,2024-04-24,1,MC004,EMP0072,167,181
PR003495,2024-04-24,1,MC007,EMP0160,167,181
PR003496,2024-04-24,1,MC002,EMP0126,162,181
PR003497,2024-04-24,1,MC003,EMP0094,164,181
PR003498,2024-04-24,1,MC005,EMP0073,177,181
PR003499,2024-04-24,2,MC009,EMP0041,129,120
PR003500,2024-04-24,2,MC017,EMP0020,103,120
PR003501,2024-04-24,2,MC012,EMP0139,123,120
PR003502,2024-04-24,2,MC014,EMP0083,119,120
PR003503,2024-04-24,2,MC018,EMP0024,102,120
PR003504,2024-04-24,2,MC013,EMP0106,113,120
PR003505,2024-04-24,2,MC011,EMP0045,123,120
PR003506,2024-04-24,3,MC021,EMP0099,157,158
PR003507,2024-04-24,3,MC023,EMP0084,131,158
PR003508,2024-04-24,3,MC022,EMP0078,155,158
PR003509,2024-04-24,3,MC020,EMP0179,143,158
PR003510,2024-04-24,4,MC027,EMP0023,189,200
PR003511,2024-04-24,4,MC026,EMP0050,211,200
PR003512,2024-04-24,4,MC025,EMP0062,188,200
PR003513,2024-04-24,4,MC029,EMP0014,183,200
PR003514,2024-04-24,5,MC035,EMP0060,129,142
PR003515,2024-04-24,5,MC031,EMP0080,126,142
PR003516,2024-04-24,5,MC033,EMP0096,140,142
PR003517,2024-04-24,5,MC030,EMP0096,120,142
PR003518,2024-04-24,5,MC034,EMP0060,113,142
PR003519,2024-04-24,6,MC036,EMP0046,339,325
PR003520,2024-04-24,6,MC037,EMP0065,319,325
PR003521,2024-04-24,6,MC038,EMP0085,301,325
PR003522,2024-04-25,1,MC003,EMP0008,196,181
PR003523,2024-04-25,1,MC002,EMP0161,155,181
PR003524,2024-04-25,1,MC005,EMP0104,163,181
PR003525,2024-04-25,1,MC004,EMP0151,171,181
PR003526,2024-04-25,1,MC001,EMP0092,167,181
PR003527,2024-04-25,1,MC007,EMP0061,188,181
PR003528,2024-04-25,2,MC011,EMP0012,108,120
PR003529,2024-04-25,2,MC015,EMP0041,118,120
PR003530,2024-04-25,2,MC010,EMP0012,119,120
PR003531,2024-04-25,2,MC016,EMP0105,115,120
PR003532,2024-04-25,2,MC009,EMP0113,105,120
PR003533,2024-04-25,2,MC018,EMP0135,111,120
PR003534,2024-04-25,2,MC013,EMP0113,104,120
PR003535,2024-04-25,2,MC017,EMP0135,125,120
PR003536,2024-04-25,2,MC012,EMP0063,125,120
PR003537,2024-04-25,3,MC024,EMP0122,170,158
PR003538,2024-04-25,3,MC019,EMP0111,146,158
PR003539,2024-04-25,3,MC021,EMP0179,154,158
PR003540,2024-04-25,3,MC023,EMP0179,148,158
PR003541,2024-04-25,4,MC029,EMP0049,209,200
PR003542,2024-04-25,4,MC028,EMP0019,246,200
PR003543,2024-04-25,4,MC025,EMP0022,177,200
PR003544,2024-04-25,4,MC026,EMP0002,197,200
PR003545,2024-04-25,5,MC034,EMP0068,133,142
PR003546,2024-04-25,5,MC030,EMP0028,133,142
PR003547,2024-04-25,5,MC032,EMP0150,132,142
PR003548,2024-04-25,5,MC035,EMP0145,133,142
PR003549,2024-04-25,5,MC031,EMP0056,120,142
PR003550,2024-04-25,6,MC038,EMP0120,314,325
PR003551,2024-04-25,6,MC039,EMP0065,336,325
PR003552,2024-04-25,6,MC037,EMP0155,327,325
PR003553,2024-04-26,1,MC008,EMP0007,141,181
PR003554,2024-04-26,1,MC005,EMP0126,146,181
PR003555,2024-04-26,1,MC003,EMP0162,141,181
PR003556,2024-04-26,1,MC004,EMP0126,134,181
PR003557,2024-04-26,1,MC006,EMP0112,156,181
PR003558,2024-04-26,1,MC007,EMP0118,152,181
PR003559,2024-04-26,2,MC014,EMP0048,99,120
PR003560,2024-04-26,2,MC010,EMP0077,97,120
PR003561,2024-04-26,2,MC012,EMP0048,95,120
PR003562,2024-04-26,2,MC016,EMP0048,92,120
PR003563,2024-04-26,2,MC018,EMP0113,102,120
PR003564,2024-04-26,2,MC017,EMP0074,98,120
PR003565,2024-04-26,2,MC011,EMP0031,104,120
PR003566,2024-04-26,2,MC009,EMP0026,92,120
PR003567,2024-04-26,3,MC020,EMP0125,122,158
PR003568,2024-04-26,3,MC023,EMP0122,131,158
PR003569,2024-04-26,3,MC022,EMP0143,136,158
PR003570,2024-04-26,3,MC024,EMP0006,122,158
PR003571,2024-04-26,4,MC028,EMP0049,213,200
PR003572,2024-04-26,4,MC026,EMP0108,183,200
PR003573,2024-04-26,4,MC025,EMP0156,178,200
PR003574,2024-04-26,4,MC029,EMP0014,165,200
PR003575,2024-04-26,5,MC031,EMP0056,120,142
PR003576,2024-04-26,5,MC033,EMP0056,95,142
PR003577,2024-04-26,5,MC035,EMP0003,111,142
PR003578,2024-04-26,5,MC030,EMP0150,106,142
PR003579,2024-04-26,5,MC034,EMP0060,112,142
PR003580,2024-04-26,6,MC038,EMP0046,255,325
PR003581,2024-04-26,6,MC037,EMP0053,245,325
PR003582,2024-04-26,6,MC039,EMP0155,301,325
PR003583,2024-04-27,1,MC006,EMP0177,188,181
PR003584,2024-04-27,1,MC002,EMP0160,177,181
PR003585,2024-04-27,1,MC004,EMP0119,151,181
PR003586,2024-04-27,1,MC003,EMP0038,183,181
PR003587,2024-04-27,1,MC007,EMP0061,178,181
PR003588,2024-04-27,1,MC001,EMP0104,169,181
PR003589,2024-04-27,2,MC014,EMP0067,111,120
PR003590,2024-04-27,2,MC018,EMP0051,109,120
PR003591,2024-04-27,2,MC011,EMP0146,108,120
PR003592,2024-04-27,2,MC017,EMP0027,117,120
PR003593,2024-04-27,2,MC013,EMP0051,120,120
PR003594,2024-04-27,2,MC012,EMP0048,112,120
PR003595,2024-04-27,2,MC010,EMP0135,114,120
PR003596,2024-04-27,2,MC009,EMP0147,106,120
PR003597,2024-04-27,3,MC024,EMP0125,152,158
PR003598,2024-04-27,3,MC021,EMP0111,135,158
PR003599,2024-04-27,3,MC022,EMP0033,141,158
PR003600,2024-04-27,3,MC019,EMP0111,151,158
PR003601,2024-04-27,3,MC023,EMP0111,148,158
PR003602,2024-04-27,4,MC028,EMP0087,210,200
PR003603,2024-04-27,4,MC027,EMP0154,202,200
PR003604,2024-04-27,4,MC029,EMP0002,213,200
PR003605,2024-04-27,4,MC025,EMP0174,213,200
PR003606,2024-04-27,5,MC032,EMP0096,122,142
PR003607,2024-04-27,5,MC033,EMP0164,137,142
PR003608,2024-04-27,5,MC030,EMP0058,151,142
PR003609,2024-04-27,5,MC035,EMP0150,140,142
PR003610,2024-04-27,5,MC031,EMP0150,112,142
PR003611,2024-04-27,6,MC039,EMP0085,332,325
PR003612,2024-04-27,6,MC038,EMP0065,309,325
PR003613,2024-04-27,6,MC036,EMP0085,320,325
PR003614,2024-04-28,1,MC006,EMP0163,65,181
PR003615,2024-04-28,1,MC007,EMP0052,64,181
PR003616,2024-04-28,1,MC004,EMP0008,55,181
PR003617,2024-04-28,1,MC008,EMP0162,68,181
PR003618,2024-04-28,1,MC005,EMP0158,58,181
PR003619,2024-04-28,1,MC002,EMP0091,57,181
PR003620,2024-04-28,2,MC012,EMP0001,41,120
PR003621,2024-04-28,2,MC014,EMP0178,44,120
PR003622,2024-04-28,2,MC016,EMP0103,39,120
PR003623,2024-04-28,2,MC013,EMP0123,36,120
PR003624,2024-04-28,2,MC017,EMP0157,45,120
PR003625,2024-04-28,2,MC009,EMP0076,42,120
PR003626,2024-04-28,2,MC011,EMP0076,40,120
PR003627,2024-04-28,2,MC015,EMP0076,33,120
PR003628,2024-04-28,3,MC020,EMP0069,42,158
PR003629,2024-04-28,3,MC021,EMP0084,56,158
PR003630,2024-04-28,3,MC022,EMP0143,54,158
PR003631,2024-04-28,3,MC024,EMP0033,50,158
PR003632,2024-04-28,3,MC023,EMP0180,51,158
PR003633,2024-04-28,4,MC029,EMP0109,84,200
PR003634,2024-04-28,4,MC027,EMP0175,75,200
PR003635,2024-04-28,4,MC025,EMP0019,86,200
PR003636,2024-04-28,4,MC026,EMP0153,74,200
PR003637,2024-04-28,5,MC035,EMP0056,47,142
PR003638,2024-04-28,5,MC031,EMP0096,44,142
PR003639,2024-04-28,5,MC030,EMP0003,40,142
PR003640,2024-04-28,5,MC034,EMP0068,42,142
PR003641,2024-04-28,5,MC032,EMP0060,48,142
PR003642,2024-04-28,6,MC038,EMP0171,117,325
PR003643,2024-04-28,6,MC039,EMP0085,121,325
PR003644,2024-04-28,6,MC036,EMP0155,121,325
PR003645,2024-04-29,1,MC007,EMP0162,160,181
PR003646,2024-04-29,1,MC006,EMP0107,154,181
PR003647,2024-04-29,1,MC005,EMP0066,183,181
PR003648,2024-04-29,1,MC004,EMP0161,147,181
PR003649,2024-04-29,1,MC001,EMP0005,162,181
PR003650,2024-04-29,1,MC003,EMP0044,180,181
PR003651,2024-04-29,1,MC002,EMP0158,188,181
PR003652,2024-04-29,2,MC012,EMP0047,99,120
PR003653,2024-04-29,2,MC013,EMP0103,127,120
PR003654,2024-04-29,2,MC018,EMP0035,119,120
PR003655,2024-04-29,2,MC011,EMP0048,132,120
PR003656,2024-04-29,2,MC009,EMP0074,111,120
PR003657,2024-04-29,2,MC014,EMP0117,112,120
PR003658,2024-04-29,2,MC017,EMP0070,115,120
PR003659,2024-04-29,2,MC010,EMP0105,106,120
PR003660,2024-04-29,3,MC022,EMP0016,145,158
PR003661,2024-04-29,3,MC023,EMP0010,152,158
PR003662,2024-04-29,3,MC024,EMP0143,150,158
PR003663,2024-04-29,3,MC021,EMP0013,138,158
PR003664,2024-04-29,4,MC025,EMP0156,227,200
PR003665,2024-04-29,4,MC026,EMP0014,212,200
PR003666,2024-04-29,4,MC028,EMP0011,219,200
PR003667,2024-04-29,4,MC027,EMP0108,189,200
PR003668,2024-04-29,5,MC034,EMP0080,133,142
PR003669,2024-04-29,5,MC033,EMP0145,130,142
PR003670,2024-04-29,5,MC035,EMP0068,115,142
PR003671,2024-04-29,5,MC031,EMP0068,122,142
PR003672,2024-04-29,6,MC037,EMP0085,396,325
PR003673,2024-04-29,6,MC036,EMP0144,337,325
PR003674,2024-04-29,6,MC039,EMP0100,300,325
PR003675,2024-04-30,1,MC004,EMP0119,189,181
PR003676,2024-04-30,1,MC001,EMP0151,153,181
PR003677,2024-04-30,1,MC005,EMP0092,168,181
PR003678,2024-04-30,1,MC008,EMP0104,175,181
PR003679,2024-04-30,1,MC002,EMP0054,169,181
PR003680,2024-04-30,1,MC007,EMP0118,167,181
PR003681,2024-04-30,1,MC003,EMP0126,164,181
PR003682,2024-04-30,2,MC017,EMP0148,103,120
PR003683,2024-04-30,2,MC012,EMP0095,120,120
PR003684,2024-04-30,2,MC013,EMP0178,112,120
PR003685,2024-04-30,2,MC016,EMP0095,107,120
PR003686,2024-04-30,2,MC018,EMP0048,115,120
PR003687,2024-04-30,2,MC015,EMP0139,113,120
PR003688,2024-04-30,2,MC009,EMP0138,93,120
PR003689,2024-04-30,2,MC014,EMP0095,120,120
PR003690,2024-04-30,2,MC010,EMP0015,116,120
PR003691,2024-04-30,3,MC019,EMP0179,165,158
PR003692,2024-04-30,3,MC024,EMP0084,133,158
PR003693,2024-04-30,3,MC023,EMP0134,164,158
PR003694,2024-04-30,3,MC021,EMP0034,122,158
PR003695,2024-04-30,3,MC020,EMP0125,144,158
PR003696,2024-04-30,4,MC025,EMP0127,217,200
PR003697,2024-04-30,4,MC027,EMP0131,200,200
PR003698,2024-04-30,4,MC026,EMP0049,205,200
PR003699,2024-04-30,4,MC029,EMP0108,208,200
PR003700,2024-04-30,5,MC030,EMP0058,116,142
PR003701,2024-04-30,5,MC034,EMP0150,152,142
PR003702,2024-04-30,5,MC035,EMP0003,134,142
PR003703,2024-04-30,5,MC032,EMP0068,124,142
PR003704,2024-04-30,6,MC039,EMP0053,381,325
PR003705,2024-04-30,6,MC036,EMP0065,297,325
PR003706,2024-04-30,6,MC038,EMP0120,312,325
PR003707,2024-05-01,1,MC001,EMP0017,167,181
PR003708,2024-05-01,1,MC007,EMP0038,160,181
PR003709,2024-05-01,1,MC005,EMP0044,175,181
PR003710,2024-05-01,1,MC003,EMP0044,192,181
PR003711,2024-05-01,1,MC006,EMP0130,168,181
PR003712,2024-05-01,1,MC008,EMP0162,166,181
PR003713,2024-05-01,2,MC010,EMP0009,106,120
PR003714,2024-05-01,2,MC011,EMP0095,112,120
PR003715,2024-05-01,2,MC016,EMP0076,110,120
PR003716,2024-05-01,2,MC018,EMP0045,108,120
PR003717,2024-05-01,2,MC013,EMP0009,121,120
PR003718,2024-05-01,2,MC014,EMP0040,124,120
PR003719,2024-05-01,2,MC009,EMP0026,121,120
PR003720,2024-05-01,2,MC015,EMP0051,117,120
PR003721,2024-05-01,2,MC017,EMP0070,122,120
PR003722,2024-05-01,3,MC024,EMP0172,153,158
PR003723,2024-05-01,3,MC019,EMP0064,125,158
PR003724,2024-05-01,3,MC022,EMP0179,162,158
PR003725,2024-05-01,3,MC021,EMP0084,146,158
PR003726,2024-05-01,3,MC023,EMP0055,146,158
PR003727,2024-05-01,4,MC027,EMP0022,216,200
PR003728,2024-05-01,4,MC025,EMP0011,214,200
PR003729,2024-05-01,4,MC029,EMP0071,205,200
PR003730,2024-05-01,5,MC032,EMP0080,99,142
PR003731,2024-05-01,5,MC034,EMP0150,131,142
PR003732,2024-05-01,5,MC035,EMP0150,139,142
PR003733,2024-05-01,5,MC030,EMP0145,136,142
PR003734,2024-05-01,6,MC039,EMP0053,318,325
PR003735,2024-05-01,6,MC036,EMP0053,292,325
PR003736,2024-05-01,6,MC038,EMP0152,316,325
PR003737,2024-05-02,1,MC007,EMP0110,158,181
PR003738,2024-05-02,1,MC004,EMP0151,170,181
PR003739,2024-05-02,1,MC002,EMP0161,189,181
PR003740,2024-05-02,1,MC008,EMP0008,161,181
PR003741,2024-05-02,1,MC001,EMP0167,187,181
PR003742,2024-05-02,1,MC005,EMP0168,184,181
PR003743,2024-05-02,2,MC011,EMP0051,123,120
PR003744,2024-05-02,2,MC013,EMP0047,103,120
PR003745,2024-05-02,2,MC018,EMP0095,101,120
PR003746,2024-05-02,2,MC017,EMP0098,129,120
PR003747,2024-05-02,2,MC014,EMP0012,106,120
PR003748,2024-05-02,2,MC009,EMP0148,120,120
PR003749,2024-05-02,2,MC016,EMP0090,97,120
PR003750,2024-05-02,2,MC015,EMP0051,132,120
PR003751,2024-05-02,2,MC012,EMP0139,110,120
PR003752,2024-05-02,3,MC019,EMP0016,152,158
PR003753,2024-05-02,3,MC020,EMP0136,118,158
PR003754,2024-05-02,3,MC024,EMP0033,136,158
PR003755,2024-05-02,3,MC021,EMP0006,164,158
PR003756,2024-05-02,3,MC023,EMP0172,151,158
PR003757,2024-05-02,4,MC029,EMP0131,238,200
PR003758,2024-05-02,4,MC025,EMP0174,201,200
PR003759,2024-05-02,4,MC027,EMP0156,194,200
PR003760,2024-05-02,4,MC028,EMP0071,215,200
PR003761,2024-05-02,5,MC033,EMP0086,106,142
PR003762,2024-05-02,5,MC030,EMP0165,127,142
PR003763,2024-05-02,5,MC031,EMP0080,120,142
PR003764,2024-05-02,5,MC034,EMP0145,124,142
PR003765,2024-05-02,5,MC035,EMP0096,129,142
PR003766,2024-05-02,6,MC037,EMP0065,306,325
PR003767,2024-05-02,6,MC039,EMP0144,333,325
PR003768,2024-05-02,6,MC036,EMP0152,246,325
PR003769,2024-05-03,1,MC006,EMP0038,138,181
PR003770,2024-05-03,1,MC008,EMP0137,138,181
PR003771,2024-05-03,1,MC001,EMP0054,135,181
PR003772,2024-05-03,1,MC002,EMP0163,146,181
PR003773,2024-05-03,1,MC004,EMP0151,147,181
PR003774,2024-05-03,1,MC003,EMP0162,145,181
PR003775,2024-05-03,1,MC007,EMP0162,140,181
PR003776,2024-05-03,2,MC018,EMP0098,99,120
PR003777,2024-05-03,2,MC012,EMP0001,110,120
PR003778,2024-05-03,2,MC014,EMP0116,112,120
PR003779,2024-05-03,2,MC017,EMP0135,100,120
PR003780,2024-05-03,2,MC009,EMP0077,96,120
PR003781,2024-05-03,2,MC013,EMP0095,97,120
PR003782,2024-05-03,2,MC015,EMP0081,95,120
PR003783,2024-05-03,2,MC011,EMP0178,105,120
PR003784,2024-05-03,3,MC020,EMP0069,131,158
PR003785,2024-05-03,3,MC021,EMP0122,133,158
PR003786,2024-05-03,3,MC024,EMP0122,138,158
PR003787,2024-05-03,3,MC019,EMP0069,158,158
PR003788,2024-05-03,3,MC022,EMP0125,119,158
PR003789,2024-05-03,4,MC028,EMP0132,166,200
PR003790,2024-05-03,4,MC026,EMP0175,172,200
PR003791,2024-05-03,4,MC029,EMP0093,174,200
PR003792,2024-05-03,4,MC025,EMP0127,174,200
PR003793,2024-05-03,5,MC030,EMP0080,111,142
PR003794,2024-05-03,5,MC035,EMP0068,112,142
PR003795,2024-05-03,5,MC032,EMP0150,114,142
PR003796,2024-05-03,5,MC034,EMP0056,112,142
PR003797,2024-05-03,5,MC031,EMP0164,113,142
PR003798,2024-05-03,6,MC038,EMP0120,238,325
PR003799,2024-05-03,6,MC039,EMP0155,273,325
PR003800,2024-05-03,6,MC036,EMP0053,310,325
PR003801,2024-05-04,1,MC002,EMP0107,161,181
PR003802,2024-05-04,1,MC007,EMP0176,176,181
PR003803,2024-05-04,1,MC005,EMP0158,163,181
PR003804,2024-05-04,1,MC004,EMP0161,171,181
PR003805,2024-05-04,1,MC003,EMP0066,189,181
PR003806,2024-05-04,1,MC008,EMP0176,155,181
PR003807,2024-05-04,1,MC006,EMP0073,186,181
PR003808,2024-05-04,2,MC014,EMP0178,109,120
PR003809,2024-05-04,2,MC010,EMP0040,117,120
PR003810,2024-05-04,2,MC018,EMP0103,112,120
PR003811,2024-05-04,2,MC011,EMP0031,114,120
PR003812,2024-05-04,2,MC012,EMP0048,117,120
PR003813,2024-05-04,2,MC015,EMP0012,106,120
PR003814,2024-05-04,2,MC013,EMP0157,113,120
PR003815,2024-05-04,2,MC017,EMP0095,111,120
PR003816,2024-05-04,2,MC009,EMP0123,135,120
PR003817,2024-05-04,3,MC024,EMP0179,157,158
PR003818,2024-05-04,3,MC019,EMP0124,151,158
PR003819,2024-05-04,3,MC022,EMP0029,136,158
PR003820,2024-05-04,3,MC020,EMP0134,159,158
PR003821,2024-05-04,3,MC023,EMP0082,149,158
PR003822,2024-05-04,4,MC025,EMP0109,218,200
PR003823,2024-05-04,4,MC026,EMP0050,192,200
PR003824,2024-05-04,4,MC028,EMP0121,190,200
PR003825,2024-05-04,4,MC027,EMP0059,239,200
PR003826,2024-05-04,5,MC034,EMP0145,140,142
PR003827,2024-05-04,5,MC030,EMP0101,150,142
PR003828,2024-05-04,5,MC035,EMP0150,126,142
PR003829,2024-05-04,5,MC031,EMP0086,139,142
PR003830,2024-05-04,6,MC036,EMP0100,297,325
PR003831,2024-05-04,6,MC039,EMP0065,336,325
PR003832,2024-05-04,6,MC037,EMP0142,281,325
PR003833,2024-05-05,1,MC001,EMP0005,63,181
PR003834,2024-05-05,1,MC002,EMP0075,59,181
PR003835,2024-05-05,1,MC004,EMP0072,64,181
PR003836,2024-05-05,1,MC007,EMP0104,66,181
PR003837,2024-05-05,1,MC008,EMP0107,56,181
PR003838,2024-05-05,1,MC006,EMP0177,62,181
PR003839,2024-05-05,2,MC014,EMP0035,43,120
PR003840,2024-05-05,2,MC016,EMP0113,36,120
PR003841,2024-05-05,2,MC012,EMP0041,41,120
PR003842,2024-05-05,2,MC015,EMP0090,39,120
PR003843,2024-05-05,2,MC017,EMP0009,33,120
PR003844,2024-05-05,2,MC011,EMP0024,44,120
PR003845,2024-05-05,2,MC010,EMP0135,39,120
PR003846,2024-05-05,2,MC009,EMP0015,41,120
PR003847,2024-05-05,3,MC019,EMP0172,58,158
PR003848,2024-05-05,3,MC023,EMP0180,53,158
PR003849,2024-05-05,3,MC020,EMP0069,51,158
PR003850,2024-05-05,3,MC022,EMP0013,59,158
PR003851,2024-05-05,3,MC024,EMP0143,54,158
PR003852,2024-05-05,4,MC027,EMP0087,67,200
PR003853,2024-05-05,4,MC026,EMP0154,76,200
PR003854,2024-05-05,4,MC028,EMP0174,69,200
PR003855,2024-05-05,4,MC025,EMP0108,82,200
PR003856,2024-05-05,5,MC030,EMP0060,50,142
PR003857,2024-05-05,5,MC032,EMP0056,49,142
PR003858,2024-05-05,5,MC033,EMP0060,51,142
PR003859,2024-05-05,5,MC034,EMP0150,54,142
PR003860,2024-05-05,5,MC035,EMP0150,44,142
PR003861,2024-05-05,6,MC039,EMP0120,127,325
PR003862,2024-05-05,6,MC038,EMP0100,112,325
PR003863,2024-05-05,6,MC036,EMP0144,127,325
PR003864,2024-05-06,1,MC001,EMP0141,188,181
PR003865,2024-05-06,1,MC002,EMP0151,167,181
PR003866,2024-05-06,1,MC008,EMP0088,168,181
PR003867,2024-05-06,1,MC004,EMP0158,166,181
PR003868,2024-05-06,1,MC005,EMP0112,172,181
PR003869,2024-05-06,1,MC007,EMP0008,190,181
PR003870,2024-05-06,2,MC018,EMP0031,119,120
PR003871,2024-05-06,2,MC013,EMP0128,114,120
PR003872,2024-05-06,2,MC015,EMP0140,130,120
PR003873,2024-05-06,2,MC014,EMP0001,113,120
PR003874,2024-05-06,2,MC012,EMP0021,129,120
PR003875,2024-05-06,2,MC011,EMP0001,133,120
PR003876,2024-05-06,2,MC016,EMP0001,126,120
PR003877,2024-05-06,3,MC021,EMP0134,116,158
PR003878,2024-05-06,3,MC019,EMP0124,139,158
PR003879,2024-05-06,3,MC023,EMP0013,147,158
PR003880,2024-05-06,3,MC024,EMP0082,134,158
PR003881,2024-05-06,3,MC022,EMP0179,169,158
PR003882,2024-05-06,4,MC025,EMP0059,213,200
PR003883,2024-05-06,4,MC026,EMP0175,225,200
PR003884,2024-05-06,4,MC028,EMP0174,205,200
PR003885,2024-05-06,4,MC029,EMP0019,197,200
PR003886,2024-05-06,5,MC031,EMP0060,133,142
PR003887,2024-05-06,5,MC030,EMP0096,126,142
PR003888,2024-05-06,5,MC035,EMP0068,122,142
PR003889,2024-05-06,5,MC033,EMP0096,145,142
PR003890,2024-05-06,5,MC032,EMP0080,115,142
PR003891,2024-05-06,6,MC039,EMP0144,296,325
PR003892,2024-05-06,6,MC037,EMP0120,333,325
PR003893,2024-05-06,6,MC036,EMP0120,319,325
PR003894,2024-05-07,1,MC003,EMP0158,183,181
PR003895,2024-05-07,1,MC004,EMP0092,188,181
PR003896,2024-05-07,1,MC005,EMP0151,186,181
PR003897,2024-05-07,1,MC007,EMP0176,161,181
PR003898,2024-05-07,1,MC008,EMP0061,173,181
PR003899,2024-05-07,1,MC002,EMP0104,177,181
PR003900,2024-05-07,1,MC001,EMP0037,169,181
PR003901,2024-05-07,2,MC009,EMP0074,109,120
PR003902,2024-05-07,2,MC013,EMP0146,122,120
PR003903,2024-05-07,2,MC015,EMP0024,112,120
PR003904,2024-05-07,2,MC016,EMP0012,115,120
PR003905,2024-05-07,2,MC010,EMP0067,114,120
PR003906,2024-05-07,2,MC017,EMP0178,113,120
PR003907,2024-05-07,2,MC011,EMP0128,126,120
PR003908,2024-05-07,3,MC023,EMP0078,144,158
PR003909,2024-05-07,3,MC021,EMP0136,140,158
PR003910,2024-05-07,3,MC019,EMP0084,164,158
PR003911,2024-05-07,3,MC020,EMP0006,143,158
PR003912,2024-05-07,3,MC022,EMP0082,155,158
PR003913,2024-05-07,4,MC029,EMP0093,190,200
PR003914,2024-05-07,4,MC027,EMP0019,217,200
PR003915,2024-05-07,4,MC026,EMP0002,201,200
PR003916,2024-05-07,4,MC028,EMP0109,207,200
PR003917,2024-05-07,5,MC032,EMP0086,136,142
PR003918,2024-05-07,5,MC030,EMP0086,133,142
PR003919,2024-05-07,5,MC034,EMP0150,136,142
PR003920,2024-05-07,5,MC035,EMP0003,129,142
PR003921,2024-05-07,5,MC033,EMP0096,159,142
PR003922,2024-05-07,6,MC038,EMP0142,291,325
PR003923,2024-05-07,6,MC039,EMP0100,317,325
PR003924,2024-05-07,6,MC036,EMP0053,267,325
PR003925,2024-05-08,1,MC004,EMP0119,186,181
PR003926,2024-05-08,1,MC007,EMP0007,184,181
PR003927,2024-05-08,1,MC001,EMP0160,132,181
PR003928,2024-05-08,1,MC003,EMP0118,175,181
PR003929,2024-05-08,1,MC005,EMP0161,180,181
PR003930,2024-05-08,1,MC008,EMP0110,182,181
PR003931,2024-05-08,2,MC017,EMP0157,118,120
PR003932,2024-05-08,2,MC010,EMP0123,128,120
PR003933,2024-05-08,2,MC014,EMP0001,128,120
PR003934,2024-05-08,2,MC011,EMP0077,123,120
PR003935,2024-05-08,2,MC012,EMP0146,114,120
PR003936,2024-05-08,2,MC016,EMP0026,128,120
PR003937,2024-05-08,2,MC018,EMP0089,125,120
PR003938,2024-05-08,2,MC015,EMP0149,111,120
PR003939,2024-05-08,2,MC009,EMP0081,118,120
PR003940,2024-05-08,3,MC024,EMP0010,169,158
PR003941,2024-05-08,3,MC020,EMP0064,159,158
PR003942,2024-05-08,3,MC023,EMP0136,143,158
PR003943,2024-05-08,3,MC021,EMP0122,152,158
PR003944,2024-05-08,4,MC026,EMP0156,214,200
PR003945,2024-05-08,4,MC028,EMP0093,226,200
PR003946,2024-05-08,4,MC025,EMP0019,203,200
PR003947,2024-05-08,4,MC027,EMP0019,218,200
PR003948,2024-05-08,5,MC035,EMP0056,139,142
PR003949,2024-05-08,5,MC032,EMP0028,130,142
PR003950,2024-05-08,5,MC034,EMP0086,139,142
PR003951,2024-05-08,5,MC033,EMP0058,123,142
PR003952,2024-05-08,5,MC030,EMP0028,135,142
PR003953,2024-05-08,6,MC036,EMP0046,314,325
PR003954,2024-05-08,6,MC039,EMP0155,339,325
PR003955,2024-05-08,6,MC038,EMP0053,325,325
PR003956,2024-05-09,1,MC007,EMP0118,176,181
PR003957,2024-05-09,1,MC001,EMP0167,134,181
PR003958,2024-05-09,1,MC004,EMP0168,185,181
PR003959,2024-05-09,1,MC005,EMP0032,186,181
PR003960,2024-05-09,1,MC002,EMP0094,183,181
PR003961,2024-05-09,1,MC006,EMP0008,157,181
PR003962,2024-05-09,1,MC008,EMP0177,163,181
PR003963,2024-05-09,2,MC015,EMP0045,118,120
PR003964,2024-05-09,2,MC017,EMP0178,116,120
PR003965,2024-05-09,2,MC011,EMP0040,114,120
PR003966,2024-05-09,2,MC014,EMP0079,97,120
PR003967,2024-05-09,2,MC012,EMP0041,111,120
PR003968,2024-05-09,2,MC010,EMP0138,105,120
PR003969,2024-05-09,2,MC018,EMP0098,106,120
PR003970,2024-05-09,2,MC013,EMP0070,113,120
PR003971,2024-05-09,2,MC016,EMP0042,101,120
PR003972,2024-05-09,3,MC021,EMP0143,160,158
PR003973,2024-05-09,3,MC024,EMP0122,143,158
PR003974,2024-05-09,3,MC020,EMP0124,159,158
PR003975,2024-05-09,3,MC022,EMP0039,182,158
PR003976,2024-05-09,3,MC019,EMP0055,168,158
PR003977,2024-05-09,4,MC025,EMP0062,217,200
PR003978,2024-05-09,4,MC028,EMP0127,206,200
PR003979,2024-05-09,4,MC026,EMP0153,222,200
PR003980,2024-05-09,4,MC027,EMP0132,196,200
PR003981,2024-05-09,5,MC031,EMP0086,135,142
PR003982,2024-05-09,5,MC034,EMP0060,135,142
PR003983,2024-05-09,5,MC033,EMP0028,133,142
PR003984,2024-05-09,5,MC032,EMP0096,144,142
PR003985,2024-05-09,6,MC038,EMP0142,355,325
PR003986,2024-05-09,6,MC036,EMP0152,376,325
PR003987,2024-05-09,6,MC037,EMP0155,280,325
PR003988,2024-05-10,1,MC007,EMP0177,152,181
PR003989,2024-05-10,1,MC002,EMP0118,147,181
PR003990,2024-05-10,1,MC008,EMP0137,145,181
PR003991,2024-05-10,1,MC003,EMP0054,156,181
PR003992,2024-05-10,1,MC005,EMP0007,152,181
PR003993,2024-05-10,1,MC006,EMP0151,164,181
PR003994,2024-05-10,1,MC004,EMP0158,155,181
PR003995,2024-05-10,2,MC016,EMP0103,96,120
PR003996,2024-05-10,2,MC017,EMP0074,87,120
PR003997,2024-05-10,2,MC015,EMP0089,88,120
PR003998,2024-05-10,2,MC011,EMP0138,76,120
PR003999,2024-05-10,2,MC010,EMP0004,81,120
PR004000,2024-05-10,2,MC012,EMP0074,94,120
PR004001,2024-05-10,2,MC013,EMP0070,98,120
PR004002,2024-05-10,2,MC014,EMP0105,93,120
PR004003,2024-05-10,3,MC020,EMP0172,138,158
PR004004,2024-05-10,3,MC022,EMP0143,126,158
PR004005,2024-05-10,3,MC023,EMP0179,143,158
PR004006,2024-05-10,3,MC021,EMP0055,123,158
PR004007,2024-05-10,3,MC019,EMP0159,140,158
PR004008,2024-05-10,4,MC029,EMP0121,192,200
PR004009,2024-05-10,4,MC025,EMP0049,182,200
PR004010,2024-05-10,4,MC028,EMP0059,168,200
PR004011,2024-05-10,4,MC027,EMP0023,182,200
PR004012,2024-05-10,5,MC033,EMP0080,111,142
PR004013,2024-05-10,5,MC030,EMP0164,108,142
PR004014,2024-05-10,5,MC031,EMP0150,109,142
PR004015,2024-05-10,5,MC034,EMP0150,110,142
PR004016,2024-05-10,5,MC035,EMP0056,120,142
PR004017,2024-05-10,6,MC037,EMP0085,247,325
PR004018,2024-05-10,6,MC038,EMP0085,257,325
PR004019,2024-05-10,6,MC039,EMP0046,264,325
PR004020,2024-05-11,1,MC008,EMP0177,183,181
PR004021,2024-05-11,1,MC002,EMP0110,177,181
PR004022,2024-05-11,1,MC007,EMP0061,190,181
PR004023,2024-05-11,1,MC006,EMP0094,184,181
PR004024,2024-05-11,1,MC004,EMP0054,176,181
PR004025,2024-05-11,1,MC001,EMP0066,168,181
PR004026,2024-05-11,1,MC003,EMP0126,175,181
PR004027,2024-05-11,2,MC012,EMP0135,129,120
PR004028,2024-05-11,2,MC009,EMP0045,133,120
PR004029,2024-05-11,2,MC017,EMP0090,104,120
PR004030,2024-05-11,2,MC018,EMP0040,115,120
PR004031,2024-05-11,2,MC013,EMP0004,106,120
PR004032,2024-05-11,2,MC010,EMP0170,105,120
PR004033,2024-05-11,2,MC015,EMP0074,109,120
PR004034,2024-05-11,3,MC022,EMP0029,136,158
PR004035,2024-05-11,3,MC021,EMP0084,147,158
PR004036,2024-05-11,3,MC024,EMP0055,139,158
PR004037,2024-05-11,3,MC023,EMP0039,147,158
PR004038,2024-05-11,3,MC019,EMP0010,170,158
PR004039,2024-05-11,4,MC029,EMP0156,203,200
PR004040,2024-05-11,4,MC027,EMP0049,201,200
PR004041,2024-05-11,4,MC025,EMP0132,213,200
PR004042,2024-05-11,5,MC031,EMP0164,128,142
PR004043,2024-05-11,5,MC035,EMP0080,133,142
PR004044,2024-05-11,5,MC034,EMP0003,142,142
PR004045,2024-05-11,5,MC032,EMP0101,146,142
PR004046,2024-05-11,5,MC030,EMP0068,127,142
PR004047,2024-05-11,6,MC036,EMP0120,301,325
PR004048,2024-05-11,6,MC038,EMP0142,381,325
PR004049,2024-05-11,6,MC039,EMP0053,342,325
PR004050,2024-05-12,1,MC003,EMP0044,56,181
PR004051,2024-05-12,1,MC001,EMP0118,58,181
PR004052,2024-05-12,1,MC002,EMP0007,63,181
PR004053,2024-05-12,1,MC008,EMP0177,65,181
PR004054,2024-05-12,1,MC006,EMP0151,58,181
PR004055,2024-05-12,1,MC007,EMP0110,59,181
PR004056,2024-05-12,2,MC014,EMP0157,38,120
PR004057,2024-05-12,2,MC010,EMP0129,43,120
PR004058,2024-05-12,2,MC011,EMP0170,38,120
PR004059,2024-05-12,2,MC016,EMP0035,40,120
PR004060,2024-05-12,2,MC018,EMP0047,45,120
PR004061,2024-05-12,2,MC017,EMP0098,38,120
PR004062,2024-05-12,2,MC015,EMP0098,39,120
PR004063,2024-05-12,2,MC013,EMP0138,44,120
PR004064,2024-05-12,2,MC009,EMP0021,45,120
PR004065,2024-05-12,3,MC024,EMP0069,55,158
PR004066,2024-05-12,3,MC021,EMP0180,53,158
PR004067,2024-05-12,3,MC020,EMP0111,48,158
PR004068,2024-05-12,3,MC019,EMP0159,56,158
PR004069,2024-05-12,3,MC022,EMP0159,51,158
PR004070,2024-05-12,4,MC029,EMP0108,67,200
PR004071,2024-05-12,4,MC028,EMP0153,79,200
PR004072,2024-05-12,4,MC026,EMP0093,73,200
PR004073,2024-05-12,5,MC034,EMP0060,49,142
PR004074,2024-05-12,5,MC031,EMP0145,42,142
PR004075,2024-05-12,5,MC033,EMP0028,51,142
PR004076,2024-05-12,5,MC032,EMP0150,46,142
PR004077,2024-05-12,5,MC030,EMP0028,48,142
PR004078,2024-05-12,6,MC037,EMP0155,124,325
PR004079,2024-05-12,6,MC038,EMP0100,94,325
PR004080,2024-05-12,6,MC039,EMP0155,113,325
PR004081,2024-05-13,1,MC007,EMP0044,190,181
PR004082,2024-05-13,1,MC008,EMP0119,167,181
PR004083,2024-05-13,1,MC003,EMP0177,166,181
PR004084,2024-05-13,1,MC005,EMP0160,179,181
PR004085,2024-05-13,1,MC006,EMP0094,166,181
PR004086,2024-05-13,1,MC002,EMP0176,178,181
PR004087,2024-05-13,2,MC018,EMP0138,122,120
PR004088,2024-05-13,2,MC017,EMP0036,118,120
PR004089,2024-05-13,2,MC015,EMP0169,99,120
PR004090,2024-05-13,2,MC016,EMP0113,111,120
PR004091,2024-05-13,2,MC010,EMP0026,109,120
PR004092,2024-05-13,2,MC013,EMP0103,126,120
PR004093,2024-05-13,2,MC009,EMP0146,125,120
PR004094,2024-05-13,2,MC014,EMP0173,104,120
PR004095,2024-05-13,3,MC020,EMP0033,151,158
PR004096,2024-05-13,3,MC024,EMP0159,139,158
PR004097,2024-05-13,3,MC022,EMP0078,162,158
PR004098,2024-05-13,3,MC021,EMP0180,147,158
PR004099,2024-05-13,4,MC029,EMP0131,244,200
PR004100,2024-05-13,4,MC028,EMP0131,204,200
PR004101,2024-05-13,4,MC026,EMP0071,229,200
PR004102,2024-05-13,4,MC027,EMP0109,205,200
PR004103,2024-05-13,5,MC030,EMP0068,144,142
PR004104,2024-05-13,5,MC031,EMP0028,124,142
PR004105,2024-05-13,5,MC033,EMP0101,127,142
PR004106,2024-05-13,5,MC032,EMP0068,139,142
PR004107,2024-05-13,5,MC035,EMP0096,132,142
PR004108,2024-05-13,6,MC036,EMP0120,336,325
PR004109,2024-05-13,6,MC039,EMP0152,334,325
PR004110,2024-05-13,6,MC038,EMP0085,295,325
PR004111,2024-05-14,1,MC002,EMP0161,173,181
PR004112,2024-05-14,1,MC003,EMP0112,182,181
PR004113,2024-05-14,1,MC004,EMP0137,181,181
PR004114,2024-05-14,1,MC001,EMP0094,173,181
PR004115,2024-05-14,1,MC005,EMP0160,184,181
PR004116,2024-05-14,1,MC006,EMP0073,193,181
PR004117,2024-05-14,2,MC012,EMP0047,121,120
PR004118,2024-05-14,2,MC015,EMP0074,128,120
PR004119,2024-05-14,2,MC016,EMP0114,123,120
PR004120,2024-05-14,2,MC017,EMP0045,110,120
PR004121,2024-05-14,2,MC013,EMP0178,110,120
PR004122,2024-05-14,2,MC011,EMP0113,121,120
PR004123,2024-05-14,2,MC018,EMP0051,122,120
PR004124,2024-05-14,2,MC010,EMP0001,117,120
PR004125,2024-05-14,2,MC014,EMP0024,123,120
PR004126,2024-05-14,3,MC021,EMP0122,150,158
PR004127,2024-05-14,3,MC019,EMP0143,150,158
PR004128,2024-05-14,3,MC024,EMP0179,154,158
PR004129,2024-05-14,3,MC022,EMP0064,152,158
PR004130,2024-05-14,3,MC020,EMP0159,145,158
PR004131,2024-05-14,4,MC025,EMP0131,190,200
PR004132,2024-05-14,4,MC027,EMP0062,222,200
PR004133,2024-05-14,4,MC028,EMP0071,235,200
PR004134,2024-05-14,4,MC029,EMP0002,198,200
PR004135,2024-05-14,5,MC030,EMP0086,154,142
PR004136,2024-05-14,5,MC031,EMP0101,132,142
PR004137,2024-05-14,5,MC033,EMP0096,137,142
PR004138,2024-05-14,5,MC035,EMP0058,137,142
PR004139,2024-05-14,5,MC032,EMP0165,135,142
PR004140,2024-05-14,6,MC036,EMP0053,333,325
PR004141,2024-05-14,6,MC037,EMP0085,319,325
PR004142,2024-05-14,6,MC038,EMP0053,313,325
PR004143,2024-05-15,1,MC006,EMP0102,172,181
PR004144,2024-05-15,1,MC004,EMP0030,173,181
PR004145,2024-05-15,1,MC005,EMP0057,171,181
PR004146,2024-05-15,1,MC002,EMP0073,188,181
PR004147,2024-05-15,1,MC003,EMP0141,188,181
PR004148,2024-05-15,1,MC008,EMP0102,170,181
PR004149,2024-05-15,1,MC001,EMP0158,155,181
PR004150,2024-05-15,2,MC014,EMP0081,123,120
PR004151,2024-05-15,2,MC018,EMP0074,109,120
PR004152,2024-05-15,2,MC015,EMP0103,119,120
PR004153,2024-05-15,2,MC017,EMP0015,126,120
PR004154,2024-05-15,2,MC010,EMP0009,99,120
PR004155,2024-05-15,2,MC012,EMP0067,106,120
PR004156,2024-05-15,2,MC009,EMP0047,120,120
PR004157,2024-05-15,2,MC011,EMP0015,109,120
PR004158,2024-05-15,3,MC022,EMP0143,143,158
PR004159,2024-05-15,3,MC023,EMP0136,142,158
PR004160,2024-05-15,3,MC024,EMP0134,127,158
PR004161,2024-05-15,3,MC019,EMP0016,143,158
PR004162,2024-05-15,3,MC020,EMP0159,163,158
PR004163,2024-05-15,4,MC025,EMP0011,168,200
PR004164,2024-05-15,4,MC027,EMP0093,211,200
PR004165,2024-05-15,4,MC029,EMP0131,191,200
PR004166,2024-05-15,5,MC034,EMP0003,131,142
PR004167,2024-05-15,5,MC033,EMP0164,142,142
PR004168,2024-05-15,5,MC032,EMP0145,134,142
PR004169,2024-05-15,5,MC035,EMP0028,137,142
PR004170,2024-05-15,6,MC037,EMP0120,364,325
PR004171,2024-05-15,6,MC038,EMP0120,319,325
PR004172,2024-05-15,6,MC039,EMP0171,318,325
PR004173,2024-05-16,1,MC005,EMP0110,184,181
PR004174,2024-05-16,1,MC006,EMP0168,158,181
PR004175,2024-05-16,1,MC004,EMP0066,179,181
PR004176,2024-05-16,1,MC001,EMP0091,173,181
PR004177,2024-05-16,1,MC007,EMP0061,170,181
PR004178,2024-05-16,1,MC002,EMP0091,170,181
PR004179,2024-05-16,2,MC018,EMP0079,119,120
PR004180,2024-05-16,2,MC011,EMP0106,121,120
PR004181,2024-05-16,2,MC017,EMP0031,112,120
PR004182,2024-05-16,2,MC009,EMP0138,108,120
PR004183,2024-05-16,2,MC010,EMP0149,113,120
PR004184,2024-05-16,2,MC016,EMP0114,116,120
PR004185,2024-05-16,2,MC013,EMP0148,109,120
PR004186,2024-05-16,2,MC012,EMP0114,119,120
PR004187,2024-05-16,3,MC021,EMP0134,140,158
PR004188,2024-05-16,3,MC019,EMP0172,157,158
PR004189,2024-05-16,3,MC022,EMP0111,154,158
PR004190,2024-05-16,3,MC024,EMP0034,170,158
PR004191,2024-05-16,4,MC027,EMP0127,239,200
PR004192,2024-05-16,4,MC028,EMP0014,232,200
PR004193,2024-05-16,4,MC029,EMP0109,218,200
PR004194,2024-05-16,5,MC033,EMP0086,158,142
PR004195,2024-05-16,5,MC034,EMP0165,135,142
PR004196,2024-05-16,5,MC031,EMP0096,133,142
PR004197,2024-05-16,5,MC035,EMP0060,126,142
PR004198,2024-05-16,5,MC032,EMP0145,130,142
PR004199,2024-05-16,6,MC037,EMP0100,340,325
PR004200,2024-05-16,6,MC039,EMP0152,306,325
PR004201,2024-05-16,6,MC036,EMP0053,336,325
PR004202,2024-05-17,1,MC004,EMP0008,143,181
PR004203,2024-05-17,1,MC007,EMP0130,160,181
PR004204,2024-05-17,1,MC002,EMP0007,142,181
PR004205,2024-05-17,1,MC001,EMP0018,150,181
PR004206,2024-05-17,1,MC005,EMP0008,161,181
PR004207,2024-05-17,1,MC008,EMP0017,146,181
PR004208,2024-05-17,1,MC006,EMP0158,170,181
PR004209,2024-05-17,2,MC016,EMP0067,76,120
PR004210,2024-05-17,2,MC013,EMP0041,91,120
PR004211,2024-05-17,2,MC014,EMP0079,98,120
PR004212,2024-05-17,2,MC010,EMP0077,94,120
PR004213,2024-05-17,2,MC017,EMP0173,85,120
PR004214,2024-05-17,2,MC018,EMP0076,102,120
PR004215,2024-05-17,2,MC012,EMP0004,89,120
PR004216,2024-05-17,2,MC015,EMP0040,104,120
PR004217,2024-05-17,2,MC009,EMP0173,101,120
PR004218,2024-05-17,3,MC019,EMP0069,115,158
PR004219,2024-05-17,3,MC022,EMP0010,135,158
PR004220,2024-05-17,3,MC021,EMP0122,117,158
PR004221,2024-05-17,3,MC020,EMP0055,117,158
PR004222,2024-05-17,3,MC023,EMP0010,116,158
PR004223,2024-05-17,4,MC029,EMP0049,141,200
PR004224,2024-05-17,4,MC025,EMP0156,200,200
PR004225,2024-05-17,4,MC028,EMP0132,175,200
PR004226,2024-05-17,4,MC026,EMP0071,185,200
PR004227,2024-05-17,5,MC032,EMP0150,132,142
PR004228,2024-05-17,5,MC035,EMP0003,123,142
PR004229,2024-05-17,5,MC034,EMP0028,109,142
PR004230,2024-05-17,5,MC031,EMP0150,106,142
PR004231,2024-05-17,6,MC039,EMP0120,288,325
PR004232,2024-05-17,6,MC038,EMP0120,268,325
PR004233,2024-05-17,6,MC036,EMP0152,302,325
PR004234,2024-05-18,1,MC007,EMP0044,181,181
PR004235,2024-05-18,1,MC001,EMP0072,168,181
PR004236,2024-05-18,1,MC003,EMP0018,169,181
PR004237,2024-05-18,1,MC006,EMP0166,193,181
PR004238,2024-05-18,1,MC005,EMP0130,177,181
PR004239,2024-05-18,1,MC004,EMP0130,178,181
PR004240,2024-05-18,2,MC016,EMP0042,117,120
PR004241,2024-05-18,2,MC018,EMP0042,110,120
PR004242,2024-05-18,2,MC011,EMP0170,117,120
PR004243,2024-05-18,2,MC017,EMP0147,112,120
PR004244,2024-05-18,2,MC010,EMP0035,123,120
PR004245,2024-05-18,2,MC015,EMP0036,122,120
PR004246,2024-05-18,2,MC014,EMP0095,106,120
PR004247,2024-05-18,2,MC012,EMP0148,122,120
PR004248,2024-05-18,2,MC013,EMP0041,123,120
PR004249,2024-05-18,3,MC019,EMP0055,136,158
PR004250,2024-05-18,3,MC023,EMP0033,159,158
PR004251,2024-05-18,3,MC020,EMP0078,134,158
PR004252,2024-05-18,3,MC022,EMP0013,141,158
PR004253,2024-05-18,3,MC021,EMP0172,146,158
PR004254,2024-05-18,4,MC028,EMP0049,195,200
PR004255,2024-05-18,4,MC026,EMP0043,208,200
PR004256,2024-05-18,4,MC029,EMP0175,198,200
PR004257,2024-05-18,4,MC027,EMP0174,205,200
PR004258,2024-05-18,5,MC034,EMP0058,108,142
PR004259,2024-05-18,5,MC030,EMP0080,117,142
PR004260,2024-05-18,5,MC032,EMP0150,144,142
PR004261,2024-05-18,5,MC031,EMP0145,154,142
PR004262,2024-05-18,6,MC037,EMP0100,344,325
PR004263,2024-05-18,6,MC038,EMP0100,332,325
PR004264,2024-05-18,6,MC036,EMP0152,315,325
PR004265,2024-05-19,1,MC005,EMP0168,61,181
PR004266,2024-05-19,1,MC002,EMP0130,60,181
PR004267,2024-05-19,1,MC003,EMP0104,67,181
PR004268,2024-05-19,1,MC008,EMP0166,61,181
PR004269,2024-05-19,1,MC001,EMP0005,60,181
PR004270,2024-05-19,1,MC007,EMP0073,63,181
PR004271,2024-05-19,2,MC009,EMP0178,34,120
PR004272,2024-05-19,2,MC014,EMP0047,40,120
PR004273,2024-05-19,2,MC015,EMP0139,41,120
PR004274,2024-05-19,2,MC018,EMP0140,39,120
PR004275,2024-05-19,2,MC012,EMP0076,37,120
PR004276,2024-05-19,2,MC010,EMP0031,39,120
PR004277,2024-05-19,2,MC016,EMP0026,40,120
PR004278,2024-05-19,2,MC011,EMP0173,37,120
PR004279,2024-05-19,2,MC013,EMP0105,38,120
PR004280,2024-05-19,3,MC023,EMP0134,41,158
PR004281,2024-05-19,3,MC022,EMP0069,55,158
PR004282,2024-05-19,3,MC021,EMP0136,48,158
PR004283,2024-05-19,3,MC019,EMP0029,59,158
PR004284,2024-05-19,3,MC024,EMP0034,55,158
PR004285,2024-05-19,4,MC026,EMP0132,65,200
PR004286,2024-05-19,4,MC028,EMP0153,70,200
PR004287,2024-05-19,4,MC025,EMP0131,78,200
PR004288,2024-05-19,4,MC029,EMP0108,70,200
PR004289,2024-05-19,5,MC031,EMP0101,51,142
PR004290,2024-05-19,5,MC032,EMP0145,43,142
PR004291,2024-05-19,5,MC035,EMP0060,53,142
PR004292,2024-05-19,5,MC030,EMP0080,49,142
PR004293,2024-05-19,6,MC039,EMP0144,120,325
PR004294,2024-05-19,6,MC038,EMP0085,119,325
PR004295,2024-05-19,6,MC037,EMP0171,122,325
PR004296,2024-05-20,1,MC004,EMP0052,157,181
PR004297,2024-05-20,1,MC006,EMP0161,160,181
PR004298,2024-05-20,1,MC005,EMP0094,172,181
PR004299,2024-05-20,1,MC001,EMP0167,167,181
PR004300,2024-05-20,1,MC008,EMP0162,167,181
PR004301,2024-05-20,1,MC007,EMP0092,155,181
PR004302,2024-05-20,2,MC016,EMP0081,109,120
PR004303,2024-05-20,2,MC012,EMP0128,115,120
PR004304,2024-05-20,2,MC014,EMP0105,120,120
PR004305,2024-05-20,2,MC015,EMP0128,114,120
PR004306,2024-05-20,2,MC018,EMP0138,108,120
PR004307,2024-05-20,2,MC010,EMP0095,118,120
PR004308,2024-05-20,2,MC017,EMP0081,120,120
PR004309,2024-05-20,2,MC013,EMP0113,118,120
PR004310,2024-05-20,2,MC011,EMP0024,115,120
PR004311,2024-05-20,3,MC021,EMP0111,190,158
PR004312,2024-05-20,3,MC023,EMP0134,150,158
PR004313,2024-05-20,3,MC020,EMP0179,131,158
PR004314,2024-05-20,3,MC019,EMP0039,151,158
PR004315,2024-05-20,3,MC022,EMP0172,144,158
PR004316,2024-05-20,4,MC029,EMP0108,210,200
PR004317,2024-05-20,4,MC028,EMP0049,219,200
PR004318,2024-05-20,4,MC026,EMP0014,218,200
PR004319,2024-05-20,4,MC027,EMP0011,210,200
PR004320,2024-05-20,5,MC033,EMP0068,119,142
PR004321,2024-05-20,5,MC035,EMP0060,127,142
PR004322,2024-05-20,5,MC030,EMP0028,139,142
PR004323,2024-05-20,5,MC034,EMP0164,123,142
PR004324,2024-05-20,5,MC031,EMP0028,132,142
PR004325,2024-05-20,6,MC039,EMP0046,325,325
PR004326,2024-05-20,6,MC038,EMP0053,298,325
PR004327,2024-05-20,6,MC037,EMP0100,301,325
PR004328,2024-05-21,1,MC004,EMP0118,178,181
PR004329,2024-05-21,1,MC002,EMP0091,164,181
PR004330,2024-05-21,1,MC006,EMP0097,171,181
PR004331,2024-05-21,1,MC001,EMP0094,166,181
PR004332,2024-05-21,1,MC008,EMP0054,181,181
PR004333,2024-05-21,1,MC005,EMP0075,187,181
PR004334,2024-05-21,2,MC009,EMP0117,107,120
PR004335,2024-05-21,2,MC011,EMP0027,109,120
PR004336,2024-05-21,2,MC016,EMP0129,131,120
PR004337,2024-05-21,2,MC017,EMP0157,118,120
PR004338,2024-05-21,2,MC013,EMP0070,124,120
PR004339,2024-05-21,2,MC010,EMP0067,115,120
PR004340,2024-05-21,2,MC018,EMP0001,120,120
PR004341,2024-05-21,2,MC012,EMP0020,105,120
PR004342,2024-05-21,2,MC014,EMP0095,111,120
PR004343,2024-05-21,3,MC024,EMP0039,145,158
PR004344,2024-05-21,3,MC022,EMP0179,158,158
PR004345,2024-05-21,3,MC023,EMP0082,164,158
PR004346,2024-05-21,3,MC019,EMP0172,148,158
PR004347,2024-05-21,3,MC021,EMP0039,138,158
PR004348,2024-05-21,4,MC027,EMP0154,199,200
PR004349,2024-05-21,4,MC028,EMP0087,201,200
PR004350,2024-05-21,4,MC029,EMP0154,227,200
PR004351,2024-05-21,5,MC030,EMP0003,139,142
PR004352,2024-05-21,5,MC032,EMP0165,135,142
PR004353,2024-05-21,5,MC033,EMP0056,137,142
PR004354,2024-05-21,5,MC035,EMP0003,146,142
PR004355,2024-05-21,6,MC036,EMP0171,358,325
PR004356,2024-05-21,6,MC037,EMP0100,351,325
PR004357,2024-05-21,6,MC038,EMP0120,300,325
PR004358,2024-05-22,1,MC007,EMP0151,190,181
PR004359,2024-05-22,1,MC001,EMP0054,156,181
PR004360,2024-05-22,1,MC005,EMP0112,149,181
PR004361,2024-05-22,1,MC008,EMP0072,186,181
PR004362,2024-05-22,1,MC002,EMP0061,184,181
PR004363,2024-05-22,1,MC004,EMP0158,153,181
PR004364,2024-05-22,2,MC017,EMP0103,119,120
PR004365,2024-05-22,2,MC015,EMP0076,126,120
PR004366,2024-05-22,2,MC014,EMP0026,122,120
PR004367,2024-05-22,2,MC013,EMP0083,127,120
PR004368,2024-05-22,2,MC011,EMP0135,107,120
PR004369,2024-05-22,2,MC018,EMP0020,120,120
PR004370,2024-05-22,2,MC012,EMP0051,119,120
PR004371,2024-05-22,2,MC009,EMP0083,127,120
PR004372,2024-05-22,3,MC019,EMP0082,151,158
PR004373,2024-05-22,3,MC024,EMP0010,165,158
PR004374,2024-05-22,3,MC020,EMP0134,138,158
PR004375,2024-05-22,3,MC023,EMP0034,159,158
PR004376,2024-05-22,4,MC028,EMP0014,191,200
PR004377,2024-05-22,4,MC029,EMP0174,202,200
PR004378,2024-05-22,4,MC027,EMP0156,217,200
PR004379,2024-05-22,4,MC025,EMP0131,201,200
PR004380,2024-05-22,5,MC031,EMP0003,116,142
PR004381,2024-05-22,5,MC033,EMP0028,132,142
PR004382,2024-05-22,5,MC035,EMP0028,132,142
PR004383,2024-05-22,5,MC032,EMP0068,130,142
PR004384,2024-05-22,5,MC030,EMP0145,136,142
PR004385,2024-05-22,6,MC038,EMP0142,307,325
PR004386,2024-05-22,6,MC037,EMP0085,262,325
PR004387,2024-05-22,6,MC036,EMP0155,312,325
PR004388,2024-05-23,1,MC004,EMP0017,163,181
PR004389,2024-05-23,1,MC006,EMP0038,192,181
PR004390,2024-05-23,1,MC003,EMP0061,179,181
PR004391,2024-05-23,1,MC002,EMP0072,155,181
PR004392,2024-05-23,1,MC008,EMP0018,177,181
PR004393,2024-05-23,1,MC005,EMP0037,174,181
PR004394,2024-05-23,2,MC011,EMP0042,110,120
PR004395,2024-05-23,2,MC014,EMP0133,106,120
PR004396,2024-05-23,2,MC013,EMP0042,119,120
PR004397,2024-05-23,2,MC018,EMP0081,122,120
PR004398,2024-05-23,2,MC010,EMP0135,107,120
PR004399,2024-05-23,2,MC012,EMP0042,115,120
PR004400,2024-05-23,2,MC017,EMP0081,111,120
PR004401,2024-05-23,3,MC021,EMP0016,145,158
PR004402,2024-05-23,3,MC020,EMP0055,157,158
PR004403,2024-05-23,3,MC024,EMP0111,146,158
PR004404,2024-05-23,3,MC022,EMP0172,159,158
PR004405,2024-05-23,3,MC019,EMP0016,153,158
PR004406,2024-05-23,4,MC026,EMP0109,197,200
PR004407,2024-05-23,4,MC029,EMP0023,191,200
PR004408,2024-05-23,4,MC027,EMP0071,209,200
PR004409,2024-05-23,5,MC035,EMP0096,128,142
PR004410,2024-05-23,5,MC030,EMP0096,133,142
PR004411,2024-05-23,5,MC034,EMP0060,148,142
PR004412,2024-05-23,5,MC031,EMP0096,150,142
PR004413,2024-05-23,5,MC033,EMP0086,114,142
PR004414,2024-05-23,6,MC039,EMP0144,376,325
PR004415,2024-05-23,6,MC036,EMP0053,362,325
PR004416,2024-05-23,6,MC038,EMP0144,328,325
PR004417,2024-05-24,1,MC005,EMP0018,142,181
PR004418,2024-05-24,1,MC007,EMP0126,128,181
PR004419,2024-05-24,1,MC003,EMP0104,150,181
PR004420,2024-05-24,1,MC008,EMP0061,148,181
PR004421,2024-05-24,1,MC002,EMP0007,175,181
PR004422,2024-05-24,1,MC004,EMP0110,147,181
PR004423,2024-05-24,1,MC001,EMP0044,149,181
PR004424,2024-05-24,2,MC009,EMP0116,94,120
PR004425,2024-05-24,2,MC014,EMP0015,101,120
PR004426,2024-05-24,2,MC011,EMP0170,101,120
PR004427,2024-05-24,2,MC016,EMP0081,91,120
PR004428,2024-05-24,2,MC010,EMP0035,100,120
PR004429,2024-05-24,2,MC012,EMP0021,98,120
PR004430,2024-05-24,2,MC015,EMP0103,97,120
PR004431,2024-05-24,2,MC013,EMP0070,91,120
PR004432,2024-05-24,3,MC019,EMP0013,111,158
PR004433,2024-05-24,3,MC021,EMP0122,123,158
PR004434,2024-05-24,3,MC023,EMP0082,118,158
PR004435,2024-05-24,3,MC022,EMP0159,127,158
PR004436,2024-05-24,3,MC024,EMP0134,122,158
PR004437,2024-05-24,4,MC025,EMP0121,203,200
PR004438,2024-05-24,4,MC026,EMP0023,198,200
PR004439,2024-05-24,4,MC029,EMP0050,204,200
PR004440,2024-05-24,4,MC028,EMP0019,181,200
PR004441,2024-05-24,5,MC035,EMP0101,125,142
PR004442,2024-05-24,5,MC031,EMP0068,110,142
PR004443,2024-05-24,5,MC033,EMP0165,139,142
PR004444,2024-05-24,5,MC030,EMP0145,128,142
PR004445,2024-05-24,6,MC037,EMP0065,259,325
PR004446,2024-05-24,6,MC039,EMP0144,300,325
PR004447,2024-05-24,6,MC038,EMP0171,272,325
PR004448,2024-05-25,1,MC006,EMP0038,180,181
PR004449,2024-05-25,1,MC001,EMP0054,163,181
PR004450,2024-05-25,1,MC007,EMP0126,160,181
PR004451,2024-05-25,1,MC008,EMP0038,155,181
PR004452,2024-05-25,1,MC004,EMP0072,166,181
PR004453,2024-05-25,1,MC002,EMP0177,161,181
PR004454,2024-05-25,1,MC003,EMP0130,142,181
PR004455,2024-05-25,2,MC011,EMP0146,126,120
PR004456,2024-05-25,2,MC009,EMP0117,116,120
PR004457,2024-05-25,2,MC010,EMP0116,125,120
PR004458,2024-05-25,2,MC013,EMP0012,107,120
PR004459,2024-05-25,2,MC012,EMP0178,126,120
PR004460,2024-05-25,2,MC015,EMP0135,115,120
PR004461,2024-05-25,2,MC018,EMP0051,123,120
PR004462,2024-05-25,2,MC016,EMP0123,105,120
PR004463,2024-05-25,3,MC024,EMP0159,155,158
PR004464,2024-05-25,3,MC019,EMP0082,138,158
PR004465,2024-05-25,3,MC023,EMP0034,138,158
PR004466,2024-05-25,3,MC022,EMP0039,153,158
PR004467,2024-05-25,3,MC021,EMP0179,157,158
PR004468,2024-05-25,4,MC026,EMP0174,213,200
PR004469,2024-05-25,4,MC029,EMP0050,211,200
PR004470,2024-05-25,4,MC028,EMP0093,182,200
PR004471,2024-05-25,5,MC033,EMP0101,138,142
PR004472,2024-05-25,5,MC035,EMP0096,132,142
PR004473,2024-05-25,5,MC031,EMP0028,133,142
PR004474,2024-05-25,5,MC034,EMP0086,147,142
PR004475,2024-05-25,6,MC038,EMP0085,348,325
PR004476,2024-05-25,6,MC037,EMP0065,336,325
PR004477,2024-05-25,6,MC036,EMP0152,339,325
PR004478,2024-05-26,1,MC003,EMP0119,60,181
PR004479,2024-05-26,1,MC006,EMP0130,59,181
PR004480,2024-05-26,1,MC002,EMP0092,64,181
PR004481,2024-05-26,1,MC004,EMP0044,69,181
PR004482,2024-05-26,1,MC007,EMP0167,69,181
PR004483,2024-05-26,1,MC005,EMP0038,59,181
PR004484,2024-05-26,2,MC014,EMP0140,36,120
PR004485,2024-05-26,2,MC010,EMP0067,44,120
PR004486,2024-05-26,2,MC009,EMP0070,40,120
PR004487,2024-05-26,2,MC015,EMP0074,41,120
PR004488,2024-05-26,2,MC018,EMP0012,40,120
PR004489,2024-05-26,2,MC013,EMP0135,44,120
PR004490,2024-05-26,2,MC017,EMP0090,40,120
PR004491,2024-05-26,3,MC021,EMP0125,48,158
PR004492,2024-05-26,3,MC024,EMP0039,51,158
PR004493,2024-05-26,3,MC020,EMP0013,53,158
PR004494,2024-05-26,3,MC023,EMP0143,55,158
PR004495,2024-05-26,4,MC027,EMP0174,82,200
PR004496,2024-05-26,4,MC025,EMP0011,74,200
PR004497,2024-05-26,4,MC028,EMP0174,84,200
PR004498,2024-05-26,4,MC026,EMP0087,70,200
PR004499,2024-05-26,5,MC035,EMP0028,52,142
PR004500,2024-05-26,5,MC030,EMP0080,48,142
PR004501,2024-05-26,5,MC032,EMP0165,46,142
PR004502,2024-05-26,5,MC034,EMP0060,39,142
PR004503,2024-05-26,6,MC037,EMP0065,110,325
PR004504,2024-05-26,6,MC038,EMP0100,101,325
PR004505,2024-05-26,6,MC039,EMP0171,119,325
PR004506,2024-05-27,1,MC008,EMP0025,167,181
PR004507,2024-05-27,1,MC005,EMP0072,162,181
PR004508,2024-05-27,1,MC003,EMP0008,157,181
PR004509,2024-05-27,1,MC002,EMP0151,178,181
PR004510,2024-05-27,1,MC007,EMP0137,193,181
PR004511,2024-05-27,1,MC004,EMP0177,144,181
PR004512,2024-05-27,2,MC009,EMP0021,125,120
PR004513,2024-05-27,2,MC015,EMP0173,117,120
PR004514,2024-05-27,2,MC017,EMP0012,106,120
PR004515,2024-05-27,2,MC016,EMP0106,106,120
PR004516,2024-05-27,2,MC014,EMP0067,121,120
PR004517,2024-05-27,2,MC012,EMP0117,121,120
PR004518,2024-05-27,2,MC010,EMP0004,107,120
PR004519,2024-05-27,2,MC013,EMP0040,102,120
PR004520,2024-05-27,3,MC019,EMP0124,160,158
PR004521,2024-05-27,3,MC020,EMP0010,168,158
PR004522,2024-05-27,3,MC024,EMP0033,150,158
PR004523,2024-05-27,3,MC022,EMP0078,172,158
PR004524,2024-05-27,3,MC021,EMP0180,146,158
PR004525,2024-05-27,4,MC025,EMP0050,218,200
PR004526,2024-05-27,4,MC027,EMP0174,227,200
PR004527,2024-05-27,4,MC028,EMP0059,235,200
PR004528,2024-05-27,4,MC029,EMP0132,221,200
PR004529,2024-05-27,5,MC031,EMP0164,146,142
PR004530,2024-05-27,5,MC035,EMP0145,129,142
PR004531,2024-05-27,5,MC034,EMP0150,126,142
PR004532,2024-05-27,5,MC032,EMP0058,123,142
PR004533,2024-05-27,6,MC038,EMP0171,295,325
PR004534,2024-05-27,6,MC039,EMP0085,361,325
PR004535,2024-05-27,6,MC037,EMP0144,371,325
PR004536,2024-05-28,1,MC004,EMP0038,182,181
PR004537,2024-05-28,1,MC005,EMP0032,160,181
PR004538,2024-05-28,1,MC006,EMP0168,200,181
PR004539,2024-05-28,1,MC007,EMP0167,180,181
PR004540,2024-05-28,1,MC008,EMP0160,187,181
PR004541,2024-05-28,1,MC001,EMP0141,192,181
PR004542,2024-05-28,1,MC003,EMP0091,183,181
PR004543,2024-05-28,2,MC017,EMP0149,111,120
PR004544,2024-05-28,2,MC010,EMP0157,112,120
PR004545,2024-05-28,2,MC015,EMP0036,106,120
PR004546,2024-05-28,2,MC013,EMP0001,114,120
PR004547,2024-05-28,2,MC011,EMP0089,132,120
PR004548,2024-05-28,2,MC016,EMP0047,114,120
PR004549,2024-05-28,2,MC012,EMP0149,119,120
PR004550,2024-05-28,2,MC018,EMP0123,113,120
PR004551,2024-05-28,2,MC014,EMP0095,115,120
PR004552,2024-05-28,3,MC021,EMP0034,150,158
PR004553,2024-05-28,3,MC019,EMP0179,136,158
PR004554,2024-05-28,3,MC023,EMP0013,160,158
PR004555,2024-05-28,3,MC022,EMP0034,151,158
PR004556,2024-05-28,3,MC024,EMP0013,146,158
PR004557,2024-05-28,4,MC027,EMP0049,221,200
PR004558,2024-05-28,4,MC025,EMP0023,215,200
PR004559,2024-05-28,4,MC029,EMP0132,236,200
PR004560,2024-05-28,5,MC030,EMP0086,145,142
PR004561,2024-05-28,5,MC033,EMP0145,125,142
PR004562,2024-05-28,5,MC032,EMP0150,136,142
PR004563,2024-05-28,5,MC034,EMP0056,152,142
PR004564,2024-05-28,6,MC038,EMP0152,345,325
PR004565,2024-05-28,6,MC036,EMP0100,343,325
PR004566,2024-05-28,6,MC037,EMP0152,335,325
PR004567,2024-05-29,1,MC006,EMP0118,171,181
PR004568,2024-05-29,1,MC005,EMP0112,178,181
PR004569,2024-05-29,1,MC007,EMP0066,168,181
PR004570,2024-05-29,1,MC008,EMP0030,179,181
PR004571,2024-05-29,1,MC002,EMP0104,196,181
PR004572,2024-05-29,1,MC003,EMP0088,172,181
PR004573,2024-05-29,1,MC004,EMP0118,178,181
PR004574,2024-05-29,2,MC010,EMP0149,122,120
PR004575,2024-05-29,2,MC015,EMP0113,106,120
PR004576,2024-05-29,2,MC017,EMP0081,115,120
PR004577,2024-05-29,2,MC018,EMP0051,127,120
PR004578,2024-05-29,2,MC014,EMP0012,108,120
PR004579,2024-05-29,2,MC009,EMP0045,112,120
PR004580,2024-05-29,2,MC012,EMP0146,108,120
PR004581,2024-05-29,3,MC024,EMP0179,142,158
PR004582,2024-05-29,3,MC021,EMP0159,159,158
PR004583,2024-05-29,3,MC019,EMP0134,173,158
PR004584,2024-05-29,3,MC022,EMP0039,144,158
PR004585,2024-05-29,3,MC023,EMP0006,144,158
PR004586,2024-05-29,4,MC029,EMP0022,203,200
PR004587,2024-05-29,4,MC026,EMP0050,205,200
PR004588,2024-05-29,4,MC028,EMP0023,220,200
PR004589,2024-05-29,4,MC025,EMP0156,215,200
PR004590,2024-05-29,5,MC031,EMP0101,125,142
PR004591,2024-05-29,5,MC030,EMP0080,126,142
PR004592,2024-05-29,5,MC032,EMP0028,135,142
PR004593,2024-05-29,5,MC035,EMP0003,130,142
PR004594,2024-05-29,5,MC034,EMP0056,121,142
PR004595,2024-05-29,6,MC038,EMP0085,353,325
PR004596,2024-05-29,6,MC037,EMP0100,378,325
PR004597,2024-05-29,6,MC036,EMP0065,312,325
PR004598,2024-05-30,1,MC005,EMP0052,178,181
PR004599,2024-05-30,1,MC008,EMP0104,170,181
PR004600,2024-05-30,1,MC007,EMP0097,184,181
PR004601,2024-05-30,1,MC003,EMP0151,174,181
PR004602,2024-05-30,1,MC002,EMP0007,189,181
PR004603,2024-05-30,1,MC004,EMP0176,178,181
PR004604,2024-05-30,1,MC001,EMP0163,171,181
PR004605,2024-05-30,2,MC012,EMP0077,111,120
PR004606,2024-05-30,2,MC010,EMP0148,111,120
PR004607,2024-05-30,2,MC016,EMP0024,115,120
PR004608,2024-05-30,2,MC018,EMP0115,106,120
PR004609,2024-05-30,2,MC011,EMP0047,110,120
PR004610,2024-05-30,2,MC017,EMP0041,100,120
PR004611,2024-05-30,2,MC015,EMP0051,117,120
PR004612,2024-05-30,2,MC014,EMP0077,117,120
PR004613,2024-05-30,3,MC019,EMP0180,140,158
PR004614,2024-05-30,3,MC020,EMP0082,145,158
PR004615,2024-05-30,3,MC024,EMP0055,145,158
PR004616,2024-05-30,3,MC021,EMP0172,147,158
PR004617,2024-05-30,3,MC023,EMP0125,156,158
PR004618,2024-05-30,4,MC025,EMP0071,211,200
PR004619,2024-05-30,4,MC028,EMP0109,218,200
PR004620,2024-05-30,4,MC029,EMP0014,212,200
PR004621,2024-05-30,4,MC027,EMP0049,245,200
PR004622,2024-05-30,5,MC031,EMP0060,140,142
PR004623,2024-05-30,5,MC035,EMP0080,149,142
PR004624,2024-05-30,5,MC034,EMP0096,140,142
PR004625,2024-05-30,5,MC030,EMP0165,139,142
PR004626,2024-05-30,5,MC032,EMP0003,134,142
PR004627,2024-05-30,6,MC036,EMP0144,338,325
PR004628,2024-05-30,6,MC039,EMP0144,317,325
PR004629,2024-05-30,6,MC037,EMP0144,320,325
PR004630,2024-05-31,1,MC001,EMP0112,140,181
PR004631,2024-05-31,1,MC006,EMP0141,166,181
PR004632,2024-05-31,1,MC005,EMP0118,134,181
PR004633,2024-05-31,1,MC003,EMP0161,144,181
PR004634,2024-05-31,1,MC007,EMP0044,146,181
PR004635,2024-05-31,1,MC002,EMP0166,165,181
PR004636,2024-05-31,1,MC008,EMP0017,152,181
PR004637,2024-05-31,2,MC014,EMP0015,105,120
PR004638,2024-05-31,2,MC015,EMP0020,101,120
PR004639,2024-05-31,2,MC018,EMP0027,95,120
PR004640,2024-05-31,2,MC017,EMP0103,97,120
PR004641,2024-05-31,2,MC011,EMP0113,100,120
PR004642,2024-05-31,2,MC012,EMP0021,100,120
PR004643,2024-05-31,2,MC013,EMP0170,95,120
PR004644,2024-05-31,3,MC023,EMP0180,120,158
PR004645,2024-05-31,3,MC021,EMP0016,126,158
PR004646,2024-05-31,3,MC019,EMP0180,138,158
PR004647,2024-05-31,3,MC020,EMP0143,128,158
PR004648,2024-05-31,3,MC024,EMP0034,136,158
PR004649,2024-05-31,4,MC027,EMP0043,189,200
PR004650,2024-05-31,4,MC026,EMP0156,178,200
PR004651,2024-05-31,4,MC025,EMP0121,159,200
PR004652,2024-05-31,4,MC029,EMP0049,153,200
PR004653,2024-05-31,5,MC031,EMP0003,119,142
PR004654,2024-05-31,5,MC035,EMP0086,125,142
PR004655,2024-05-31,5,MC034,EMP0056,112,142
PR004656,2024-05-31,5,MC033,EMP0086,110,142
PR004657,2024-05-31,6,MC037,EMP0046,288,325
PR004658,2024-05-31,6,MC036,EMP0053,293,325
PR004659,2024-05-31,6,MC039,EMP0046,270,325
PR004660,2024-06-01,1,MC001,EMP0160,159,181
PR004661,2024-06-01,1,MC003,EMP0137,168,181
PR004662,2024-06-01,1,MC004,EMP0094,157,181
PR004663,2024-06-01,1,MC002,EMP0052,130,181
PR004664,2024-06-01,1,MC007,EMP0137,160,181
PR004665,2024-06-01,1,MC005,EMP0107,135,181
PR004666,2024-06-01,1,MC006,EMP0102,125,181
PR004667,2024-06-01,2,MC011,EMP0040,101,120
PR004668,2024-06-01,2,MC012,EMP0009,106,120
PR004669,2024-06-01,2,MC010,EMP0133,85,120
PR004670,2024-06-01,2,MC013,EMP0074,85,120
PR004671,2024-06-01,2,MC017,EMP0048,87,120
PR004672,2024-06-01,2,MC014,EMP0020,103,120
PR004673,2024-06-01,2,MC018,EMP0035,101,120
PR004674,2024-06-01,2,MC016,EMP0178,99,120
PR004675,2024-06-01,2,MC015,EMP0090,104,120
PR004676,2024-06-01,3,MC022,EMP0180,124,158
PR004677,2024-06-01,3,MC020,EMP0010,121,158
PR004678,2024-06-01,3,MC023,EMP0180,136,158
PR004679,2024-06-01,3,MC019,EMP0055,125,158
PR004680,2024-06-01,3,MC021,EMP0013,127,158
PR004681,2024-06-01,4,MC027,EMP0087,197,200
PR004682,2024-06-01,4,MC026,EMP0043,152,200
PR004683,2024-06-01,4,MC029,EMP0127,153,200
PR004684,2024-06-01,4,MC025,EMP0022,185,200
PR004685,2024-06-01,5,MC033,EMP0058,109,142
PR004686,2024-06-01,5,MC032,EMP0068,124,142
PR004687,2024-06-01,5,MC031,EMP0086,110,142
PR004688,2024-06-01,5,MC034,EMP0164,128,142
PR004689,2024-06-01,5,MC035,EMP0096,116,142
PR004690,2024-06-01,6,MC037,EMP0085,299,325
PR004691,2024-06-01,6,MC038,EMP0152,285,325
PR004692,2024-06-01,6,MC039,EMP0085,268,325
PR004693,2024-06-02,1,MC006,EMP0126,60,181
PR004694,2024-06-02,1,MC007,EMP0130,53,181
PR004695,2024-06-02,1,MC003,EMP0162,57,181
PR004696,2024-06-02,1,MC004,EMP0102,52,181
PR004697,2024-06-02,1,MC005,EMP0097,49,181
PR004698,2024-06-02,1,MC008,EMP0168,52,181
PR004699,2024-06-02,2,MC012,EMP0045,37,120
PR004700,2024-06-02,2,MC015,EMP0021,33,120
PR004701,2024-06-02,2,MC016,EMP0149,37,120
PR004702,2024-06-02,2,MC018,EMP0045,34,120
PR004703,2024-06-02,2,MC011,EMP0041,32,120
PR004704,2024-06-02,2,MC010,EMP0076,35,120
PR004705,2024-06-02,2,MC014,EMP0077,37,120
PR004706,2024-06-02,2,MC017,EMP0015,35,120
PR004707,2024-06-02,2,MC009,EMP0083,37,120
PR004708,2024-06-02,3,MC021,EMP0064,42,158
PR004709,2024-06-02,3,MC020,EMP0143,40,158
PR004710,2024-06-02,3,MC022,EMP0099,53,158
PR004711,2024-06-02,3,MC023,EMP0029,42,158
PR004712,2024-06-02,3,MC019,EMP0064,46,158
PR004713,2024-06-02,4,MC025,EMP0109,64,200
PR004714,2024-06-02,4,MC028,EMP0131,60,200
PR004715,2024-06-02,4,MC027,EMP0022,66,200
PR004716,2024-06-02,5,MC032,EMP0145,42,142
PR004717,2024-06-02,5,MC030,EMP0101,33,142
PR004718,2024-06-02,5,MC031,EMP0068,37,142
PR004719,2024-06-02,5,MC035,EMP0060,37,142
PR004720,2024-06-02,5,MC033,EMP0028,34,142
PR004721,2024-06-02,6,MC038,EMP0046,99,325
PR004722,2024-06-02,6,MC039,EMP0046,99,325
PR004723,2024-06-02,6,MC036,EMP0046,100,325
PR004724,2024-06-03,1,MC005,EMP0158,150,181
PR004725,2024-06-03,1,MC003,EMP0141,122,181
PR004726,2024-06-03,1,MC006,EMP0168,169,181
PR004727,2024-06-03,1,MC004,EMP0162,146,181
PR004728,2024-06-03,1,MC008,EMP0066,151,181
PR004729,2024-06-03,1,MC007,EMP0032,168,181
PR004730,2024-06-03,1,MC002,EMP0032,140,181
PR004731,2024-06-03,2,MC013,EMP0070,93,120
PR004732,2024-06-03,2,MC018,EMP0149,83,120
PR004733,2024-06-03,2,MC009,EMP0103,87,120
PR004734,2024-06-03,2,MC011,EMP0051,102,120
PR004735,2024-06-03,2,MC014,EMP0140,104,120
PR004736,2024-06-03,2,MC010,EMP0067,99,120
PR004737,2024-06-03,2,MC016,EMP0169,96,120
PR004738,2024-06-03,2,MC015,EMP0178,96,120
PR004739,2024-06-03,3,MC021,EMP0013,131,158
PR004740,2024-06-03,3,MC020,EMP0006,136,158
PR004741,2024-06-03,3,MC024,EMP0124,118,158
PR004742,2024-06-03,3,MC023,EMP0099,120,158
PR004743,2024-06-03,3,MC019,EMP0029,127,158
PR004744,2024-06-03,4,MC026,EMP0174,178,200
PR004745,2024-06-03,4,MC025,EMP0156,197,200
PR004746,2024-06-03,4,MC027,EMP0011,149,200
PR004747,2024-06-03,5,MC031,EMP0164,109,142
PR004748,2024-06-03,5,MC035,EMP0028,120,142
PR004749,2024-06-03,5,MC034,EMP0056,110,142
PR004750,2024-06-03,5,MC030,EMP0145,112,142
PR004751,2024-06-03,5,MC032,EMP0056,100,142
PR004752,2024-06-03,6,MC037,EMP0065,308,325
PR004753,2024-06-03,6,MC039,EMP0142,299,325
PR004754,2024-06-03,6,MC036,EMP0100,294,325
PR004755,2024-06-04,1,MC006,EMP0168,155,181
PR004756,2024-06-04,1,MC001,EMP0112,157,181
PR004757,2024-06-04,1,MC004,EMP0167,162,181
PR004758,2024-06-04,1,MC005,EMP0151,127,181
PR004759,2024-06-04,1,MC002,EMP0168,136,181
PR004760,2024-06-04,1,MC007,EMP0025,161,181
PR004761,2024-06-04,2,MC014,EMP0021,96,120
PR004762,2024-06-04,2,MC012,EMP0157,103,120
PR004763,2024-06-04,2,MC009,EMP0063,111,120
PR004764,2024-06-04,2,MC018,EMP0001,103,120
PR004765,2024-06-04,2,MC011,EMP0004,98,120
PR004766,2024-06-04,2,MC013,EMP0081,98,120
PR004767,2024-06-04,2,MC010,EMP0036,89,120
PR004768,2024-06-04,2,MC015,EMP0031,112,120
PR004769,2024-06-04,2,MC016,EMP0114,95,120
PR004770,2024-06-04,3,MC020,EMP0122,136,158
PR004771,2024-06-04,3,MC021,EMP0016,131,158
PR004772,2024-06-04,3,MC024,EMP0016,119,158
PR004773,2024-06-04,3,MC019,EMP0039,149,158
PR004774,2024-06-04,3,MC023,EMP0069,131,158
PR004775,2024-06-04,4,MC026,EMP0093,183,200
PR004776,2024-06-04,4,MC028,EMP0050,184,200
PR004777,2024-06-04,4,MC025,EMP0002,185,200
PR004778,2024-06-04,4,MC029,EMP0050,160,200
PR004779,2024-06-04,5,MC035,EMP0150,119,142
PR004780,2024-06-04,5,MC030,EMP0150,107,142
PR004781,2024-06-04,5,MC033,EMP0096,103,142
PR004782,2024-06-04,5,MC034,EMP0145,120,142
PR004783,2024-06-04,5,MC031,EMP0080,110,142
PR004784,2024-06-04,6,MC039,EMP0046,299,325
PR004785,2024-06-04,6,MC037,EMP0155,263,325
PR004786,2024-06-04,6,MC038,EMP0100,263,325
PR004787,2024-06-05,1,MC003,EMP0118,143,181
PR004788,2024-06-05,1,MC004,EMP0118,163,181
PR004789,2024-06-05,1,MC007,EMP0057,162,181
PR004790,2024-06-05,1,MC005,EMP0044,142,181
PR004791,2024-06-05,1,MC001,EMP0119,157,181
PR004792,2024-06-05,1,MC008,EMP0088,136,181
PR004793,2024-06-05,2,MC014,EMP0041,101,120
PR004794,2024-06-05,2,MC010,EMP0105,100,120
PR004795,2024-06-05,2,MC018,EMP0135,120,120
PR004796,2024-06-05,2,MC009,EMP0001,86,120
PR004797,2024-06-05,2,MC017,EMP0074,89,120
PR004798,2024-06-05,2,MC013,EMP0178,96,120
PR004799,2024-06-05,2,MC016,EMP0133,95,120
PR004800,2024-06-05,3,MC020,EMP0180,134,158
PR004801,2024-06-05,3,MC023,EMP0180,119,158
PR004802,2024-06-05,3,MC022,EMP0078,130,158
PR004803,2024-06-05,3,MC024,EMP0124,126,158
PR004804,2024-06-05,3,MC021,EMP0033,147,158
PR004805,2024-06-05,4,MC025,EMP0049,183,200
PR004806,2024-06-05,4,MC029,EMP0093,177,200
PR004807,2024-06-05,4,MC027,EMP0019,193,200
PR004808,2024-06-05,5,MC032,EMP0058,88,142
PR004809,2024-06-05,5,MC035,EMP0150,116,142
PR004810,2024-06-05,5,MC033,EMP0080,118,142
PR004811,2024-06-05,5,MC031,EMP0165,114,142
PR004812,2024-06-05,5,MC030,EMP0145,104,142
PR004813,2024-06-05,6,MC036,EMP0085,298,325
PR004814,2024-06-05,6,MC038,EMP0144,259,325
PR004815,2024-06-05,6,MC039,EMP0085,248,325
PR004816,2024-06-06,1,MC008,EMP0091,137,181
PR004817,2024-06-06,1,MC007,EMP0091,143,181
PR004818,2024-06-06,1,MC005,EMP0168,145,181
PR004819,2024-06-06,1,MC002,EMP0044,142,181
PR004820,2024-06-06,1,MC003,EMP0166,144,181
PR004821,2024-06-06,1,MC004,EMP0167,137,181
PR004822,2024-06-06,1,MC006,EMP0130,152,181
PR004823,2024-06-06,2,MC009,EMP0081,107,120
PR004824,2024-06-06,2,MC014,EMP0026,94,120
PR004825,2024-06-06,2,MC016,EMP0170,81,120
PR004826,2024-06-06,2,MC011,EMP0146,91,120
PR004827,2024-06-06,2,MC018,EMP0113,110,120
PR004828,2024-06-06,2,MC017,EMP0116,84,120
PR004829,2024-06-06,2,MC013,EMP0045,111,120
PR004830,2024-06-06,3,MC021,EMP0034,134,158
PR004831,2024-06-06,3,MC024,EMP0111,122,158
PR004832,2024-06-06,3,MC019,EMP0082,132,158
PR004833,2024-06-06,3,MC022,EMP0029,143,158
PR004834,2024-06-06,4,MC029,EMP0062,202,200
PR004835,2024-06-06,4,MC027,EMP0062,171,200
PR004836,2024-06-06,4,MC026,EMP0087,190,200
PR004837,2024-06-06,4,MC025,EMP0108,156,200
PR004838,2024-06-06,5,MC035,EMP0164,107,142
PR004839,2024-06-06,5,MC032,EMP0164,106,142
PR004840,2024-06-06,5,MC031,EMP0060,127,142
PR004841,2024-06-06,5,MC033,EMP0086,114,142
PR004842,2024-06-06,5,MC030,EMP0058,111,142
PR004843,2024-06-06,6,MC039,EMP0065,234,325
PR004844,2024-06-06,6,MC036,EMP0171,275,325
PR004845,2024-06-06,6,MC038,EMP0120,254,325
PR004846,2024-06-07,1,MC007,EMP0005,129,181
PR004847,2024-06-07,1,MC008,EMP0044,140,181
PR004848,2024-06-07,1,MC006,EMP0073,146,181
PR004849,2024-06-07,1,MC003,EMP0057,143,181
PR004850,2024-06-07,1,MC001,EMP0151,137,181
PR004851,2024-06-07,1,MC002,EMP0130,139,181
PR004852,2024-06-07,1,MC004,EMP0044,131,181
PR004853,2024-06-07,2,MC016,EMP0063,83,120
PR004854,2024-06-07,2,MC015,EMP0103,74,120
PR004855,2024-06-07,2,MC011,EMP0036,90,120
PR004856,2024-06-07,2,MC009,EMP0106,91,120
PR004857,2024-06-07,2,MC012,EMP0009,84,120
PR004858,2024-06-07,2,MC017,EMP0133,85,120
PR004859,2024-06-07,2,MC010,EMP0024,89,120
PR004860,2024-06-07,2,MC013,EMP0042,84,120
PR004861,2024-06-07,3,MC021,EMP0122,103,158
PR004862,2024-06-07,3,MC023,EMP0134,105,158
PR004863,2024-06-07,3,MC019,EMP0124,116,158
PR004864,2024-06-07,3,MC024,EMP0039,103,158
PR004865,2024-06-07,3,MC022,EMP0078,108,158
PR004866,2024-06-07,4,MC028,EMP0049,142,200
PR004867,2024-06-07,4,MC029,EMP0153,156,200
PR004868,2024-06-07,4,MC027,EMP0109,132,200
PR004869,2024-06-07,4,MC026,EMP0002,151,200
PR004870,2024-06-07,5,MC031,EMP0028,98,142
PR004871,2024-06-07,5,MC034,EMP0028,86,142
PR004872,2024-06-07,5,MC032,EMP0086,87,142
PR004873,2024-06-07,5,MC035,EMP0080,99,142
PR004874,2024-06-07,5,MC033,EMP0101,90,142
PR004875,2024-06-07,6,MC038,EMP0053,233,325
PR004876,2024-06-07,6,MC037,EMP0152,197,325
PR004877,2024-06-07,6,MC036,EMP0120,216,325
PR004878,2024-06-08,1,MC007,EMP0005,146,181
PR004879,2024-06-08,1,MC001,EMP0112,134,181
PR004880,2024-06-08,1,MC006,EMP0038,135,181
PR004881,2024-06-08,1,MC003,EMP0061,152,181
PR004882,2024-06-08,1,MC005,EMP0166,152,181
PR004883,2024-06-08,1,MC004,EMP0163,168,181
PR004884,2024-06-08,1,MC002,EMP0061,126,181
PR004885,2024-06-08,2,MC013,EMP0036,97,120
PR004886,2024-06-08,2,MC010,EMP0113,114,120
PR004887,2024-06-08,2,MC015,EMP0063,94,120
PR004888,2024-06-08,2,MC017,EMP0115,91,120
PR004889,2024-06-08,2,MC018,EMP0021,88,120
PR004890,2024-06-08,2,MC016,EMP0051,90,120
PR004891,2024-06-08,2,MC012,EMP0024,98,120
PR004892,2024-06-08,2,MC014,EMP0095,99,120
PR004893,2024-06-08,2,MC011,EMP0103,109,120
PR004894,2024-06-08,3,MC024,EMP0172,102,158
PR004895,2024-06-08,3,MC022,EMP0055,117,158
PR004896,2024-06-08,3,MC019,EMP0124,119,158
PR004897,2024-06-08,3,MC021,EMP0010,123,158
PR004898,2024-06-08,4,MC025,EMP0049,192,200
PR004899,2024-06-08,4,MC026,EMP0002,173,200
PR004900,2024-06-08,4,MC027,EMP0156,183,200
PR004901,2024-06-08,4,MC029,EMP0121,176,200
PR004902,2024-06-08,5,MC032,EMP0101,109,142
PR004903,2024-06-08,5,MC033,EMP0080,104,142
PR004904,2024-06-08,5,MC035,EMP0096,113,142
PR004905,2024-06-08,5,MC031,EMP0058,110,142
PR004906,2024-06-08,5,MC030,EMP0096,120,142
PR004907,2024-06-08,6,MC038,EMP0065,235,325
PR004908,2024-06-08,6,MC037,EMP0152,272,325
PR004909,2024-06-08,6,MC036,EMP0065,275,325
PR004910,2024-06-09,1,MC004,EMP0008,54,181
PR004911,2024-06-09,1,MC002,EMP0037,50,181
PR004912,2024-06-09,1,MC007,EMP0030,48,181
PR004913,2024-06-09,1,MC003,EMP0094,52,181
PR004914,2024-06-09,1,MC005,EMP0112,54,181
PR004915,2024-06-09,1,MC001,EMP0005,53,181
PR004916,2024-06-09,1,MC008,EMP0005,57,181
PR004917,2024-06-09,2,MC015,EMP0047,33,120
PR004918,2024-06-09,2,MC017,EMP0090,34,120
PR004919,2024-06-09,2,MC010,EMP0178,31,120
PR004920,2024-06-09,2,MC009,EMP0106,34,120
PR004921,2024-06-09,2,MC014,EMP0116,31,120
PR004922,2024-06-09,2,MC013,EMP0139,34,120
PR004923,2024-06-09,2,MC012,EMP0117,37,120
PR004924,2024-06-09,2,MC018,EMP0133,33,120
PR004925,2024-06-09,3,MC023,EMP0179,39,158
PR004926,2024-06-09,3,MC019,EMP0159,42,158
PR004927,2024-06-09,3,MC024,EMP0122,50,158
PR004928,2024-06-09,3,MC022,EMP0029,45,158
PR004929,2024-06-09,4,MC029,EMP0121,53,200
PR004930,2024-06-09,4,MC026,EMP0002,70,200
PR004931,2024-06-09,4,MC028,EMP0175,62,200
PR004932,2024-06-09,4,MC025,EMP0153,66,200
PR004933,2024-06-09,5,MC033,EMP0086,46,142
PR004934,2024-06-09,5,MC034,EMP0086,41,142
PR004935,2024-06-09,5,MC035,EMP0058,35,142
PR004936,2024-06-09,5,MC032,EMP0068,38,142
PR004937,2024-06-09,5,MC030,EMP0086,39,142
PR004938,2024-06-09,6,MC039,EMP0100,92,325
PR004939,2024-06-09,6,MC037,EMP0155,112,325
PR004940,2024-06-09,6,MC036,EMP0152,90,325
PR004941,2024-06-10,1,MC008,EMP0038,151,181
PR004942,2024-06-10,1,MC006,EMP0158,139,181
PR004943,2024-06-10,1,MC001,EMP0018,150,181
PR004944,2024-06-10,1,MC003,EMP0110,181,181
PR004945,2024-06-10,1,MC005,EMP0054,152,181
PR004946,2024-06-10,1,MC004,EMP0158,141,181
PR004947,2024-06-10,2,MC018,EMP0173,89,120
PR004948,2024-06-10,2,MC017,EMP0026,102,120
PR004949,2024-06-10,2,MC015,EMP0012,75,120
PR004950,2024-06-10,2,MC014,EMP0115,91,120
PR004951,2024-06-10,2,MC012,EMP0076,98,120
PR004952,2024-06-10,2,MC009,EMP0048,102,120
PR004953,2024-06-10,2,MC011,EMP0040,98,120
PR004954,2024-06-10,2,MC013,EMP0024,102,120
PR004955,2024-06-10,2,MC010,EMP0074,91,120
PR004956,2024-06-10,3,MC024,EMP0143,119,158
PR004957,2024-06-10,3,MC023,EMP0136,119,158
PR004958,2024-06-10,3,MC022,EMP0016,125,158
PR004959,2024-06-10,3,MC021,EMP0034,133,158
PR004960,2024-06-10,3,MC019,EMP0039,139,158
PR004961,2024-06-10,4,MC025,EMP0109,184,200
PR004962,2024-06-10,4,MC026,EMP0108,192,200
PR004963,2024-06-10,4,MC027,EMP0156,192,200
PR004964,2024-06-10,4,MC028,EMP0127,186,200
PR004965,2024-06-10,5,MC030,EMP0058,118,142
PR004966,2024-06-10,5,MC035,EMP0058,120,142
PR004967,2024-06-10,5,MC033,EMP0096,109,142
PR004968,2024-06-10,5,MC032,EMP0060,118,142
PR004969,2024-06-10,5,MC031,EMP0068,112,142
PR004970,2024-06-10,6,MC037,EMP0120,281,325
PR004971,2024-06-10,6,MC039,EMP0053,264,325
PR004972,2024-06-10,6,MC036,EMP0046,308,325
PR004973,2024-06-11,1,MC003,EMP0158,147,181
PR004974,2024-06-11,1,MC008,EMP0066,139,181
PR004975,2024-06-11,1,MC004,EMP0061,146,181
PR004976,2024-06-11,1,MC006,EMP0092,142,181
PR004977,2024-06-11,1,MC005,EMP0162,156,181
PR004978,2024-06-11,1,MC001,EMP0177,152,181
PR004979,2024-06-11,2,MC014,EMP0009,86,120
PR004980,2024-06-11,2,MC013,EMP0157,99,120
PR004981,2024-06-11,2,MC012,EMP0001,94,120
PR004982,2024-06-11,2,MC018,EMP0098,90,120
PR004983,2024-06-11,2,MC009,EMP0148,88,120
PR004984,2024-06-11,2,MC015,EMP0063,103,120
PR004985,2024-06-11,2,MC011,EMP0128,99,120
PR004986,2024-06-11,3,MC019,EMP0033,124,158
PR004987,2024-06-11,3,MC020,EMP0034,97,158
PR004988,2024-06-11,3,MC023,EMP0029,130,158
PR004989,2024-06-11,3,MC022,EMP0069,124,158
PR004990,2024-06-11,3,MC024,EMP0078,122,158
PR004991,2024-06-11,4,MC025,EMP0019,167,200
PR004992,2024-06-11,4,MC029,EMP0062,191,200
PR004993,2024-06-11,4,MC026,EMP0023,193,200
PR004994,2024-06-11,4,MC028,EMP0023,182,200
PR004995,2024-06-11,5,MC035,EMP0086,117,142
PR004996,2024-06-11,5,MC033,EMP0058,119,142
PR004997,2024-06-11,5,MC034,EMP0068,110,142
PR004998,2024-06-11,5,MC032,EMP0068,111,142
PR004999,2024-06-11,5,MC031,EMP0145,106,142
PR005000,2024-06-11,6,MC039,EMP0046,300,325
PR005001,2024-06-11,6,MC037,EMP0155,273,325
PR005002,2024-06-11,6,MC036,EMP0171,292,325
PR005003,2024-06-12,1,MC006,EMP0054,154,181
PR005004,2024-06-12,1,MC007,EMP0038,160,181
PR005005,2024-06-12,1,MC002,EMP0167,155,181
PR005006,2024-06-12,1,MC008,EMP0066,143,181
PR005007,2024-06-12,1,MC001,EMP0075,159,181
PR005008,2024-06-12,1,MC005,EMP0038,169,181
PR005009,2024-06-12,1,MC004,EMP0130,135,181
PR005010,2024-06-12,2,MC017,EMP0027,109,120
PR005011,2024-06-12,2,MC014,EMP0178,97,120
PR005012,2024-06-12,2,MC010,EMP0067,86,120
PR005013,2024-06-12,2,MC012,EMP0105,95,120
PR005014,2024-06-12,2,MC009,EMP0173,95,120
PR005015,2024-06-12,2,MC016,EMP0105,91,120
PR005016,2024-06-12,2,MC018,EMP0015,92,120
PR005017,2024-06-12,2,MC015,EMP0079,95,120
PR005018,2024-06-12,2,MC013,EMP0045,80,120
PR005019,2024-06-12,3,MC021,EMP0179,129,158
PR005020,2024-06-12,3,MC022,EMP0136,129,158
PR005021,2024-06-12,3,MC019,EMP0172,133,158
PR005022,2024-06-12,3,MC020,EMP0180,125,158
PR005023,2024-06-12,3,MC023,EMP0064,113,158
PR005024,2024-06-12,4,MC028,EMP0175,167,200
PR005025,2024-06-12,4,MC025,EMP0127,176,200
PR005026,2024-06-12,4,MC026,EMP0175,186,200
PR005027,2024-06-12,5,MC032,EMP0003,106,142
PR005028,2024-06-12,5,MC033,EMP0165,94,142
PR005029,2024-06-12,5,MC035,EMP0164,121,142
PR005030,2024-06-12,5,MC034,EMP0058,119,142
PR005031,2024-06-12,5,MC030,EMP0150,109,142
PR005032,2024-06-12,6,MC037,EMP0085,289,325
PR005033,2024-06-12,6,MC036,EMP0152,311,325
PR005034,2024-06-12,6,MC038,EMP0144,257,325
PR005035,2024-06-13,1,MC002,EMP0126,141,181
PR005036,2024-06-13,1,MC003,EMP0110,156,181
PR005037,2024-06-13,1,MC001,EMP0160,142,181
PR005038,2024-06-13,1,MC007,EMP0110,147,181
PR005039,2024-06-13,1,MC004,EMP0007,146,181
PR005040,2024-06-13,1,MC005,EMP0008,141,181
PR005041,2024-06-13,2,MC012,EMP0113,100,120
PR005042,2024-06-13,2,MC011,EMP0070,105,120
PR005043,2024-06-13,2,MC018,EMP0106,96,120
PR005044,2024-06-13,2,MC010,EMP0063,95,120
PR005045,2024-06-13,2,MC016,EMP0105,91,120
PR005046,2024-06-13,2,MC009,EMP0098,102,120
PR005047,2024-06-13,2,MC014,EMP0027,87,120
PR005048,2024-06-13,2,MC017,EMP0133,104,120
PR005049,2024-06-13,2,MC013,EMP0021,89,120
PR005050,2024-06-13,3,MC024,EMP0084,135,158
PR005051,2024-06-13,3,MC021,EMP0180,125,158
PR005052,2024-06-13,3,MC019,EMP0034,145,158
PR005053,2024-06-13,3,MC020,EMP0122,135,158
PR005054,2024-06-13,4,MC028,EMP0093,187,200
PR005055,2024-06-13,4,MC026,EMP0087,185,200
PR005056,2024-06-13,4,MC027,EMP0121,184,200
PR005057,2024-06-13,4,MC025,EMP0023,175,200
PR005058,2024-06-13,5,MC030,EMP0058,101,142
PR005059,2024-06-13,5,MC031,EMP0165,117,142
PR005060,2024-06-13,5,MC033,EMP0028,118,142
PR005061,2024-06-13,5,MC034,EMP0150,119,142
PR005062,2024-06-13,6,MC036,EMP0065,281,325
PR005063,2024-06-13,6,MC037,EMP0142,268,325
PR005064,2024-06-13,6,MC039,EMP0065,269,325
PR005065,2024-06-14,1,MC001,EMP0118,109,181
PR005066,2024-06-14,1,MC003,EMP0017,126,181
PR005067,2024-06-14,1,MC006,EMP0119,140,181
PR005068,2024-06-14,1,MC005,EMP0057,109,181
PR005069,2024-06-14,1,MC002,EMP0126,136,181
PR005070,2024-06-14,1,MC004,EMP0092,118,181
PR005071,2024-06-14,1,MC007,EMP0052,125,181
PR005072,2024-06-14,2,MC011,EMP0020,78,120
PR005073,2024-06-14,2,MC010,EMP0070,82,120
PR005074,2024-06-14,2,MC012,EMP0067,90,120
PR005075,2024-06-14,2,MC014,EMP0146,78,120
PR005076,2024-06-14,2,MC009,EMP0133,84,120
PR005077,2024-06-14,2,MC013,EMP0074,84,120
PR005078,2024-06-14,2,MC015,EMP0027,84,120
PR005079,2024-06-14,3,MC022,EMP0172,108,158
PR005080,2024-06-14,3,MC021,EMP0069,108,158
PR005081,2024-06-14,3,MC020,EMP0125,103,158
PR005082,2024-06-14,3,MC023,EMP0069,119,158
PR005083,2024-06-14,4,MC029,EMP0175,139,200
PR005084,2024-06-14,4,MC026,EMP0049,159,200
PR005085,2024-06-14,4,MC025,EMP0087,137,200
PR005086,2024-06-14,4,MC028,EMP0121,153,200
PR005087,2024-06-14,5,MC031,EMP0086,102,142
PR005088,2024-06-14,5,MC032,EMP0165,91,142
PR005089,2024-06-14,5,MC033,EMP0068,96,142
PR005090,2024-06-14,5,MC030,EMP0150,88,142
PR005091,2024-06-14,5,MC035,EMP0101,98,142
PR005092,2024-06-14,6,MC038,EMP0171,259,325
PR005093,2024-06-14,6,MC037,EMP0046,283,325
PR005094,2024-06-14,6,MC039,EMP0142,251,325
PR005095,2024-06-15,1,MC005,EMP0162,154,181
PR005096,2024-06-15,1,MC004,EMP0092,146,181
PR005097,2024-06-15,1,MC006,EMP0072,158,181
PR005098,2024-06-15,1,MC003,EMP0166,154,181
PR005099,2024-06-15,1,MC007,EMP0163,128,181
PR005100,2024-06-15,1,MC001,EMP0177,144,181
PR005101,2024-06-15,2,MC009,EMP0090,95,120
PR005102,2024-06-15,2,MC012,EMP0081,101,120
PR005103,2024-06-15,2,MC011,EMP0036,98,120
PR005104,2024-06-15,2,MC013,EMP0105,95,120
PR005105,2024-06-15,2,MC010,EMP0081,104,120
PR005106,2024-06-15,2,MC015,EMP0148,104,120
PR005107,2024-06-15,2,MC016,EMP0012,101,120
PR005108,2024-06-15,3,MC020,EMP0159,141,158
PR005109,2024-06-15,3,MC023,EMP0055,101,158
PR005110,2024-06-15,3,MC021,EMP0034,115,158
PR005111,2024-06-15,3,MC019,EMP0082,134,158
PR005112,2024-06-15,3,MC024,EMP0125,110,158
PR005113,2024-06-15,4,MC027,EMP0087,178,200
PR005114,2024-06-15,4,MC028,EMP0087,190,200
PR005115,2024-06-15,4,MC026,EMP0050,182,200
PR005116,2024-06-15,4,MC025,EMP0022,183,200
PR005117,2024-06-15,5,MC034,EMP0056,109,142
PR005118,2024-06-15,5,MC032,EMP0028,129,142
PR005119,2024-06-15,5,MC033,EMP0145,102,142
PR005120,2024-06-15,5,MC030,EMP0145,123,142
PR005121,2024-06-15,5,MC031,EMP0150,107,142
PR005122,2024-06-15,6,MC039,EMP0155,275,325
PR005123,2024-06-15,6,MC038,EMP0152,247,325
PR005124,2024-06-15,6,MC037,EMP0085,286,325
PR005125,2024-06-16,1,MC002,EMP0075,55,181
PR005126,2024-06-16,1,MC007,EMP0110,56,181
PR005127,2024-06-16,1,MC001,EMP0160,53,181
PR005128,2024-06-16,1,MC005,EMP0008,53,181
PR005129,2024-06-16,1,MC004,EMP0032,51,181
PR005130,2024-06-16,1,MC006,EMP0054,53,181
PR005131,2024-06-16,1,MC003,EMP0162,56,181
PR005132,2024-06-16,2,MC016,EMP0139,37,120
PR005133,2024-06-16,2,MC011,EMP0021,32,120
PR005134,2024-06-16,2,MC012,EMP0135,34,120
PR005135,2024-06-16,2,MC015,EMP0135,32,120
PR005136,2024-06-16,2,MC014,EMP0048,36,120
PR005137,2024-06-16,2,MC013,EMP0140,35,120
PR005138,2024-06-16,2,MC018,EMP0063,31,120
PR005139,2024-06-16,2,MC009,EMP0063,33,120
PR005140,2024-06-16,3,MC020,EMP0082,41,158
PR005141,2024-06-16,3,MC023,EMP0179,42,158
PR005142,2024-06-16,3,MC019,EMP0078,41,158
PR005143,2024-06-16,3,MC021,EMP0122,49,158
PR005144,2024-06-16,4,MC027,EMP0049,56,200
PR005145,2024-06-16,4,MC025,EMP0156,66,200
PR005146,2024-06-16,4,MC029,EMP0043,58,200
PR005147,2024-06-16,5,MC031,EMP0150,44,142
PR005148,2024-06-16,5,MC030,EMP0028,39,142
PR005149,2024-06-16,5,MC034,EMP0145,34,142
PR005150,2024-06-16,5,MC033,EMP0003,43,142
PR005151,2024-06-16,5,MC032,EMP0003,41,142
PR005152,2024-06-16,6,MC036,EMP0065,94,325
PR005153,2024-06-16,6,MC039,EMP0046,110,325
PR005154,2024-06-16,6,MC037,EMP0046,106,325
PR005155,2024-06-17,1,MC003,EMP0038,130,181
PR005156,2024-06-17,1,MC007,EMP0166,139,181
PR005157,2024-06-17,1,MC005,EMP0037,153,181
PR005158,2024-06-17,1,MC001,EMP0177,142,181
PR005159,2024-06-17,1,MC006,EMP0073,154,181
PR005160,2024-06-17,1,MC008,EMP0038,146,181
PR005161,2024-06-17,1,MC002,EMP0007,155,181
PR005162,2024-06-17,2,MC015,EMP0004,95,120
PR005163,2024-06-17,2,MC018,EMP0114,98,120
PR005164,2024-06-17,2,MC017,EMP0095,88,120
PR005165,2024-06-17,2,MC016,EMP0031,103,120
PR005166,2024-06-17,2,MC009,EMP0133,107,120
PR005167,2024-06-17,2,MC011,EMP0089,97,120
PR005168,2024-06-17,2,MC013,EMP0026,92,120
PR005169,2024-06-17,2,MC012,EMP0135,105,120
PR005170,2024-06-17,2,MC014,EMP0129,101,120
PR005171,2024-06-17,3,MC023,EMP0172,118,158
PR005172,2024-06-17,3,MC019,EMP0016,135,158
PR005173,2024-06-17,3,MC021,EMP0010,133,158
PR005174,2024-06-17,3,MC022,EMP0122,143,158
PR005175,2024-06-17,4,MC029,EMP0131,170,200
PR005176,2024-06-17,4,MC026,EMP0174,126,200
PR005177,2024-06-17,4,MC027,EMP0022,207,200
PR005178,2024-06-17,5,MC030,EMP0165,122,142
PR005179,2024-06-17,5,MC035,EMP0096,101,142
PR005180,2024-06-17,5,MC033,EMP0058,126,142
PR005181,2024-06-17,5,MC032,EMP0101,116,142
PR005182,2024-06-17,6,MC039,EMP0120,290,325
PR005183,2024-06-17,6,MC038,EMP0046,261,325
PR005184,2024-06-17,6,MC037,EMP0144,238,325
PR005185,2024-06-18,1,MC008,EMP0052,172,181
PR005186,2024-06-18,1,MC002,EMP0162,155,181
PR005187,2024-06-18,1,MC006,EMP0018,153,181
PR005188,2024-06-18,1,MC004,EMP0163,154,181
PR005189,2024-06-18,1,MC005,EMP0141,118,181
PR005190,2024-06-18,1,MC001,EMP0119,167,181
PR005191,2024-06-18,2,MC015,EMP0148,83,120
PR005192,2024-06-18,2,MC009,EMP0012,106,120
PR005193,2024-06-18,2,MC016,EMP0035,104,120
PR005194,2024-06-18,2,MC014,EMP0117,88,120
PR005195,2024-06-18,2,MC010,EMP0129,103,120
PR005196,2024-06-18,2,MC013,EMP0089,107,120
PR005197,2024-06-18,2,MC018,EMP0123,97,120
PR005198,2024-06-18,2,MC012,EMP0012,108,120
PR005199,2024-06-18,3,MC024,EMP0125,134,158
PR005200,2024-06-18,3,MC022,EMP0069,132,158
PR005201,2024-06-18,3,MC021,EMP0134,142,158
PR005202,2024-06-18,3,MC020,EMP0099,139,158
PR005203,2024-06-18,4,MC027,EMP0059,182,200
PR005204,2024-06-18,4,MC026,EMP0071,201,200
PR005205,2024-06-18,4,MC025,EMP0121,184,200
PR005206,2024-06-18,4,MC029,EMP0109,164,200
PR005207,2024-06-18,5,MC031,EMP0086,122,142
PR005208,2024-06-18,5,MC035,EMP0086,115,142
PR005209,2024-06-18,5,MC033,EMP0086,108,142
PR005210,2024-06-18,5,MC030,EMP0080,119,142
PR005211,2024-06-18,5,MC032,EMP0060,114,142
PR005212,2024-06-18,6,MC039,EMP0046,280,325
PR005213,2024-06-18,6,MC038,EMP0171,317,325
PR005214,2024-06-18,6,MC037,EMP0142,289,325
PR005215,2024-06-19,1,MC001,EMP0161,140,181
PR005216,2024-06-19,1,MC004,EMP0168,152,181
PR005217,2024-06-19,1,MC007,EMP0110,162,181
PR005218,2024-06-19,1,MC006,EMP0167,158,181
PR005219,2024-06-19,1,MC003,EMP0130,144,181
PR005220,2024-06-19,1,MC005,EMP0008,134,181
PR005221,2024-06-19,1,MC008,EMP0044,153,181
PR005222,2024-06-19,2,MC016,EMP0047,111,120
PR005223,2024-06-19,2,MC011,EMP0036,84,120
PR005224,2024-06-19,2,MC012,EMP0106,95,120
PR005225,2024-06-19,2,MC017,EMP0115,102,120
PR005226,2024-06-19,2,MC015,EMP0031,97,120
PR005227,2024-06-19,2,MC013,EMP0067,95,120
PR005228,2024-06-19,2,MC010,EMP0051,93,120
PR005229,2024-06-19,2,MC009,EMP0178,114,120
PR005230,2024-06-19,3,MC019,EMP0134,125,158
PR005231,2024-06-19,3,MC023,EMP0122,108,158
PR005232,2024-06-19,3,MC021,EMP0180,117,158
PR005233,2024-06-19,3,MC020,EMP0006,117,158
PR005234,2024-06-19,3,MC024,EMP0099,141,158
PR005235,2024-06-19,4,MC029,EMP0043,176,200
PR005236,2024-06-19,4,MC025,EMP0087,187,200
PR005237,2024-06-19,4,MC026,EMP0132,178,200
PR005238,2024-06-19,4,MC027,EMP0059,173,200
PR005239,2024-06-19,5,MC030,EMP0056,102,142
PR005240,2024-06-19,5,MC035,EMP0165,109,142
PR005241,2024-06-19,5,MC033,EMP0056,109,142
PR005242,2024-06-19,5,MC031,EMP0056,124,142
PR005243,2024-06-19,6,MC039,EMP0053,270,325
PR005244,2024-06-19,6,MC038,EMP0065,266,325
PR005245,2024-06-19,6,MC036,EMP0152,258,325
PR005246,2024-06-20,1,MC004,EMP0054,156,181
PR005247,2024-06-20,1,MC001,EMP0018,155,181
PR005248,2024-06-20,1,MC008,EMP0007,150,181
PR005249,2024-06-20,1,MC005,EMP0066,123,181
PR005250,2024-06-20,1,MC002,EMP0052,153,181
PR005251,2024-06-20,1,MC007,EMP0054,155,181
PR005252,2024-06-20,2,MC009,EMP0117,108,120
PR005253,2024-06-20,2,MC011,EMP0036,88,120
PR005254,2024-06-20,2,MC014,EMP0139,96,120
PR005255,2024-06-20,2,MC012,EMP0146,101,120
PR005256,2024-06-20,2,MC010,EMP0157,102,120
PR005257,2024-06-20,2,MC017,EMP0076,93,120
PR005258,2024-06-20,2,MC018,EMP0138,100,120
PR005259,2024-06-20,2,MC016,EMP0001,81,120
PR005260,2024-06-20,3,MC022,EMP0125,126,158
PR005261,2024-06-20,3,MC023,EMP0179,134,158
PR005262,2024-06-20,3,MC024,EMP0180,132,158
PR005263,2024-06-20,3,MC021,EMP0136,122,158
PR005264,2024-06-20,3,MC019,EMP0111,134,158
PR005265,2024-06-20,4,MC025,EMP0011,141,200
PR005266,2024-06-20,4,MC026,EMP0043,176,200
PR005267,2024-06-20,4,MC029,EMP0093,164,200
PR005268,2024-06-20,4,MC028,EMP0156,158,200
PR005269,2024-06-20,5,MC032,EMP0058,110,142
PR005270,2024-06-20,5,MC031,EMP0086,113,142
PR005271,2024-06-20,5,MC033,EMP0068,128,142
PR005272,2024-06-20,5,MC034,EMP0056,113,142
PR005273,2024-06-20,5,MC030,EMP0003,106,142
PR005274,2024-06-20,6,MC038,EMP0171,277,325
PR005275,2024-06-20,6,MC037,EMP0144,262,325
PR005276,2024-06-20,6,MC039,EMP0144,279,325
PR005277,2024-06-21,1,MC004,EMP0158,142,181
PR005278,2024-06-21,1,MC005,EMP0061,112,181
PR005279,2024-06-21,1,MC006,EMP0025,130,181
PR005280,2024-06-21,1,MC007,EMP0104,122,181
PR005281,2024-06-21,1,MC008,EMP0075,146,181
PR005282,2024-06-21,1,MC001,EMP0151,131,181
PR005283,2024-06-21,2,MC012,EMP0076,76,120
PR005284,2024-06-21,2,MC011,EMP0042,84,120
PR005285,2024-06-21,2,MC018,EMP0148,90,120
PR005286,2024-06-21,2,MC014,EMP0146,86,120
PR005287,2024-06-21,2,MC010,EMP0063,85,120
PR005288,2024-06-21,2,MC017,EMP0117,76,120
PR005289,2024-06-21,2,MC015,EMP0128,87,120
PR005290,2024-06-21,2,MC009,EMP0117,85,120
PR005291,2024-06-21,2,MC013,EMP0178,79,120
PR005292,2024-06-21,3,MC021,EMP0010,108,158
PR005293,2024-06-21,3,MC020,EMP0039,111,158
PR005294,2024-06-21,3,MC022,EMP0010,113,158
PR005295,2024-06-21,3,MC019,EMP0099,110,158
PR005296,2024-06-21,3,MC023,EMP0033,97,158
PR005297,2024-06-21,4,MC027,EMP0154,133,200
PR005298,2024-06-21,4,MC028,EMP0132,153,200
PR005299,2024-06-21,4,MC025,EMP0156,163,200
PR005300,2024-06-21,4,MC029,EMP0071,164,200
PR005301,2024-06-21,5,MC031,EMP0145,98,142
PR005302,2024-06-21,5,MC030,EMP0060,103,142
PR005303,2024-06-21,5,MC034,EMP0068,105,142
PR005304,2024-06-21,5,MC033,EMP0150,96,142
PR005305,2024-06-21,5,MC035,EMP0056,93,142
PR005306,2024-06-21,6,MC038,EMP0085,237,325
PR005307,2024-06-21,6,MC036,EMP0155,231,325
PR005308,2024-06-21,6,MC037,EMP0053,263,325
PR005309,2024-06-22,1,MC002,EMP0017,158,181
PR005310,2024-06-22,1,MC008,EMP0110,152,181
PR005311,2024-06-22,1,MC004,EMP0130,153,181
PR005312,2024-06-22,1,MC007,EMP0032,146,181
PR005313,2024-06-22,1,MC001,EMP0007,135,181
PR005314,2024-06-22,1,MC005,EMP0104,153,181
PR005315,2024-06-22,1,MC003,EMP0066,162,181
PR005316,2024-06-22,2,MC015,EMP0009,93,120
PR005317,2024-06-22,2,MC014,EMP0063,100,120
PR005318,2024-06-22,2,MC018,EMP0105,97,120
PR005319,2024-06-22,2,MC017,EMP0040,102,120
PR005320,2024-06-22,2,MC010,EMP0004,106,120
PR005321,2024-06-22,2,MC009,EMP0115,73,120
PR005322,2024-06-22,2,MC013,EMP0090,100,120
PR005323,2024-06-22,3,MC020,EMP0078,125,158
PR005324,2024-06-22,3,MC021,EMP0180,108,158
PR005325,2024-06-22,3,MC022,EMP0134,127,158
PR005326,2024-06-22,3,MC024,EMP0055,123,158
PR005327,2024-06-22,3,MC023,EMP0179,139,158
PR005328,2024-06-22,4,MC029,EMP0109,175,200
PR005329,2024-06-22,4,MC027,EMP0132,172,200
PR005330,2024-06-22,4,MC025,EMP0154,184,200
PR005331,2024-06-22,4,MC028,EMP0156,198,200
PR005332,2024-06-22,5,MC033,EMP0145,106,142
PR005333,2024-06-22,5,MC034,EMP0086,115,142
PR005334,2024-06-22,5,MC031,EMP0056,120,142
PR005335,2024-06-22,5,MC032,EMP0086,109,142
PR005336,2024-06-22,5,MC030,EMP0101,116,142
PR005337,2024-06-22,6,MC038,EMP0142,239,325
PR005338,2024-06-22,6,MC039,EMP0053,286,325
PR005339,2024-06-22,6,MC036,EMP0085,271,325
PR005340,2024-06-23,1,MC004,EMP0166,50,181
PR005341,2024-06-23,1,MC005,EMP0088,58,181
PR005342,2024-06-23,1,MC003,EMP0118,53,181
PR005343,2024-06-23,1,MC007,EMP0110,50,181
PR005344,2024-06-23,1,MC008,EMP0102,51,181
PR005345,2024-06-23,1,MC006,EMP0075,45,181
PR005346,2024-06-23,1,MC001,EMP0057,50,181
PR005347,2024-06-23,2,MC011,EMP0063,32,120
PR005348,2024-06-23,2,MC013,EMP0001,35,120
PR005349,2024-06-23,2,MC014,EMP0105,37,120
PR005350,2024-06-23,2,MC018,EMP0012,37,120
PR005351,2024-06-23,2,MC009,EMP0079,32,120
PR005352,2024-06-23,2,MC012,EMP0048,37,120
PR005353,2024-06-23,2,MC010,EMP0012,33,120
PR005354,2024-06-23,2,MC015,EMP0048,34,120
PR005355,2024-06-23,3,MC020,EMP0010,41,158
PR005356,2024-06-23,3,MC021,EMP0016,44,158
PR005357,2024-06-23,3,MC024,EMP0069,45,158
PR005358,2024-06-23,3,MC022,EMP0078,45,158
PR005359,2024-06-23,3,MC023,EMP0039,47,158
PR005360,2024-06-23,4,MC027,EMP0014,61,200
PR005361,2024-06-23,4,MC028,EMP0127,59,200
PR005362,2024-06-23,4,MC029,EMP0154,63,200
PR005363,2024-06-23,4,MC025,EMP0043,60,200
PR005364,2024-06-23,5,MC032,EMP0086,43,142
PR005365,2024-06-23,5,MC030,EMP0060,35,142
PR005366,2024-06-23,5,MC035,EMP0101,39,142
PR005367,2024-06-23,5,MC034,EMP0164,37,142
PR005368,2024-06-23,5,MC033,EMP0096,39,142
PR005369,2024-06-23,6,MC039,EMP0144,102,325
PR005370,2024-06-23,6,MC038,EMP0155,97,325
PR005371,2024-06-23,6,MC036,EMP0100,96,325
PR005372,2024-06-24,1,MC003,EMP0018,159,181
PR005373,2024-06-24,1,MC002,EMP0167,154,181
PR005374,2024-06-24,1,MC007,EMP0137,132,181
PR005375,2024-06-24,1,MC005,EMP0107,133,181
PR005376,2024-06-24,1,MC001,EMP0052,157,181
PR005377,2024-06-24,1,MC008,EMP0052,164,181
PR005378,2024-06-24,1,MC004,EMP0102,161,181
PR005379,2024-06-24,2,MC013,EMP0027,93,120
PR005380,2024-06-24,2,MC012,EMP0027,93,120
PR005381,2024-06-24,2,MC014,EMP0123,94,120
PR005382,2024-06-24,2,MC015,EMP0117,105,120
PR005383,2024-06-24,2,MC018,EMP0074,104,120
PR005384,2024-06-24,2,MC011,EMP0035,101,120
PR005385,2024-06-24,2,MC017,EMP0115,106,120
PR005386,2024-06-24,2,MC016,EMP0169,83,120
PR005387,2024-06-24,2,MC010,EMP0020,88,120
PR005388,2024-06-24,3,MC020,EMP0125,138,158
PR005389,2024-06-24,3,MC022,EMP0134,132,158
PR005390,2024-06-24,3,MC019,EMP0111,133,158
PR005391,2024-06-24,3,MC023,EMP0078,109,158
PR005392,2024-06-24,3,MC021,EMP0039,130,158
PR005393,2024-06-24,4,MC026,EMP0043,183,200
PR005394,2024-06-24,4,MC028,EMP0093,180,200
PR005395,2024-06-24,4,MC029,EMP0087,178,200
PR005396,2024-06-24,5,MC030,EMP0164,111,142
PR005397,2024-06-24,5,MC032,EMP0068,104,142
PR005398,2024-06-24,5,MC034,EMP0086,91,142
PR005399,2024-06-24,5,MC033,EMP0003,111,142
PR005400,2024-06-24,5,MC035,EMP0086,106,142
PR005401,2024-06-24,6,MC039,EMP0100,272,325
PR005402,2024-06-24,6,MC038,EMP0053,234,325
PR005403,2024-06-24,6,MC037,EMP0100,322,325
PR005404,2024-06-25,1,MC008,EMP0104,141,181
PR005405,2024-06-25,1,MC004,EMP0037,160,181
PR005406,2024-06-25,1,MC006,EMP0097,156,181
PR005407,2024-06-25,1,MC005,EMP0038,139,181
PR005408,2024-06-25,1,MC007,EMP0161,135,181
PR005409,2024-06-25,1,MC001,EMP0057,153,181
PR005410,2024-06-25,1,MC002,EMP0158,154,181
PR005411,2024-06-25,2,MC014,EMP0135,98,120
PR005412,2024-06-25,2,MC009,EMP0012,92,120
PR005413,2024-06-25,2,MC018,EMP0139,99,120
PR005414,2024-06-25,2,MC015,EMP0001,84,120
PR005415,2024-06-25,2,MC010,EMP0081,96,120
PR005416,2024-06-25,2,MC016,EMP0149,88,120
PR005417,2024-06-25,2,MC011,EMP0067,103,120
PR005418,2024-06-25,2,MC013,EMP0026,102,120
PR005419,2024-06-25,3,MC023,EMP0033,126,158
PR005420,2024-06-25,3,MC020,EMP0122,127,158
PR005421,2024-06-25,3,MC024,EMP0134,124,158
PR005422,2024-06-25,3,MC022,EMP0016,137,158
PR005423,2024-06-25,3,MC021,EMP0125,134,158
PR005424,2024-06-25,4,MC025,EMP0014,186,200
PR005425,2024-06-25,4,MC027,EMP0059,155,200
PR005426,2024-06-25,4,MC029,EMP0071,179,200
PR005427,2024-06-25,4,MC028,EMP0153,172,200
PR005428,2024-06-25,5,MC033,EMP0101,110,142
PR005429,2024-06-25,5,MC032,EMP0068,102,142
PR005430,2024-06-25,5,MC034,EMP0003,124,142
PR005431,2024-06-25,5,MC031,EMP0068,103,142
PR005432,2024-06-25,5,MC030,EMP0165,97,142
PR005433,2024-06-25,6,MC036,EMP0046,286,325
PR005434,2024-06-25,6,MC038,EMP0065,253,325
PR005435,2024-06-25,6,MC039,EMP0152,257,325
PR005436,2024-06-26,1,MC005,EMP0073,152,181
PR005437,2024-06-26,1,MC006,EMP0061,141,181
PR005438,2024-06-26,1,MC001,EMP0168,128,181
PR005439,2024-06-26,1,MC007,EMP0018,122,181
PR005440,2024-06-26,1,MC008,EMP0168,151,181
PR005441,2024-06-26,1,MC004,EMP0061,142,181
PR005442,2024-06-26,2,MC012,EMP0089,71,120
PR005443,2024-06-26,2,MC015,EMP0020,97,120
PR005444,2024-06-26,2,MC018,EMP0020,101,120
PR005445,2024-06-26,2,MC011,EMP0128,99,120
PR005446,2024-06-26,2,MC017,EMP0081,84,120
PR005447,2024-06-26,2,MC014,EMP0067,106,120
PR005448,2024-06-26,2,MC010,EMP0048,103,120
PR005449,2024-06-26,2,MC013,EMP0105,95,120
PR005450,2024-06-26,3,MC023,EMP0064,145,158
PR005451,2024-06-26,3,MC021,EMP0033,131,158
PR005452,2024-06-26,3,MC024,EMP0029,126,158
PR005453,2024-06-26,3,MC020,EMP0013,123,158
PR005454,2024-06-26,3,MC019,EMP0013,121,158
PR005455,2024-06-26,4,MC027,EMP0174,148,200
PR005456,2024-06-26,4,MC028,EMP0011,169,200
PR005457,2024-06-26,4,MC026,EMP0174,193,200
PR005458,2024-06-26,4,MC029,EMP0071,187,200
PR005459,2024-06-26,5,MC031,EMP0165,115,142
PR005460,2024-06-26,5,MC034,EMP0058,118,142
PR005461,2024-06-26,5,MC032,EMP0080,118,142
PR005462,2024-06-26,5,MC030,EMP0028,111,142
PR005463,2024-06-26,6,MC039,EMP0053,305,325
PR005464,2024-06-26,6,MC038,EMP0053,287,325
PR005465,2024-06-26,6,MC037,EMP0046,250,325
PR005466,2024-06-27,1,MC008,EMP0072,131,181
PR005467,2024-06-27,1,MC004,EMP0104,148,181
PR005468,2024-06-27,1,MC007,EMP0088,144,181
PR005469,2024-06-27,1,MC005,EMP0163,148,181
PR005470,2024-06-27,1,MC002,EMP0130,150,181
PR005471,2024-06-27,1,MC003,EMP0160,137,181
PR005472,2024-06-27,2,MC012,EMP0173,94,120
PR005473,2024-06-27,2,MC009,EMP0117,99,120
PR005474,2024-06-27,2,MC017,EMP0076,114,120
PR005475,2024-06-27,2,MC015,EMP0115,81,120
PR005476,2024-06-27,2,MC016,EMP0012,89,120
PR005477,2024-06-27,2,MC011,EMP0031,88,120
PR005478,2024-06-27,2,MC013,EMP0106,95,120
PR005479,2024-06-27,2,MC014,EMP0128,94,120
PR005480,2024-06-27,2,MC018,EMP0076,96,120
PR005481,2024-06-27,3,MC019,EMP0159,132,158
PR005482,2024-06-27,3,MC023,EMP0125,124,158
PR005483,2024-06-27,3,MC021,EMP0039,138,158
PR005484,2024-06-27,3,MC024,EMP0069,126,158
PR005485,2024-06-27,4,MC029,EMP0062,164,200
PR005486,2024-06-27,4,MC027,EMP0174,163,200
PR005487,2024-06-27,4,MC026,EMP0050,185,200
PR005488,2024-06-27,4,MC028,EMP0093,162,200
PR005489,2024-06-27,5,MC032,EMP0068,122,142
PR005490,2024-06-27,5,MC033,EMP0060,110,142
PR005491,2024-06-27,5,MC034,EMP0028,112,142
PR005492,2024-06-27,5,MC031,EMP0096,108,142
PR005493,2024-06-27,5,MC035,EMP0150,107,142
PR005494,2024-06-27,6,MC037,EMP0053,301,325
PR005495,2024-06-27,6,MC039,EMP0120,273,325
PR005496,2024-06-27,6,MC038,EMP0085,292,325
PR005497,2024-06-28,1,MC008,EMP0057,121,181
PR005498,2024-06-28,1,MC001,EMP0104,124,181
PR005499,2024-06-28,1,MC005,EMP0088,121,181
PR005500,2024-06-28,1,MC006,EMP0107,132,181
PR005501,2024-06-28,1,MC003,EMP0158,128,181
PR005502,2024-06-28,1,MC004,EMP0057,126,181
PR005503,2024-06-28,1,MC002,EMP0088,130,181
PR005504,2024-06-28,2,MC013,EMP0077,75,120
PR005505,2024-06-28,2,MC015,EMP0074,83,120
PR005506,2024-06-28,2,MC014,EMP0113,87,120
PR005507,2024-06-28,2,MC010,EMP0047,80,120
PR005508,2024-06-28,2,MC009,EMP0036,86,120
PR005509,2024-06-28,2,MC011,EMP0009,87,120
PR005510,2024-06-28,2,MC018,EMP0090,79,120
PR005511,2024-06-28,2,MC017,EMP0128,101,120
PR005512,2024-06-28,3,MC020,EMP0179,112,158
PR005513,2024-06-28,3,MC022,EMP0180,119,158
PR005514,2024-06-28,3,MC024,EMP0125,118,158
PR005515,2024-06-28,3,MC019,EMP0111,109,158
PR005516,2024-06-28,4,MC028,EMP0108,160,200
PR005517,2024-06-28,4,MC027,EMP0071,158,200
PR005518,2024-06-28,4,MC025,EMP0121,155,200
PR005519,2024-06-28,4,MC029,EMP0087,149,200
PR005520,2024-06-28,5,MC034,EMP0150,95,142
PR005521,2024-06-28,5,MC030,EMP0003,96,142
PR005522,2024-06-28,5,MC035,EMP0058,86,142
PR005523,2024-06-28,5,MC033,EMP0080,96,142
PR005524,2024-06-28,5,MC032,EMP0056,105,142
PR005525,2024-06-28,6,MC037,EMP0053,239,325
PR005526,2024-06-28,6,MC038,EMP0100,206,325
PR005527,2024-06-28,6,MC039,EMP0152,229,325
PR005528,2024-06-29,1,MC002,EMP0088,170,181
PR005529,2024-06-29,1,MC003,EMP0137,173,181
PR005530,2024-06-29,1,MC006,EMP0054,142,181
PR005531,2024-06-29,1,MC005,EMP0130,150,181
PR005532,2024-06-29,1,MC007,EMP0007,151,181
PR005533,2024-06-29,1,MC008,EMP0141,157,181
PR005534,2024-06-29,1,MC004,EMP0044,158,181
PR005535,2024-06-29,2,MC014,EMP0074,98,120
PR005536,2024-06-29,2,MC012,EMP0063,94,120
PR005537,2024-06-29,2,MC016,EMP0026,109,120
PR005538,2024-06-29,2,MC011,EMP0089,106,120
PR005539,2024-06-29,2,MC009,EMP0027,86,120
PR005540,2024-06-29,2,MC015,EMP0103,93,120
PR005541,2024-06-29,2,MC010,EMP0024,95,120
PR005542,2024-06-29,2,MC013,EMP0024,96,120
PR005543,2024-06-29,2,MC017,EMP0048,101,120
PR005544,2024-06-29,3,MC022,EMP0125,125,158
PR005545,2024-06-29,3,MC024,EMP0180,113,158
PR005546,2024-06-29,3,MC020,EMP0033,144,158
PR005547,2024-06-29,3,MC023,EMP0159,113,158
PR005548,2024-06-29,3,MC019,EMP0082,127,158
PR005549,2024-06-29,4,MC026,EMP0011,170,200
PR005550,2024-06-29,4,MC028,EMP0127,180,200
PR005551,2024-06-29,4,MC029,EMP0156,191,200
PR005552,2024-06-29,4,MC025,EMP0156,199,200
PR005553,2024-06-29,5,MC035,EMP0080,124,142
PR005554,2024-06-29,5,MC031,EMP0056,119,142
PR005555,2024-06-29,5,MC034,EMP0165,120,142
PR005556,2024-06-29,5,MC030,EMP0060,115,142
PR005557,2024-06-29,5,MC032,EMP0086,108,142
PR005558,2024-06-29,6,MC038,EMP0142,274,325
PR005559,2024-06-29,6,MC037,EMP0152,295,325
PR005560,2024-06-29,6,MC039,EMP0085,274,325
PR005561,2024-06-30,1,MC008,EMP0161,44,181
PR005562,2024-06-30,1,MC001,EMP0162,50,181
PR005563,2024-06-30,1,MC004,EMP0030,54,181
PR005564,2024-06-30,1,MC002,EMP0158,50,181
PR005565,2024-06-30,1,MC006,EMP0168,56,181
PR005566,2024-06-30,1,MC007,EMP0018,48,181
PR005567,2024-06-30,1,MC003,EMP0073,52,181
PR005568,2024-06-30,2,MC010,EMP0077,37,120
PR005569,2024-06-30,2,MC012,EMP0021,37,120
PR005570,2024-06-30,2,MC009,EMP0148,35,120
PR005571,2024-06-30,2,MC013,EMP0012,39,120
PR005572,2024-06-30,2,MC015,EMP0079,37,120
PR005573,2024-06-30,2,MC014,EMP0140,33,120
PR005574,2024-06-30,2,MC016,EMP0009,36,120
PR005575,2024-06-30,2,MC017,EMP0074,32,120
PR005576,2024-06-30,3,MC021,EMP0006,42,158
PR005577,2024-06-30,3,MC024,EMP0078,50,158
PR005578,2024-06-30,3,MC019,EMP0159,48,158
PR005579,2024-06-30,3,MC020,EMP0122,44,158
PR005580,2024-06-30,3,MC023,EMP0084,41,158
PR005581,2024-06-30,4,MC029,EMP0002,62,200
PR005582,2024-06-30,4,MC025,EMP0049,62,200
PR005583,2024-06-30,4,MC028,EMP0022,60,200
PR005584,2024-06-30,4,MC027,EMP0175,59,200
PR005585,2024-06-30,5,MC034,EMP0086,40,142
PR005586,2024-06-30,5,MC033,EMP0150,38,142
PR005587,2024-06-30,5,MC031,EMP0086,46,142
PR005588,2024-06-30,5,MC030,EMP0164,41,142
PR005589,2024-06-30,5,MC035,EMP0060,45,142
PR005590,2024-06-30,6,MC038,EMP0053,91,325
PR005591,2024-06-30,6,MC037,EMP0053,89,325
PR005592,2024-06-30,6,MC039,EMP0053,102,325
PR005593,2024-07-01,1,MC007,EMP0176,142,181
PR005594,2024-07-01,1,MC005,EMP0118,128,181
PR005595,2024-07-01,1,MC002,EMP0102,164,181
PR005596,2024-07-01,1,MC004,EMP0104,144,181
PR005597,2024-07-01,1,MC008,EMP0158,164,181
PR005598,2024-07-01,1,MC003,EMP0037,124,181
PR005599,2024-07-01,2,MC009,EMP0114,112,120
PR005600,2024-07-01,2,MC014,EMP0020,116,120
PR005601,2024-07-01,2,MC011,EMP0089,106,120
PR005602,2024-07-01,2,MC018,EMP0123,104,120
PR005603,2024-07-01,2,MC016,EMP0128,104,120
PR005604,2024-07-01,2,MC012,EMP0173,98,120
PR005605,2024-07-01,2,MC013,EMP0133,98,120
PR005606,2024-07-01,2,MC015,EMP0076,92,120
PR005607,2024-07-01,2,MC017,EMP0129,112,120
PR005608,2024-07-01,3,MC021,EMP0034,121,158
PR005609,2024-07-01,3,MC020,EMP0064,128,158
PR005610,2024-07-01,3,MC022,EMP0143,122,158
PR005611,2024-07-01,3,MC019,EMP0013,113,158
PR005612,2024-07-01,4,MC026,EMP0014,186,200
PR005613,2024-07-01,4,MC029,EMP0062,193,200
PR005614,2024-07-01,4,MC025,EMP0049,171,200
PR005615,2024-07-01,4,MC027,EMP0156,198,200
PR005616,2024-07-01,5,MC034,EMP0150,111,142
PR005617,2024-07-01,5,MC035,EMP0165,101,142
PR005618,2024-07-01,5,MC033,EMP0058,119,142
PR005619,2024-07-01,5,MC030,EMP0068,107,142
PR005620,2024-07-01,5,MC032,EMP0101,115,142
PR005621,2024-07-01,6,MC037,EMP0171,282,325
PR005622,2024-07-01,6,MC036,EMP0142,299,325
PR005623,2024-07-01,6,MC038,EMP0144,291,325
PR005624,2024-07-02,1,MC001,EMP0032,133,181
PR005625,2024-07-02,1,MC008,EMP0141,166,181
PR005626,2024-07-02,1,MC003,EMP0025,146,181
PR005627,2024-07-02,1,MC007,EMP0072,143,181
PR005628,2024-07-02,1,MC006,EMP0176,136,181
PR005629,2024-07-02,1,MC005,EMP0061,142,181
PR005630,2024-07-02,1,MC004,EMP0112,131,181
PR005631,2024-07-02,2,MC015,EMP0021,108,120
PR005632,2024-07-02,2,MC017,EMP0079,106,120
PR005633,2024-07-02,2,MC014,EMP0036,117,120
PR005634,2024-07-02,2,MC013,EMP0051,96,120
PR005635,2024-07-02,2,MC009,EMP0070,97,120
PR005636,2024-07-02,2,MC011,EMP0063,92,120
PR005637,2024-07-02,2,MC018,EMP0042,94,120
PR005638,2024-07-02,2,MC016,EMP0169,109,120
PR005639,2024-07-02,2,MC012,EMP0048,99,120
PR005640,2024-07-02,3,MC019,EMP0033,120,158
PR005641,2024-07-02,3,MC022,EMP0013,106,158
PR005642,2024-07-02,3,MC023,EMP0034,127,158
PR005643,2024-07-02,3,MC024,EMP0013,119,158
PR005644,2024-07-02,4,MC025,EMP0127,202,200
PR005645,2024-07-02,4,MC026,EMP0153,188,200
PR005646,2024-07-02,4,MC029,EMP0062,195,200
PR005647,2024-07-02,4,MC028,EMP0049,161,200
PR005648,2024-07-02,5,MC031,EMP0003,123,142
PR005649,2024-07-02,5,MC032,EMP0028,108,142
PR005650,2024-07-02,5,MC030,EMP0096,114,142
PR005651,2024-07-02,5,MC035,EMP0086,116,142
PR005652,2024-07-02,6,MC036,EMP0100,318,325
PR005653,2024-07-02,6,MC037,EMP0155,276,325
PR005654,2024-07-02,6,MC039,EMP0144,301,325
PR005655,2024-07-03,1,MC007,EMP0166,156,181
PR005656,2024-07-03,1,MC003,EMP0052,170,181
PR005657,2024-07-03,1,MC008,EMP0030,152,181
PR005658,2024-07-03,1,MC004,EMP0162,136,181
PR005659,2024-07-03,1,MC002,EMP0141,159,181
PR005660,2024-07-03,1,MC001,EMP0137,159,181
PR005661,2024-07-03,1,MC005,EMP0030,147,181
PR005662,2024-07-03,2,MC017,EMP0024,100,120
PR005663,2024-07-03,2,MC011,EMP0114,95,120
PR005664,2024-07-03,2,MC012,EMP0083,106,120
PR005665,2024-07-03,2,MC014,EMP0051,111,120
PR005666,2024-07-03,2,MC016,EMP0026,105,120
PR005667,2024-07-03,2,MC013,EMP0146,96,120
PR005668,2024-07-03,2,MC010,EMP0133,89,120
PR005669,2024-07-03,3,MC020,EMP0084,122,158
PR005670,2024-07-03,3,MC024,EMP0082,132,158
PR005671,2024-07-03,3,MC021,EMP0134,127,158
PR005672,2024-07-03,3,MC023,EMP0122,139,158
PR005673,2024-07-03,3,MC019,EMP0134,120,158
PR005674,2024-07-03,4,MC025,EMP0132,172,200
PR005675,2024-07-03,4,MC027,EMP0062,181,200
PR005676,2024-07-03,4,MC026,EMP0109,158,200
PR005677,2024-07-03,4,MC029,EMP0059,181,200
PR005678,2024-07-03,5,MC030,EMP0028,118,142
PR005679,2024-07-03,5,MC033,EMP0080,113,142
PR005680,2024-07-03,5,MC034,EMP0086,121,142
PR005681,2024-07-03,5,MC031,EMP0101,98,142
PR005682,2024-07-03,5,MC032,EMP0028,112,142
PR005683,2024-07-03,6,MC039,EMP0142,265,325
PR005684,2024-07-03,6,MC036,EMP0065,285,325
PR005685,2024-07-03,6,MC038,EMP0100,239,325
PR005686,2024-07-04,1,MC008,EMP0005,141,181
PR005687,2024-07-04,1,MC005,EMP0161,155,181
PR005688,2024-07-04,1,MC007,EMP0018,133,181
PR005689,2024-07-04,1,MC002,EMP0073,137,181
PR005690,2024-07-04,1,MC004,EMP0054,162,181
PR005691,2024-07-04,1,MC006,EMP0037,146,181
PR005692,2024-07-04,2,MC013,EMP0070,109,120
PR005693,2024-07-04,2,MC012,EMP0070,91,120
PR005694,2024-07-04,2,MC014,EMP0083,102,120
PR005695,2024-07-04,2,MC010,EMP0140,94,120
PR005696,2024-07-04,2,MC009,EMP0098,102,120
PR005697,2024-07-04,2,MC016,EMP0051,102,120
PR005698,2024-07-04,2,MC017,EMP0063,99,120
PR005699,2024-07-04,2,MC018,EMP0135,101,120
PR005700,2024-07-04,2,MC011,EMP0103,99,120
PR005701,2024-07-04,3,MC021,EMP0159,150,158
PR005702,2024-07-04,3,MC022,EMP0034,132,158
PR005703,2024-07-04,3,MC023,EMP0125,124,158
PR005704,2024-07-04,3,MC020,EMP0084,114,158
PR005705,2024-07-04,3,MC024,EMP0006,119,158
PR005706,2024-07-04,4,MC026,EMP0059,183,200
PR005707,2024-07-04,4,MC025,EMP0071,196,200
PR005708,2024-07-04,4,MC029,EMP0108,160,200
PR005709,2024-07-04,4,MC028,EMP0002,181,200
PR005710,2024-07-04,5,MC031,EMP0145,122,142
PR005711,2024-07-04,5,MC032,EMP0058,114,142
PR005712,2024-07-04,5,MC034,EMP0165,117,142
PR005713,2024-07-04,5,MC030,EMP0086,100,142
PR005714,2024-07-04,5,MC035,EMP0060,123,142
PR005715,2024-07-04,6,MC037,EMP0085,304,325
PR005716,2024-07-04,6,MC039,EMP0046,239,325
PR005717,2024-07-04,6,MC036,EMP0142,250,325
PR005718,2024-07-05,1,MC002,EMP0038,128,181
PR005719,2024-07-05,1,MC005,EMP0073,142,181
PR005720,2024-07-05,1,MC008,EMP0102,106,181
PR005721,2024-07-05,1,MC006,EMP0107,134,181
PR005722,2024-07-05,1,MC004,EMP0088,115,181
PR005723,2024-07-05,1,MC007,EMP0151,132,181
PR005724,2024-07-05,2,MC014,EMP0045,75,120
PR005725,2024-07-05,2,MC013,EMP0079,76,120
PR005726,2024-07-05,2,MC015,EMP0079,74,120
PR005727,2024-07-05,2,MC016,EMP0147,88,120
PR005728,2024-07-05,2,MC012,EMP0178,73,120
PR005729,2024-07-05,2,MC009,EMP0140,82,120
PR005730,2024-07-05,2,MC011,EMP0147,85,120
PR005731,2024-07-05,2,MC018,EMP0138,84,120
PR005732,2024-07-05,2,MC017,EMP0148,79,120
PR005733,2024-07-05,3,MC019,EMP0078,107,158
PR005734,2024-07-05,3,MC024,EMP0122,97,158
PR005735,2024-07-05,3,MC021,EMP0055,91,158
PR005736,2024-07-05,3,MC023,EMP0084,93,158
PR005737,2024-07-05,3,MC020,EMP0078,109,158
PR005738,2024-07-05,4,MC028,EMP0050,161,200
PR005739,2024-07-05,4,MC029,EMP0050,140,200
PR005740,2024-07-05,4,MC026,EMP0132,163,200
PR005741,2024-07-05,5,MC033,EMP0164,88,142
PR005742,2024-07-05,5,MC031,EMP0080,101,142
PR005743,2024-07-05,5,MC035,EMP0003,91,142
PR005744,2024-07-05,5,MC032,EMP0068,88,142
PR005745,2024-07-05,5,MC034,EMP0096,96,142
PR005746,2024-07-05,6,MC038,EMP0065,221,325
PR005747,2024-07-05,6,MC036,EMP0120,243,325
PR005748,2024-07-05,6,MC039,EMP0171,228,325
PR005749,2024-07-06,1,MC001,EMP0008,152,181
PR005750,2024-07-06,1,MC005,EMP0007,162,181
PR005751,2024-07-06,1,MC004,EMP0057,133,181
PR005752,2024-07-06,1,MC006,EMP0151,162,181
PR005753,2024-07-06,1,MC008,EMP0118,143,181
PR005754,2024-07-06,1,MC002,EMP0110,150,181
PR005755,2024-07-06,1,MC003,EMP0126,153,181
PR005756,2024-07-06,2,MC013,EMP0048,96,120
PR005757,2024-07-06,2,MC009,EMP0045,100,120
PR005758,2024-07-06,2,MC011,EMP0138,109,120
PR005759,2024-07-06,2,MC015,EMP0004,97,120
PR005760,2024-07-06,2,MC018,EMP0098,100,120
PR005761,2024-07-06,2,MC014,EMP0170,102,120
PR005762,2024-07-06,2,MC016,EMP0026,107,120
PR005763,2024-07-06,2,MC010,EMP0129,95,120
PR005764,2024-07-06,2,MC017,EMP0063,88,120
PR005765,2024-07-06,3,MC022,EMP0179,125,158
PR005766,2024-07-06,3,MC019,EMP0143,136,158
PR005767,2024-07-06,3,MC021,EMP0122,136,158
PR005768,2024-07-06,3,MC020,EMP0016,138,158
PR005769,2024-07-06,3,MC024,EMP0122,126,158
PR005770,2024-07-06,4,MC026,EMP0109,159,200
PR005771,2024-07-06,4,MC027,EMP0019,176,200
PR005772,2024-07-06,4,MC025,EMP0093,170,200
PR005773,2024-07-06,5,MC032,EMP0164,103,142
PR005774,2024-07-06,5,MC035,EMP0165,118,142
PR005775,2024-07-06,5,MC030,EMP0096,134,142
PR005776,2024-07-06,5,MC033,EMP0080,92,142
PR005777,2024-07-06,6,MC038,EMP0152,283,325
PR005778,2024-07-06,6,MC039,EMP0152,296,325
PR005779,2024-07-06,6,MC037,EMP0142,297,325
PR005780,2024-07-07,1,MC003,EMP0130,61,181
PR005781,2024-07-07,1,MC008,EMP0008,48,181
PR005782,2024-07-07,1,MC005,EMP0160,63,181
PR005783,2024-07-07,1,MC001,EMP0102,51,181
PR005784,2024-07-07,1,MC006,EMP0163,52,181
PR005785,2024-07-07,1,MC004,EMP0025,48,181
PR005786,2024-07-07,1,MC002,EMP0072,61,181
PR005787,2024-07-07,2,MC017,EMP0045,37,120
PR005788,2024-07-07,2,MC011,EMP0077,31,120
PR005789,2024-07-07,2,MC013,EMP0146,36,120
PR005790,2024-07-07,2,MC010,EMP0103,36,120
PR005791,2024-07-07,2,MC009,EMP0031,33,120
PR005792,2024-07-07,2,MC015,EMP0138,35,120
PR005793,2024-07-07,2,MC018,EMP0048,34,120
PR005794,2024-07-07,2,MC012,EMP0047,33,120
PR005795,2024-07-07,3,MC020,EMP0034,44,158
PR005796,2024-07-07,3,MC021,EMP0006,47,158
PR005797,2024-07-07,3,MC022,EMP0069,44,158
PR005798,2024-07-07,3,MC019,EMP0034,38,158
PR005799,2024-07-07,3,MC024,EMP0159,45,158
PR005800,2024-07-07,4,MC025,EMP0071,63,200
PR005801,2024-07-07,4,MC026,EMP0127,60,200
PR005802,2024-07-07,4,MC028,EMP0002,62,200
PR005803,2024-07-07,5,MC035,EMP0150,39,142
PR005804,2024-07-07,5,MC030,EMP0086,37,142
PR005805,2024-07-07,5,MC032,EMP0003,40,142
PR005806,2024-07-07,5,MC033,EMP0060,31,142
PR005807,2024-07-07,5,MC034,EMP0086,37,142
PR005808,2024-07-07,6,MC039,EMP0100,91,325
PR005809,2024-07-07,6,MC036,EMP0085,108,325
PR005810,2024-07-07,6,MC038,EMP0144,95,325
PR005811,2024-07-08,1,MC003,EMP0162,151,181
PR005812,2024-07-08,1,MC004,EMP0097,150,181
PR005813,2024-07-08,1,MC006,EMP0161,140,181
PR005814,2024-07-08,1,MC008,EMP0104,131,181
PR005815,2024-07-08,1,MC002,EMP0107,146,181
PR005816,2024-07-08,1,MC001,EMP0141,141,181
PR005817,2024-07-08,1,MC007,EMP0052,156,181
PR005818,2024-07-08,2,MC010,EMP0012,102,120
PR005819,2024-07-08,2,MC012,EMP0170,91,120
PR005820,2024-07-08,2,MC011,EMP0140,95,120
PR005821,2024-07-08,2,MC018,EMP0114,92,120
PR005822,2024-07-08,2,MC017,EMP0027,96,120
PR005823,2024-07-08,2,MC016,EMP0103,83,120
PR005824,2024-07-08,2,MC009,EMP0173,95,120
PR005825,2024-07-08,2,MC015,EMP0001,98,120
PR005826,2024-07-08,3,MC019,EMP0179,117,158
PR005827,2024-07-08,3,MC020,EMP0084,129,158
PR005828,2024-07-08,3,MC022,EMP0029,124,158
PR005829,2024-07-08,3,MC024,EMP0099,120,158
PR005830,2024-07-08,3,MC023,EMP0039,138,158
PR005831,2024-07-08,4,MC029,EMP0131,164,200
PR005832,2024-07-08,4,MC028,EMP0049,166,200
PR005833,2024-07-08,4,MC025,EMP0062,184,200
PR005834,2024-07-08,4,MC026,EMP0019,160,200
PR005835,2024-07-08,5,MC034,EMP0056,91,142
PR005836,2024-07-08,5,MC035,EMP0145,112,142
PR005837,2024-07-08,5,MC031,EMP0028,121,142
PR005838,2024-07-08,5,MC032,EMP0165,107,142
PR005839,2024-07-08,5,MC030,EMP0164,113,142
PR005840,2024-07-08,6,MC038,EMP0065,282,325
PR005841,2024-07-08,6,MC039,EMP0053,287,325
PR005842,2024-07-08,6,MC037,EMP0144,294,325
PR005843,2024-07-09,1,MC004,EMP0160,150,181
PR005844,2024-07-09,1,MC001,EMP0008,135,181
PR005845,2024-07-09,1,MC002,EMP0073,156,181
PR005846,2024-07-09,1,MC007,EMP0061,146,181
PR005847,2024-07-09,1,MC005,EMP0091,159,181
PR005848,2024-07-09,1,MC008,EMP0075,161,181
PR005849,2024-07-09,1,MC006,EMP0061,136,181
PR005850,2024-07-09,2,MC018,EMP0040,97,120
PR005851,2024-07-09,2,MC017,EMP0079,107,120
PR005852,2024-07-09,2,MC014,EMP0115,93,120
PR005853,2024-07-09,2,MC011,EMP0135,100,120
PR005854,2024-07-09,2,MC015,EMP0009,103,120
PR005855,2024-07-09,2,MC009,EMP0105,87,120
PR005856,2024-07-09,2,MC016,EMP0133,100,120
PR005857,2024-07-09,2,MC012,EMP0170,91,120
PR005858,2024-07-09,3,MC019,EMP0082,112,158
PR005859,2024-07-09,3,MC024,EMP0082,124,158
PR005860,2024-07-09,3,MC023,EMP0013,125,158
PR005861,2024-07-09,3,MC022,EMP0136,132,158
PR005862,2024-07-09,3,MC020,EMP0016,123,158
PR005863,2024-07-09,4,MC026,EMP0127,175,200
PR005864,2024-07-09,4,MC028,EMP0014,167,200
PR005865,2024-07-09,4,MC029,EMP0049,197,200
PR005866,2024-07-09,4,MC025,EMP0175,183,200
PR005867,2024-07-09,5,MC034,EMP0058,118,142
PR005868,2024-07-09,5,MC032,EMP0086,117,142
PR005869,2024-07-09,5,MC035,EMP0068,114,142
PR005870,2024-07-09,5,MC033,EMP0060,118,142
PR005871,2024-07-09,6,MC039,EMP0085,315,325
PR005872,2024-07-09,6,MC036,EMP0100,279,325
PR005873,2024-07-09,6,MC038,EMP0152,274,325
PR005874,2024-07-10,1,MC001,EMP0088,175,181
PR005875,2024-07-10,1,MC002,EMP0054,157,181
PR005876,2024-07-10,1,MC006,EMP0057,142,181
PR005877,2024-07-10,1,MC005,EMP0126,163,181
PR005878,2024-07-10,1,MC007,EMP0005,145,181
PR005879,2024-07-10,1,MC003,EMP0007,135,181
PR005880,2024-07-10,1,MC004,EMP0126,159,181
PR005881,2024-07-10,2,MC011,EMP0090,97,120
PR005882,2024-07-10,2,MC016,EMP0103,91,120
PR005883,2024-07-10,2,MC009,EMP0169,88,120
PR005884,2024-07-10,2,MC010,EMP0048,93,120
PR005885,2024-07-10,2,MC014,EMP0048,102,120
PR005886,2024-07-10,2,MC012,EMP0009,81,120
PR005887,2024-07-10,2,MC015,EMP0047,86,120
PR005888,2024-07-10,2,MC017,EMP0074,94,120
PR005889,2024-07-10,2,MC018,EMP0115,105,120
PR005890,2024-07-10,3,MC024,EMP0099,128,158
PR005891,2024-07-10,3,MC020,EMP0069,132,158
PR005892,2024-07-10,3,MC023,EMP0033,131,158
PR005893,2024-07-10,3,MC019,EMP0084,118,158
PR005894,2024-07-10,4,MC028,EMP0050,187,200
PR005895,2024-07-10,4,MC029,EMP0132,175,200
PR005896,2024-07-10,4,MC027,EMP0174,169,200
PR005897,2024-07-10,5,MC032,EMP0068,102,142
PR005898,2024-07-10,5,MC034,EMP0058,113,142
PR005899,2024-07-10,5,MC030,EMP0101,109,142
PR005900,2024-07-10,5,MC035,EMP0145,114,142
PR005901,2024-07-10,5,MC031,EMP0028,116,142
PR005902,2024-07-10,6,MC039,EMP0085,303,325
PR005903,2024-07-10,6,MC036,EMP0171,306,325
PR005904,2024-07-10,6,MC037,EMP0142,305,325
PR005905,2024-07-11,1,MC004,EMP0167,164,181
PR005906,2024-07-11,1,MC006,EMP0166,140,181
PR005907,2024-07-11,1,MC005,EMP0097,160,181
PR005908,2024-07-11,1,MC007,EMP0118,148,181
PR005909,2024-07-11,1,MC003,EMP0032,145,181
PR005910,2024-07-11,1,MC008,EMP0030,156,181
PR005911,2024-07-11,2,MC009,EMP0129,105,120
PR005912,2024-07-11,2,MC013,EMP0140,100,120
PR005913,2024-07-11,2,MC012,EMP0173,88,120
PR005914,2024-07-11,2,MC010,EMP0063,91,120
PR005915,2024-07-11,2,MC017,EMP0098,95,120
PR005916,2024-07-11,2,MC018,EMP0105,93,120
PR005917,2024-07-11,2,MC014,EMP0140,104,120
PR005918,2024-07-11,2,MC016,EMP0147,92,120
PR005919,2024-07-11,2,MC011,EMP0138,95,120
PR005920,2024-07-11,3,MC023,EMP0078,123,158
PR005921,2024-07-11,3,MC020,EMP0006,130,158
PR005922,2024-07-11,3,MC024,EMP0134,143,158
PR005923,2024-07-11,3,MC019,EMP0099,123,158
PR005924,2024-07-11,4,MC027,EMP0174,182,200
PR005925,2024-07-11,4,MC028,EMP0087,202,200
PR005926,2024-07-11,4,MC026,EMP0109,178,200
PR005927,2024-07-11,5,MC031,EMP0060,111,142
PR005928,2024-07-11,5,MC030,EMP0056,102,142
PR005929,2024-07-11,5,MC035,EMP0003,114,142
PR005930,2024-07-11,5,MC033,EMP0003,106,142
PR005931,2024-07-11,5,MC032,EMP0080,111,142
PR005932,2024-07-11,6,MC039,EMP0152,269,325
PR005933,2024-07-11,6,MC037,EMP0152,277,325
PR005934,2024-07-11,6,MC038,EMP0144,277,325
PR005935,2024-07-12,1,MC003,EMP0017,126,181
PR005936,2024-07-12,1,MC006,EMP0177,113,181
PR005937,2024-07-12,1,MC008,EMP0161,123,181
PR005938,2024-07-12,1,MC002,EMP0073,120,181
PR005939,2024-07-12,1,MC004,EMP0018,128,181
PR005940,2024-07-12,1,MC007,EMP0158,131,181
PR005941,2024-07-12,1,MC001,EMP0038,130,181
PR005942,2024-07-12,2,MC014,EMP0135,90,120
PR005943,2024-07-12,2,MC010,EMP0129,88,120
PR005944,2024-07-12,2,MC018,EMP0015,82,120
PR005945,2024-07-12,2,MC009,EMP0004,81,120
PR005946,2024-07-12,2,MC015,EMP0105,73,120
PR005947,2024-07-12,2,MC017,EMP0041,86,120
PR005948,2024-07-12,2,MC016,EMP0004,98,120
PR005949,2024-07-12,3,MC019,EMP0172,112,158
PR005950,2024-07-12,3,MC022,EMP0084,118,158
PR005951,2024-07-12,3,MC020,EMP0039,104,158
PR005952,2024-07-12,3,MC024,EMP0010,115,158
PR005953,2024-07-12,3,MC021,EMP0029,102,158
PR005954,2024-07-12,4,MC026,EMP0174,155,200
PR005955,2024-07-12,4,MC029,EMP0127,128,200
PR005956,2024-07-12,4,MC027,EMP0071,132,200
PR005957,2024-07-12,4,MC025,EMP0121,136,200
PR005958,2024-07-12,5,MC033,EMP0164,106,142
PR005959,2024-07-12,5,MC032,EMP0058,88,142
PR005960,2024-07-12,5,MC035,EMP0086,96,142
PR005961,2024-07-12,5,MC034,EMP0164,94,142
PR005962,2024-07-12,5,MC031,EMP0080,101,142
PR005963,2024-07-12,6,MC038,EMP0152,207,325
PR005964,2024-07-12,6,MC036,EMP0142,233,325
PR005965,2024-07-12,6,MC039,EMP0152,251,325
PR005966,2024-07-13,1,MC004,EMP0075,167,181
PR005967,2024-07-13,1,MC007,EMP0017,157,181
PR005968,2024-07-13,1,MC001,EMP0017,130,181
PR005969,2024-07-13,1,MC008,EMP0007,159,181
PR005970,2024-07-13,1,MC005,EMP0110,170,181
PR005971,2024-07-13,1,MC003,EMP0008,132,181
PR005972,2024-07-13,1,MC002,EMP0061,146,181
PR005973,2024-07-13,2,MC014,EMP0106,103,120
PR005974,2024-07-13,2,MC011,EMP0123,88,120
PR005975,2024-07-13,2,MC010,EMP0138,87,120
PR005976,2024-07-13,2,MC012,EMP0139,87,120
PR005977,2024-07-13,2,MC018,EMP0063,94,120
PR005978,2024-07-13,2,MC013,EMP0128,89,120
PR005979,2024-07-13,2,MC009,EMP0083,100,120
PR005980,2024-07-13,2,MC016,EMP0076,94,120
PR005981,2024-07-13,2,MC017,EMP0063,83,120
PR005982,2024-07-13,3,MC024,EMP0082,129,158
PR005983,2024-07-13,3,MC023,EMP0111,132,158
PR005984,2024-07-13,3,MC020,EMP0034,124,158
PR005985,2024-07-13,3,MC019,EMP0172,115,158
PR005986,2024-07-13,3,MC021,EMP0010,129,158
PR005987,2024-07-13,4,MC026,EMP0156,186,200
PR005988,2024-07-13,4,MC025,EMP0022,159,200
PR005989,2024-07-13,4,MC028,EMP0121,195,200
PR005990,2024-07-13,4,MC027,EMP0071,176,200
PR005991,2024-07-13,5,MC030,EMP0068,111,142
PR005992,2024-07-13,5,MC031,EMP0028,108,142
PR005993,2024-07-13,5,MC033,EMP0165,119,142
PR005994,2024-07-13,5,MC034,EMP0164,101,142
PR005995,2024-07-13,6,MC036,EMP0155,261,325
PR005996,2024-07-13,6,MC038,EMP0120,267,325
PR005997,2024-07-13,6,MC037,EMP0152,308,325
PR005998,2024-07-14,1,MC007,EMP0176,52,181
PR005999,2024-07-14,1,MC004,EMP0130,48,181
PR006000,2024-07-14,1,MC002,EMP0107,50,181
PR006001,2024-07-14,1,MC003,EMP0107,45,181
PR006002,2024-07-14,1,MC006,EMP0137,51,181
PR006003,2024-07-14,1,MC005,EMP0037,53,181
PR006004,2024-07-14,2,MC016,EMP0076,33,120
PR006005,2024-07-14,2,MC011,EMP0070,37,120
PR006006,2024-07-14,2,MC009,EMP0116,33,120
PR006007,2024-07-14,2,MC010,EMP0047,37,120
PR006008,2024-07-14,2,MC012,EMP0169,32,120
PR006009,2024-07-14,2,MC015,EMP0045,39,120
PR006010,2024-07-14,2,MC013,EMP0070,31,120
PR006011,2024-07-14,3,MC021,EMP0134,49,158
PR006012,2024-07-14,3,MC024,EMP0136,46,158
PR006013,2024-07-14,3,MC019,EMP0010,49,158
PR006014,2024-07-14,3,MC022,EMP0013,44,158
PR006015,2024-07-14,4,MC026,EMP0087,65,200
PR006016,2024-07-14,4,MC029,EMP0043,64,200
PR006017,2024-07-14,4,MC025,EMP0175,63,200
PR006018,2024-07-14,4,MC028,EMP0154,57,200
PR006019,2024-07-14,5,MC034,EMP0145,41,142
PR006020,2024-07-14,5,MC035,EMP0165,39,142
PR006021,2024-07-14,5,MC033,EMP0003,40,142
PR006022,2024-07-14,5,MC031,EMP0165,38,142
PR006023,2024-07-14,6,MC036,EMP0053,95,325
PR006024,2024-07-14,6,MC039,EMP0120,91,325
PR006025,2024-07-14,6,MC038,EMP0100,100,325
PR006026,2024-07-15,1,MC002,EMP0104,175,181
PR006027,2024-07-15,1,MC008,EMP0118,155,181
PR006028,2024-07-15,1,MC003,EMP0104,139,181
PR006029,2024-07-15,1,MC007,EMP0075,148,181
PR006030,2024-07-15,1,MC001,EMP0057,152,181
PR006031,2024-07-15,1,MC004,EMP0167,149,181
PR006032,2024-07-15,2,MC014,EMP0001,93,120
PR006033,2024-07-15,2,MC011,EMP0138,96,120
PR006034,2024-07-15,2,MC012,EMP0035,114,120
PR006035,2024-07-15,2,MC015,EMP0090,102,120
PR006036,2024-07-15,2,MC018,EMP0146,95,120
PR006037,2024-07-15,2,MC013,EMP0070,89,120
PR006038,2024-07-15,2,MC016,EMP0129,93,120
PR006039,2024-07-15,2,MC010,EMP0146,105,120
PR006040,2024-07-15,2,MC017,EMP0128,109,120
PR006041,2024-07-15,3,MC023,EMP0122,134,158
PR006042,2024-07-15,3,MC022,EMP0172,126,158
PR006043,2024-07-15,3,MC020,EMP0084,141,158
PR006044,2024-07-15,3,MC024,EMP0033,138,158
PR006045,2024-07-15,3,MC019,EMP0078,129,158
PR006046,2024-07-15,4,MC029,EMP0174,173,200
PR006047,2024-07-15,4,MC026,EMP0131,192,200
PR006048,2024-07-15,4,MC027,EMP0174,176,200
PR006049,2024-07-15,4,MC025,EMP0174,203,200
PR006050,2024-07-15,5,MC032,EMP0056,119,142
PR006051,2024-07-15,5,MC035,EMP0096,121,142
PR006052,2024-07-15,5,MC030,EMP0086,111,142
PR006053,2024-07-15,5,MC034,EMP0101,126,142
PR006054,2024-07-15,5,MC033,EMP0056,115,142
PR006055,2024-07-15,6,MC039,EMP0085,243,325
PR006056,2024-07-15,6,MC037,EMP0100,281,325
PR006057,2024-07-15,6,MC036,EMP0085,316,325
PR006058,2024-07-16,1,MC008,EMP0037,158,181
PR006059,2024-07-16,1,MC005,EMP0017,150,181
PR006060,2024-07-16,1,MC004,EMP0104,154,181
PR006061,2024-07-16,1,MC003,EMP0097,155,181
PR006062,2024-07-16,1,MC002,EMP0073,122,181
PR006063,2024-07-16,1,MC001,EMP0110,125,181
PR006064,2024-07-16,2,MC017,EMP0089,89,120
PR006065,2024-07-16,2,MC011,EMP0042,85,120
PR006066,2024-07-16,2,MC012,EMP0040,91,120
PR006067,2024-07-16,2,MC016,EMP0098,88,120
PR006068,2024-07-16,2,MC013,EMP0133,109,120
PR006069,2024-07-16,2,MC014,EMP0041,90,120
PR006070,2024-07-16,2,MC015,EMP0169,91,120
PR006071,2024-07-16,2,MC018,EMP0020,92,120
PR006072,2024-07-16,3,MC023,EMP0180,154,158
PR006073,2024-07-16,3,MC024,EMP0143,142,158
PR006074,2024-07-16,3,MC022,EMP0122,135,158
PR006075,2024-07-16,3,MC021,EMP0172,122,158
PR006076,2024-07-16,3,MC020,EMP0122,115,158
PR006077,2024-07-16,4,MC029,EMP0108,159,200
PR006078,2024-07-16,4,MC027,EMP0049,172,200
PR006079,2024-07-16,4,MC028,EMP0121,181,200
PR006080,2024-07-16,4,MC025,EMP0109,169,200
PR006081,2024-07-16,5,MC032,EMP0068,90,142
PR006082,2024-07-16,5,MC030,EMP0145,121,142
PR006083,2024-07-16,5,MC035,EMP0101,112,142
PR006084,2024-07-16,5,MC031,EMP0060,105,142
PR006085,2024-07-16,5,MC033,EMP0164,95,142
PR006086,2024-07-16,6,MC036,EMP0085,285,325
PR006087,2024-07-16,6,MC039,EMP0053,273,325
PR006088,2024-07-16,6,MC037,EMP0152,294,325
PR006089,2024-07-17,1,MC005,EMP0008,164,181
PR006090,2024-07-17,1,MC003,EMP0167,142,181
PR006091,2024-07-17,1,MC007,EMP0094,160,181
PR006092,2024-07-17,1,MC006,EMP0161,162,181
PR006093,2024-07-17,1,MC004,EMP0151,147,181
PR006094,2024-07-17,1,MC001,EMP0073,145,181
PR006095,2024-07-17,1,MC002,EMP0110,143,181
PR006096,2024-07-17,2,MC014,EMP0074,107,120
PR006097,2024-07-17,2,MC011,EMP0146,109,120
PR006098,2024-07-17,2,MC018,EMP0123,86,120
PR006099,2024-07-17,2,MC016,EMP0098,92,120
PR006100,2024-07-17,2,MC015,EMP0157,96,120
PR006101,2024-07-17,2,MC017,EMP0106,108,120
PR006102,2024-07-17,2,MC013,EMP0063,92,120
PR006103,2024-07-17,3,MC024,EMP0033,136,158
PR006104,2024-07-17,3,MC022,EMP0039,135,158
PR006105,2024-07-17,3,MC021,EMP0179,114,158
PR006106,2024-07-17,3,MC023,EMP0159,130,158
PR006107,2024-07-17,3,MC019,EMP0033,130,158
PR006108,2024-07-17,4,MC026,EMP0109,157,200
PR006109,2024-07-17,4,MC027,EMP0087,199,200
PR006110,2024-07-17,4,MC028,EMP0059,213,200
PR006111,2024-07-17,4,MC029,EMP0093,166,200
PR006112,2024-07-17,5,MC031,EMP0003,96,142
PR006113,2024-07-17,5,MC032,EMP0150,114,142
PR006114,2024-07-17,5,MC034,EMP0086,94,142
PR006115,2024-07-17,5,MC033,EMP0086,108,142
PR006116,2024-07-17,5,MC035,EMP0101,109,142
PR006117,2024-07-17,6,MC038,EMP0144,286,325
PR006118,2024-07-17,6,MC036,EMP0053,273,325
PR006119,2024-07-17,6,MC037,EMP0171,247,325
PR006120,2024-07-18,1,MC005,EMP0037,165,181
PR006121,2024-07-18,1,MC006,EMP0088,160,181
PR006122,2024-07-18,1,MC008,EMP0073,150,181
PR006123,2024-07-18,1,MC002,EMP0112,154,181
PR006124,2024-07-18,1,MC001,EMP0166,152,181
PR006125,2024-07-18,1,MC003,EMP0025,143,181
PR006126,2024-07-18,1,MC004,EMP0032,149,181
PR006127,2024-07-18,2,MC016,EMP0001,95,120
PR006128,2024-07-18,2,MC015,EMP0067,93,120
PR006129,2024-07-18,2,MC017,EMP0077,99,120
PR006130,2024-07-18,2,MC011,EMP0040,77,120
PR006131,2024-07-18,2,MC018,EMP0105,104,120
PR006132,2024-07-18,2,MC009,EMP0140,103,120
PR006133,2024-07-18,2,MC012,EMP0105,106,120
PR006134,2024-07-18,3,MC019,EMP0180,130,158
PR006135,2024-07-18,3,MC024,EMP0179,113,158
PR006136,2024-07-18,3,MC023,EMP0039,120,158
PR006137,2024-07-18,3,MC022,EMP0084,148,158
PR006138,2024-07-18,4,MC026,EMP0043,183,200
PR006139,2024-07-18,4,MC027,EMP0011,170,200
PR006140,2024-07-18,4,MC029,EMP0022,196,200
PR006141,2024-07-18,4,MC028,EMP0022,173,200
PR006142,2024-07-18,5,MC033,EMP0080,115,142
PR006143,2024-07-18,5,MC030,EMP0068,111,142
PR006144,2024-07-18,5,MC031,EMP0086,113,142
PR006145,2024-07-18,5,MC032,EMP0164,111,142
PR006146,2024-07-18,5,MC035,EMP0101,122,142
PR006147,2024-07-18,6,MC036,EMP0053,288,325
PR006148,2024-07-18,6,MC039,EMP0152,271,325
PR006149,2024-07-18,6,MC037,EMP0120,282,325
PR006150,2024-07-19,1,MC002,EMP0160,113,181
PR006151,2024-07-19,1,MC003,EMP0007,121,181
PR006152,2024-07-19,1,MC005,EMP0168,143,181
PR006153,2024-07-19,1,MC008,EMP0130,126,181
PR006154,2024-07-19,1,MC001,EMP0130,136,181
PR006155,2024-07-19,1,MC004,EMP0007,118,181
PR006156,2024-07-19,2,MC018,EMP0047,82,120
PR006157,2024-07-19,2,MC014,EMP0067,79,120
PR006158,2024-07-19,2,MC009,EMP0090,96,120
PR006159,2024-07-19,2,MC010,EMP0106,88,120
PR006160,2024-07-19,2,MC011,EMP0026,88,120
PR006161,2024-07-19,2,MC015,EMP0089,81,120
PR006162,2024-07-19,2,MC012,EMP0015,83,120
PR006163,2024-07-19,3,MC019,EMP0084,101,158
PR006164,2024-07-19,3,MC020,EMP0010,111,158
PR006165,2024-07-19,3,MC022,EMP0124,115,158
PR006166,2024-07-19,3,MC021,EMP0016,117,158
PR006167,2024-07-19,4,MC028,EMP0109,145,200
PR006168,2024-07-19,4,MC026,EMP0059,144,200
PR006169,2024-07-19,4,MC025,EMP0108,162,200
PR006170,2024-07-19,4,MC027,EMP0050,156,200
PR006171,2024-07-19,5,MC032,EMP0145,89,142
PR006172,2024-07-19,5,MC031,EMP0060,96,142
PR006173,2024-07-19,5,MC035,EMP0068,98,142
PR006174,2024-07-19,5,MC033,EMP0080,99,142
PR006175,2024-07-19,5,MC034,EMP0003,92,142
PR006176,2024-07-19,6,MC038,EMP0085,240,325
PR006177,2024-07-19,6,MC037,EMP0065,219,325
PR006178,2024-07-19,6,MC036,EMP0155,231,325
PR006179,2024-07-20,1,MC006,EMP0163,143,181
PR006180,2024-07-20,1,MC005,EMP0104,122,181
PR006181,2024-07-20,1,MC008,EMP0052,146,181
PR006182,2024-07-20,1,MC007,EMP0141,170,181
PR006183,2024-07-20,1,MC003,EMP0030,112,181
PR006184,2024-07-20,1,MC001,EMP0137,162,181
PR006185,2024-07-20,1,MC004,EMP0025,165,181
PR006186,2024-07-20,2,MC015,EMP0157,96,120
PR006187,2024-07-20,2,MC016,EMP0129,97,120
PR006188,2024-07-20,2,MC018,EMP0070,98,120
PR006189,2024-07-20,2,MC010,EMP0012,104,120
PR006190,2024-07-20,2,MC013,EMP0129,109,120
PR006191,2024-07-20,2,MC014,EMP0041,108,120
PR006192,2024-07-20,2,MC017,EMP0135,91,120
PR006193,2024-07-20,2,MC012,EMP0123,92,120
PR006194,2024-07-20,3,MC019,EMP0033,121,158
PR006195,2024-07-20,3,MC022,EMP0033,117,158
PR006196,2024-07-20,3,MC021,EMP0013,117,158
PR006197,2024-07-20,3,MC020,EMP0016,125,158
PR006198,2024-07-20,3,MC023,EMP0159,129,158
PR006199,2024-07-20,4,MC027,EMP0127,177,200
PR006200,2024-07-20,4,MC029,EMP0014,189,200
PR006201,2024-07-20,4,MC026,EMP0121,197,200
PR006202,2024-07-20,4,MC025,EMP0011,151,200
PR006203,2024-07-20,5,MC033,EMP0060,123,142
PR006204,2024-07-20,5,MC035,EMP0060,113,142
PR006205,2024-07-20,5,MC032,EMP0145,119,142
PR006206,2024-07-20,5,MC031,EMP0086,115,142
PR006207,2024-07-20,5,MC034,EMP0086,118,142
PR006208,2024-07-20,6,MC036,EMP0142,332,325
PR006209,2024-07-20,6,MC037,EMP0046,263,325
PR006210,2024-07-20,6,MC038,EMP0142,291,325
PR006211,2024-07-21,1,MC003,EMP0163,55,181
PR006212,2024-07-21,1,MC008,EMP0061,58,181
PR006213,2024-07-21,1,MC002,EMP0118,57,181
PR006214,2024-07-21,1,MC007,EMP0141,52,181
PR006215,2024-07-21,1,MC004,EMP0091,59,181
PR006216,2024-07-21,1,MC001,EMP0161,52,181
PR006217,2024-07-21,2,MC014,EMP0051,31,120
PR006218,2024-07-21,2,MC009,EMP0146,34,120
PR006219,2024-07-21,2,MC017,EMP0147,33,120
PR006220,2024-07-21,2,MC018,EMP0114,32,120
PR006221,2024-07-21,2,MC011,EMP0036,33,120
PR006222,2024-07-21,2,MC010,EMP0035,26,120
PR006223,2024-07-21,2,MC012,EMP0027,35,120
PR006224,2024-07-21,3,MC023,EMP0159,42,158
PR006225,2024-07-21,3,MC019,EMP0143,46,158
PR006226,2024-07-21,3,MC021,EMP0111,41,158
PR006227,2024-07-21,3,MC022,EMP0125,44,158
PR006228,2024-07-21,4,MC026,EMP0011,59,200
PR006229,2024-07-21,4,MC028,EMP0127,67,200
PR006230,2024-07-21,4,MC025,EMP0093,61,200
PR006231,2024-07-21,4,MC029,EMP0174,56,200
PR006232,2024-07-21,5,MC035,EMP0096,36,142
PR006233,2024-07-21,5,MC032,EMP0096,37,142
PR006234,2024-07-21,5,MC031,EMP0145,38,142
PR006235,2024-07-21,5,MC033,EMP0068,39,142
PR006236,2024-07-21,6,MC039,EMP0155,89,325
PR006237,2024-07-21,6,MC036,EMP0144,108,325
PR006238,2024-07-21,6,MC038,EMP0152,89,325
PR006239,2024-07-22,1,MC001,EMP0130,153,181
PR006240,2024-07-22,1,MC002,EMP0054,139,181
PR006241,2024-07-22,1,MC006,EMP0160,160,181
PR006242,2024-07-22,1,MC007,EMP0119,133,181
PR006243,2024-07-22,1,MC003,EMP0168,158,181
PR006244,2024-07-22,1,MC008,EMP0163,156,181
PR006245,2024-07-22,2,MC014,EMP0051,102,120
PR006246,2024-07-22,2,MC009,EMP0081,97,120
PR006247,2024-07-22,2,MC015,EMP0074,104,120
PR006248,2024-07-22,2,MC013,EMP0128,98,120
PR006249,2024-07-22,2,MC016,EMP0024,107,120
PR006250,2024-07-22,2,MC018,EMP0114,100,120
PR006251,2024-07-22,2,MC012,EMP0157,94,120
PR006252,2024-07-22,2,MC017,EMP0051,100,120
PR006253,2024-07-22,2,MC011,EMP0095,93,120
PR006254,2024-07-22,3,MC021,EMP0010,116,158
PR006255,2024-07-22,3,MC024,EMP0124,109,158
PR006256,2024-07-22,3,MC022,EMP0122,124,158
PR006257,2024-07-22,3,MC020,EMP0124,119,158
PR006258,2024-07-22,3,MC019,EMP0122,138,158
PR006259,2024-07-22,4,MC028,EMP0059,178,200
PR006260,2024-07-22,4,MC029,EMP0023,196,200
PR006261,2024-07-22,4,MC027,EMP0011,185,200
PR006262,2024-07-22,4,MC026,EMP0156,186,200
PR006263,2024-07-22,5,MC032,EMP0086,117,142
PR006264,2024-07-22,5,MC033,EMP0058,118,142
PR006265,2024-07-22,5,MC035,EMP0056,109,142
PR006266,2024-07-22,5,MC034,EMP0164,100,142
PR006267,2024-07-22,5,MC030,EMP0058,112,142
PR006268,2024-07-22,6,MC036,EMP0053,254,325
PR006269,2024-07-22,6,MC039,EMP0120,251,325
PR006270,2024-07-22,6,MC037,EMP0144,256,325
PR006271,2024-07-23,1,MC001,EMP0160,139,181
PR006272,2024-07-23,1,MC007,EMP0038,157,181
PR006273,2024-07-23,1,MC008,EMP0110,134,181
PR006274,2024-07-23,1,MC002,EMP0161,138,181
PR006275,2024-07-23,1,MC006,EMP0007,133,181
PR006276,2024-07-23,1,MC003,EMP0110,157,181
PR006277,2024-07-23,1,MC005,EMP0119,136,181
PR006278,2024-07-23,2,MC016,EMP0123,99,120
PR006279,2024-07-23,2,MC013,EMP0103,90,120
PR006280,2024-07-23,2,MC014,EMP0045,90,120
PR006281,2024-07-23,2,MC018,EMP0106,105,120
PR006282,2024-07-23,2,MC010,EMP0079,102,120
PR006283,2024-07-23,2,MC012,EMP0001,95,120
PR006284,2024-07-23,2,MC009,EMP0128,104,120
PR006285,2024-07-23,2,MC015,EMP0178,94,120
PR006286,2024-07-23,2,MC011,EMP0114,82,120
PR006287,2024-07-23,3,MC021,EMP0124,133,158
PR006288,2024-07-23,3,MC020,EMP0136,133,158
PR006289,2024-07-23,3,MC019,EMP0034,112,158
PR006290,2024-07-23,3,MC023,EMP0029,132,158
PR006291,2024-07-23,3,MC022,EMP0179,119,158
PR006292,2024-07-23,4,MC026,EMP0043,183,200
PR006293,2024-07-23,4,MC029,EMP0023,225,200
PR006294,2024-07-23,4,MC025,EMP0071,171,200
PR006295,2024-07-23,4,MC027,EMP0127,186,200
PR006296,2024-07-23,5,MC031,EMP0003,101,142
PR006297,2024-07-23,5,MC032,EMP0080,119,142
PR006298,2024-07-23,5,MC034,EMP0058,108,142
PR006299,2024-07-23,5,MC030,EMP0080,114,142
PR006300,2024-07-23,5,MC035,EMP0145,126,142
PR006301,2024-07-23,6,MC036,EMP0046,305,325
PR006302,2024-07-23,6,MC038,EMP0100,268,325
PR006303,2024-07-23,6,MC039,EMP0046,288,325
PR006304,2024-07-24,1,MC001,EMP0037,169,181
PR006305,2024-07-24,1,MC006,EMP0032,155,181
PR006306,2024-07-24,1,MC008,EMP0130,118,181
PR006307,2024-07-24,1,MC004,EMP0007,150,181
PR006308,2024-07-24,1,MC003,EMP0066,148,181
PR006309,2024-07-24,1,MC007,EMP0110,160,181
PR006310,2024-07-24,2,MC012,EMP0138,108,120
PR006311,2024-07-24,2,MC015,EMP0139,105,120
PR006312,2024-07-24,2,MC014,EMP0012,87,120
PR006313,2024-07-24,2,MC013,EMP0095,109,120
PR006314,2024-07-24,2,MC017,EMP0113,103,120
PR006315,2024-07-24,2,MC009,EMP0020,113,120
PR006316,2024-07-24,2,MC011,EMP0020,95,120
PR006317,2024-07-24,2,MC010,EMP0026,97,120
PR006318,2024-07-24,2,MC016,EMP0051,105,120
PR006319,2024-07-24,3,MC024,EMP0033,125,158
PR006320,2024-07-24,3,MC021,EMP0055,121,158
PR006321,2024-07-24,3,MC020,EMP0078,144,158
PR006322,2024-07-24,3,MC019,EMP0006,144,158
PR006323,2024-07-24,3,MC023,EMP0033,123,158
PR006324,2024-07-24,4,MC029,EMP0062,189,200
PR006325,2024-07-24,4,MC028,EMP0154,148,200
PR006326,2024-07-24,4,MC027,EMP0022,164,200
PR006327,2024-07-24,4,MC025,EMP0127,169,200
PR006328,2024-07-24,5,MC032,EMP0060,116,142
PR006329,2024-07-24,5,MC030,EMP0145,119,142
PR006330,2024-07-24,5,MC034,EMP0145,103,142
PR006331,2024-07-24,5,MC035,EMP0150,133,142
PR006332,2024-07-24,5,MC031,EMP0165,104,142
PR006333,2024-07-24,6,MC036,EMP0144,278,325
PR006334,2024-07-24,6,MC039,EMP0142,258,325
PR006335,2024-07-24,6,MC038,EMP0085,282,325
PR006336,2024-07-25,1,MC006,EMP0030,148,181
PR006337,2024-07-25,1,MC005,EMP0092,150,181
PR006338,2024-07-25,1,MC001,EMP0032,145,181
PR006339,2024-07-25,1,MC008,EMP0151,152,181
PR006340,2024-07-25,1,MC004,EMP0161,148,181
PR006341,2024-07-25,1,MC007,EMP0017,172,181
PR006342,2024-07-25,1,MC003,EMP0112,163,181
PR006343,2024-07-25,2,MC011,EMP0067,105,120
PR006344,2024-07-25,2,MC012,EMP0012,105,120
PR006345,2024-07-25,2,MC018,EMP0009,102,120
PR006346,2024-07-25,2,MC013,EMP0090,98,120
PR006347,2024-07-25,2,MC016,EMP0116,109,120
PR006348,2024-07-25,2,MC015,EMP0026,93,120
PR006349,2024-07-25,2,MC017,EMP0036,104,120
PR006350,2024-07-25,2,MC010,EMP0063,95,120
PR006351,2024-07-25,3,MC021,EMP0069,117,158
PR006352,2024-07-25,3,MC020,EMP0124,121,158
PR006353,2024-07-25,3,MC024,EMP0013,119,158
PR006354,2024-07-25,3,MC023,EMP0122,144,158
PR006355,2024-07-25,4,MC027,EMP0131,161,200
PR006356,2024-07-25,4,MC028,EMP0156,173,200
PR006357,2024-07-25,4,MC025,EMP0093,186,200
PR006358,2024-07-25,4,MC026,EMP0093,183,200
PR006359,2024-07-25,5,MC032,EMP0101,114,142
PR006360,2024-07-25,5,MC035,EMP0058,117,142
PR006361,2024-07-25,5,MC030,EMP0003,105,142
PR006362,2024-07-25,5,MC031,EMP0096,98,142
PR006363,2024-07-25,5,MC033,EMP0150,119,142
PR006364,2024-07-25,6,MC039,EMP0155,271,325
PR006365,2024-07-25,6,MC038,EMP0120,302,325
PR006366,2024-07-25,6,MC037,EMP0152,313,325
PR006367,2024-07-26,1,MC006,EMP0137,123,181
PR006368,2024-07-26,1,MC002,EMP0163,139,181
PR006369,2024-07-26,1,MC001,EMP0052,128,181
PR006370,2024-07-26,1,MC004,EMP0151,124,181
PR006371,2024-07-26,1,MC008,EMP0177,140,181
PR006372,2024-07-26,1,MC005,EMP0097,137,181
PR006373,2024-07-26,2,MC016,EMP0133,78,120
PR006374,2024-07-26,2,MC013,EMP0045,88,120
PR006375,2024-07-26,2,MC011,EMP0149,81,120
PR006376,2024-07-26,2,MC017,EMP0105,84,120
PR006377,2024-07-26,2,MC012,EMP0079,80,120
PR006378,2024-07-26,2,MC018,EMP0148,86,120
PR006379,2024-07-26,2,MC015,EMP0051,82,120
PR006380,2024-07-26,2,MC014,EMP0114,85,120
PR006381,2024-07-26,3,MC024,EMP0122,121,158
PR006382,2024-07-26,3,MC021,EMP0016,113,158
PR006383,2024-07-26,3,MC023,EMP0180,89,158
PR006384,2024-07-26,3,MC022,EMP0143,105,158
PR006385,2024-07-26,3,MC020,EMP0136,116,158
PR006386,2024-07-26,4,MC027,EMP0002,145,200
PR006387,2024-07-26,4,MC028,EMP0022,154,200
PR006388,2024-07-26,4,MC029,EMP0043,150,200
PR006389,2024-07-26,4,MC025,EMP0049,158,200
PR006390,2024-07-26,5,MC035,EMP0096,88,142
PR006391,2024-07-26,5,MC034,EMP0058,88,142
PR006392,2024-07-26,5,MC030,EMP0145,95,142
PR006393,2024-07-26,5,MC031,EMP0150,101,142
PR006394,2024-07-26,6,MC037,EMP0065,246,325
PR006395,2024-07-26,6,MC038,EMP0046,227,325
PR006396,2024-07-26,6,MC036,EMP0085,230,325
PR006397,2024-07-27,1,MC008,EMP0160,140,181
PR006398,2024-07-27,1,MC004,EMP0054,151,181
PR006399,2024-07-27,1,MC007,EMP0177,156,181
PR006400,2024-07-27,1,MC002,EMP0030,166,181
PR006401,2024-07-27,1,MC005,EMP0158,154,181
PR006402,2024-07-27,1,MC006,EMP0126,145,181
PR006403,2024-07-27,2,MC012,EMP0157,84,120
PR006404,2024-07-27,2,MC013,EMP0106,94,120
PR006405,2024-07-27,2,MC011,EMP0004,109,120
PR006406,2024-07-27,2,MC015,EMP0090,113,120
PR006407,2024-07-27,2,MC010,EMP0113,105,120
PR006408,2024-07-27,2,MC014,EMP0113,108,120
PR006409,2024-07-27,2,MC017,EMP0070,102,120
PR006410,2024-07-27,3,MC020,EMP0111,124,158
PR006411,2024-07-27,3,MC022,EMP0134,129,158
PR006412,2024-07-27,3,MC023,EMP0125,123,158
PR006413,2024-07-27,3,MC024,EMP0172,119,158
PR006414,2024-07-27,3,MC021,EMP0099,125,158
PR006415,2024-07-27,4,MC026,EMP0108,182,200
PR006416,2024-07-27,4,MC027,EMP0019,217,200
PR006417,2024-07-27,4,MC029,EMP0059,174,200
PR006418,2024-07-27,4,MC025,EMP0023,195,200
PR006419,2024-07-27,5,MC033,EMP0150,119,142
PR006420,2024-07-27,5,MC031,EMP0150,115,142
PR006421,2024-07-27,5,MC035,EMP0101,127,142
PR006422,2024-07-27,5,MC032,EMP0086,93,142
PR006423,2024-07-27,5,MC034,EMP0003,116,142
PR006424,2024-07-27,6,MC036,EMP0155,255,325
PR006425,2024-07-27,6,MC037,EMP0053,289,325
PR006426,2024-07-27,6,MC038,EMP0100,331,325
PR006427,2024-07-28,1,MC004,EMP0167,53,181
PR006428,2024-07-28,1,MC001,EMP0025,53,181
PR006429,2024-07-28,1,MC008,EMP0054,51,181
PR006430,2024-07-28,1,MC006,EMP0163,60,181
PR006431,2024-07-28,1,MC002,EMP0097,50,181
PR006432,2024-07-28,1,MC007,EMP0044,49,181
PR006433,2024-07-28,2,MC016,EMP0114,36,120
PR006434,2024-07-28,2,MC011,EMP0128,33,120
PR006435,2024-07-28,2,MC013,EMP0027,34,120
PR006436,2024-07-28,2,MC009,EMP0113,34,120
PR006437,2024-07-28,2,MC014,EMP0105,34,120
PR006438,2024-07-28,2,MC015,EMP0149,35,120
PR006439,2024-07-28,2,MC010,EMP0041,32,120
PR006440,2024-07-28,2,MC018,EMP0135,32,120
PR006441,2024-07-28,3,MC023,EMP0180,39,158
PR006442,2024-07-28,3,MC019,EMP0179,52,158
PR006443,2024-07-28,3,MC022,EMP0034,48,158
PR006444,2024-07-28,3,MC024,EMP0136,48,158
PR006445,2024-07-28,3,MC020,EMP0122,41,158
PR006446,2024-07-28,4,MC027,EMP0071,66,200
PR006447,2024-07-28,4,MC028,EMP0019,58,200
PR006448,2024-07-28,4,MC026,EMP0050,71,200
PR006449,2024-07-28,4,MC029,EMP0121,63,200
PR006450,2024-07-28,5,MC030,EMP0060,44,142
PR006451,2024-07-28,5,MC031,EMP0003,34,142
PR006452,2024-07-28,5,MC033,EMP0080,31,142
PR006453,2024-07-28,5,MC035,EMP0068,37,142
PR006454,2024-07-28,5,MC034,EMP0145,35,142
PR006455,2024-07-28,6,MC037,EMP0171,87,325
PR006456,2024-07-28,6,MC036,EMP0100,90,325
PR006457,2024-07-28,6,MC039,EMP0053,106,325
PR006458,2024-07-29,1,MC002,EMP0151,164,181
PR006459,2024-07-29,1,MC004,EMP0137,153,181
PR006460,2024-07-29,1,MC008,EMP0119,147,181
PR006461,2024-07-29,1,MC005,EMP0061,137,181
PR006462,2024-07-29,1,MC007,EMP0005,159,181
PR006463,2024-07-29,1,MC006,EMP0073,148,181
PR006464,2024-07-29,1,MC003,EMP0177,158,181
PR006465,2024-07-29,2,MC016,EMP0048,90,120
PR006466,2024-07-29,2,MC017,EMP0079,111,120
PR006467,2024-07-29,2,MC010,EMP0149,103,120
PR006468,2024-07-29,2,MC015,EMP0106,88,120
PR006469,2024-07-29,2,MC009,EMP0077,106,120
PR006470,2024-07-29,2,MC013,EMP0149,106,120
PR006471,2024-07-29,2,MC014,EMP0123,88,120
PR006472,2024-07-29,2,MC018,EMP0035,99,120
PR006473,2024-07-29,3,MC022,EMP0134,135,158
PR006474,2024-07-29,3,MC021,EMP0134,133,158
PR006475,2024-07-29,3,MC019,EMP0180,129,158
PR006476,2024-07-29,3,MC023,EMP0084,117,158
PR006477,2024-07-29,3,MC020,EMP0124,125,158
PR006478,2024-07-29,4,MC026,EMP0093,186,200
PR006479,2024-07-29,4,MC025,EMP0059,165,200
PR006480,2024-07-29,4,MC029,EMP0175,186,200
PR006481,2024-07-29,5,MC031,EMP0028,109,142
PR006482,2024-07-29,5,MC030,EMP0068,112,142
PR006483,2024-07-29,5,MC035,EMP0003,116,142
PR006484,2024-07-29,5,MC032,EMP0150,103,142
PR006485,2024-07-29,6,MC037,EMP0085,262,325
PR006486,2024-07-29,6,MC038,EMP0120,252,325
PR006487,2024-07-29,6,MC036,EMP0120,265,325
PR006488,2024-07-30,1,MC007,EMP0161,141,181
PR006489,2024-07-30,1,MC006,EMP0072,136,181
PR006490,2024-07-30,1,MC008,EMP0168,155,181
PR006491,2024-07-30,1,MC001,EMP0017,156,181
PR006492,2024-07-30,1,MC002,EMP0072,159,181
PR006493,2024-07-30,1,MC005,EMP0017,141,181
PR006494,2024-07-30,1,MC004,EMP0112,142,181
PR006495,2024-07-30,2,MC012,EMP0009,105,120
PR006496,2024-07-30,2,MC011,EMP0035,104,120
PR006497,2024-07-30,2,MC014,EMP0035,99,120
PR006498,2024-07-30,2,MC009,EMP0021,93,120
PR006499,2024-07-30,2,MC017,EMP0009,108,120
PR006500,2024-07-30,2,MC015,EMP0081,91,120
PR006501,2024-07-30,2,MC016,EMP0146,113,120
PR006502,2024-07-30,2,MC010,EMP0076,96,120
PR006503,2024-07-30,2,MC018,EMP0169,89,120
PR006504,2024-07-30,3,MC022,EMP0159,132,158
PR006505,2024-07-30,3,MC021,EMP0136,134,158
PR006506,2024-07-30,3,MC019,EMP0180,114,158
PR006507,2024-07-30,3,MC023,EMP0016,125,158
PR006508,2024-07-30,3,MC020,EMP0034,122,158
PR006509,2024-07-30,4,MC026,EMP0093,165,200
PR006510,2024-07-30,4,MC028,EMP0093,166,200
PR006511,2024-07-30,4,MC025,EMP0011,170,200
PR006512,2024-07-30,5,MC031,EMP0058,120,142
PR006513,2024-07-30,5,MC030,EMP0068,110,142
PR006514,2024-07-30,5,MC035,EMP0058,105,142
PR006515,2024-07-30,5,MC032,EMP0150,113,142
PR006516,2024-07-30,6,MC036,EMP0155,241,325
PR006517,2024-07-30,6,MC038,EMP0065,273,325
PR006518,2024-07-30,6,MC039,EMP0065,280,325
PR006519,2024-07-31,1,MC006,EMP0091,160,181
PR006520,2024-07-31,1,MC004,EMP0057,152,181
PR006521,2024-07-31,1,MC008,EMP0091,152,181
PR006522,2024-07-31,1,MC002,EMP0054,134,181
PR006523,2024-07-31,1,MC005,EMP0110,135,181
PR006524,2024-07-31,1,MC007,EMP0005,152,181
PR006525,2024-07-31,2,MC017,EMP0036,98,120
PR006526,2024-07-31,2,MC014,EMP0147,99,120
PR006527,2024-07-31,2,MC013,EMP0133,105,120
PR006528,2024-07-31,2,MC015,EMP0024,105,120
PR006529,2024-07-31,2,MC010,EMP0047,92,120
PR006530,2024-07-31,2,MC009,EMP0015,87,120
PR006531,2024-07-31,2,MC018,EMP0123,108,120
PR006532,2024-07-31,3,MC023,EMP0006,128,158
PR006533,2024-07-31,3,MC022,EMP0125,137,158
PR006534,2024-07-31,3,MC021,EMP0029,115,158
PR006535,2024-07-31,3,MC024,EMP0143,117,158
PR006536,2024-07-31,3,MC019,EMP0143,116,158
PR006537,2024-07-31,4,MC027,EMP0109,171,200
PR006538,2024-07-31,4,MC029,EMP0011,188,200
PR006539,2024-07-31,4,MC025,EMP0127,198,200
PR006540,2024-07-31,4,MC028,EMP0011,196,200
PR006541,2024-07-31,5,MC031,EMP0164,125,142
PR006542,2024-07-31,5,MC035,EMP0150,122,142
PR006543,2024-07-31,5,MC034,EMP0068,116,142
PR006544,2024-07-31,5,MC030,EMP0028,122,142
PR006545,2024-07-31,5,MC032,EMP0086,119,142
PR006546,2024-07-31,6,MC038,EMP0155,276,325
PR006547,2024-07-31,6,MC039,EMP0171,247,325
PR006548,2024-07-31,6,MC037,EMP0144,262,325
PR006549,2024-08-01,1,MC006,EMP0118,196,181
PR006550,2024-08-01,1,MC005,EMP0107,178,181
PR006551,2024-08-01,1,MC003,EMP0005,174,181
PR006552,2024-08-01,1,MC002,EMP0118,168,181
PR006553,2024-08-01,1,MC008,EMP0044,189,181
PR006554,2024-08-01,1,MC001,EMP0158,181,181
PR006555,2024-08-01,1,MC007,EMP0075,182,181
PR006556,2024-08-01,2,MC014,EMP0051,128,120
PR006557,2024-08-01,2,MC015,EMP0040,129,120
PR006558,2024-08-01,2,MC011,EMP0090,122,120
PR006559,2024-08-01,2,MC010,EMP0106,116,120
PR006560,2024-08-01,2,MC012,EMP0114,113,120
PR006561,2024-08-01,2,MC009,EMP0020,111,120
PR006562,2024-08-01,2,MC013,EMP0009,108,120
PR006563,2024-08-01,2,MC017,EMP0047,115,120
PR006564,2024-08-01,3,MC023,EMP0033,168,158
PR006565,2024-08-01,3,MC021,EMP0179,164,158
PR006566,2024-08-01,3,MC022,EMP0006,155,158
PR006567,2024-08-01,3,MC024,EMP0064,163,158
PR006568,2024-08-01,3,MC020,EMP0084,155,158
PR006569,2024-08-01,4,MC025,EMP0019,204,200
PR006570,2024-08-01,4,MC028,EMP0093,228,200
PR006571,2024-08-01,4,MC026,EMP0093,229,200
PR006572,2024-08-01,4,MC029,EMP0049,205,200
PR006573,2024-08-01,5,MC035,EMP0003,133,142
PR006574,2024-08-01,5,MC031,EMP0096,164,142
PR006575,2024-08-01,5,MC030,EMP0086,149,142
PR006576,2024-08-01,5,MC033,EMP0003,118,142
PR006577,2024-08-01,5,MC032,EMP0060,123,142
PR006578,2024-08-01,6,MC036,EMP0144,320,325
PR006579,2024-08-01,6,MC038,EMP0065,267,325
PR006580,2024-08-01,6,MC037,EMP0120,292,325
PR006581,2024-08-02,1,MC003,EMP0119,164,181
PR006582,2024-08-02,1,MC008,EMP0007,150,181
PR006583,2024-08-02,1,MC007,EMP0075,147,181
PR006584,2024-08-02,1,MC001,EMP0073,156,181
PR006585,2024-08-02,1,MC005,EMP0102,171,181
PR006586,2024-08-02,1,MC002,EMP0160,153,181
PR006587,2024-08-02,2,MC016,EMP0138,85,120
PR006588,2024-08-02,2,MC010,EMP0146,95,120
PR006589,2024-08-02,2,MC017,EMP0021,87,120
PR006590,2024-08-02,2,MC014,EMP0169,98,120
PR006591,2024-08-02,2,MC018,EMP0020,93,120
PR006592,2024-08-02,2,MC015,EMP0089,90,120
PR006593,2024-08-02,2,MC012,EMP0116,112,120
PR006594,2024-08-02,2,MC011,EMP0103,95,120
PR006595,2024-08-02,3,MC019,EMP0111,120,158
PR006596,2024-08-02,3,MC021,EMP0180,136,158
PR006597,2024-08-02,3,MC022,EMP0064,122,158
PR006598,2024-08-02,3,MC024,EMP0179,110,158
PR006599,2024-08-02,3,MC023,EMP0034,119,158
PR006600,2024-08-02,4,MC027,EMP0014,179,200
PR006601,2024-08-02,4,MC026,EMP0174,158,200
PR006602,2024-08-02,4,MC028,EMP0059,177,200
PR006603,2024-08-02,4,MC029,EMP0022,151,200
PR006604,2024-08-02,5,MC035,EMP0164,104,142
PR006605,2024-08-02,5,MC032,EMP0068,118,142
PR006606,2024-08-02,5,MC033,EMP0080,123,142
PR006607,2024-08-02,5,MC034,EMP0164,113,142
PR006608,2024-08-02,6,MC039,EMP0152,261,325
PR006609,2024-08-02,6,MC037,EMP0100,241,325
PR006610,2024-08-02,6,MC036,EMP0142,315,325
PR006611,2024-08-03,1,MC003,EMP0094,175,181
PR006612,2024-08-03,1,MC006,EMP0091,168,181
PR006613,2024-08-03,1,MC001,EMP0130,181,181
PR006614,2024-08-03,1,MC004,EMP0141,191,181
PR006615,2024-08-03,1,MC007,EMP0141,168,181
PR006616,2024-08-03,1,MC008,EMP0054,191,181
PR006617,2024-08-03,1,MC002,EMP0091,166,181
PR006618,2024-08-03,2,MC014,EMP0004,109,120
PR006619,2024-08-03,2,MC015,EMP0170,114,120
PR006620,2024-08-03,2,MC017,EMP0135,133,120
PR006621,2024-08-03,2,MC010,EMP0106,104,120
PR006622,2024-08-03,2,MC009,EMP0063,102,120
PR006623,2024-08-03,2,MC011,EMP0147,119,120
PR006624,2024-08-03,2,MC013,EMP0077,123,120
PR006625,2024-08-03,3,MC019,EMP0039,157,158
PR006626,2024-08-03,3,MC022,EMP0055,130,158
PR006627,2024-08-03,3,MC021,EMP0084,154,158
PR006628,2024-08-03,3,MC020,EMP0034,127,158
PR006629,2024-08-03,3,MC024,EMP0078,135,158
PR006630,2024-08-03,4,MC028,EMP0154,233,200
PR006631,2024-08-03,4,MC027,EMP0154,231,200
PR006632,2024-08-03,4,MC025,EMP0059,198,200
PR006633,2024-08-03,4,MC029,EMP0022,199,200
PR006634,2024-08-03,5,MC033,EMP0165,140,142
PR006635,2024-08-03,5,MC032,EMP0058,110,142
PR006636,2024-08-03,5,MC030,EMP0086,132,142
PR006637,2024-08-03,5,MC034,EMP0003,138,142
PR006638,2024-08-03,6,MC039,EMP0155,331,325
PR006639,2024-08-03,6,MC037,EMP0053,318,325
PR006640,2024-08-03,6,MC036,EMP0085,324,325
PR006641,2024-08-04,1,MC007,EMP0160,57,181
PR006642,2024-08-04,1,MC008,EMP0075,71,181
PR006643,2024-08-04,1,MC002,EMP0054,68,181
PR006644,2024-08-04,1,MC004,EMP0163,59,181
PR006645,2024-08-04,1,MC005,EMP0018,67,181
PR006646,2024-08-04,1,MC006,EMP0141,57,181
PR006647,2024-08-04,2,MC017,EMP0021,39,120
PR006648,2024-08-04,2,MC018,EMP0146,34,120
PR006649,2024-08-04,2,MC011,EMP0051,39,120
PR006650,2024-08-04,2,MC010,EMP0139,42,120
PR006651,2024-08-04,2,MC012,EMP0076,38,120
PR006652,2024-08-04,2,MC016,EMP0020,39,120
PR006653,2024-08-04,2,MC014,EMP0147,35,120
PR006654,2024-08-04,2,MC009,EMP0113,43,120
PR006655,2024-08-04,2,MC015,EMP0105,38,120
PR006656,2024-08-04,3,MC021,EMP0136,54,158
PR006657,2024-08-04,3,MC020,EMP0082,53,158
PR006658,2024-08-04,3,MC022,EMP0124,55,158
PR006659,2024-08-04,3,MC023,EMP0039,47,158
PR006660,2024-08-04,4,MC029,EMP0043,88,200
PR006661,2024-08-04,4,MC027,EMP0014,70,200
PR006662,2024-08-04,4,MC026,EMP0109,64,200
PR006663,2024-08-04,4,MC025,EMP0121,77,200
PR006664,2024-08-04,5,MC031,EMP0164,44,142
PR006665,2024-08-04,5,MC032,EMP0060,49,142
PR006666,2024-08-04,5,MC035,EMP0056,45,142
PR006667,2024-08-04,5,MC030,EMP0060,52,142
PR006668,2024-08-04,5,MC033,EMP0060,43,142
PR006669,2024-08-04,6,MC037,EMP0120,95,325
PR006670,2024-08-04,6,MC036,EMP0142,105,325
PR006671,2024-08-04,6,MC039,EMP0142,117,325
PR006672,2024-08-05,1,MC004,EMP0025,153,181
PR006673,2024-08-05,1,MC002,EMP0166,172,181
PR006674,2024-08-05,1,MC008,EMP0166,187,181
PR006675,2024-08-05,1,MC006,EMP0118,193,181
PR006676,2024-08-05,1,MC007,EMP0151,175,181
PR006677,2024-08-05,1,MC001,EMP0104,180,181
PR006678,2024-08-05,2,MC018,EMP0012,122,120
PR006679,2024-08-05,2,MC010,EMP0004,106,120
PR006680,2024-08-05,2,MC009,EMP0089,104,120
PR006681,2024-08-05,2,MC015,EMP0139,94,120
PR006682,2024-08-05,2,MC014,EMP0024,109,120
PR006683,2024-08-05,2,MC011,EMP0051,121,120
PR006684,2024-08-05,2,MC013,EMP0140,123,120
PR006685,2024-08-05,2,MC012,EMP0024,105,120
PR006686,2024-08-05,2,MC017,EMP0035,112,120
PR006687,2024-08-05,3,MC021,EMP0034,125,158
PR006688,2024-08-05,3,MC024,EMP0179,156,158
PR006689,2024-08-05,3,MC022,EMP0125,156,158
PR006690,2024-08-05,3,MC020,EMP0159,139,158
PR006691,2024-08-05,3,MC023,EMP0136,130,158
PR006692,2024-08-05,4,MC027,EMP0014,204,200
PR006693,2024-08-05,4,MC026,EMP0062,199,200
PR006694,2024-08-05,4,MC029,EMP0121,199,200
PR006695,2024-08-05,4,MC028,EMP0093,213,200
PR006696,2024-08-05,5,MC031,EMP0086,136,142
PR006697,2024-08-05,5,MC033,EMP0056,127,142
PR006698,2024-08-05,5,MC032,EMP0058,127,142
PR006699,2024-08-05,5,MC030,EMP0145,147,142
PR006700,2024-08-05,6,MC038,EMP0085,343,325
PR006701,2024-08-05,6,MC036,EMP0152,301,325
PR006702,2024-08-05,6,MC039,EMP0120,298,325
PR006703,2024-08-06,1,MC004,EMP0126,189,181
PR006704,2024-08-06,1,MC001,EMP0177,195,181
PR006705,2024-08-06,1,MC007,EMP0160,184,181
PR006706,2024-08-06,1,MC002,EMP0141,172,181
PR006707,2024-08-06,1,MC006,EMP0066,178,181
PR006708,2024-08-06,1,MC003,EMP0168,177,181
PR006709,2024-08-06,1,MC005,EMP0008,197,181
PR006710,2024-08-06,2,MC014,EMP0051,116,120
PR006711,2024-08-06,2,MC010,EMP0178,133,120
PR006712,2024-08-06,2,MC016,EMP0123,114,120
PR006713,2024-08-06,2,MC012,EMP0077,109,120
PR006714,2024-08-06,2,MC018,EMP0148,123,120
PR006715,2024-08-06,2,MC017,EMP0048,108,120
PR006716,2024-08-06,2,MC013,EMP0103,119,120
PR006717,2024-08-06,2,MC011,EMP0026,109,120
PR006718,2024-08-06,2,MC009,EMP0149,100,120
PR006719,2024-08-06,3,MC019,EMP0064,154,158
PR006720,2024-08-06,3,MC023,EMP0111,158,158
PR006721,2024-08-06,3,MC021,EMP0078,147,158
PR006722,2024-08-06,3,MC020,EMP0033,169,158
PR006723,2024-08-06,3,MC022,EMP0034,160,158
PR006724,2024-08-06,4,MC029,EMP0132,213,200
PR006725,2024-08-06,4,MC026,EMP0062,212,200
PR006726,2024-08-06,4,MC028,EMP0109,208,200
PR006727,2024-08-06,4,MC025,EMP0049,208,200
PR006728,2024-08-06,5,MC032,EMP0080,138,142
PR006729,2024-08-06,5,MC033,EMP0058,144,142
PR006730,2024-08-06,5,MC031,EMP0058,120,142
PR006731,2024-08-06,5,MC035,EMP0086,129,142
PR006732,2024-08-06,6,MC036,EMP0152,299,325
PR006733,2024-08-06,6,MC038,EMP0100,341,325
PR006734,2024-08-06,6,MC039,EMP0144,329,325
PR006735,2024-08-07,1,MC002,EMP0141,191,181
PR006736,2024-08-07,1,MC001,EMP0097,190,181
PR006737,2024-08-07,1,MC006,EMP0088,162,181
PR006738,2024-08-07,1,MC007,EMP0075,180,181
PR006739,2024-08-07,1,MC003,EMP0052,200,181
PR006740,2024-08-07,1,MC008,EMP0107,186,181
PR006741,2024-08-07,2,MC009,EMP0115,122,120
PR006742,2024-08-07,2,MC010,EMP0012,107,120
PR006743,2024-08-07,2,MC015,EMP0077,113,120
PR006744,2024-08-07,2,MC011,EMP0026,120,120
PR006745,2024-08-07,2,MC016,EMP0015,101,120
PR006746,2024-08-07,2,MC012,EMP0095,114,120
PR006747,2024-08-07,2,MC013,EMP0116,110,120
PR006748,2024-08-07,2,MC014,EMP0135,107,120
PR006749,2024-08-07,3,MC019,EMP0159,148,158
PR006750,2024-08-07,3,MC020,EMP0039,142,158
PR006751,2024-08-07,3,MC021,EMP0064,152,158
PR006752,2024-08-07,3,MC023,EMP0006,153,158
PR006753,2024-08-07,3,MC024,EMP0039,153,158
PR006754,2024-08-07,4,MC027,EMP0049,188,200
PR006755,2024-08-07,4,MC028,EMP0062,218,200
PR006756,2024-08-07,4,MC025,EMP0043,221,200
PR006757,2024-08-07,5,MC033,EMP0056,134,142
PR006758,2024-08-07,5,MC030,EMP0080,122,142
PR006759,2024-08-07,5,MC032,EMP0086,126,142
PR006760,2024-08-07,5,MC031,EMP0150,141,142
PR006761,2024-08-07,5,MC034,EMP0068,150,142
PR006762,2024-08-07,6,MC036,EMP0100,319,325
PR006763,2024-08-07,6,MC037,EMP0100,331,325
PR006764,2024-08-07,6,MC038,EMP0142,306,325
PR006765,2024-08-08,1,MC008,EMP0167,167,181
PR006766,2024-08-08,1,MC006,EMP0066,166,181
PR006767,2024-08-08,1,MC007,EMP0107,158,181
PR006768,2024-08-08,1,MC005,EMP0005,185,181
PR006769,2024-08-08,1,MC003,EMP0118,176,181
PR006770,2024-08-08,1,MC001,EMP0008,167,181
PR006771,2024-08-08,2,MC013,EMP0012,123,120
PR006772,2024-08-08,2,MC009,EMP0170,104,120
PR006773,2024-08-08,2,MC018,EMP0067,113,120
PR006774,2024-08-08,2,MC011,EMP0106,126,120
PR006775,2024-08-08,2,MC017,EMP0031,109,120
PR006776,2024-08-08,2,MC010,EMP0004,103,120
PR006777,2024-08-08,2,MC015,EMP0020,99,120
PR006778,2024-08-08,2,MC012,EMP0103,122,120
PR006779,2024-08-08,2,MC014,EMP0090,109,120
PR006780,2024-08-08,3,MC021,EMP0172,164,158
PR006781,2024-08-08,3,MC019,EMP0069,156,158
PR006782,2024-08-08,3,MC023,EMP0180,147,158
PR006783,2024-08-08,3,MC022,EMP0143,145,158
PR006784,2024-08-08,3,MC024,EMP0122,149,158
PR006785,2024-08-08,4,MC028,EMP0175,220,200
PR006786,2024-08-08,4,MC029,EMP0059,218,200
PR006787,2024-08-08,4,MC027,EMP0002,201,200
PR006788,2024-08-08,4,MC025,EMP0002,202,200
PR006789,2024-08-08,5,MC033,EMP0165,132,142
PR006790,2024-08-08,5,MC032,EMP0096,143,142
PR006791,2024-08-08,5,MC031,EMP0056,131,142
PR006792,2024-08-08,5,MC030,EMP0058,129,142
PR006793,2024-08-08,5,MC034,EMP0150,125,142
PR006794,2024-08-08,6,MC036,EMP0155,325,325
PR006795,2024-08-08,6,MC039,EMP0046,307,325
PR006796,2024-08-08,6,MC037,EMP0065,338,325
PR006797,2024-08-09,1,MC003,EMP0160,145,181
PR006798,2024-08-09,1,MC002,EMP0066,138,181
PR006799,2024-08-09,1,MC007,EMP0102,135,181
PR006800,2024-08-09,1,MC006,EMP0167,151,181
PR006801,2024-08-09,1,MC004,EMP0054,139,181
PR006802,2024-08-09,1,MC001,EMP0066,154,181
PR006803,2024-08-09,2,MC017,EMP0015,111,120
PR006804,2024-08-09,2,MC015,EMP0098,101,120
PR006805,2024-08-09,2,MC011,EMP0074,102,120
PR006806,2024-08-09,2,MC009,EMP0135,103,120
PR006807,2024-08-09,2,MC010,EMP0063,86,120
PR006808,2024-08-09,2,MC016,EMP0138,104,120
PR006809,2024-08-09,2,MC014,EMP0173,95,120
PR006810,2024-08-09,2,MC018,EMP0041,100,120
PR006811,2024-08-09,2,MC013,EMP0173,94,120
PR006812,2024-08-09,3,MC024,EMP0143,115,158
PR006813,2024-08-09,3,MC019,EMP0122,118,158
PR006814,2024-08-09,3,MC021,EMP0179,137,158
PR006815,2024-08-09,3,MC022,EMP0159,139,158
PR006816,2024-08-09,4,MC029,EMP0121,160,200
PR006817,2024-08-09,4,MC028,EMP0043,183,200
PR006818,2024-08-09,4,MC026,EMP0002,180,200
PR006819,2024-08-09,4,MC027,EMP0071,185,200
PR006820,2024-08-09,5,MC032,EMP0086,107,142
PR006821,2024-08-09,5,MC034,EMP0080,118,142
PR006822,2024-08-09,5,MC030,EMP0068,117,142
PR006823,2024-08-09,5,MC035,EMP0068,119,142
PR006824,2024-08-09,6,MC037,EMP0155,269,325
PR006825,2024-08-09,6,MC036,EMP0120,295,325
PR006826,2024-08-09,6,MC039,EMP0100,280,325
PR006827,2024-08-10,1,MC003,EMP0151,203,181
PR006828,2024-08-10,1,MC002,EMP0130,176,181
PR006829,2024-08-10,1,MC006,EMP0032,174,181
PR006830,2024-08-10,1,MC008,EMP0137,183,181
PR006831,2024-08-10,1,MC007,EMP0025,193,181
PR006832,2024-08-10,1,MC004,EMP0018,156,181
PR006833,2024-08-10,2,MC015,EMP0105,121,120
PR006834,2024-08-10,2,MC017,EMP0105,118,120
PR006835,2024-08-10,2,MC014,EMP0103,108,120
PR006836,2024-08-10,2,MC018,EMP0070,108,120
PR006837,2024-08-10,2,MC012,EMP0077,112,120
PR006838,2024-08-10,2,MC009,EMP0063,106,120
PR006839,2024-08-10,2,MC010,EMP0047,116,120
PR006840,2024-08-10,2,MC011,EMP0128,117,120
PR006841,2024-08-10,2,MC013,EMP0047,112,120
PR006842,2024-08-10,3,MC024,EMP0034,143,158
PR006843,2024-08-10,3,MC021,EMP0055,163,158
PR006844,2024-08-10,3,MC020,EMP0082,170,158
PR006845,2024-08-10,3,MC019,EMP0179,143,158
PR006846,2024-08-10,3,MC023,EMP0064,178,158
PR006847,2024-08-10,4,MC025,EMP0071,220,200
PR006848,2024-08-10,4,MC028,EMP0049,229,200
PR006849,2024-08-10,4,MC026,EMP0154,232,200
PR006850,2024-08-10,4,MC029,EMP0174,237,200
PR006851,2024-08-10,5,MC033,EMP0056,131,142
PR006852,2024-08-10,5,MC031,EMP0056,120,142
PR006853,2024-08-10,5,MC034,EMP0165,145,142
PR006854,2024-08-10,5,MC030,EMP0003,147,142
PR006855,2024-08-10,5,MC035,EMP0096,148,142
PR006856,2024-08-10,6,MC037,EMP0152,349,325
PR006857,2024-08-10,6,MC036,EMP0142,356,325
PR006858,2024-08-10,6,MC039,EMP0120,320,325
PR006859,2024-08-11,1,MC005,EMP0177,63,181
PR006860,2024-08-11,1,MC001,EMP0151,58,181
PR006861,2024-08-11,1,MC006,EMP0054,64,181
PR006862,2024-08-11,1,MC008,EMP0102,66,181
PR006863,2024-08-11,1,MC007,EMP0112,61,181
PR006864,2024-08-11,1,MC004,EMP0032,59,181
PR006865,2024-08-11,1,MC002,EMP0030,68,181
PR006866,2024-08-11,2,MC018,EMP0027,42,120
PR006867,2024-08-11,2,MC015,EMP0148,39,120
PR006868,2024-08-11,2,MC011,EMP0170,40,120
PR006869,2024-08-11,2,MC013,EMP0103,39,120
PR006870,2024-08-11,2,MC016,EMP0105,42,120
PR006871,2024-08-11,2,MC017,EMP0009,45,120
PR006872,2024-08-11,2,MC014,EMP0077,49,120
PR006873,2024-08-11,2,MC012,EMP0128,40,120
PR006874,2024-08-11,2,MC009,EMP0123,40,120
PR006875,2024-08-11,3,MC019,EMP0006,50,158
PR006876,2024-08-11,3,MC021,EMP0034,63,158
PR006877,2024-08-11,3,MC020,EMP0136,55,158
PR006878,2024-08-11,3,MC023,EMP0122,51,158
PR006879,2024-08-11,3,MC024,EMP0143,54,158
PR006880,2024-08-11,4,MC027,EMP0093,65,200
PR006881,2024-08-11,4,MC028,EMP0019,78,200
PR006882,2024-08-11,4,MC026,EMP0156,67,200
PR006883,2024-08-11,4,MC025,EMP0022,71,200
PR006884,2024-08-11,5,MC035,EMP0164,41,142
PR006885,2024-08-11,5,MC032,EMP0003,45,142
PR006886,2024-08-11,5,MC031,EMP0150,49,142
PR006887,2024-08-11,5,MC030,EMP0165,51,142
PR006888,2024-08-11,5,MC033,EMP0060,45,142
PR006889,2024-08-11,6,MC037,EMP0144,119,325
PR006890,2024-08-11,6,MC036,EMP0100,104,325
PR006891,2024-08-11,6,MC039,EMP0152,107,325
PR006892,2024-08-12,1,MC005,EMP0168,170,181
PR006893,2024-08-12,1,MC006,EMP0118,177,181
PR006894,2024-08-12,1,MC002,EMP0110,177,181
PR006895,2024-08-12,1,MC004,EMP0037,170,181
PR006896,2024-08-12,1,MC001,EMP0066,175,181
PR006897,2024-08-12,1,MC003,EMP0162,193,181
PR006898,2024-08-12,1,MC007,EMP0112,159,181
PR006899,2024-08-12,2,MC009,EMP0133,117,120
PR006900,2024-08-12,2,MC010,EMP0146,120,120
PR006901,2024-08-12,2,MC015,EMP0081,133,120
PR006902,2024-08-12,2,MC012,EMP0105,109,120
PR006903,2024-08-12,2,MC016,EMP0047,108,120
PR006904,2024-08-12,2,MC018,EMP0129,111,120
PR006905,2024-08-12,2,MC014,EMP0128,108,120
PR006906,2024-08-12,2,MC017,EMP0129,119,120
PR006907,2024-08-12,2,MC013,EMP0129,117,120
PR006908,2024-08-12,3,MC023,EMP0029,154,158
PR006909,2024-08-12,3,MC022,EMP0159,140,158
PR006910,2024-08-12,3,MC021,EMP0179,148,158
PR006911,2024-08-12,3,MC019,EMP0172,162,158
PR006912,2024-08-12,3,MC020,EMP0082,167,158
PR006913,2024-08-12,4,MC028,EMP0131,226,200
PR006914,2024-08-12,4,MC027,EMP0131,223,200
PR006915,2024-08-12,4,MC029,EMP0002,228,200
PR006916,2024-08-12,5,MC035,EMP0028,148,142
PR006917,2024-08-12,5,MC033,EMP0056,120,142
PR006918,2024-08-12,5,MC032,EMP0068,124,142
PR006919,2024-08-12,5,MC031,EMP0150,114,142
PR006920,2024-08-12,5,MC034,EMP0056,142,142
PR006921,2024-08-12,6,MC037,EMP0100,282,325
PR006922,2024-08-12,6,MC039,EMP0142,360,325
PR006923,2024-08-12,6,MC036,EMP0155,344,325
PR006924,2024-08-13,1,MC007,EMP0030,182,181
PR006925,2024-08-13,1,MC008,EMP0167,200,181
PR006926,2024-08-13,1,MC006,EMP0141,182,181
PR006927,2024-08-13,1,MC003,EMP0097,186,181
PR006928,2024-08-13,1,MC004,EMP0097,172,181
PR006929,2024-08-13,1,MC001,EMP0126,197,181
PR006930,2024-08-13,2,MC010,EMP0031,101,120
PR006931,2024-08-13,2,MC009,EMP0178,124,120
PR006932,2024-08-13,2,MC015,EMP0027,113,120
PR006933,2024-08-13,2,MC016,EMP0139,114,120
PR006934,2024-08-13,2,MC011,EMP0157,113,120
PR006935,2024-08-13,2,MC014,EMP0051,106,120
PR006936,2024-08-13,2,MC012,EMP0070,108,120
PR006937,2024-08-13,2,MC018,EMP0047,116,120
PR006938,2024-08-13,2,MC013,EMP0074,104,120
PR006939,2024-08-13,3,MC020,EMP0069,147,158
PR006940,2024-08-13,3,MC022,EMP0082,153,158
PR006941,2024-08-13,3,MC021,EMP0180,142,158
PR006942,2024-08-13,3,MC019,EMP0122,152,158
PR006943,2024-08-13,3,MC024,EMP0159,137,158
PR006944,2024-08-13,4,MC026,EMP0049,201,200
PR006945,2024-08-13,4,MC029,EMP0131,222,200
PR006946,2024-08-13,4,MC027,EMP0019,218,200
PR006947,2024-08-13,4,MC025,EMP0062,219,200
PR006948,2024-08-13,5,MC034,EMP0003,133,142
PR006949,2024-08-13,5,MC033,EMP0086,149,142
PR006950,2024-08-13,5,MC032,EMP0164,137,142
PR006951,2024-08-13,5,MC035,EMP0165,131,142
PR006952,2024-08-13,6,MC036,EMP0120,340,325
PR006953,2024-08-13,6,MC039,EMP0053,362,325
PR006954,2024-08-13,6,MC038,EMP0152,347,325
PR006955,2024-08-14,1,MC006,EMP0037,164,181
PR006956,2024-08-14,1,MC005,EMP0052,170,181
PR006957,2024-08-14,1,MC007,EMP0176,163,181
PR006958,2024-08-14,1,MC003,EMP0091,183,181
PR006959,2024-08-14,1,MC008,EMP0061,172,181
PR006960,2024-08-14,1,MC001,EMP0061,175,181
PR006961,2024-08-14,2,MC013,EMP0083,128,120
PR006962,2024-08-14,2,MC014,EMP0012,119,120
PR006963,2024-08-14,2,MC012,EMP0051,108,120
PR006964,2024-08-14,2,MC018,EMP0128,137,120
PR006965,2024-08-14,2,MC016,EMP0070,124,120
PR006966,2024-08-14,2,MC017,EMP0076,118,120
PR006967,2024-08-14,2,MC009,EMP0012,114,120
PR006968,2024-08-14,2,MC011,EMP0115,112,120
PR006969,2024-08-14,2,MC010,EMP0045,123,120
PR006970,2024-08-14,3,MC024,EMP0034,170,158
PR006971,2024-08-14,3,MC023,EMP0172,139,158
PR006972,2024-08-14,3,MC019,EMP0039,139,158
PR006973,2024-08-14,3,MC022,EMP0033,157,158
PR006974,2024-08-14,3,MC021,EMP0033,137,158
PR006975,2024-08-14,4,MC027,EMP0109,236,200
PR006976,2024-08-14,4,MC029,EMP0062,231,200
PR006977,2024-08-14,4,MC025,EMP0050,199,200
PR006978,2024-08-14,4,MC026,EMP0022,221,200
PR006979,2024-08-14,5,MC033,EMP0164,123,142
PR006980,2024-08-14,5,MC031,EMP0164,143,142
PR006981,2024-08-14,5,MC035,EMP0056,135,142
PR006982,2024-08-14,5,MC034,EMP0165,133,142
PR006983,2024-08-14,5,MC032,EMP0164,127,142
PR006984,2024-08-14,6,MC038,EMP0155,306,325
PR006985,2024-08-14,6,MC036,EMP0155,337,325
PR006986,2024-08-14,6,MC037,EMP0155,362,325
PR006987,2024-08-15,1,MC001,EMP0044,178,181
PR006988,2024-08-15,1,MC002,EMP0037,184,181
PR006989,2024-08-15,1,MC005,EMP0141,178,181
PR006990,2024-08-15,1,MC003,EMP0008,168,181
PR006991,2024-08-15,1,MC004,EMP0057,168,181
PR006992,2024-08-15,1,MC006,EMP0126,181,181
PR006993,2024-08-15,2,MC017,EMP0114,117,120
PR006994,2024-08-15,2,MC011,EMP0031,111,120
PR006995,2024-08-15,2,MC010,EMP0123,117,120
PR006996,2024-08-15,2,MC013,EMP0089,118,120
PR006997,2024-08-15,2,MC016,EMP0138,110,120
PR006998,2024-08-15,2,MC012,EMP0048,124,120
PR006999,2024-08-15,2,MC014,EMP0012,127,120
PR007000,2024-08-15,3,MC021,EMP0082,138,158
PR007001,2024-08-15,3,MC023,EMP0034,162,158
PR007002,2024-08-15,3,MC019,EMP0124,142,158
PR007003,2024-08-15,3,MC024,EMP0111,168,158
PR007004,2024-08-15,4,MC029,EMP0023,241,200
PR007005,2024-08-15,4,MC025,EMP0014,208,200
PR007006,2024-08-15,4,MC028,EMP0043,202,200
PR007007,2024-08-15,4,MC026,EMP0154,229,200
PR007008,2024-08-15,5,MC035,EMP0165,130,142
PR007009,2024-08-15,5,MC032,EMP0086,136,142
PR007010,2024-08-15,5,MC034,EMP0086,133,142
PR007011,2024-08-15,5,MC033,EMP0068,134,142
PR007012,2024-08-15,6,MC036,EMP0142,324,325
PR007013,2024-08-15,6,MC037,EMP0100,347,325
PR007014,2024-08-15,6,MC039,EMP0120,330,325
PR007015,2024-08-16,1,MC005,EMP0088,161,181
PR007016,2024-08-16,1,MC003,EMP0037,140,181
PR007017,2024-08-16,1,MC001,EMP0061,146,181
PR007018,2024-08-16,1,MC007,EMP0057,156,181
PR007019,2024-08-16,1,MC004,EMP0110,147,181
PR007020,2024-08-16,1,MC002,EMP0073,144,181
PR007021,2024-08-16,1,MC008,EMP0102,125,181
PR007022,2024-08-16,2,MC012,EMP0173,99,120
PR007023,2024-08-16,2,MC018,EMP0026,87,120
PR007024,2024-08-16,2,MC011,EMP0123,90,120
PR007025,2024-08-16,2,MC013,EMP0146,92,120
PR007026,2024-08-16,2,MC017,EMP0009,104,120
PR007027,2024-08-16,2,MC016,EMP0045,84,120
PR007028,2024-08-16,2,MC010,EMP0135,98,120
PR007029,2024-08-16,2,MC015,EMP0115,103,120
PR007030,2024-08-16,2,MC009,EMP0074,90,120
PR007031,2024-08-16,3,MC021,EMP0143,122,158
PR007032,2024-08-16,3,MC022,EMP0143,152,158
PR007033,2024-08-16,3,MC024,EMP0180,114,158
PR007034,2024-08-16,3,MC019,EMP0039,122,158
PR007035,2024-08-16,3,MC020,EMP0111,137,158
PR007036,2024-08-16,4,MC029,EMP0049,195,200
PR007037,2024-08-16,4,MC025,EMP0127,186,200
PR007038,2024-08-16,4,MC027,EMP0087,184,200
PR007039,2024-08-16,4,MC026,EMP0108,193,200
PR007040,2024-08-16,5,MC035,EMP0058,117,142
PR007041,2024-08-16,5,MC034,EMP0068,111,142
PR007042,2024-08-16,5,MC030,EMP0003,121,142
PR007043,2024-08-16,5,MC031,EMP0058,110,142
PR007044,2024-08-16,6,MC038,EMP0053,280,325
PR007045,2024-08-16,6,MC039,EMP0144,330,325
PR007046,2024-08-16,6,MC037,EMP0142,290,325
PR007047,2024-08-17,1,MC001,EMP0097,169,181
PR007048,2024-08-17,1,MC002,EMP0054,168,181
PR007049,2024-08-17,1,MC004,EMP0072,200,181
PR007050,2024-08-17,1,MC003,EMP0126,149,181
PR007051,2024-08-17,1,MC008,EMP0038,189,181
PR007052,2024-08-17,1,MC006,EMP0137,147,181
PR007053,2024-08-17,2,MC014,EMP0157,114,120
PR007054,2024-08-17,2,MC015,EMP0173,97,120
PR007055,2024-08-17,2,MC012,EMP0157,129,120
PR007056,2024-08-17,2,MC017,EMP0070,121,120
PR007057,2024-08-17,2,MC009,EMP0027,116,120
PR007058,2024-08-17,2,MC013,EMP0169,108,120
PR007059,2024-08-17,2,MC010,EMP0113,116,120
PR007060,2024-08-17,2,MC011,EMP0047,118,120
PR007061,2024-08-17,2,MC018,EMP0074,104,120
PR007062,2024-08-17,3,MC023,EMP0084,161,158
PR007063,2024-08-17,3,MC022,EMP0125,156,158
PR007064,2024-08-17,3,MC021,EMP0172,149,158
PR007065,2024-08-17,3,MC020,EMP0064,155,158
PR007066,2024-08-17,3,MC024,EMP0069,148,158
PR007067,2024-08-17,4,MC026,EMP0002,193,200
PR007068,2024-08-17,4,MC029,EMP0153,202,200
PR007069,2024-08-17,4,MC025,EMP0121,204,200
PR007070,2024-08-17,4,MC028,EMP0132,184,200
PR007071,2024-08-17,5,MC033,EMP0145,143,142
PR007072,2024-08-17,5,MC030,EMP0145,137,142
PR007073,2024-08-17,5,MC031,EMP0003,122,142
PR007074,2024-08-17,5,MC034,EMP0145,128,142
PR007075,2024-08-17,6,MC038,EMP0085,310,325
PR007076,2024-08-17,6,MC037,EMP0142,317,325
PR007077,2024-08-17,6,MC039,EMP0046,346,325
PR007078,2024-08-18,1,MC006,EMP0107,61,181
PR007079,2024-08-18,1,MC008,EMP0097,64,181
PR007080,2024-08-18,1,MC003,EMP0161,58,181
PR007081,2024-08-18,1,MC002,EMP0007,60,181
PR007082,2024-08-18,1,MC007,EMP0107,66,181
PR007083,2024-08-18,1,MC001,EMP0126,65,181
PR007084,2024-08-18,2,MC015,EMP0123,46,120
PR007085,2024-08-18,2,MC017,EMP0178,46,120
PR007086,2024-08-18,2,MC013,EMP0178,36,120
PR007087,2024-08-18,2,MC016,EMP0035,39,120
PR007088,2024-08-18,2,MC010,EMP0009,41,120
PR007089,2024-08-18,2,MC012,EMP0004,43,120
PR007090,2024-08-18,2,MC011,EMP0077,46,120
PR007091,2024-08-18,2,MC018,EMP0139,42,120
PR007092,2024-08-18,3,MC022,EMP0034,54,158
PR007093,2024-08-18,3,MC020,EMP0010,52,158
PR007094,2024-08-18,3,MC023,EMP0180,55,158
PR007095,2024-08-18,3,MC024,EMP0078,59,158
PR007096,2024-08-18,4,MC029,EMP0156,80,200
PR007097,2024-08-18,4,MC028,EMP0043,72,200
PR007098,2024-08-18,4,MC026,EMP0059,76,200
PR007099,2024-08-18,4,MC027,EMP0049,79,200
PR007100,2024-08-18,5,MC035,EMP0164,47,142
PR007101,2024-08-18,5,MC034,EMP0096,48,142
PR007102,2024-08-18,5,MC033,EMP0086,42,142
PR007103,2024-08-18,5,MC031,EMP0068,49,142
PR007104,2024-08-18,5,MC032,EMP0080,51,142
PR007105,2024-08-18,6,MC039,EMP0142,111,325
PR007106,2024-08-18,6,MC038,EMP0046,123,325
PR007107,2024-08-18,6,MC036,EMP0065,111,325
PR007108,2024-08-19,1,MC006,EMP0141,191,181
PR007109,2024-08-19,1,MC008,EMP0094,191,181
PR007110,2024-08-19,1,MC007,EMP0066,171,181
PR007111,2024-08-19,1,MC005,EMP0110,204,181
PR007112,2024-08-19,1,MC003,EMP0112,167,181
PR007113,2024-08-19,1,MC004,EMP0118,187,181
PR007114,2024-08-19,1,MC001,EMP0161,184,181
PR007115,2024-08-19,2,MC013,EMP0051,103,120
PR007116,2024-08-19,2,MC009,EMP0095,103,120
PR007117,2024-08-19,2,MC015,EMP0169,109,120
PR007118,2024-08-19,2,MC011,EMP0114,116,120
PR007119,2024-08-19,2,MC017,EMP0089,121,120
PR007120,2024-08-19,2,MC012,EMP0090,133,120
PR007121,2024-08-19,2,MC014,EMP0079,114,120
PR007122,2024-08-19,2,MC018,EMP0035,112,120
PR007123,2024-08-19,3,MC021,EMP0033,147,158
PR007124,2024-08-19,3,MC020,EMP0006,176,158
PR007125,2024-08-19,3,MC023,EMP0136,149,158
PR007126,2024-08-19,3,MC022,EMP0124,177,158
PR007127,2024-08-19,3,MC024,EMP0111,161,158
PR007128,2024-08-19,4,MC029,EMP0154,219,200
PR007129,2024-08-19,4,MC028,EMP0049,223,200
PR007130,2024-08-19,4,MC027,EMP0023,223,200
PR007131,2024-08-19,4,MC025,EMP0121,214,200
PR007132,2024-08-19,5,MC031,EMP0080,141,142
PR007133,2024-08-19,5,MC034,EMP0096,126,142
PR007134,2024-08-19,5,MC030,EMP0096,136,142
PR007135,2024-08-19,5,MC035,EMP0060,123,142
PR007136,2024-08-19,5,MC033,EMP0096,138,142
PR007137,2024-08-19,6,MC036,EMP0152,360,325
PR007138,2024-08-19,6,MC037,EMP0152,315,325
PR007139,2024-08-19,6,MC039,EMP0171,356,325
PR007140,2024-08-20,1,MC008,EMP0161,176,181
PR007141,2024-08-20,1,MC005,EMP0176,176,181
PR007142,2024-08-20,1,MC001,EMP0161,150,181
PR007143,2024-08-20,1,MC002,EMP0088,162,181
PR007144,2024-08-20,1,MC007,EMP0032,183,181
PR007145,2024-08-20,1,MC006,EMP0166,161,181
PR007146,2024-08-20,1,MC004,EMP0073,172,181
PR007147,2024-08-20,2,MC013,EMP0045,114,120
PR007148,2024-08-20,2,MC011,EMP0015,119,120
PR007149,2024-08-20,2,MC009,EMP0169,113,120
PR007150,2024-08-20,2,MC017,EMP0133,106,120
PR007151,2024-08-20,2,MC016,EMP0009,111,120
PR007152,2024-08-20,2,MC012,EMP0081,103,120
PR007153,2024-08-20,2,MC018,EMP0169,131,120
PR007154,2024-08-20,2,MC015,EMP0173,116,120
PR007155,2024-08-20,2,MC014,EMP0035,130,120
PR007156,2024-08-20,3,MC021,EMP0006,177,158
PR007157,2024-08-20,3,MC019,EMP0124,126,158
PR007158,2024-08-20,3,MC024,EMP0064,159,158
PR007159,2024-08-20,3,MC023,EMP0039,179,158
PR007160,2024-08-20,3,MC020,EMP0064,152,158
PR007161,2024-08-20,4,MC028,EMP0050,191,200
PR007162,2024-08-20,4,MC026,EMP0022,196,200
PR007163,2024-08-20,4,MC027,EMP0121,206,200
PR007164,2024-08-20,4,MC025,EMP0071,249,200
PR007165,2024-08-20,5,MC034,EMP0058,154,142
PR007166,2024-08-20,5,MC030,EMP0101,120,142
PR007167,2024-08-20,5,MC031,EMP0165,102,142
PR007168,2024-08-20,5,MC035,EMP0028,127,142
PR007169,2024-08-20,6,MC039,EMP0053,296,325
PR007170,2024-08-20,6,MC038,EMP0171,301,325
PR007171,2024-08-20,6,MC036,EMP0065,325,325
PR007172,2024-08-21,1,MC002,EMP0112,180,181
PR007173,2024-08-21,1,MC005,EMP0168,156,181
PR007174,2024-08-21,1,MC004,EMP0075,172,181
PR007175,2024-08-21,1,MC008,EMP0141,173,181
PR007176,2024-08-21,1,MC007,EMP0167,177,181
PR007177,2024-08-21,1,MC006,EMP0007,185,181
PR007178,2024-08-21,1,MC001,EMP0032,189,181
PR007179,2024-08-21,2,MC009,EMP0116,108,120
PR007180,2024-08-21,2,MC014,EMP0157,111,120
PR007181,2024-08-21,2,MC013,EMP0035,118,120
PR007182,2024-08-21,2,MC016,EMP0116,118,120
PR007183,2024-08-21,2,MC015,EMP0105,122,120
PR007184,2024-08-21,2,MC017,EMP0027,118,120
PR007185,2024-08-21,2,MC010,EMP0026,122,120
PR007186,2024-08-21,2,MC012,EMP0015,105,120
PR007187,2024-08-21,3,MC024,EMP0124,157,158
PR007188,2024-08-21,3,MC022,EMP0055,127,158
PR007189,2024-08-21,3,MC019,EMP0099,157,158
PR007190,2024-08-21,3,MC021,EMP0125,166,158
PR007191,2024-08-21,4,MC028,EMP0153,185,200
PR007192,2024-08-21,4,MC026,EMP0127,210,200
PR007193,2024-08-21,4,MC029,EMP0087,207,200
PR007194,2024-08-21,4,MC027,EMP0154,191,200
PR007195,2024-08-21,5,MC030,EMP0028,127,142
PR007196,2024-08-21,5,MC035,EMP0003,110,142
PR007197,2024-08-21,5,MC032,EMP0165,136,142
PR007198,2024-08-21,5,MC033,EMP0028,152,142
PR007199,2024-08-21,6,MC038,EMP0046,324,325
PR007200,2024-08-21,6,MC037,EMP0100,331,325
PR007201,2024-08-21,6,MC036,EMP0171,317,325
PR007202,2024-08-22,1,MC001,EMP0102,178,181
PR007203,2024-08-22,1,MC004,EMP0038,143,181
PR007204,2024-08-22,1,MC005,EMP0038,184,181
PR007205,2024-08-22,1,MC006,EMP0091,176,181
PR007206,2024-08-22,1,MC008,EMP0161,165,181
PR007207,2024-08-22,1,MC003,EMP0094,182,181
PR007208,2024-08-22,1,MC007,EMP0088,175,181
PR007209,2024-08-22,2,MC018,EMP0169,108,120
PR007210,2024-08-22,2,MC009,EMP0140,120,120
PR007211,2024-08-22,2,MC014,EMP0113,108,120
PR007212,2024-08-22,2,MC016,EMP0133,109,120
PR007213,2024-08-22,2,MC011,EMP0067,132,120
PR007214,2024-08-22,2,MC017,EMP0042,126,120
PR007215,2024-08-22,2,MC015,EMP0114,122,120
PR007216,2024-08-22,2,MC010,EMP0117,125,120
PR007217,2024-08-22,3,MC021,EMP0124,157,158
PR007218,2024-08-22,3,MC020,EMP0084,146,158
PR007219,2024-08-22,3,MC024,EMP0122,153,158
PR007220,2024-08-22,3,MC022,EMP0111,141,158
PR007221,2024-08-22,3,MC023,EMP0033,156,158
PR007222,2024-08-22,4,MC028,EMP0131,220,200
PR007223,2024-08-22,4,MC029,EMP0108,204,200
PR007224,2024-08-22,4,MC025,EMP0154,226,200
PR007225,2024-08-22,4,MC027,EMP0109,198,200
PR007226,2024-08-22,5,MC030,EMP0150,127,142
PR007227,2024-08-22,5,MC033,EMP0164,147,142
PR007228,2024-08-22,5,MC032,EMP0068,115,142
PR007229,2024-08-22,5,MC035,EMP0060,137,142
PR007230,2024-08-22,6,MC039,EMP0155,311,325
PR007231,2024-08-22,6,MC037,EMP0155,305,325
PR007232,2024-08-22,6,MC038,EMP0120,311,325
PR007233,2024-08-23,1,MC006,EMP0176,146,181
PR007234,2024-08-23,1,MC008,EMP0177,140,181
PR007235,2024-08-23,1,MC004,EMP0044,173,181
PR007236,2024-08-23,1,MC002,EMP0044,135,181
PR007237,2024-08-23,1,MC005,EMP0073,136,181
PR007238,2024-08-23,1,MC007,EMP0176,140,181
PR007239,2024-08-23,1,MC001,EMP0038,155,181
PR007240,2024-08-23,2,MC016,EMP0139,114,120
PR007241,2024-08-23,2,MC014,EMP0146,79,120
PR007242,2024-08-23,2,MC012,EMP0133,94,120
PR007243,2024-08-23,2,MC015,EMP0098,95,120
PR007244,2024-08-23,2,MC011,EMP0103,90,120
PR007245,2024-08-23,2,MC009,EMP0116,87,120
PR007246,2024-08-23,2,MC013,EMP0148,89,120
PR007247,2024-08-23,2,MC010,EMP0076,108,120
PR007248,2024-08-23,2,MC017,EMP0024,102,120
PR007249,2024-08-23,3,MC024,EMP0034,106,158
PR007250,2024-08-23,3,MC019,EMP0143,123,158
PR007251,2024-08-23,3,MC023,EMP0099,131,158
PR007252,2024-08-23,3,MC021,EMP0034,133,158
PR007253,2024-08-23,4,MC027,EMP0153,158,200
PR007254,2024-08-23,4,MC029,EMP0050,168,200
PR007255,2024-08-23,4,MC025,EMP0087,184,200
PR007256,2024-08-23,4,MC028,EMP0108,167,200
PR007257,2024-08-23,5,MC030,EMP0150,124,142
PR007258,2024-08-23,5,MC034,EMP0101,118,142
PR007259,2024-08-23,5,MC031,EMP0096,112,142
PR007260,2024-08-23,5,MC032,EMP0068,114,142
PR007261,2024-08-23,5,MC033,EMP0165,130,142
PR007262,2024-08-23,6,MC038,EMP0065,264,325
PR007263,2024-08-23,6,MC039,EMP0142,249,325
PR007264,2024-08-23,6,MC036,EMP0144,257,325
PR007265,2024-08-24,1,MC001,EMP0044,164,181
PR007266,2024-08-24,1,MC002,EMP0030,163,181
PR007267,2024-08-24,1,MC006,EMP0030,182,181
PR007268,2024-08-24,1,MC004,EMP0168,174,181
PR007269,2024-08-24,1,MC008,EMP0110,179,181
PR007270,2024-08-24,1,MC007,EMP0166,179,181
PR007271,2024-08-24,2,MC014,EMP0042,119,120
PR007272,2024-08-24,2,MC010,EMP0169,117,120
PR007273,2024-08-24,2,MC011,EMP0129,102,120
PR007274,2024-08-24,2,MC009,EMP0048,101,120
PR007275,2024-08-24,2,MC012,EMP0135,122,120
PR007276,2024-08-24,2,MC013,EMP0077,116,120
PR007277,2024-08-24,2,MC017,EMP0015,114,120
PR007278,2024-08-24,2,MC016,EMP0106,112,120
PR007279,2024-08-24,2,MC015,EMP0027,114,120
PR007280,2024-08-24,3,MC022,EMP0010,152,158
PR007281,2024-08-24,3,MC023,EMP0082,142,158
PR007282,2024-08-24,3,MC021,EMP0125,136,158
PR007283,2024-08-24,3,MC019,EMP0125,167,158
PR007284,2024-08-24,4,MC025,EMP0156,212,200
PR007285,2024-08-24,4,MC027,EMP0131,181,200
PR007286,2024-08-24,4,MC029,EMP0022,161,200
PR007287,2024-08-24,4,MC026,EMP0002,212,200
PR007288,2024-08-24,5,MC031,EMP0164,123,142
PR007289,2024-08-24,5,MC035,EMP0101,128,142
PR007290,2024-08-24,5,MC030,EMP0003,137,142
PR007291,2024-08-24,5,MC032,EMP0101,148,142
PR007292,2024-08-24,6,MC038,EMP0100,335,325
PR007293,2024-08-24,6,MC037,EMP0171,390,325
PR007294,2024-08-24,6,MC036,EMP0152,310,325
PR007295,2024-08-25,1,MC001,EMP0158,62,181
PR007296,2024-08-25,1,MC005,EMP0030,68,181
PR007297,2024-08-25,1,MC002,EMP0118,65,181
PR007298,2024-08-25,1,MC003,EMP0163,63,181
PR007299,2024-08-25,1,MC007,EMP0107,52,181
PR007300,2024-08-25,1,MC006,EMP0163,61,181
PR007301,2024-08-25,1,MC004,EMP0032,53,181
PR007302,2024-08-25,2,MC012,EMP0041,39,120
PR007303,2024-08-25,2,MC013,EMP0051,41,120
PR007304,2024-08-25,2,MC014,EMP0009,42,120
PR007305,2024-08-25,2,MC017,EMP0157,38,120
PR007306,2024-08-25,2,MC011,EMP0070,44,120
PR007307,2024-08-25,2,MC018,EMP0009,42,120
PR007308,2024-08-25,2,MC016,EMP0170,39,120
PR007309,2024-08-25,2,MC015,EMP0128,41,120
PR007310,2024-08-25,3,MC024,EMP0159,51,158
PR007311,2024-08-25,3,MC021,EMP0099,51,158
PR007312,2024-08-25,3,MC022,EMP0033,58,158
PR007313,2024-08-25,3,MC023,EMP0064,56,158
PR007314,2024-08-25,3,MC020,EMP0159,55,158
PR007315,2024-08-25,4,MC027,EMP0049,69,200
PR007316,2024-08-25,4,MC025,EMP0175,80,200
PR007317,2024-08-25,4,MC029,EMP0062,69,200
PR007318,2024-08-25,5,MC034,EMP0003,48,142
PR007319,2024-08-25,5,MC035,EMP0080,44,142
PR007320,2024-08-25,5,MC033,EMP0058,48,142
PR007321,2024-08-25,5,MC031,EMP0101,47,142
PR007322,2024-08-25,5,MC030,EMP0058,46,142
PR007323,2024-08-25,6,MC036,EMP0065,104,325
PR007324,2024-08-25,6,MC038,EMP0100,120,325
PR007325,2024-08-25,6,MC039,EMP0053,102,325
PR007326,2024-08-26,1,MC005,EMP0126,180,181
PR007327,2024-08-26,1,MC008,EMP0119,176,181
PR007328,2024-08-26,1,MC007,EMP0167,189,181
PR007329,2024-08-26,1,MC002,EMP0054,197,181
PR007330,2024-08-26,1,MC006,EMP0118,160,181
PR007331,2024-08-26,1,MC004,EMP0052,153,181
PR007332,2024-08-26,2,MC012,EMP0035,106,120
PR007333,2024-08-26,2,MC011,EMP0140,137,120
PR007334,2024-08-26,2,MC015,EMP0129,120,120
PR007335,2024-08-26,2,MC017,EMP0129,123,120
PR007336,2024-08-26,2,MC009,EMP0045,106,120
PR007337,2024-08-26,2,MC010,EMP0031,98,120
PR007338,2024-08-26,2,MC013,EMP0147,119,120
PR007339,2024-08-26,2,MC016,EMP0020,119,120
PR007340,2024-08-26,3,MC021,EMP0111,153,158
PR007341,2024-08-26,3,MC024,EMP0016,137,158
PR007342,2024-08-26,3,MC023,EMP0159,156,158
PR007343,2024-08-26,3,MC019,EMP0180,150,158
PR007344,2024-08-26,3,MC022,EMP0029,167,158
PR007345,2024-08-26,4,MC027,EMP0153,193,200
PR007346,2024-08-26,4,MC029,EMP0132,166,200
PR007347,2024-08-26,4,MC025,EMP0023,231,200
PR007348,2024-08-26,5,MC030,EMP0003,136,142
PR007349,2024-08-26,5,MC031,EMP0150,128,142
PR007350,2024-08-26,5,MC032,EMP0164,145,142
PR007351,2024-08-26,5,MC033,EMP0080,129,142
PR007352,2024-08-26,5,MC035,EMP0086,139,142
PR007353,2024-08-26,6,MC036,EMP0171,310,325
PR007354,2024-08-26,6,MC037,EMP0053,380,325
PR007355,2024-08-26,6,MC038,EMP0142,333,325
PR007356,2024-08-27,1,MC004,EMP0032,186,181
PR007357,2024-08-27,1,MC007,EMP0162,162,181
PR007358,2024-08-27,1,MC008,EMP0052,158,181
PR007359,2024-08-27,1,MC002,EMP0091,168,181
PR007360,2024-08-27,1,MC006,EMP0168,177,181
PR007361,2024-08-27,1,MC001,EMP0110,188,181
PR007362,2024-08-27,1,MC003,EMP0007,156,181
PR007363,2024-08-27,2,MC018,EMP0051,114,120
PR007364,2024-08-27,2,MC015,EMP0157,123,120
PR007365,2024-08-27,2,MC013,EMP0035,122,120
PR007366,2024-08-27,2,MC010,EMP0083,115,120
PR007367,2024-08-27,2,MC017,EMP0173,120,120
PR007368,2024-08-27,2,MC011,EMP0041,130,120
PR007369,2024-08-27,2,MC012,EMP0045,119,120
PR007370,2024-08-27,2,MC016,EMP0103,102,120
PR007371,2024-08-27,2,MC014,EMP0173,117,120
PR007372,2024-08-27,3,MC019,EMP0172,166,158
PR007373,2024-08-27,3,MC021,EMP0134,160,158
PR007374,2024-08-27,3,MC022,EMP0034,168,158
PR007375,2024-08-27,3,MC020,EMP0125,136,158
PR007376,2024-08-27,4,MC025,EMP0132,218,200
PR007377,2024-08-27,4,MC028,EMP0023,185,200
PR007378,2024-08-27,4,MC027,EMP0087,209,200
PR007379,2024-08-27,4,MC029,EMP0062,205,200
PR007380,2024-08-27,5,MC033,EMP0060,130,142
PR007381,2024-08-27,5,MC035,EMP0080,144,142
PR007382,2024-08-27,5,MC031,EMP0060,158,142
PR007383,2024-08-27,5,MC034,EMP0145,134,142
PR007384,2024-08-27,5,MC030,EMP0164,130,142
PR007385,2024-08-27,6,MC037,EMP0144,249,325
PR007386,2024-08-27,6,MC039,EMP0144,297,325
PR007387,2024-08-27,6,MC036,EMP0142,277,325
PR007388,2024-08-28,1,MC002,EMP0110,160,181
PR007389,2024-08-28,1,MC007,EMP0025,191,181
PR007390,2024-08-28,1,MC006,EMP0052,188,181
PR007391,2024-08-28,1,MC003,EMP0057,183,181
PR007392,2024-08-28,1,MC008,EMP0066,180,181
PR007393,2024-08-28,1,MC001,EMP0044,156,181
PR007394,2024-08-28,2,MC013,EMP0020,108,120
PR007395,2024-08-28,2,MC010,EMP0048,114,120
PR007396,2024-08-28,2,MC015,EMP0138,116,120
PR007397,2024-08-28,2,MC011,EMP0157,112,120
PR007398,2024-08-28,2,MC017,EMP0081,103,120
PR007399,2024-08-28,2,MC014,EMP0051,99,120
PR007400,2024-08-28,2,MC018,EMP0020,111,120
PR007401,2024-08-28,2,MC012,EMP0077,119,120
PR007402,2024-08-28,2,MC009,EMP0169,122,120
PR007403,2024-08-28,3,MC024,EMP0029,149,158
PR007404,2024-08-28,3,MC021,EMP0078,154,158
PR007405,2024-08-28,3,MC022,EMP0034,119,158
PR007406,2024-08-28,3,MC019,EMP0010,143,158
PR007407,2024-08-28,3,MC023,EMP0125,155,158
PR007408,2024-08-28,4,MC029,EMP0050,205,200
PR007409,2024-08-28,4,MC026,EMP0019,188,200
PR007410,2024-08-28,4,MC028,EMP0131,172,200
PR007411,2024-08-28,4,MC027,EMP0131,201,200
PR007412,2024-08-28,5,MC033,EMP0068,146,142
PR007413,2024-08-28,5,MC035,EMP0096,159,142
PR007414,2024-08-28,5,MC031,EMP0164,110,142
PR007415,2024-08-28,5,MC032,EMP0164,155,142
PR007416,2024-08-28,5,MC030,EMP0150,126,142
PR007417,2024-08-28,6,MC037,EMP0120,349,325
PR007418,2024-08-28,6,MC036,EMP0065,321,325
PR007419,2024-08-28,6,MC039,EMP0171,285,325
PR007420,2024-08-29,1,MC004,EMP0158,161,181
PR007421,2024-08-29,1,MC002,EMP0119,189,181
PR007422,2024-08-29,1,MC005,EMP0151,172,181
PR007423,2024-08-29,1,MC006,EMP0032,163,181
PR007424,2024-08-29,1,MC008,EMP0017,198,181
PR007425,2024-08-29,1,MC007,EMP0094,156,181
PR007426,2024-08-29,2,MC009,EMP0040,113,120
PR007427,2024-08-29,2,MC012,EMP0076,105,120
PR007428,2024-08-29,2,MC017,EMP0009,119,120
PR007429,2024-08-29,2,MC015,EMP0004,118,120
PR007430,2024-08-29,2,MC014,EMP0103,106,120
PR007431,2024-08-29,2,MC018,EMP0105,120,120
PR007432,2024-08-29,2,MC010,EMP0045,105,120
PR007433,2024-08-29,3,MC019,EMP0029,165,158
PR007434,2024-08-29,3,MC020,EMP0006,144,158
PR007435,2024-08-29,3,MC021,EMP0143,141,158
PR007436,2024-08-29,3,MC023,EMP0180,166,158
PR007437,2024-08-29,3,MC024,EMP0159,162,158
PR007438,2024-08-29,4,MC028,EMP0019,219,200
PR007439,2024-08-29,4,MC025,EMP0087,224,200
PR007440,2024-08-29,4,MC029,EMP0175,212,200
PR007441,2024-08-29,4,MC026,EMP0131,220,200
PR007442,2024-08-29,5,MC034,EMP0150,140,142
PR007443,2024-08-29,5,MC031,EMP0080,135,142
PR007444,2024-08-29,5,MC035,EMP0058,124,142
PR007445,2024-08-29,5,MC030,EMP0164,149,142
PR007446,2024-08-29,5,MC032,EMP0068,132,142
PR007447,2024-08-29,6,MC039,EMP0142,302,325
PR007448,2024-08-29,6,MC037,EMP0144,308,325
PR007449,2024-08-29,6,MC036,EMP0152,356,325
PR007450,2024-08-30,1,MC004,EMP0118,166,181
PR007451,2024-08-30,1,MC008,EMP0038,142,181
PR007452,2024-08-30,1,MC003,EMP0044,144,181
PR007453,2024-08-30,1,MC006,EMP0163,159,181
PR007454,2024-08-30,1,MC001,EMP0017,137,181
PR007455,2024-08-30,1,MC002,EMP0176,142,181
PR007456,2024-08-30,1,MC005,EMP0094,168,181
PR007457,2024-08-30,2,MC013,EMP0128,90,120
PR007458,2024-08-30,2,MC018,EMP0048,111,120
PR007459,2024-08-30,2,MC016,EMP0116,98,120
PR007460,2024-08-30,2,MC011,EMP0146,109,120
PR007461,2024-08-30,2,MC017,EMP0012,94,120
PR007462,2024-08-30,2,MC010,EMP0063,99,120
PR007463,2024-08-30,2,MC015,EMP0042,93,120
PR007464,2024-08-30,2,MC014,EMP0169,101,120
PR007465,2024-08-30,2,MC009,EMP0070,100,120
PR007466,2024-08-30,3,MC023,EMP0124,137,158
PR007467,2024-08-30,3,MC020,EMP0039,143,158
PR007468,2024-08-30,3,MC021,EMP0122,121,158
PR007469,2024-08-30,3,MC022,EMP0082,122,158
PR007470,2024-08-30,3,MC024,EMP0084,132,158
PR007471,2024-08-30,4,MC027,EMP0022,174,200
PR007472,2024-08-30,4,MC028,EMP0153,155,200
PR007473,2024-08-30,4,MC029,EMP0002,166,200
PR007474,2024-08-30,5,MC032,EMP0028,111,142
PR007475,2024-08-30,5,MC034,EMP0058,103,142
PR007476,2024-08-30,5,MC031,EMP0145,110,142
PR007477,2024-08-30,5,MC035,EMP0086,103,142
PR007478,2024-08-30,6,MC037,EMP0085,245,325
PR007479,2024-08-30,6,MC039,EMP0142,293,325
PR007480,2024-08-30,6,MC038,EMP0120,249,325
PR007481,2024-08-31,1,MC002,EMP0092,207,181
PR007482,2024-08-31,1,MC006,EMP0168,174,181
PR007483,2024-08-31,1,MC004,EMP0130,171,181
PR007484,2024-08-31,1,MC003,EMP0091,168,181
PR007485,2024-08-31,1,MC007,EMP0038,175,181
PR007486,2024-08-31,1,MC005,EMP0007,166,181
PR007487,2024-08-31,1,MC001,EMP0176,162,181
PR007488,2024-08-31,2,MC009,EMP0076,112,120
PR007489,2024-08-31,2,MC017,EMP0089,117,120
PR007490,2024-08-31,2,MC015,EMP0129,112,120
PR007491,2024-08-31,2,MC018,EMP0117,125,120
PR007492,2024-08-31,2,MC010,EMP0138,125,120
PR007493,2024-08-31,2,MC016,EMP0115,112,120
PR007494,2024-08-31,2,MC011,EMP0024,106,120
PR007495,2024-08-31,2,MC013,EMP0114,105,120
PR007496,2024-08-31,2,MC012,EMP0042,106,120
PR007497,2024-08-31,3,MC024,EMP0111,143,158
PR007498,2024-08-31,3,MC021,EMP0064,154,158
PR007499,2024-08-31,3,MC020,EMP0078,168,158
PR007500,2024-08-31,3,MC023,EMP0180,137,158
PR007501,2024-08-31,3,MC019,EMP0122,142,158
PR007502,2024-08-31,4,MC025,EMP0019,226,200
PR007503,2024-08-31,4,MC029,EMP0014,193,200
PR007504,2024-08-31,4,MC027,EMP0109,210,200
PR007505,2024-08-31,4,MC028,EMP0019,182,200
PR007506,2024-08-31,5,MC030,EMP0058,135,142
PR007507,2024-08-31,5,MC033,EMP0068,155,142
PR007508,2024-08-31,5,MC035,EMP0003,147,142
PR007509,2024-08-31,5,MC034,EMP0080,149,142
PR007510,2024-08-31,5,MC032,EMP0080,134,142
PR007511,2024-08-31,6,MC037,EMP0120,337,325
PR007512,2024-08-31,6,MC036,EMP0142,282,325
PR007513,2024-08-31,6,MC038,EMP0120,338,325
PR007514,2024-09-01,1,MC002,EMP0163,67,181
PR007515,2024-09-01,1,MC007,EMP0176,80,181
PR007516,2024-09-01,1,MC001,EMP0037,65,181
PR007517,2024-09-01,1,MC005,EMP0075,67,181
PR007518,2024-09-01,1,MC003,EMP0018,64,181
PR007519,2024-09-01,1,MC006,EMP0030,64,181
PR007520,2024-09-01,1,MC008,EMP0177,75,181
PR007521,2024-09-01,2,MC018,EMP0070,52,120
PR007522,2024-09-01,2,MC010,EMP0090,37,120
PR007523,2024-09-01,2,MC015,EMP0035,48,120
PR007524,2024-09-01,2,MC012,EMP0015,49,120
PR007525,2024-09-01,2,MC013,EMP0081,47,120
PR007526,2024-09-01,2,MC009,EMP0027,50,120
PR007527,2024-09-01,2,MC016,EMP0024,49,120
PR007528,2024-09-01,2,MC011,EMP0139,42,120
PR007529,2024-09-01,3,MC022,EMP0172,57,158
PR007530,2024-09-01,3,MC020,EMP0124,60,158
PR007531,2024-09-01,3,MC019,EMP0143,50,158
PR007532,2024-09-01,3,MC021,EMP0179,55,158
PR007533,2024-09-01,3,MC023,EMP0143,66,158
PR007534,2024-09-01,4,MC027,EMP0127,93,200
PR007535,2024-09-01,4,MC025,EMP0154,91,200
PR007536,2024-09-01,4,MC026,EMP0087,81,200
PR007537,2024-09-01,4,MC028,EMP0127,65,200
PR007538,2024-09-01,5,MC031,EMP0068,53,142
PR007539,2024-09-01,5,MC030,EMP0056,51,142
PR007540,2024-09-01,5,MC034,EMP0003,52,142
PR007541,2024-09-01,5,MC035,EMP0164,57,142
PR007542,2024-09-01,6,MC039,EMP0085,150,325
PR007543,2024-09-01,6,MC038,EMP0046,153,325
PR007544,2024-09-01,6,MC036,EMP0171,131,325
PR007545,2024-09-02,1,MC008,EMP0005,196,181
PR007546,2024-09-02,1,MC001,EMP0091,197,181
PR007547,2024-09-02,1,MC006,EMP0052,200,181
PR007548,2024-09-02,1,MC002,EMP0032,233,181
PR007549,2024-09-02,1,MC004,EMP0166,206,181
PR007550,2024-09-02,1,MC005,EMP0162,202,181
PR007551,2024-09-02,1,MC007,EMP0137,203,181
PR007552,2024-09-02,2,MC011,EMP0047,156,120
PR007553,2024-09-02,2,MC016,EMP0138,130,120
PR007554,2024-09-02,2,MC012,EMP0115,146,120
PR007555,2024-09-02,2,MC009,EMP0042,156,120
PR007556,2024-09-02,2,MC014,EMP0133,155,120
PR007557,2024-09-02,2,MC010,EMP0040,133,120
PR007558,2024-09-02,2,MC015,EMP0004,136,120
PR007559,2024-09-02,2,MC018,EMP0157,117,120
PR007560,2024-09-02,2,MC013,EMP0138,129,120
PR007561,2024-09-02,3,MC022,EMP0010,157,158
PR007562,2024-09-02,3,MC024,EMP0180,166,158
PR007563,2024-09-02,3,MC021,EMP0039,163,158
PR007564,2024-09-02,3,MC023,EMP0172,154,158
PR007565,2024-09-02,3,MC019,EMP0013,182,158
PR007566,2024-09-02,4,MC029,EMP0050,252,200
PR007567,2024-09-02,4,MC026,EMP0022,233,200
PR007568,2024-09-02,4,MC027,EMP0153,264,200
PR007569,2024-09-02,4,MC025,EMP0062,221,200
PR007570,2024-09-02,5,MC034,EMP0056,146,142
PR007571,2024-09-02,5,MC031,EMP0058,160,142
PR007572,2024-09-02,5,MC033,EMP0086,146,142
PR007573,2024-09-02,5,MC035,EMP0145,161,142
PR007574,2024-09-02,5,MC030,EMP0145,152,142
PR007575,2024-09-02,6,MC037,EMP0100,379,325
PR007576,2024-09-02,6,MC036,EMP0152,384,325
PR007577,2024-09-02,6,MC039,EMP0053,399,325
PR007578,2024-09-03,1,MC007,EMP0167,185,181
PR007579,2024-09-03,1,MC001,EMP0025,184,181
PR007580,2024-09-03,1,MC008,EMP0163,207,181
PR007581,2024-09-03,1,MC004,EMP0017,213,181
PR007582,2024-09-03,1,MC006,EMP0044,210,181
PR007583,2024-09-03,1,MC003,EMP0091,186,181
PR007584,2024-09-03,1,MC002,EMP0072,216,181
PR007585,2024-09-03,2,MC015,EMP0015,139,120
PR007586,2024-09-03,2,MC014,EMP0147,127,120
PR007587,2024-09-03,2,MC012,EMP0004,150,120
PR007588,2024-09-03,2,MC018,EMP0020,144,120
PR007589,2024-09-03,2,MC017,EMP0027,148,120
PR007590,2024-09-03,2,MC013,EMP0115,142,120
PR007591,2024-09-03,2,MC011,EMP0026,119,120
PR007592,2024-09-03,3,MC023,EMP0179,167,158
PR007593,2024-09-03,3,MC022,EMP0111,158,158
PR007594,2024-09-03,3,MC021,EMP0179,181,158
PR007595,2024-09-03,3,MC024,EMP0029,172,158
PR007596,2024-09-03,3,MC019,EMP0136,130,158
PR007597,2024-09-03,4,MC028,EMP0062,233,200
PR007598,2024-09-03,4,MC029,EMP0062,230,200
PR007599,2024-09-03,4,MC025,EMP0019,231,200
PR007600,2024-09-03,5,MC032,EMP0145,163,142
PR007601,2024-09-03,5,MC031,EMP0096,143,142
PR007602,2024-09-03,5,MC033,EMP0003,153,142
PR007603,2024-09-03,5,MC035,EMP0080,169,142
PR007604,2024-09-03,5,MC030,EMP0096,152,142
PR007605,2024-09-03,6,MC036,EMP0053,347,325
PR007606,2024-09-03,6,MC037,EMP0046,372,325
PR007607,2024-09-03,6,MC039,EMP0046,407,325
PR007608,2024-09-04,1,MC008,EMP0030,234,181
PR007609,2024-09-04,1,MC007,EMP0037,204,181
PR007610,2024-09-04,1,MC003,EMP0054,205,181
PR007611,2024-09-04,1,MC006,EMP0177,206,181
PR007612,2024-09-04,1,MC001,EMP0176,196,181
PR007613,2024-09-04,1,MC002,EMP0054,233,181
PR007614,2024-09-04,2,MC017,EMP0106,120,120
PR007615,2024-09-04,2,MC013,EMP0067,140,120
PR007616,2024-09-04,2,MC012,EMP0114,130,120
PR007617,2024-09-04,2,MC016,EMP0105,147,120
PR007618,2024-09-04,2,MC009,EMP0024,144,120
PR007619,2024-09-04,2,MC010,EMP0116,128,120
PR007620,2024-09-04,2,MC015,EMP0048,134,120
PR007621,2024-09-04,2,MC014,EMP0051,131,120
PR007622,2024-09-04,2,MC018,EMP0116,151,120
PR007623,2024-09-04,3,MC023,EMP0134,157,158
PR007624,2024-09-04,3,MC021,EMP0180,178,158
PR007625,2024-09-04,3,MC020,EMP0013,170,158
PR007626,2024-09-04,3,MC024,EMP0064,194,158
PR007627,2024-09-04,3,MC019,EMP0078,173,158
PR007628,2024-09-04,4,MC025,EMP0131,229,200
PR007629,2024-09-04,4,MC028,EMP0050,223,200
PR007630,2024-09-04,4,MC027,EMP0109,278,200
PR007631,2024-09-04,4,MC029,EMP0059,248,200
PR007632,2024-09-04,5,MC035,EMP0164,164,142
PR007633,2024-09-04,5,MC033,EMP0096,164,142
PR007634,2024-09-04,5,MC034,EMP0080,148,142
PR007635,2024-09-04,5,MC032,EMP0003,152,142
PR007636,2024-09-04,6,MC037,EMP0155,386,325
PR007637,2024-09-04,6,MC038,EMP0046,336,325
PR007638,2024-09-04,6,MC036,EMP0046,363,325
PR007639,2024-09-05,1,MC006,EMP0092,210,181
PR007640,2024-09-05,1,MC007,EMP0097,192,181
PR007641,2024-09-05,1,MC003,EMP0112,211,181
PR007642,2024-09-05,1,MC005,EMP0161,191,181
PR007643,2024-09-05,1,MC002,EMP0107,211,181
PR007644,2024-09-05,1,MC004,EMP0176,194,181
PR007645,2024-09-05,1,MC001,EMP0008,204,181
PR007646,2024-09-05,2,MC009,EMP0031,134,120
PR007647,2024-09-05,2,MC014,EMP0051,118,120
PR007648,2024-09-05,2,MC012,EMP0015,121,120
PR007649,2024-09-05,2,MC016,EMP0148,123,120
PR007650,2024-09-05,2,MC017,EMP0113,143,120
PR007651,2024-09-05,2,MC010,EMP0089,121,120
PR007652,2024-09-05,2,MC015,EMP0106,116,120
PR007653,2024-09-05,2,MC018,EMP0004,139,120
PR007654,2024-09-05,2,MC011,EMP0173,129,120
PR007655,2024-09-05,3,MC020,EMP0078,160,158
PR007656,2024-09-05,3,MC021,EMP0179,156,158
PR007657,2024-09-05,3,MC022,EMP0010,186,158
PR007658,2024-09-05,3,MC023,EMP0180,178,158
PR007659,2024-09-05,4,MC029,EMP0153,254,200
PR007660,2024-09-05,4,MC026,EMP0175,246,200
PR007661,2024-09-05,4,MC027,EMP0175,241,200
PR007662,2024-09-05,4,MC028,EMP0019,238,200
PR007663,2024-09-05,5,MC030,EMP0056,133,142
PR007664,2024-09-05,5,MC033,EMP0165,163,142
PR007665,2024-09-05,5,MC035,EMP0164,140,142
PR007666,2024-09-05,5,MC034,EMP0060,146,142
PR007667,2024-09-05,6,MC037,EMP0053,357,325
PR007668,2024-09-05,6,MC039,EMP0120,338,325
PR007669,2024-09-05,6,MC038,EMP0085,387,325
PR007670,2024-09-06,1,MC004,EMP0054,136,181
PR007671,2024-09-06,1,MC003,EMP0112,177,181
PR007672,2024-09-06,1,MC005,EMP0052,186,181
PR007673,2024-09-06,1,MC007,EMP0094,156,181
PR007674,2024-09-06,1,MC008,EMP0112,177,181
PR007675,2024-09-06,1,MC002,EMP0118,165,181
PR007676,2024-09-06,2,MC015,EMP0079,111,120
PR007677,2024-09-06,2,MC012,EMP0001,108,120
PR007678,2024-09-06,2,MC018,EMP0129,107,120
PR007679,2024-09-06,2,MC009,EMP0117,126,120
PR007680,2024-09-06,2,MC014,EMP0089,123,120
PR007681,2024-09-06,2,MC011,EMP0024,112,120
PR007682,2024-09-06,2,MC016,EMP0123,112,120
PR007683,2024-09-06,2,MC017,EMP0090,134,120
PR007684,2024-09-06,2,MC013,EMP0128,120,120
PR007685,2024-09-06,3,MC021,EMP0039,138,158
PR007686,2024-09-06,3,MC024,EMP0016,142,158
PR007687,2024-09-06,3,MC023,EMP0136,150,158
PR007688,2024-09-06,3,MC020,EMP0010,133,158
PR007689,2024-09-06,3,MC022,EMP0134,151,158
PR007690,2024-09-06,4,MC028,EMP0174,195,200
PR007691,2024-09-06,4,MC029,EMP0043,185,200
PR007692,2024-09-06,4,MC025,EMP0059,206,200
PR007693,2024-09-06,4,MC026,EMP0014,217,200
PR007694,2024-09-06,5,MC033,EMP0068,127,142
PR007695,2024-09-06,5,MC035,EMP0068,129,142
PR007696,2024-09-06,5,MC034,EMP0028,147,142
PR007697,2024-09-06,5,MC030,EMP0028,134,142
PR007698,2024-09-06,5,MC032,EMP0086,132,142
PR007699,2024-09-06,6,MC039,EMP0085,330,325
PR007700,2024-09-06,6,MC038,EMP0053,342,325
PR007701,2024-09-06,6,MC036,EMP0171,298,325
PR007702,2024-09-07,1,MC008,EMP0008,201,181
PR007703,2024-09-07,1,MC002,EMP0061,206,181
PR007704,2024-09-07,1,MC003,EMP0102,201,181
PR007705,2024-09-07,1,MC007,EMP0168,216,181
PR007706,2024-09-07,1,MC005,EMP0160,216,181
PR007707,2024-09-07,1,MC004,EMP0118,202,181
PR007708,2024-09-07,1,MC001,EMP0073,215,181
PR007709,2024-09-07,2,MC009,EMP0169,127,120
PR007710,2024-09-07,2,MC012,EMP0090,133,120
PR007711,2024-09-07,2,MC014,EMP0035,137,120
PR007712,2024-09-07,2,MC010,EMP0170,125,120
PR007713,2024-09-07,2,MC017,EMP0024,127,120
PR007714,2024-09-07,2,MC018,EMP0149,123,120
PR007715,2024-09-07,2,MC016,EMP0004,133,120
PR007716,2024-09-07,2,MC015,EMP0113,145,120
PR007717,2024-09-07,3,MC020,EMP0055,159,158
PR007718,2024-09-07,3,MC023,EMP0034,171,158
PR007719,2024-09-07,3,MC021,EMP0179,167,158
PR007720,2024-09-07,3,MC019,EMP0055,177,158
PR007721,2024-09-07,3,MC022,EMP0134,178,158
PR007722,2024-09-07,4,MC025,EMP0022,215,200
PR007723,2024-09-07,4,MC029,EMP0043,237,200
PR007724,2024-09-07,4,MC026,EMP0154,228,200
PR007725,2024-09-07,4,MC027,EMP0014,231,200
PR007726,2024-09-07,5,MC032,EMP0096,170,142
PR007727,2024-09-07,5,MC033,EMP0028,171,142
PR007728,2024-09-07,5,MC034,EMP0003,139,142
PR007729,2024-09-07,5,MC031,EMP0096,149,142
PR007730,2024-09-07,6,MC038,EMP0144,360,325
PR007731,2024-09-07,6,MC039,EMP0142,328,325
PR007732,2024-09-07,6,MC037,EMP0155,357,325
PR007733,2024-09-08,1,MC002,EMP0168,72,181
PR007734,2024-09-08,1,MC003,EMP0167,74,181
PR007735,2024-09-08,1,MC004,EMP0092,70,181
PR007736,2024-09-08,1,MC006,EMP0130,69,181
PR007737,2024-09-08,1,MC005,EMP0177,67,181
PR007738,2024-09-08,1,MC008,EMP0052,74,181
PR007739,2024-09-08,1,MC007,EMP0151,72,181
PR007740,2024-09-08,2,MC011,EMP0135,45,120
PR007741,2024-09-08,2,MC013,EMP0035,49,120
PR007742,2024-09-08,2,MC014,EMP0146,49,120
PR007743,2024-09-08,2,MC010,EMP0048,44,120
PR007744,2024-09-08,2,MC009,EMP0074,41,120
PR007745,2024-09-08,2,MC015,EMP0067,39,120
PR007746,2024-09-08,2,MC012,EMP0147,44,120
PR007747,2024-09-08,2,MC016,EMP0035,48,120
PR007748,2024-09-08,2,MC017,EMP0077,50,120
PR007749,2024-09-08,3,MC023,EMP0013,62,158
PR007750,2024-09-08,3,MC020,EMP0064,58,158
PR007751,2024-09-08,3,MC024,EMP0039,62,158
PR007752,2024-09-08,3,MC021,EMP0069,69,158
PR007753,2024-09-08,3,MC022,EMP0069,64,158
PR007754,2024-09-08,4,MC025,EMP0014,83,200
PR007755,2024-09-08,4,MC028,EMP0127,86,200
PR007756,2024-09-08,4,MC027,EMP0014,87,200
PR007757,2024-09-08,5,MC035,EMP0101,54,142
PR007758,2024-09-08,5,MC030,EMP0068,60,142
PR007759,2024-09-08,5,MC031,EMP0068,53,142
PR007760,2024-09-08,5,MC032,EMP0056,51,142
PR007761,2024-09-08,5,MC034,EMP0028,58,142
PR007762,2024-09-08,6,MC038,EMP0120,140,325
PR007763,2024-09-08,6,MC036,EMP0053,130,325
PR007764,2024-09-08,6,MC037,EMP0152,130,325
PR007765,2024-09-09,1,MC008,EMP0160,195,181
PR007766,2024-09-09,1,MC003,EMP0102,212,181
PR007767,2024-09-09,1,MC007,EMP0091,218,181
PR007768,2024-09-09,1,MC004,EMP0167,207,181
PR007769,2024-09-09,1,MC001,EMP0008,232,181
PR007770,2024-09-09,1,MC005,EMP0052,196,181
PR007771,2024-09-09,2,MC010,EMP0138,134,120
PR007772,2024-09-09,2,MC015,EMP0063,135,120
PR007773,2024-09-09,2,MC013,EMP0040,135,120
PR007774,2024-09-09,2,MC014,EMP0135,120,120
PR007775,2024-09-09,2,MC009,EMP0140,129,120
PR007776,2024-09-09,2,MC016,EMP0048,125,120
PR007777,2024-09-09,2,MC011,EMP0009,126,120
PR007778,2024-09-09,3,MC023,EMP0143,155,158
PR007779,2024-09-09,3,MC021,EMP0124,198,158
PR007780,2024-09-09,3,MC024,EMP0029,158,158
PR007781,2024-09-09,3,MC019,EMP0125,171,158
PR007782,2024-09-09,3,MC020,EMP0039,209,158
PR007783,2024-09-09,4,MC029,EMP0019,226,200
PR007784,2024-09-09,4,MC026,EMP0121,221,200
PR007785,2024-09-09,4,MC028,EMP0023,229,200
PR007786,2024-09-09,5,MC034,EMP0164,154,142
PR007787,2024-09-09,5,MC030,EMP0150,148,142
PR007788,2024-09-09,5,MC031,EMP0145,126,142
PR007789,2024-09-09,5,MC033,EMP0080,139,142
PR007790,2024-09-09,5,MC032,EMP0165,156,142
PR007791,2024-09-09,6,MC038,EMP0155,337,325
PR007792,2024-09-09,6,MC036,EMP0155,331,325
PR007793,2024-09-09,6,MC039,EMP0046,418,325
PR007794,2024-09-10,1,MC007,EMP0091,205,181
PR007795,2024-09-10,1,MC001,EMP0162,202,181
PR007796,2024-09-10,1,MC004,EMP0038,218,181
PR007797,2024-09-10,1,MC002,EMP0102,214,181
PR007798,2024-09-10,1,MC008,EMP0018,188,181
PR007799,2024-09-10,1,MC005,EMP0075,210,181
PR007800,2024-09-10,2,MC017,EMP0106,141,120
PR007801,2024-09-10,2,MC012,EMP0031,123,120
PR007802,2024-09-10,2,MC013,EMP0169,133,120
PR007803,2024-09-10,2,MC015,EMP0146,144,120
PR007804,2024-09-10,2,MC016,EMP0129,129,120
PR007805,2024-09-10,2,MC014,EMP0146,124,120
PR007806,2024-09-10,2,MC010,EMP0063,131,120
PR007807,2024-09-10,3,MC024,EMP0016,167,158
PR007808,2024-09-10,3,MC020,EMP0111,158,158
PR007809,2024-09-10,3,MC022,EMP0124,176,158
PR007810,2024-09-10,3,MC021,EMP0006,159,158
PR007811,2024-09-10,3,MC019,EMP0055,186,158
PR007812,2024-09-10,4,MC028,EMP0014,256,200
PR007813,2024-09-10,4,MC029,EMP0022,238,200
PR007814,2024-09-10,4,MC025,EMP0022,224,200
PR007815,2024-09-10,4,MC027,EMP0132,236,200
PR007816,2024-09-10,5,MC034,EMP0150,165,142
PR007817,2024-09-10,5,MC032,EMP0060,169,142
PR007818,2024-09-10,5,MC035,EMP0060,165,142
PR007819,2024-09-10,5,MC031,EMP0164,151,142
PR007820,2024-09-10,5,MC030,EMP0096,143,142
PR007821,2024-09-10,6,MC039,EMP0155,380,325
PR007822,2024-09-10,6,MC038,EMP0046,350,325
PR007823,2024-09-10,6,MC037,EMP0155,397,325
PR007824,2024-09-11,1,MC001,EMP0005,194,181
PR007825,2024-09-11,1,MC002,EMP0044,210,181
PR007826,2024-09-11,1,MC004,EMP0017,215,181
PR007827,2024-09-11,1,MC006,EMP0102,200,181
PR007828,2024-09-11,1,MC007,EMP0126,213,181
PR007829,2024-09-11,1,MC008,EMP0102,225,181
PR007830,2024-09-11,2,MC016,EMP0009,140,120
PR007831,2024-09-11,2,MC015,EMP0079,130,120
PR007832,2024-09-11,2,MC013,EMP0063,150,120
PR007833,2024-09-11,2,MC014,EMP0138,127,120
PR007834,2024-09-11,2,MC011,EMP0004,120,120
PR007835,2024-09-11,2,MC012,EMP0009,109,120
PR007836,2024-09-11,2,MC009,EMP0106,124,120
PR007837,2024-09-11,2,MC010,EMP0015,131,120
PR007838,2024-09-11,2,MC018,EMP0031,127,120
PR007839,2024-09-11,3,MC023,EMP0159,182,158
PR007840,2024-09-11,3,MC024,EMP0122,167,158
PR007841,2024-09-11,3,MC020,EMP0082,159,158
PR007842,2024-09-11,3,MC021,EMP0039,179,158
PR007843,2024-09-11,3,MC019,EMP0159,190,158
PR007844,2024-09-11,4,MC029,EMP0131,245,200
PR007845,2024-09-11,4,MC025,EMP0132,247,200
PR007846,2024-09-11,4,MC026,EMP0174,259,200
PR007847,2024-09-11,4,MC027,EMP0131,236,200
PR007848,2024-09-11,5,MC034,EMP0028,147,142
PR007849,2024-09-11,5,MC030,EMP0101,162,142
PR007850,2024-09-11,5,MC032,EMP0058,170,142
PR007851,2024-09-11,5,MC035,EMP0101,153,142
PR007852,2024-09-11,6,MC037,EMP0152,332,325
PR007853,2024-09-11,6,MC039,EMP0171,401,325
PR007854,2024-09-11,6,MC036,EMP0152,447,325
PR007855,2024-09-12,1,MC001,EMP0008,205,181
PR007856,2024-09-12,1,MC003,EMP0037,211,181
PR007857,2024-09-12,1,MC006,EMP0054,209,181
PR007858,2024-09-12,1,MC008,EMP0091,208,181
PR007859,2024-09-12,1,MC004,EMP0110,199,181
PR007860,2024-09-12,1,MC005,EMP0052,175,181
PR007861,2024-09-12,1,MC007,EMP0176,201,181
PR007862,2024-09-12,2,MC011,EMP0148,131,120
PR007863,2024-09-12,2,MC013,EMP0081,120,120
PR007864,2024-09-12,2,MC009,EMP0095,120,120
PR007865,2024-09-12,2,MC010,EMP0081,151,120
PR007866,2024-09-12,2,MC014,EMP0129,131,120
PR007867,2024-09-12,2,MC018,EMP0140,132,120
PR007868,2024-09-12,2,MC016,EMP0040,130,120
PR007869,2024-09-12,2,MC012,EMP0113,128,120
PR007870,2024-09-12,3,MC023,EMP0172,163,158
PR007871,2024-09-12,3,MC020,EMP0078,147,158
PR007872,2024-09-12,3,MC021,EMP0179,165,158
PR007873,2024-09-12,3,MC024,EMP0016,169,158
PR007874,2024-09-12,3,MC019,EMP0069,177,158
PR007875,2024-09-12,4,MC027,EMP0132,235,200
PR007876,2024-09-12,4,MC025,EMP0121,264,200
PR007877,2024-09-12,4,MC029,EMP0154,255,200
PR007878,2024-09-12,5,MC030,EMP0101,148,142
PR007879,2024-09-12,5,MC034,EMP0056,154,142
PR007880,2024-09-12,5,MC035,EMP0080,161,142
PR007881,2024-09-12,5,MC033,EMP0101,146,142
PR007882,2024-09-12,6,MC037,EMP0065,338,325
PR007883,2024-09-12,6,MC038,EMP0144,434,325
PR007884,2024-09-12,6,MC039,EMP0171,391,325
PR007885,2024-09-13,1,MC002,EMP0110,148,181
PR007886,2024-09-13,1,MC001,EMP0137,175,181
PR007887,2024-09-13,1,MC004,EMP0008,155,181
PR007888,2024-09-13,1,MC003,EMP0160,179,181
PR007889,2024-09-13,1,MC007,EMP0073,195,181
PR007890,2024-09-13,1,MC005,EMP0044,168,181
PR007891,2024-09-13,2,MC012,EMP0140,120,120
PR007892,2024-09-13,2,MC018,EMP0026,110,120
PR007893,2024-09-13,2,MC014,EMP0173,118,120
PR007894,2024-09-13,2,MC017,EMP0036,103,120
PR007895,2024-09-13,2,MC013,EMP0035,109,120
PR007896,2024-09-13,2,MC015,EMP0106,130,120
PR007897,2024-09-13,2,MC016,EMP0009,118,120
PR007898,2024-09-13,2,MC009,EMP0105,112,120
PR007899,2024-09-13,3,MC024,EMP0013,152,158
PR007900,2024-09-13,3,MC020,EMP0122,162,158
PR007901,2024-09-13,3,MC023,EMP0078,158,158
PR007902,2024-09-13,3,MC021,EMP0055,153,158
PR007903,2024-09-13,4,MC029,EMP0093,217,200
PR007904,2024-09-13,4,MC025,EMP0059,214,200
PR007905,2024-09-13,4,MC028,EMP0154,218,200
PR007906,2024-09-13,4,MC026,EMP0175,229,200
PR007907,2024-09-13,5,MC034,EMP0165,124,142
PR007908,2024-09-13,5,MC030,EMP0003,123,142
PR007909,2024-09-13,5,MC031,EMP0056,131,142
PR007910,2024-09-13,5,MC033,EMP0060,150,142
PR007911,2024-09-13,5,MC032,EMP0056,122,142
PR007912,2024-09-13,6,MC037,EMP0155,327,325
PR007913,2024-09-13,6,MC038,EMP0142,343,325
PR007914,2024-09-13,6,MC039,EMP0100,388,325
PR007915,2024-09-14,1,MC007,EMP0162,210,181
PR007916,2024-09-14,1,MC003,EMP0030,214,181
PR007917,2024-09-14,1,MC002,EMP0126,183,181
PR007918,2024-09-14,1,MC004,EMP0066,198,181
PR007919,2024-09-14,1,MC006,EMP0168,208,181
PR007920,2024-09-14,1,MC001,EMP0177,227,181
PR007921,2024-09-14,2,MC016,EMP0021,117,120
PR007922,2024-09-14,2,MC015,EMP0026,132,120
PR007923,2024-09-14,2,MC009,EMP0077,135,120
PR007924,2024-09-14,2,MC010,EMP0027,124,120
PR007925,2024-09-14,2,MC017,EMP0103,147,120
PR007926,2024-09-14,2,MC018,EMP0148,121,120
PR007927,2024-09-14,2,MC012,EMP0173,137,120
PR007928,2024-09-14,2,MC014,EMP0089,125,120
PR007929,2024-09-14,2,MC013,EMP0035,124,120
PR007930,2024-09-14,3,MC023,EMP0084,197,158
PR007931,2024-09-14,3,MC022,EMP0111,139,158
PR007932,2024-09-14,3,MC020,EMP0016,173,158
PR007933,2024-09-14,3,MC024,EMP0034,166,158
PR007934,2024-09-14,4,MC028,EMP0093,247,200
PR007935,2024-09-14,4,MC025,EMP0014,183,200
PR007936,2024-09-14,4,MC029,EMP0153,272,200
PR007937,2024-09-14,4,MC027,EMP0023,240,200
PR007938,2024-09-14,5,MC033,EMP0086,166,142
PR007939,2024-09-14,5,MC034,EMP0028,160,142
PR007940,2024-09-14,5,MC030,EMP0096,159,142
PR007941,2024-09-14,5,MC032,EMP0086,142,142
PR007942,2024-09-14,5,MC035,EMP0080,158,142
PR007943,2024-09-14,6,MC039,EMP0046,335,325
PR007944,2024-09-14,6,MC037,EMP0053,345,325
PR007945,2024-09-14,6,MC036,EMP0053,397,325
PR007946,2024-09-15,1,MC005,EMP0176,73,181
PR007947,2024-09-15,1,MC002,EMP0119,79,181
PR007948,2024-09-15,1,MC004,EMP0177,71,181
PR007949,2024-09-15,1,MC006,EMP0075,67,181
PR007950,2024-09-15,1,MC007,EMP0118,68,181
PR007951,2024-09-15,1,MC008,EMP0110,67,181
PR007952,2024-09-15,2,MC010,EMP0035,44,120
PR007953,2024-09-15,2,MC013,EMP0001,48,120
PR007954,2024-09-15,2,MC016,EMP0024,45,120
PR007955,2024-09-15,2,MC014,EMP0148,45,120
PR007956,2024-09-15,2,MC017,EMP0157,45,120
PR007957,2024-09-15,2,MC011,EMP0170,55,120
PR007958,2024-09-15,2,MC018,EMP0020,52,120
PR007959,2024-09-15,2,MC015,EMP0001,45,120
PR007960,2024-09-15,2,MC009,EMP0146,48,120
PR007961,2024-09-15,3,MC024,EMP0124,64,158
PR007962,2024-09-15,3,MC020,EMP0034,64,158
PR007963,2024-09-15,3,MC023,EMP0143,57,158
PR007964,2024-09-15,3,MC022,EMP0172,62,158
PR007965,2024-09-15,4,MC026,EMP0121,91,200
PR007966,2024-09-15,4,MC027,EMP0093,86,200
PR007967,2024-09-15,4,MC025,EMP0023,96,200
PR007968,2024-09-15,4,MC029,EMP0132,95,200
PR007969,2024-09-15,5,MC030,EMP0086,50,142
PR007970,2024-09-15,5,MC032,EMP0145,53,142
PR007971,2024-09-15,5,MC033,EMP0080,55,142
PR007972,2024-09-15,5,MC031,EMP0165,60,142
PR007973,2024-09-15,5,MC034,EMP0028,57,142
PR007974,2024-09-15,6,MC039,EMP0085,119,325
PR007975,2024-09-15,6,MC036,EMP0155,124,325
PR007976,2024-09-15,6,MC038,EMP0144,116,325
PR007977,2024-09-16,1,MC004,EMP0073,187,181
PR007978,2024-09-16,1,MC005,EMP0061,214,181
PR007979,2024-09-16,1,MC006,EMP0158,194,181
PR007980,2024-09-16,1,MC007,EMP0151,179,181
PR007981,2024-09-16,1,MC002,EMP0057,207,181
PR007982,2024-09-16,1,MC008,EMP0018,226,181
PR007983,2024-09-16,1,MC003,EMP0110,207,181
PR007984,2024-09-16,2,MC010,EMP0020,133,120
PR007985,2024-09-16,2,MC014,EMP0098,104,120
PR007986,2024-09-16,2,MC015,EMP0178,123,120
PR007987,2024-09-16,2,MC011,EMP0133,133,120
PR007988,2024-09-16,2,MC009,EMP0024,150,120
PR007989,2024-09-16,2,MC016,EMP0083,142,120
PR007990,2024-09-16,2,MC012,EMP0036,133,120
PR007991,2024-09-16,2,MC017,EMP0083,119,120
PR007992,2024-09-16,2,MC018,EMP0169,134,120
PR007993,2024-09-16,3,MC020,EMP0039,171,158
PR007994,2024-09-16,3,MC022,EMP0180,178,158
PR007995,2024-09-16,3,MC024,EMP0124,182,158
PR007996,2024-09-16,3,MC021,EMP0111,166,158
PR007997,2024-09-16,4,MC028,EMP0154,203,200
PR007998,2024-09-16,4,MC026,EMP0043,235,200
PR007999,2024-09-16,4,MC029,EMP0121,269,200
PR008000,2024-09-16,4,MC027,EMP0109,240,200
PR008001,2024-09-16,5,MC030,EMP0145,156,142
PR008002,2024-09-16,5,MC032,EMP0145,151,142
PR008003,2024-09-16,5,MC035,EMP0164,158,142
PR008004,2024-09-16,5,MC034,EMP0101,133,142
PR008005,2024-09-16,5,MC031,EMP0003,151,142
PR008006,2024-09-16,6,MC038,EMP0046,366,325
PR008007,2024-09-16,6,MC039,EMP0100,343,325
PR008008,2024-09-16,6,MC036,EMP0152,362,325
PR008009,2024-09-17,1,MC007,EMP0158,184,181
PR008010,2024-09-17,1,MC002,EMP0054,214,181
PR008011,2024-09-17,1,MC008,EMP0032,195,181
PR008012,2024-09-17,1,MC003,EMP0158,193,181
PR008013,2024-09-17,1,MC004,EMP0094,210,181
PR008014,2024-09-17,1,MC001,EMP0008,201,181
PR008015,2024-09-17,1,MC005,EMP0057,195,181
PR008016,2024-09-17,2,MC015,EMP0149,131,120
PR008017,2024-09-17,2,MC017,EMP0149,114,120
PR008018,2024-09-17,2,MC012,EMP0063,128,120
PR008019,2024-09-17,2,MC016,EMP0148,140,120
PR008020,2024-09-17,2,MC009,EMP0133,144,120
PR008021,2024-09-17,2,MC014,EMP0067,132,120
PR008022,2024-09-17,2,MC013,EMP0133,148,120
PR008023,2024-09-17,2,MC018,EMP0147,139,120
PR008024,2024-09-17,3,MC019,EMP0069,185,158
PR008025,2024-09-17,3,MC020,EMP0099,173,158
PR008026,2024-09-17,3,MC024,EMP0180,185,158
PR008027,2024-09-17,3,MC022,EMP0179,167,158
PR008028,2024-09-17,4,MC029,EMP0131,229,200
PR008029,2024-09-17,4,MC025,EMP0132,249,200
PR008030,2024-09-17,4,MC028,EMP0131,274,200
PR008031,2024-09-17,4,MC026,EMP0109,214,200
PR008032,2024-09-17,5,MC035,EMP0164,144,142
PR008033,2024-09-17,5,MC032,EMP0096,160,142
PR008034,2024-09-17,5,MC030,EMP0086,154,142
PR008035,2024-09-17,5,MC031,EMP0068,162,142
PR008036,2024-09-17,6,MC037,EMP0120,376,325
PR008037,2024-09-17,6,MC038,EMP0144,361,325
PR008038,2024-09-17,6,MC039,EMP0046,333,325
PR008039,2024-09-18,1,MC002,EMP0037,194,181
PR008040,2024-09-18,1,MC004,EMP0066,195,181
PR008041,2024-09-18,1,MC007,EMP0017,230,181
PR008042,2024-09-18,1,MC008,EMP0130,189,181
PR008043,2024-09-18,1,MC006,EMP0044,202,181
PR008044,2024-09-18,1,MC005,EMP0038,188,181
PR008045,2024-09-18,2,MC018,EMP0051,136,120
PR008046,2024-09-18,2,MC011,EMP0149,132,120
PR008047,2024-09-18,2,MC013,EMP0027,150,120
PR008048,2024-09-18,2,MC016,EMP0001,147,120
PR008049,2024-09-18,2,MC010,EMP0036,134,120
PR008050,2024-09-18,2,MC017,EMP0095,137,120
PR008051,2024-09-18,2,MC009,EMP0041,140,120
PR008052,2024-09-18,2,MC015,EMP0021,138,120
PR008053,2024-09-18,3,MC020,EMP0124,152,158
PR008054,2024-09-18,3,MC022,EMP0078,212,158
PR008055,2024-09-18,3,MC019,EMP0016,172,158
PR008056,2024-09-18,3,MC023,EMP0179,173,158
PR008057,2024-09-18,3,MC021,EMP0069,178,158
PR008058,2024-09-18,4,MC029,EMP0043,254,200
PR008059,2024-09-18,4,MC026,EMP0174,203,200
PR008060,2024-09-18,4,MC027,EMP0121,239,200
PR008061,2024-09-18,4,MC025,EMP0108,271,200
PR008062,2024-09-18,5,MC033,EMP0145,148,142
PR008063,2024-09-18,5,MC031,EMP0056,148,142
PR008064,2024-09-18,5,MC035,EMP0003,146,142
PR008065,2024-09-18,5,MC030,EMP0080,144,142
PR008066,2024-09-18,5,MC034,EMP0150,156,142
PR008067,2024-09-18,6,MC036,EMP0155,388,325
PR008068,2024-09-18,6,MC039,EMP0053,323,325
PR008069,2024-09-18,6,MC038,EMP0085,412,325
PR008070,2024-09-19,1,MC005,EMP0052,210,181
PR008071,2024-09-19,1,MC008,EMP0057,218,181
PR008072,2024-09-19,1,MC002,EMP0008,202,181
PR008073,2024-09-19,1,MC001,EMP0005,226,181
PR008074,2024-09-19,1,MC003,EMP0066,215,181
PR008075,2024-09-19,1,MC006,EMP0038,240,181
PR008076,2024-09-19,1,MC007,EMP0162,208,181
PR008077,2024-09-19,2,MC009,EMP0148,123,120
PR008078,2024-09-19,2,MC012,EMP0083,134,120
PR008079,2024-09-19,2,MC015,EMP0103,136,120
PR008080,2024-09-19,2,MC016,EMP0115,123,120
PR008081,2024-09-19,2,MC010,EMP0048,141,120
PR008082,2024-09-19,2,MC018,EMP0090,129,120
PR008083,2024-09-19,2,MC013,EMP0115,109,120
PR008084,2024-09-19,2,MC014,EMP0079,150,120
PR008085,2024-09-19,2,MC017,EMP0147,144,120
PR008086,2024-09-19,3,MC021,EMP0034,163,158
PR008087,2024-09-19,3,MC023,EMP0069,190,158
PR008088,2024-09-19,3,MC022,EMP0010,161,158
PR008089,2024-09-19,3,MC020,EMP0180,182,158
PR008090,2024-09-19,3,MC024,EMP0099,195,158
PR008091,2024-09-19,4,MC028,EMP0154,205,200
PR008092,2024-09-19,4,MC027,EMP0108,214,200
PR008093,2024-09-19,4,MC025,EMP0022,235,200
PR008094,2024-09-19,4,MC029,EMP0019,285,200
PR008095,2024-09-19,5,MC035,EMP0101,150,142
PR008096,2024-09-19,5,MC032,EMP0028,169,142
PR008097,2024-09-19,5,MC033,EMP0003,139,142
PR008098,2024-09-19,5,MC034,EMP0164,142,142
PR008099,2024-09-19,5,MC030,EMP0003,176,142
PR008100,2024-09-19,6,MC038,EMP0085,384,325
PR008101,2024-09-19,6,MC039,EMP0046,365,325
PR008102,2024-09-19,6,MC036,EMP0046,311,325
PR008103,2024-09-20,1,MC003,EMP0030,190,181
PR008104,2024-09-20,1,MC001,EMP0073,156,181
PR008105,2024-09-20,1,MC007,EMP0118,174,181
PR008106,2024-09-20,1,MC004,EMP0161,183,181
PR008107,2024-09-20,1,MC005,EMP0030,182,181
PR008108,2024-09-20,1,MC006,EMP0072,180,181
PR008109,2024-09-20,2,MC014,EMP0103,119,120
PR008110,2024-09-20,2,MC017,EMP0083,109,120
PR008111,2024-09-20,2,MC016,EMP0081,121,120
PR008112,2024-09-20,2,MC011,EMP0147,115,120
PR008113,2024-09-20,2,MC018,EMP0140,107,120
PR008114,2024-09-20,2,MC012,EMP0081,128,120
PR008115,2024-09-20,2,MC013,EMP0076,126,120
PR008116,2024-09-20,2,MC009,EMP0020,105,120
PR008117,2024-09-20,2,MC015,EMP0048,110,120
PR008118,2024-09-20,3,MC024,EMP0143,132,158
PR008119,2024-09-20,3,MC019,EMP0124,148,158
PR008120,2024-09-20,3,MC021,EMP0122,151,158
PR008121,2024-09-20,3,MC023,EMP0122,157,158
PR008122,2024-09-20,3,MC022,EMP0172,145,158
PR008123,2024-09-20,4,MC029,EMP0121,203,200
PR008124,2024-09-20,4,MC026,EMP0093,207,200
PR008125,2024-09-20,4,MC025,EMP0131,219,200
PR008126,2024-09-20,4,MC027,EMP0062,212,200
PR008127,2024-09-20,5,MC032,EMP0003,135,142
PR008128,2024-09-20,5,MC031,EMP0068,113,142
PR008129,2024-09-20,5,MC034,EMP0165,113,142
PR008130,2024-09-20,5,MC033,EMP0080,134,142
PR008131,2024-09-20,6,MC037,EMP0144,338,325
PR008132,2024-09-20,6,MC036,EMP0120,284,325
PR008133,2024-09-20,6,MC038,EMP0171,312,325
PR008134,2024-09-21,1,MC006,EMP0137,211,181
PR008135,2024-09-21,1,MC003,EMP0032,225,181
PR008136,2024-09-21,1,MC002,EMP0075,206,181
PR008137,2024-09-21,1,MC007,EMP0110,208,181
PR008138,2024-09-21,1,MC004,EMP0032,189,181
PR008139,2024-09-21,1,MC001,EMP0072,211,181
PR008140,2024-09-21,1,MC005,EMP0066,196,181
PR008141,2024-09-21,2,MC017,EMP0041,104,120
PR008142,2024-09-21,2,MC018,EMP0083,153,120
PR008143,2024-09-21,2,MC014,EMP0051,115,120
PR008144,2024-09-21,2,MC012,EMP0146,137,120
PR008145,2024-09-21,2,MC016,EMP0063,146,120
PR008146,2024-09-21,2,MC009,EMP0089,126,120
PR008147,2024-09-21,2,MC015,EMP0173,129,120
PR008148,2024-09-21,2,MC013,EMP0021,133,120
PR008149,2024-09-21,2,MC010,EMP0128,125,120
PR008150,2024-09-21,3,MC019,EMP0010,179,158
PR008151,2024-09-21,3,MC021,EMP0039,162,158
PR008152,2024-09-21,3,MC022,EMP0010,160,158
PR008153,2024-09-21,3,MC024,EMP0111,170,158
PR008154,2024-09-21,4,MC026,EMP0121,236,200
PR008155,2024-09-21,4,MC025,EMP0062,244,200
PR008156,2024-09-21,4,MC028,EMP0131,247,200
PR008157,2024-09-21,4,MC029,EMP0093,244,200
PR008158,2024-09-21,5,MC035,EMP0028,141,142
PR008159,2024-09-21,5,MC031,EMP0058,157,142
PR008160,2024-09-21,5,MC030,EMP0086,174,142
PR008161,2024-09-21,5,MC033,EMP0165,162,142
PR008162,2024-09-21,5,MC034,EMP0058,154,142
PR008163,2024-09-21,6,MC038,EMP0100,374,325
PR008164,2024-09-21,6,MC037,EMP0142,442,325
PR008165,2024-09-21,6,MC039,EMP0171,393,325
PR008166,2024-09-22,1,MC003,EMP0052,75,181
PR008167,2024-09-22,1,MC005,EMP0126,67,181
PR008168,2024-09-22,1,MC001,EMP0126,64,181
PR008169,2024-09-22,1,MC002,EMP0118,77,181
PR008170,2024-09-22,1,MC008,EMP0007,66,181
PR008171,2024-09-22,1,MC004,EMP0137,67,181
PR008172,2024-09-22,2,MC009,EMP0135,42,120
PR008173,2024-09-22,2,MC010,EMP0113,50,120
PR008174,2024-09-22,2,MC015,EMP0047,45,120
PR008175,2024-09-22,2,MC017,EMP0076,42,120
PR008176,2024-09-22,2,MC018,EMP0001,46,120
PR008177,2024-09-22,2,MC014,EMP0036,47,120
PR008178,2024-09-22,2,MC012,EMP0157,41,120
PR008179,2024-09-22,3,MC019,EMP0143,51,158
PR008180,2024-09-22,3,MC022,EMP0122,53,158
PR008181,2024-09-22,3,MC023,EMP0143,55,158
PR008182,2024-09-22,3,MC024,EMP0082,60,158
PR008183,2024-09-22,3,MC021,EMP0143,63,158
PR008184,2024-09-22,4,MC027,EMP0131,79,200
PR008185,2024-09-22,4,MC025,EMP0019,79,200
PR008186,2024-09-22,4,MC029,EMP0156,87,200
PR008187,2024-09-22,4,MC028,EMP0023,78,200
PR008188,2024-09-22,5,MC032,EMP0068,58,142
PR008189,2024-09-22,5,MC033,EMP0028,54,142
PR008190,2024-09-22,5,MC034,EMP0060,56,142
PR008191,2024-09-22,5,MC030,EMP0165,52,142
PR008192,2024-09-22,6,MC039,EMP0065,115,325
PR008193,2024-09-22,6,MC036,EMP0152,119,325
PR008194,2024-09-22,6,MC037,EMP0053,133,325
PR008195,2024-09-23,1,MC007,EMP0102,202,181
PR008196,2024-09-23,1,MC001,EMP0176,187,181
PR008197,2024-09-23,1,MC004,EMP0008,232,181
PR008198,2024-09-23,1,MC003,EMP0176,216,181
PR008199,2024-09-23,1,MC008,EMP0160,183,181
PR008200,2024-09-23,1,MC005,EMP0025,205,181
PR008201,2024-09-23,1,MC006,EMP0038,215,181
PR008202,2024-09-23,2,MC017,EMP0106,135,120
PR008203,2024-09-23,2,MC011,EMP0123,134,120
PR008204,2024-09-23,2,MC010,EMP0115,116,120
PR008205,2024-09-23,2,MC009,EMP0045,121,120
PR008206,2024-09-23,2,MC016,EMP0048,131,120
PR008207,2024-09-23,2,MC018,EMP0079,146,120
PR008208,2024-09-23,2,MC013,EMP0081,138,120
PR008209,2024-09-23,2,MC015,EMP0116,115,120
PR008210,2024-09-23,3,MC023,EMP0125,177,158
PR008211,2024-09-23,3,MC020,EMP0172,157,158
PR008212,2024-09-23,3,MC022,EMP0136,177,158
PR008213,2024-09-23,3,MC021,EMP0134,180,158
PR008214,2024-09-23,4,MC025,EMP0153,239,200
PR008215,2024-09-23,4,MC026,EMP0121,253,200
PR008216,2024-09-23,4,MC028,EMP0011,264,200
PR008217,2024-09-23,4,MC027,EMP0059,234,200
PR008218,2024-09-23,5,MC034,EMP0150,162,142
PR008219,2024-09-23,5,MC033,EMP0165,146,142
PR008220,2024-09-23,5,MC030,EMP0068,178,142
PR008221,2024-09-23,5,MC031,EMP0028,126,142
PR008222,2024-09-23,6,MC038,EMP0155,380,325
PR008223,2024-09-23,6,MC037,EMP0053,385,325
PR008224,2024-09-23,6,MC036,EMP0100,413,325
PR008225,2024-09-24,1,MC004,EMP0130,201,181
PR008226,2024-09-24,1,MC007,EMP0119,212,181
PR008227,2024-09-24,1,MC005,EMP0162,198,181
PR008228,2024-09-24,1,MC006,EMP0052,171,181
PR008229,2024-09-24,1,MC008,EMP0104,208,181
PR008230,2024-09-24,1,MC001,EMP0161,189,181
PR008231,2024-09-24,1,MC002,EMP0137,220,181
PR008232,2024-09-24,2,MC017,EMP0067,128,120
PR008233,2024-09-24,2,MC016,EMP0117,131,120
PR008234,2024-09-24,2,MC012,EMP0040,121,120
PR008235,2024-09-24,2,MC009,EMP0041,129,120
PR008236,2024-09-24,2,MC011,EMP0009,122,120
PR008237,2024-09-24,2,MC018,EMP0012,133,120
PR008238,2024-09-24,2,MC010,EMP0015,134,120
PR008239,2024-09-24,2,MC014,EMP0026,127,120
PR008240,2024-09-24,3,MC019,EMP0013,156,158
PR008241,2024-09-24,3,MC020,EMP0143,193,158
PR008242,2024-09-24,3,MC023,EMP0064,191,158
PR008243,2024-09-24,3,MC021,EMP0013,208,158
PR008244,2024-09-24,3,MC022,EMP0010,176,158
PR008245,2024-09-24,4,MC025,EMP0108,221,200
PR008246,2024-09-24,4,MC026,EMP0174,268,200
PR008247,2024-09-24,4,MC029,EMP0093,288,200
PR008248,2024-09-24,4,MC028,EMP0002,212,200
PR008249,2024-09-24,5,MC030,EMP0028,169,142
PR008250,2024-09-24,5,MC032,EMP0165,139,142
PR008251,2024-09-24,5,MC035,EMP0101,167,142
PR008252,2024-09-24,5,MC033,EMP0080,160,142
PR008253,2024-09-24,5,MC034,EMP0080,149,142
PR008254,2024-09-24,6,MC037,EMP0053,396,325
PR008255,2024-09-24,6,MC036,EMP0065,356,325
PR008256,2024-09-24,6,MC038,EMP0152,389,325
PR008257,2024-09-25,1,MC006,EMP0066,188,181
PR008258,2024-09-25,1,MC008,EMP0130,195,181
PR008259,2024-09-25,1,MC007,EMP0107,215,181
PR008260,2024-09-25,1,MC005,EMP0102,180,181
PR008261,2024-09-25,1,MC002,EMP0017,211,181
PR008262,2024-09-25,1,MC003,EMP0088,210,181
PR008263,2024-09-25,1,MC001,EMP0052,202,181
PR008264,2024-09-25,2,MC017,EMP0031,128,120
PR008265,2024-09-25,2,MC012,EMP0041,127,120
PR008266,2024-09-25,2,MC014,EMP0139,129,120
PR008267,2024-09-25,2,MC011,EMP0048,141,120
PR008268,2024-09-25,2,MC016,EMP0031,115,120
PR008269,2024-09-25,2,MC015,EMP0133,124,120
PR008270,2024-09-25,2,MC013,EMP0138,135,120
PR008271,2024-09-25,3,MC021,EMP0099,145,158
PR008272,2024-09-25,3,MC020,EMP0039,170,158
PR008273,2024-09-25,3,MC024,EMP0134,156,158
PR008274,2024-09-25,3,MC023,EMP0033,172,158
PR008275,2024-09-25,3,MC019,EMP0006,186,158
PR008276,2024-09-25,4,MC028,EMP0087,243,200
PR008277,2024-09-25,4,MC025,EMP0109,235,200
PR008278,2024-09-25,4,MC026,EMP0019,204,200
PR008279,2024-09-25,4,MC029,EMP0108,245,200
PR008280,2024-09-25,5,MC034,EMP0058,151,142
PR008281,2024-09-25,5,MC030,EMP0086,134,142
PR008282,2024-09-25,5,MC032,EMP0056,157,142
PR008283,2024-09-25,5,MC031,EMP0080,159,142
PR008284,2024-09-25,6,MC038,EMP0046,395,325
PR008285,2024-09-25,6,MC039,EMP0046,421,325
PR008286,2024-09-25,6,MC037,EMP0046,382,325
PR008287,2024-09-26,1,MC004,EMP0151,197,181
PR008288,2024-09-26,1,MC001,EMP0163,193,181
PR008289,2024-09-26,1,MC007,EMP0066,202,181
PR008290,2024-09-26,1,MC006,EMP0007,213,181
PR008291,2024-09-26,1,MC005,EMP0168,200,181
PR008292,2024-09-26,1,MC008,EMP0007,206,181
PR008293,2024-09-26,2,MC015,EMP0001,135,120
PR008294,2024-09-26,2,MC017,EMP0004,123,120
PR008295,2024-09-26,2,MC018,EMP0116,109,120
PR008296,2024-09-26,2,MC013,EMP0157,127,120
PR008297,2024-09-26,2,MC010,EMP0026,144,120
PR008298,2024-09-26,2,MC009,EMP0149,104,120
PR008299,2024-09-26,2,MC012,EMP0146,123,120
PR008300,2024-09-26,2,MC011,EMP0146,129,120
PR008301,2024-09-26,3,MC019,EMP0172,174,158
PR008302,2024-09-26,3,MC022,EMP0033,180,158
PR008303,2024-09-26,3,MC021,EMP0134,162,158
PR008304,2024-09-26,3,MC020,EMP0016,188,158
PR008305,2024-09-26,4,MC028,EMP0109,253,200
PR008306,2024-09-26,4,MC029,EMP0121,202,200
PR008307,2024-09-26,4,MC026,EMP0014,245,200
PR008308,2024-09-26,4,MC025,EMP0043,259,200
PR008309,2024-09-26,5,MC031,EMP0060,153,142
PR008310,2024-09-26,5,MC032,EMP0080,172,142
PR008311,2024-09-26,5,MC035,EMP0096,146,142
PR008312,2024-09-26,5,MC034,EMP0164,152,142
PR008313,2024-09-26,6,MC039,EMP0100,424,325
PR008314,2024-09-26,6,MC038,EMP0053,381,325
PR008315,2024-09-26,6,MC037,EMP0144,363,325
PR008316,2024-09-27,1,MC001,EMP0091,175,181
PR008317,2024-09-27,1,MC003,EMP0104,175,181
PR008318,2024-09-27,1,MC007,EMP0130,154,181
PR008319,2024-09-27,1,MC004,EMP0066,185,181
PR008320,2024-09-27,1,MC002,EMP0075,144,181
PR008321,2024-09-27,1,MC008,EMP0126,169,181
PR008322,2024-09-27,2,MC013,EMP0041,106,120
PR008323,2024-09-27,2,MC012,EMP0178,105,120
PR008324,2024-09-27,2,MC015,EMP0116,123,120
PR008325,2024-09-27,2,MC017,EMP0139,108,120
PR008326,2024-09-27,2,MC009,EMP0090,118,120
PR008327,2024-09-27,2,MC016,EMP0135,114,120
PR008328,2024-09-27,2,MC014,EMP0157,109,120
PR008329,2024-09-27,2,MC010,EMP0070,126,120
PR008330,2024-09-27,3,MC022,EMP0029,159,158
PR008331,2024-09-27,3,MC023,EMP0111,131,158
PR008332,2024-09-27,3,MC021,EMP0084,170,158
PR008333,2024-09-27,3,MC020,EMP0082,158,158
PR008334,2024-09-27,4,MC025,EMP0087,241,200
PR008335,2024-09-27,4,MC028,EMP0093,203,200
PR008336,2024-09-27,4,MC029,EMP0174,211,200
PR008337,2024-09-27,5,MC030,EMP0165,133,142
PR008338,2024-09-27,5,MC035,EMP0096,134,142
PR008339,2024-09-27,5,MC034,EMP0145,130,142
PR008340,2024-09-27,5,MC031,EMP0028,134,142
PR008341,2024-09-27,6,MC037,EMP0053,366,325
PR008342,2024-09-27,6,MC036,EMP0065,296,325
PR008343,2024-09-27,6,MC038,EMP0142,278,325
PR008344,2024-09-28,1,MC008,EMP0017,208,181
PR008345,2024-09-28,1,MC002,EMP0005,223,181
PR008346,2024-09-28,1,MC006,EMP0061,191,181
PR008347,2024-09-28,1,MC001,EMP0137,213,181
PR008348,2024-09-28,1,MC007,EMP0097,209,181
PR008349,2024-09-28,1,MC005,EMP0176,220,181
PR008350,2024-09-28,2,MC018,EMP0138,130,120
PR008351,2024-09-28,2,MC011,EMP0178,132,120
PR008352,2024-09-28,2,MC009,EMP0026,135,120
PR008353,2024-09-28,2,MC013,EMP0095,119,120
PR008354,2024-09-28,2,MC010,EMP0138,115,120
PR008355,2024-09-28,2,MC017,EMP0113,133,120
PR008356,2024-09-28,2,MC014,EMP0042,139,120
PR008357,2024-09-28,2,MC012,EMP0169,115,120
PR008358,2024-09-28,3,MC023,EMP0069,153,158
PR008359,2024-09-28,3,MC019,EMP0006,181,158
PR008360,2024-09-28,3,MC022,EMP0122,171,158
PR008361,2024-09-28,3,MC024,EMP0034,172,158
PR008362,2024-09-28,3,MC020,EMP0010,165,158
PR008363,2024-09-28,4,MC026,EMP0108,253,200
PR008364,2024-09-28,4,MC027,EMP0156,256,200
PR008365,2024-09-28,4,MC025,EMP0121,270,200
PR008366,2024-09-28,4,MC029,EMP0062,198,200
PR008367,2024-09-28,5,MC035,EMP0164,155,142
PR008368,2024-09-28,5,MC030,EMP0164,151,142
PR008369,2024-09-28,5,MC034,EMP0164,150,142
PR008370,2024-09-28,5,MC032,EMP0028,145,142
PR008371,2024-09-28,6,MC038,EMP0171,386,325
PR008372,2024-09-28,6,MC037,EMP0053,412,325
PR008373,2024-09-28,6,MC036,EMP0065,422,325
PR008374,2024-09-29,1,MC006,EMP0097,73,181
PR008375,2024-09-29,1,MC005,EMP0025,67,181
PR008376,2024-09-29,1,MC003,EMP0018,73,181
PR008377,2024-09-29,1,MC002,EMP0005,72,181
PR008378,2024-09-29,1,MC008,EMP0137,68,181
PR008379,2024-09-29,1,MC007,EMP0075,65,181
PR008380,2024-09-29,2,MC012,EMP0040,50,120
PR008381,2024-09-29,2,MC016,EMP0079,50,120
PR008382,2024-09-29,2,MC017,EMP0001,44,120
PR008383,2024-09-29,2,MC015,EMP0040,39,120
PR008384,2024-09-29,2,MC010,EMP0147,44,120
PR008385,2024-09-29,2,MC014,EMP0123,47,120
PR008386,2024-09-29,2,MC011,EMP0021,54,120
PR008387,2024-09-29,2,MC009,EMP0020,43,120
PR008388,2024-09-29,2,MC018,EMP0113,44,120
PR008389,2024-09-29,3,MC020,EMP0099,64,158
PR008390,2024-09-29,3,MC023,EMP0069,59,158
PR008391,2024-09-29,3,MC019,EMP0111,63,158
PR008392,2024-09-29,3,MC024,EMP0125,64,158
PR008393,2024-09-29,3,MC021,EMP0078,59,158
PR008394,2024-09-29,4,MC029,EMP0175,87,200
PR008395,2024-09-29,4,MC028,EMP0059,90,200
PR008396,2024-09-29,4,MC025,EMP0014,81,200
PR008397,2024-09-29,4,MC026,EMP0059,89,200
PR008398,2024-09-29,5,MC030,EMP0150,49,142
PR008399,2024-09-29,5,MC035,EMP0080,56,142
PR008400,2024-09-29,5,MC034,EMP0101,49,142
PR008401,2024-09-29,5,MC032,EMP0060,53,142
PR008402,2024-09-29,6,MC038,EMP0171,135,325
PR008403,2024-09-29,6,MC037,EMP0152,139,325
PR008404,2024-09-29,6,MC039,EMP0142,124,325
PR008405,2024-09-30,1,MC003,EMP0176,204,181
PR008406,2024-09-30,1,MC004,EMP0110,189,181
PR008407,2024-09-30,1,MC002,EMP0107,209,181
PR008408,2024-09-30,1,MC007,EMP0044,213,181
PR008409,2024-09-30,1,MC008,EMP0054,183,181
PR008410,2024-09-30,1,MC006,EMP0163,192,181
PR008411,2024-09-30,2,MC009,EMP0036,138,120
PR008412,2024-09-30,2,MC016,EMP0117,136,120
PR008413,2024-09-30,2,MC011,EMP0089,147,120
PR008414,2024-09-30,2,MC012,EMP0009,140,120
PR008415,2024-09-30,2,MC018,EMP0149,114,120
PR008416,2024-09-30,2,MC015,EMP0178,121,120
PR008417,2024-09-30,2,MC014,EMP0105,135,120
PR008418,2024-09-30,2,MC010,EMP0157,125,120
PR008419,2024-09-30,2,MC013,EMP0042,128,120
PR008420,2024-09-30,3,MC022,EMP0134,203,158
PR008421,2024-09-30,3,MC020,EMP0124,163,158
PR008422,2024-09-30,3,MC019,EMP0064,172,158
PR008423,2024-09-30,3,MC021,EMP0082,199,158
PR008424,2024-09-30,3,MC024,EMP0111,197,158
PR008425,2024-09-30,4,MC029,EMP0132,232,200
PR008426,2024-09-30,4,MC025,EMP0050,268,200
PR008427,2024-09-30,4,MC028,EMP0002,227,200
PR008428,2024-09-30,5,MC034,EMP0086,126,142
PR008429,2024-09-30,5,MC032,EMP0058,169,142
PR008430,2024-09-30,5,MC035,EMP0028,149,142
PR008431,2024-09-30,5,MC031,EMP0145,130,142
PR008432,2024-09-30,5,MC030,EMP0056,160,142
PR008433,2024-09-30,6,MC037,EMP0100,316,325
PR008434,2024-09-30,6,MC039,EMP0046,371,325
PR008435,2024-09-30,6,MC038,EMP0065,387,325
PR008436,2024-10-01,1,MC002,EMP0167,191,181
PR008437,2024-10-01,1,MC008,EMP0066,169,181
PR008438,2024-10-01,1,MC006,EMP0126,216,181
PR008439,2024-10-01,1,MC004,EMP0030,194,181
PR008440,2024-10-01,1,MC007,EMP0044,208,181
PR008441,2024-10-01,1,MC001,EMP0158,199,181
PR008442,2024-10-01,2,MC012,EMP0133,121,120
PR008443,2024-10-01,2,MC016,EMP0047,116,120
PR008444,2024-10-01,2,MC013,EMP0063,127,120
PR008445,2024-10-01,2,MC018,EMP0077,130,120
PR008446,2024-10-01,2,MC010,EMP0095,124,120
PR008447,2024-10-01,2,MC011,EMP0173,123,120
PR008448,2024-10-01,2,MC009,EMP0090,148,120
PR008449,2024-10-01,3,MC021,EMP0179,173,158
PR008450,2024-10-01,3,MC022,EMP0010,180,158
PR008451,2024-10-01,3,MC023,EMP0006,168,158
PR008452,2024-10-01,3,MC019,EMP0124,151,158
PR008453,2024-10-01,4,MC029,EMP0049,264,200
PR008454,2024-10-01,4,MC027,EMP0109,240,200
PR008455,2024-10-01,4,MC028,EMP0019,262,200
PR008456,2024-10-01,4,MC026,EMP0087,270,200
PR008457,2024-10-01,5,MC033,EMP0068,145,142
PR008458,2024-10-01,5,MC030,EMP0165,139,142
PR008459,2024-10-01,5,MC035,EMP0164,149,142
PR008460,2024-10-01,5,MC034,EMP0060,144,142
PR008461,2024-10-01,6,MC039,EMP0152,352,325
PR008462,2024-10-01,6,MC037,EMP0152,356,325
PR008463,2024-10-01,6,MC038,EMP0065,345,325
PR008464,2024-10-02,1,MC001,EMP0151,200,181
PR008465,2024-10-02,1,MC004,EMP0162,228,181
PR008466,2024-10-02,1,MC003,EMP0044,196,181
PR008467,2024-10-02,1,MC006,EMP0097,192,181
PR008468,2024-10-02,1,MC005,EMP0092,179,181
PR008469,2024-10-02,1,MC002,EMP0005,193,181
PR008470,2024-10-02,2,MC015,EMP0173,137,120
PR008471,2024-10-02,2,MC009,EMP0045,146,120
PR008472,2024-10-02,2,MC012,EMP0041,149,120
PR008473,2024-10-02,2,MC010,EMP0024,154,120
PR008474,2024-10-02,2,MC014,EMP0048,133,120
PR008475,2024-10-02,2,MC011,EMP0170,96,120
PR008476,2024-10-02,2,MC013,EMP0129,124,120
PR008477,2024-10-02,2,MC016,EMP0140,139,120
PR008478,2024-10-02,3,MC022,EMP0064,136,158
PR008479,2024-10-02,3,MC023,EMP0055,174,158
PR008480,2024-10-02,3,MC019,EMP0016,183,158
PR008481,2024-10-02,3,MC024,EMP0010,182,158
PR008482,2024-10-02,3,MC021,EMP0010,174,158
PR008483,2024-10-02,4,MC029,EMP0108,235,200
PR008484,2024-10-02,4,MC026,EMP0019,251,200
PR008485,2024-10-02,4,MC027,EMP0002,234,200
PR008486,2024-10-02,4,MC025,EMP0022,226,200
PR008487,2024-10-02,5,MC032,EMP0028,152,142
PR008488,2024-10-02,5,MC031,EMP0080,150,142
PR008489,2024-10-02,5,MC034,EMP0068,165,142
PR008490,2024-10-02,5,MC033,EMP0060,157,142
PR008491,2024-10-02,5,MC035,EMP0080,179,142
PR008492,2024-10-02,6,MC039,EMP0065,364,325
PR008493,2024-10-02,6,MC036,EMP0120,361,325
PR008494,2024-10-02,6,MC037,EMP0144,330,325
PR008495,2024-10-03,1,MC002,EMP0151,190,181
PR008496,2024-10-03,1,MC005,EMP0151,186,181
PR008497,2024-10-03,1,MC004,EMP0061,188,181
PR008498,2024-10-03,1,MC007,EMP0119,194,181
PR008499,2024-10-03,1,MC006,EMP0130,211,181
PR008500,2024-10-03,1,MC008,EMP0037,201,181
PR008501,2024-10-03,2,MC012,EMP0009,147,120
PR008502,2024-10-03,2,MC010,EMP0035,143,120
PR008503,2024-10-03,2,MC009,EMP0067,141,120
PR008504,2024-10-03,2,MC016,EMP0040,154,120
PR008505,2024-10-03,2,MC011,EMP0123,136,120
PR008506,2024-10-03,2,MC018,EMP0020,134,120
PR008507,2024-10-03,2,MC017,EMP0083,127,120
PR008508,2024-10-03,3,MC024,EMP0006,161,158
PR008509,2024-10-03,3,MC019,EMP0016,179,158
PR008510,2024-10-03,3,MC021,EMP0013,172,158
PR008511,2024-10-03,3,MC022,EMP0064,176,158
PR008512,2024-10-03,4,MC027,EMP0156,216,200
PR008513,2024-10-03,4,MC028,EMP0014,247,200
PR008514,2024-10-03,4,MC026,EMP0174,276,200
PR008515,2024-10-03,4,MC029,EMP0108,269,200
PR008516,2024-10-03,5,MC035,EMP0056,137,142
PR008517,2024-10-03,5,MC031,EMP0150,163,142
PR008518,2024-10-03,5,MC033,EMP0165,152,142
PR008519,2024-10-03,5,MC030,EMP0145,144,142
PR008520,2024-10-03,6,MC036,EMP0155,385,325
PR008521,2024-10-03,6,MC038,EMP0155,377,325
PR008522,2024-10-03,6,MC037,EMP0171,367,325
PR008523,2024-10-04,1,MC003,EMP0017,170,181
PR008524,2024-10-04,1,MC004,EMP0107,192,181
PR008525,2024-10-04,1,MC006,EMP0061,155,181
PR008526,2024-10-04,1,MC007,EMP0008,187,181
PR008527,2024-10-04,1,MC002,EMP0107,187,181
PR008528,2024-10-04,1,MC005,EMP0097,171,181
PR008529,2024-10-04,2,MC018,EMP0129,103,120
PR008530,2024-10-04,2,MC017,EMP0090,120,120
PR008531,2024-10-04,2,MC010,EMP0012,108,120
PR008532,2024-10-04,2,MC011,EMP0178,121,120
PR008533,2024-10-04,2,MC016,EMP0077,110,120
PR008534,2024-10-04,2,MC009,EMP0077,121,120
PR008535,2024-10-04,2,MC015,EMP0047,130,120
PR008536,2024-10-04,2,MC013,EMP0147,116,120
PR008537,2024-10-04,3,MC022,EMP0006,141,158
PR008538,2024-10-04,3,MC020,EMP0180,152,158
PR008539,2024-10-04,3,MC023,EMP0172,148,158
PR008540,2024-10-04,3,MC019,EMP0180,138,158
PR008541,2024-10-04,3,MC024,EMP0122,137,158
PR008542,2024-10-04,4,MC026,EMP0062,210,200
PR008543,2024-10-04,4,MC025,EMP0109,167,200
PR008544,2024-10-04,4,MC028,EMP0019,188,200
PR008545,2024-10-04,5,MC032,EMP0086,135,142
PR008546,2024-10-04,5,MC030,EMP0056,127,142
PR008547,2024-10-04,5,MC034,EMP0068,113,142
PR008548,2024-10-04,5,MC035,EMP0150,137,142
PR008549,2024-10-04,5,MC033,EMP0028,131,142
PR008550,2024-10-04,6,MC037,EMP0065,306,325
PR008551,2024-10-04,6,MC038,EMP0171,333,325
PR008552,2024-10-04,6,MC039,EMP0046,317,325
PR008553,2024-10-05,1,MC003,EMP0166,194,181
PR008554,2024-10-05,1,MC005,EMP0044,198,181
PR008555,2024-10-05,1,MC002,EMP0052,212,181
PR008556,2024-10-05,1,MC004,EMP0118,204,181
PR008557,2024-10-05,1,MC001,EMP0102,197,181
PR008558,2024-10-05,1,MC006,EMP0168,208,181
PR008559,2024-10-05,2,MC010,EMP0103,144,120
PR008560,2024-10-05,2,MC018,EMP0048,136,120
PR008561,2024-10-05,2,MC012,EMP0009,114,120
PR008562,2024-10-05,2,MC015,EMP0135,156,120
PR008563,2024-10-05,2,MC013,EMP0021,119,120
PR008564,2024-10-05,2,MC011,EMP0115,139,120
PR008565,2024-10-05,2,MC014,EMP0128,129,120
PR008566,2024-10-05,2,MC009,EMP0041,146,120
PR008567,2024-10-05,2,MC017,EMP0116,127,120
PR008568,2024-10-05,3,MC021,EMP0099,176,158
PR008569,2024-10-05,3,MC023,EMP0055,176,158
PR008570,2024-10-05,3,MC024,EMP0122,170,158
PR008571,2024-10-05,3,MC020,EMP0013,178,158
PR008572,2024-10-05,3,MC022,EMP0172,192,158
PR008573,2024-10-05,4,MC028,EMP0175,258,200
PR008574,2024-10-05,4,MC029,EMP0174,246,200
PR008575,2024-10-05,4,MC026,EMP0153,220,200
PR008576,2024-10-05,4,MC027,EMP0153,235,200
PR008577,2024-10-05,5,MC033,EMP0028,178,142
PR008578,2024-10-05,5,MC030,EMP0096,156,142
PR008579,2024-10-05,5,MC032,EMP0165,147,142
PR008580,2024-10-05,5,MC034,EMP0056,155,142
PR008581,2024-10-05,6,MC039,EMP0155,336,325
PR008582,2024-10-05,6,MC038,EMP0100,340,325
PR008583,2024-10-05,6,MC037,EMP0046,368,325
PR008584,2024-10-06,1,MC008,EMP0005,62,181
PR008585,2024-10-06,1,MC002,EMP0141,75,181
PR008586,2024-10-06,1,MC004,EMP0167,71,181
PR008587,2024-10-06,1,MC006,EMP0075,65,181
PR008588,2024-10-06,1,MC003,EMP0104,64,181
PR008589,2024-10-06,1,MC001,EMP0025,61,181
PR008590,2024-10-06,2,MC013,EMP0115,44,120
PR008591,2024-10-06,2,MC009,EMP0077,50,120
PR008592,2024-10-06,2,MC012,EMP0098,50,120
PR008593,2024-10-06,2,MC017,EMP0063,43,120
PR008594,2024-10-06,2,MC016,EMP0116,52,120
PR008595,2024-10-06,2,MC015,EMP0140,47,120
PR008596,2024-10-06,2,MC010,EMP0079,44,120
PR008597,2024-10-06,2,MC014,EMP0042,49,120
PR008598,2024-10-06,3,MC023,EMP0055,61,158
PR008599,2024-10-06,3,MC024,EMP0055,57,158
PR008600,2024-10-06,3,MC020,EMP0082,63,158
PR008601,2024-10-06,3,MC022,EMP0082,65,158
PR008602,2024-10-06,3,MC019,EMP0122,62,158
PR008603,2024-10-06,4,MC028,EMP0002,88,200
PR008604,2024-10-06,4,MC026,EMP0131,98,200
PR008605,2024-10-06,4,MC027,EMP0014,89,200
PR008606,2024-10-06,4,MC025,EMP0014,85,200
PR008607,2024-10-06,5,MC030,EMP0058,56,142
PR008608,2024-10-06,5,MC034,EMP0056,52,142
PR008609,2024-10-06,5,MC033,EMP0080,55,142
PR008610,2024-10-06,5,MC032,EMP0164,52,142
PR008611,2024-10-06,6,MC038,EMP0142,130,325
PR008612,2024-10-06,6,MC037,EMP0171,145,325
PR008613,2024-10-06,6,MC039,EMP0152,126,325
PR008614,2024-10-07,1,MC001,EMP0118,199,181
PR008615,2024-10-07,1,MC005,EMP0008,204,181
PR008616,2024-10-07,1,MC003,EMP0017,194,181
PR008617,2024-10-07,1,MC008,EMP0017,224,181
PR008618,2024-10-07,1,MC004,EMP0160,204,181
PR008619,2024-10-07,1,MC002,EMP0094,202,181
PR008620,2024-10-07,1,MC006,EMP0137,193,181
PR008621,2024-10-07,2,MC013,EMP0040,151,120
PR008622,2024-10-07,2,MC018,EMP0106,147,120
PR008623,2024-10-07,2,MC017,EMP0113,150,120
PR008624,2024-10-07,2,MC010,EMP0129,142,120
PR008625,2024-10-07,2,MC009,EMP0138,128,120
PR008626,2024-10-07,2,MC012,EMP0139,129,120
PR008627,2024-10-07,2,MC016,EMP0139,127,120
PR008628,2024-10-07,2,MC015,EMP0169,128,120
PR008629,2024-10-07,2,MC014,EMP0015,138,120
PR008630,2024-10-07,3,MC022,EMP0064,178,158
PR008631,2024-10-07,3,MC021,EMP0078,160,158
PR008632,2024-10-07,3,MC023,EMP0134,175,158
PR008633,2024-10-07,3,MC020,EMP0034,190,158
PR008634,2024-10-07,3,MC019,EMP0180,170,158
PR008635,2024-10-07,4,MC027,EMP0093,238,200
PR008636,2024-10-07,4,MC025,EMP0132,228,200
PR008637,2024-10-07,4,MC026,EMP0132,260,200
PR008638,2024-10-07,4,MC028,EMP0050,250,200
PR008639,2024-10-07,5,MC032,EMP0068,166,142
PR008640,2024-10-07,5,MC035,EMP0165,193,142
PR008641,2024-10-07,5,MC031,EMP0165,151,142
PR008642,2024-10-07,5,MC034,EMP0060,154,142
PR008643,2024-10-07,5,MC033,EMP0101,143,142
PR008644,2024-10-07,6,MC037,EMP0155,353,325
PR008645,2024-10-07,6,MC036,EMP0152,415,325
PR008646,2024-10-07,6,MC038,EMP0085,372,325
PR008647,2024-10-08,1,MC007,EMP0075,212,181
PR008648,2024-10-08,1,MC005,EMP0097,216,181
PR008649,2024-10-08,1,MC004,EMP0061,205,181
PR008650,2024-10-08,1,MC003,EMP0162,225,181
PR008651,2024-10-08,1,MC001,EMP0092,195,181
PR008652,2024-10-08,1,MC006,EMP0118,185,181
PR008653,2024-10-08,2,MC013,EMP0074,149,120
PR008654,2024-10-08,2,MC012,EMP0149,135,120
PR008655,2024-10-08,2,MC010,EMP0040,140,120
PR008656,2024-10-08,2,MC018,EMP0128,110,120
PR008657,2024-10-08,2,MC014,EMP0070,121,120
PR008658,2024-10-08,2,MC017,EMP0001,140,120
PR008659,2024-10-08,2,MC016,EMP0115,126,120
PR008660,2024-10-08,2,MC015,EMP0048,118,120
PR008661,2024-10-08,2,MC009,EMP0138,136,120
PR008662,2024-10-08,3,MC022,EMP0136,183,158
PR008663,2024-10-08,3,MC021,EMP0136,168,158
PR008664,2024-10-08,3,MC024,EMP0055,184,158
PR008665,2024-10-08,3,MC023,EMP0078,180,158
PR008666,2024-10-08,4,MC029,EMP0108,246,200
PR008667,2024-10-08,4,MC028,EMP0071,234,200
PR008668,2024-10-08,4,MC027,EMP0175,247,200
PR008669,2024-10-08,4,MC025,EMP0131,264,200
PR008670,2024-10-08,5,MC031,EMP0164,140,142
PR008671,2024-10-08,5,MC032,EMP0096,153,142
PR008672,2024-10-08,5,MC033,EMP0165,143,142
PR008673,2024-10-08,5,MC030,EMP0028,152,142
PR008674,2024-10-08,5,MC034,EMP0086,138,142
PR008675,2024-10-08,6,MC038,EMP0085,367,325
PR008676,2024-10-08,6,MC036,EMP0144,420,325
PR008677,2024-10-08,6,MC039,EMP0120,373,325
PR008678,2024-10-09,1,MC002,EMP0167,229,181
PR008679,2024-10-09,1,MC003,EMP0094,176,181
PR008680,2024-10-09,1,MC004,EMP0038,203,181
PR008681,2024-10-09,1,MC005,EMP0088,185,181
PR008682,2024-10-09,1,MC006,EMP0025,171,181
PR008683,2024-10-09,1,MC007,EMP0072,190,181
PR008684,2024-10-09,2,MC018,EMP0148,131,120
PR008685,2024-10-09,2,MC012,EMP0070,122,120
PR008686,2024-10-09,2,MC010,EMP0157,146,120
PR008687,2024-10-09,2,MC015,EMP0090,138,120
PR008688,2024-10-09,2,MC013,EMP0063,146,120
PR008689,2024-10-09,2,MC016,EMP0105,134,120
PR008690,2024-10-09,2,MC009,EMP0135,119,120
PR008691,2024-10-09,3,MC024,EMP0084,164,158
PR008692,2024-10-09,3,MC019,EMP0136,181,158
PR008693,2024-10-09,3,MC023,EMP0034,160,158
PR008694,2024-10-09,3,MC020,EMP0033,183,158
PR008695,2024-10-09,4,MC025,EMP0108,249,200
PR008696,2024-10-09,4,MC029,EMP0087,266,200
PR008697,2024-10-09,4,MC027,EMP0071,248,200
PR008698,2024-10-09,4,MC026,EMP0132,244,200
PR008699,2024-10-09,5,MC030,EMP0101,138,142
PR008700,2024-10-09,5,MC032,EMP0080,162,142
PR008701,2024-10-09,5,MC033,EMP0028,109,142
PR008702,2024-10-09,5,MC031,EMP0096,148,142
PR008703,2024-10-09,5,MC034,EMP0150,137,142
PR008704,2024-10-09,6,MC036,EMP0053,366,325
PR008705,2024-10-09,6,MC037,EMP0120,340,325
PR008706,2024-10-09,6,MC038,EMP0100,388,325
PR008707,2024-10-10,1,MC008,EMP0168,201,181
PR008708,2024-10-10,1,MC003,EMP0141,175,181
PR008709,2024-10-10,1,MC001,EMP0112,192,181
PR008710,2024-10-10,1,MC002,EMP0176,236,181
PR008711,2024-10-10,1,MC004,EMP0038,232,181
PR008712,2024-10-10,1,MC005,EMP0008,202,181
PR008713,2024-10-10,1,MC007,EMP0168,171,181
PR008714,2024-10-10,2,MC010,EMP0133,134,120
PR008715,2024-10-10,2,MC017,EMP0116,153,120
PR008716,2024-10-10,2,MC013,EMP0009,136,120
PR008717,2024-10-10,2,MC015,EMP0031,140,120
PR008718,2024-10-10,2,MC018,EMP0117,130,120
PR008719,2024-10-10,2,MC009,EMP0051,142,120
PR008720,2024-10-10,2,MC016,EMP0095,141,120
PR008721,2024-10-10,2,MC014,EMP0147,111,120
PR008722,2024-10-10,2,MC011,EMP0026,136,120
PR008723,2024-10-10,3,MC022,EMP0143,164,158
PR008724,2024-10-10,3,MC023,EMP0033,179,158
PR008725,2024-10-10,3,MC021,EMP0099,152,158
PR008726,2024-10-10,3,MC024,EMP0034,153,158
PR008727,2024-10-10,4,MC028,EMP0175,248,200
PR008728,2024-10-10,4,MC026,EMP0087,235,200
PR008729,2024-10-10,4,MC029,EMP0019,233,200
PR008730,2024-10-10,4,MC025,EMP0108,237,200
PR008731,2024-10-10,5,MC030,EMP0028,154,142
PR008732,2024-10-10,5,MC032,EMP0165,156,142
PR008733,2024-10-10,5,MC033,EMP0096,150,142
PR008734,2024-10-10,5,MC034,EMP0058,147,142
PR008735,2024-10-10,5,MC031,EMP0028,151,142
PR008736,2024-10-10,6,MC037,EMP0085,372,325
PR008737,2024-10-10,6,MC036,EMP0155,352,325
PR008738,2024-10-10,6,MC039,EMP0053,349,325
PR008739,2024-10-11,1,MC004,EMP0037,163,181
PR008740,2024-10-11,1,MC005,EMP0107,153,181
PR008741,2024-10-11,1,MC001,EMP0151,154,181
PR008742,2024-10-11,1,MC006,EMP0160,184,181
PR008743,2024-10-11,1,MC002,EMP0119,157,181
PR008744,2024-10-11,1,MC007,EMP0141,204,181
PR008745,2024-10-11,1,MC003,EMP0176,181,181
PR008746,2024-10-11,2,MC016,EMP0140,119,120
PR008747,2024-10-11,2,MC017,EMP0115,118,120
PR008748,2024-10-11,2,MC015,EMP0026,107,120
PR008749,2024-10-11,2,MC012,EMP0083,99,120
PR008750,2024-10-11,2,MC009,EMP0041,115,120
PR008751,2024-10-11,2,MC013,EMP0173,103,120
PR008752,2024-10-11,2,MC010,EMP0170,108,120
PR008753,2024-10-11,2,MC018,EMP0090,114,120
PR008754,2024-10-11,2,MC014,EMP0095,121,120
PR008755,2024-10-11,3,MC022,EMP0134,168,158
PR008756,2024-10-11,3,MC024,EMP0124,153,158
PR008757,2024-10-11,3,MC019,EMP0034,158,158
PR008758,2024-10-11,3,MC020,EMP0010,129,158
PR008759,2024-10-11,4,MC026,EMP0156,166,200
PR008760,2024-10-11,4,MC025,EMP0071,218,200
PR008761,2024-10-11,4,MC027,EMP0153,218,200
PR008762,2024-10-11,4,MC028,EMP0011,150,200
PR008763,2024-10-11,5,MC030,EMP0056,118,142
PR008764,2024-10-11,5,MC032,EMP0086,112,142
PR008765,2024-10-11,5,MC031,EMP0096,127,142
PR008766,2024-10-11,5,MC034,EMP0145,134,142
PR008767,2024-10-11,5,MC035,EMP0096,142,142
PR008768,2024-10-11,6,MC036,EMP0100,331,325
PR008769,2024-10-11,6,MC038,EMP0142,283,325
PR008770,2024-10-11,6,MC039,EMP0152,296,325
PR008771,2024-10-12,1,MC006,EMP0066,199,181
PR008772,2024-10-12,1,MC004,EMP0073,197,181
PR008773,2024-10-12,1,MC007,EMP0072,189,181
PR008774,2024-10-12,1,MC008,EMP0130,200,181
PR008775,2024-10-12,1,MC001,EMP0052,190,181
PR008776,2024-10-12,1,MC005,EMP0073,175,181
PR008777,2024-10-12,2,MC013,EMP0027,157,120
PR008778,2024-10-12,2,MC018,EMP0063,128,120
PR008779,2024-10-12,2,MC015,EMP0105,130,120
PR008780,2024-10-12,2,MC011,EMP0045,132,120
PR008781,2024-10-12,2,MC009,EMP0020,138,120
PR008782,2024-10-12,2,MC010,EMP0157,121,120
PR008783,2024-10-12,2,MC014,EMP0045,137,120
PR008784,2024-10-12,2,MC017,EMP0041,133,120
PR008785,2024-10-12,3,MC020,EMP0006,151,158
PR008786,2024-10-12,3,MC019,EMP0016,146,158
PR008787,2024-10-12,3,MC021,EMP0029,176,158
PR008788,2024-10-12,3,MC023,EMP0159,175,158
PR008789,2024-10-12,4,MC029,EMP0087,260,200
PR008790,2024-10-12,4,MC025,EMP0121,248,200
PR008791,2024-10-12,4,MC028,EMP0093,277,200
PR008792,2024-10-12,4,MC027,EMP0087,241,200
PR008793,2024-10-12,5,MC032,EMP0003,148,142
PR008794,2024-10-12,5,MC035,EMP0060,143,142
PR008795,2024-10-12,5,MC031,EMP0080,166,142
PR008796,2024-10-12,5,MC030,EMP0164,149,142
PR008797,2024-10-12,5,MC034,EMP0164,153,142
PR008798,2024-10-12,6,MC038,EMP0120,401,325
PR008799,2024-10-12,6,MC039,EMP0100,380,325
PR008800,2024-10-12,6,MC036,EMP0046,399,325
PR008801,2024-10-13,1,MC005,EMP0161,63,181
PR008802,2024-10-13,1,MC004,EMP0151,81,181
PR008803,2024-10-13,1,MC002,EMP0110,72,181
PR008804,2024-10-13,1,MC001,EMP0057,69,181
PR008805,2024-10-13,1,MC006,EMP0091,67,181
PR008806,2024-10-13,1,MC008,EMP0163,72,181
PR008807,2024-10-13,2,MC010,EMP0020,40,120
PR008808,2024-10-13,2,MC017,EMP0045,45,120
PR008809,2024-10-13,2,MC016,EMP0047,50,120
PR008810,2024-10-13,2,MC011,EMP0098,44,120
PR008811,2024-10-13,2,MC014,EMP0045,47,120
PR008812,2024-10-13,2,MC015,EMP0095,37,120
PR008813,2024-10-13,2,MC018,EMP0146,53,120
PR008814,2024-10-13,2,MC012,EMP0178,50,120
PR008815,2024-10-13,3,MC020,EMP0034,62,158
PR008816,2024-10-13,3,MC022,EMP0124,68,158
PR008817,2024-10-13,3,MC021,EMP0124,59,158
PR008818,2024-10-13,3,MC023,EMP0122,57,158
PR008819,2024-10-13,3,MC024,EMP0033,60,158
PR008820,2024-10-13,4,MC026,EMP0127,88,200
PR008821,2024-10-13,4,MC029,EMP0043,83,200
PR008822,2024-10-13,4,MC027,EMP0014,68,200
PR008823,2024-10-13,4,MC028,EMP0019,84,200
PR008824,2024-10-13,5,MC032,EMP0058,53,142
PR008825,2024-10-13,5,MC033,EMP0086,54,142
PR008826,2024-10-13,5,MC031,EMP0028,57,142
PR008827,2024-10-13,5,MC030,EMP0096,56,142
PR008828,2024-10-13,5,MC034,EMP0080,51,142
PR008829,2024-10-13,6,MC036,EMP0065,135,325
PR008830,2024-10-13,6,MC037,EMP0142,129,325
PR008831,2024-10-13,6,MC038,EMP0046,141,325
PR008832,2024-10-14,1,MC005,EMP0118,187,181
PR008833,2024-10-14,1,MC007,EMP0057,211,181
PR008834,2024-10-14,1,MC004,EMP0025,216,181
PR008835,2024-10-14,1,MC008,EMP0104,190,181
PR008836,2024-10-14,1,MC001,EMP0112,208,181
PR008837,2024-10-14,1,MC006,EMP0072,198,181
PR008838,2024-10-14,1,MC002,EMP0038,194,181
PR008839,2024-10-14,2,MC016,EMP0042,111,120
PR008840,2024-10-14,2,MC009,EMP0045,121,120
PR008841,2024-10-14,2,MC017,EMP0083,129,120
PR008842,2024-10-14,2,MC013,EMP0157,137,120
PR008843,2024-10-14,2,MC011,EMP0015,131,120
PR008844,2024-10-14,2,MC012,EMP0103,132,120
PR008845,2024-10-14,2,MC018,EMP0047,128,120
PR008846,2024-10-14,2,MC015,EMP0067,127,120
PR008847,2024-10-14,3,MC020,EMP0034,151,158
PR008848,2024-10-14,3,MC022,EMP0010,156,158
PR008849,2024-10-14,3,MC021,EMP0039,193,158
PR008850,2024-10-14,3,MC024,EMP0078,174,158
PR008851,2024-10-14,3,MC019,EMP0122,186,158
PR008852,2024-10-14,4,MC029,EMP0132,231,200
PR008853,2024-10-14,4,MC028,EMP0002,207,200
PR008854,2024-10-14,4,MC026,EMP0175,258,200
PR008855,2024-10-14,5,MC031,EMP0164,162,142
PR008856,2024-10-14,5,MC030,EMP0101,182,142
PR008857,2024-10-14,5,MC032,EMP0028,153,142
PR008858,2024-10-14,5,MC035,EMP0056,144,142
PR008859,2024-10-14,6,MC039,EMP0100,348,325
PR008860,2024-10-14,6,MC038,EMP0085,350,325
PR008861,2024-10-14,6,MC036,EMP0065,375,325
PR008862,2024-10-15,1,MC001,EMP0177,182,181
PR008863,2024-10-15,1,MC002,EMP0032,186,181
PR008864,2024-10-15,1,MC006,EMP0025,209,181
PR008865,2024-10-15,1,MC003,EMP0072,230,181
PR008866,2024-10-15,1,MC007,EMP0119,195,181
PR008867,2024-10-15,1,MC008,EMP0030,193,181
PR008868,2024-10-15,2,MC011,EMP0027,137,120
PR008869,2024-10-15,2,MC016,EMP0012,123,120
PR008870,2024-10-15,2,MC010,EMP0129,133,120
PR008871,2024-10-15,2,MC012,EMP0139,109,120
PR008872,2024-10-15,2,MC018,EMP0079,135,120
PR008873,2024-10-15,2,MC015,EMP0138,150,120
PR008874,2024-10-15,2,MC009,EMP0081,152,120
PR008875,2024-10-15,2,MC014,EMP0106,125,120
PR008876,2024-10-15,3,MC021,EMP0010,169,158
PR008877,2024-10-15,3,MC023,EMP0179,157,158
PR008878,2024-10-15,3,MC024,EMP0013,185,158
PR008879,2024-10-15,3,MC020,EMP0143,193,158
PR008880,2024-10-15,3,MC019,EMP0122,203,158
PR008881,2024-10-15,4,MC025,EMP0132,248,200
PR008882,2024-10-15,4,MC027,EMP0121,180,200
PR008883,2024-10-15,4,MC026,EMP0156,234,200
PR008884,2024-10-15,4,MC028,EMP0109,228,200
PR008885,2024-10-15,5,MC031,EMP0165,165,142
PR008886,2024-10-15,5,MC032,EMP0058,149,142
PR008887,2024-10-15,5,MC030,EMP0058,175,142
PR008888,2024-10-15,5,MC033,EMP0145,157,142
PR008889,2024-10-15,6,MC037,EMP0046,406,325
PR008890,2024-10-15,6,MC039,EMP0171,359,325
PR008891,2024-10-15,6,MC038,EMP0144,401,325
PR008892,2024-10-16,1,MC003,EMP0176,179,181
PR008893,2024-10-16,1,MC007,EMP0163,219,181
PR008894,2024-10-16,1,MC004,EMP0088,209,181
PR008895,2024-10-16,1,MC001,EMP0163,207,181
PR008896,2024-10-16,1,MC006,EMP0160,181,181
PR008897,2024-10-16,1,MC002,EMP0008,211,181
PR008898,2024-10-16,1,MC005,EMP0167,202,181
PR008899,2024-10-16,2,MC016,EMP0079,125,120
PR008900,2024-10-16,2,MC014,EMP0070,138,120
PR008901,2024-10-16,2,MC017,EMP0067,131,120
PR008902,2024-10-16,2,MC018,EMP0129,133,120
PR008903,2024-10-16,2,MC011,EMP0114,112,120
PR008904,2024-10-16,2,MC009,EMP0146,148,120
PR008905,2024-10-16,2,MC015,EMP0178,133,120
PR008906,2024-10-16,3,MC023,EMP0136,191,158
PR008907,2024-10-16,3,MC020,EMP0136,172,158
PR008908,2024-10-16,3,MC019,EMP0034,162,158
PR008909,2024-10-16,3,MC022,EMP0125,187,158
PR008910,2024-10-16,3,MC024,EMP0111,143,158
PR008911,2024-10-16,4,MC027,EMP0127,261,200
PR008912,2024-10-16,4,MC025,EMP0127,261,200
PR008913,2024-10-16,4,MC029,EMP0002,229,200
PR008914,2024-10-16,5,MC033,EMP0056,154,142
PR008915,2024-10-16,5,MC032,EMP0080,127,142
PR008916,2024-10-16,5,MC030,EMP0028,154,142
PR008917,2024-10-16,5,MC031,EMP0086,151,142
PR008918,2024-10-16,6,MC037,EMP0046,407,325
PR008919,2024-10-16,6,MC039,EMP0152,391,325
PR008920,2024-10-16,6,MC036,EMP0120,313,325
PR008921,2024-10-17,1,MC001,EMP0073,191,181
PR008922,2024-10-17,1,MC006,EMP0137,173,181
PR008923,2024-10-17,1,MC003,EMP0137,195,181
PR008924,2024-10-17,1,MC005,EMP0066,201,181
PR008925,2024-10-17,1,MC002,EMP0054,219,181
PR008926,2024-10-17,1,MC008,EMP0018,176,181
PR008927,2024-10-17,1,MC004,EMP0030,189,181
PR008928,2024-10-17,2,MC013,EMP0074,125,120
PR008929,2024-10-17,2,MC012,EMP0098,121,120
PR008930,2024-10-17,2,MC009,EMP0090,135,120
PR008931,2024-10-17,2,MC011,EMP0157,147,120
PR008932,2024-10-17,2,MC010,EMP0113,152,120
PR008933,2024-10-17,2,MC018,EMP0089,128,120
PR008934,2024-10-17,2,MC014,EMP0074,120,120
PR008935,2024-10-17,2,MC015,EMP0081,129,120
PR008936,2024-10-17,2,MC017,EMP0070,152,120
PR008937,2024-10-17,3,MC024,EMP0016,182,158
PR008938,2024-10-17,3,MC020,EMP0029,177,158
PR008939,2024-10-17,3,MC021,EMP0069,162,158
PR008940,2024-10-17,3,MC023,EMP0143,184,158
PR008941,2024-10-17,3,MC022,EMP0055,158,158
PR008942,2024-10-17,4,MC029,EMP0071,246,200
PR008943,2024-10-17,4,MC028,EMP0059,227,200
PR008944,2024-10-17,4,MC027,EMP0062,244,200
PR008945,2024-10-17,4,MC026,EMP0154,247,200
PR008946,2024-10-17,5,MC030,EMP0145,122,142
PR008947,2024-10-17,5,MC033,EMP0068,157,142
PR008948,2024-10-17,5,MC031,EMP0058,157,142
PR008949,2024-10-17,5,MC032,EMP0164,154,142
PR008950,2024-10-17,6,MC037,EMP0144,412,325
PR008951,2024-10-17,6,MC036,EMP0155,352,325
PR008952,2024-10-17,6,MC038,EMP0142,368,325
PR008953,2024-10-18,1,MC001,EMP0018,195,181
PR008954,2024-10-18,1,MC002,EMP0088,184,181
PR008955,2024-10-18,1,MC004,EMP0073,185,181
PR008956,2024-10-18,1,MC006,EMP0007,159,181
PR008957,2024-10-18,1,MC007,EMP0007,180,181
PR008958,2024-10-18,1,MC003,EMP0018,167,181
PR008959,2024-10-18,2,MC012,EMP0146,108,120
PR008960,2024-10-18,2,MC013,EMP0113,112,120
PR008961,2024-10-18,2,MC017,EMP0115,128,120
PR008962,2024-10-18,2,MC014,EMP0148,101,120
PR008963,2024-10-18,2,MC018,EMP0117,125,120
PR008964,2024-10-18,2,MC009,EMP0089,106,120
PR008965,2024-10-18,2,MC010,EMP0012,110,120
PR008966,2024-10-18,2,MC011,EMP0117,115,120
PR008967,2024-10-18,2,MC016,EMP0095,107,120
PR008968,2024-10-18,3,MC021,EMP0010,158,158
PR008969,2024-10-18,3,MC020,EMP0039,166,158
PR008970,2024-10-18,3,MC022,EMP0029,145,158
PR008971,2024-10-18,3,MC019,EMP0124,156,158
PR008972,2024-10-18,3,MC023,EMP0034,156,158
PR008973,2024-10-18,4,MC026,EMP0127,215,200
PR008974,2024-10-18,4,MC029,EMP0014,193,200
PR008975,2024-10-18,4,MC025,EMP0131,214,200
PR008976,2024-10-18,5,MC032,EMP0086,115,142
PR008977,2024-10-18,5,MC035,EMP0068,138,142
PR008978,2024-10-18,5,MC031,EMP0056,127,142
PR008979,2024-10-18,5,MC030,EMP0028,138,142
PR008980,2024-10-18,5,MC033,EMP0096,141,142
PR008981,2024-10-18,6,MC036,EMP0171,299,325
PR008982,2024-10-18,6,MC038,EMP0100,299,325
PR008983,2024-10-18,6,MC037,EMP0065,330,325
PR008984,2024-10-19,1,MC008,EMP0044,192,181
PR008985,2024-10-19,1,MC005,EMP0158,204,181
PR008986,2024-10-19,1,MC004,EMP0176,198,181
PR008987,2024-10-19,1,MC003,EMP0066,199,181
PR008988,2024-10-19,1,MC002,EMP0037,199,181
PR008989,2024-10-19,1,MC006,EMP0141,206,181
PR008990,2024-10-19,2,MC013,EMP0146,124,120
PR008991,2024-10-19,2,MC014,EMP0026,136,120
PR008992,2024-10-19,2,MC015,EMP0114,155,120
PR008993,2024-10-19,2,MC012,EMP0123,122,120
PR008994,2024-10-19,2,MC017,EMP0076,152,120
PR008995,2024-10-19,2,MC011,EMP0031,134,120
PR008996,2024-10-19,2,MC010,EMP0117,126,120
PR008997,2024-10-19,2,MC016,EMP0004,128,120
PR008998,2024-10-19,3,MC019,EMP0172,198,158
PR008999,2024-10-19,3,MC021,EMP0069,166,158
PR009000,2024-10-19,3,MC022,EMP0082,169,158
PR009001,2024-10-19,3,MC023,EMP0069,163,158
PR009002,2024-10-19,3,MC020,EMP0010,182,158
PR009003,2024-10-19,4,MC026,EMP0023,257,200
PR009004,2024-10-19,4,MC028,EMP0153,243,200
PR009005,2024-10-19,4,MC027,EMP0174,219,200
PR009006,2024-10-19,4,MC029,EMP0108,247,200
PR009007,2024-10-19,5,MC034,EMP0101,162,142
PR009008,2024-10-19,5,MC032,EMP0145,174,142
PR009009,2024-10-19,5,MC031,EMP0028,150,142
PR009010,2024-10-19,5,MC030,EMP0164,137,142
PR009011,2024-10-19,5,MC033,EMP0003,132,142
PR009012,2024-10-19,6,MC036,EMP0085,378,325
PR009013,2024-10-19,6,MC038,EMP0171,340,325
PR009014,2024-10-19,6,MC039,EMP0152,373,325
PR009015,2024-10-20,1,MC003,EMP0162,66,181
PR009016,2024-10-20,1,MC006,EMP0075,73,181
PR009017,2024-10-20,1,MC007,EMP0072,72,181
PR009018,2024-10-20,1,MC001,EMP0057,80,181
PR009019,2024-10-20,1,MC002,EMP0177,74,181
PR009020,2024-10-20,1,MC008,EMP0151,69,181
PR009021,2024-10-20,2,MC012,EMP0041,45,120
PR009022,2024-10-20,2,MC018,EMP0004,42,120
PR009023,2024-10-20,2,MC013,EMP0170,45,120
PR009024,2024-10-20,2,MC017,EMP0031,44,120
PR009025,2024-10-20,2,MC010,EMP0139,50,120
PR009026,2024-10-20,2,MC015,EMP0133,50,120
PR009027,2024-10-20,2,MC014,EMP0079,47,120
PR009028,2024-10-20,3,MC023,EMP0111,61,158
PR009029,2024-10-20,3,MC020,EMP0143,56,158
PR009030,2024-10-20,3,MC022,EMP0033,62,158
PR009031,2024-10-20,3,MC019,EMP0134,67,158
PR009032,2024-10-20,4,MC027,EMP0022,89,200
PR009033,2024-10-20,4,MC025,EMP0175,83,200
PR009034,2024-10-20,4,MC029,EMP0131,85,200
PR009035,2024-10-20,4,MC028,EMP0011,88,200
PR009036,2024-10-20,5,MC035,EMP0086,54,142
PR009037,2024-10-20,5,MC031,EMP0056,50,142
PR009038,2024-10-20,5,MC034,EMP0060,53,142
PR009039,2024-10-20,5,MC032,EMP0164,51,142
PR009040,2024-10-20,5,MC030,EMP0056,43,142
PR009041,2024-10-20,6,MC037,EMP0053,145,325
PR009042,2024-10-20,6,MC038,EMP0155,128,325
PR009043,2024-10-20,6,MC039,EMP0142,138,325
PR009044,2024-10-21,1,MC004,EMP0075,213,181
PR009045,2024-10-21,1,MC002,EMP0137,211,181
PR009046,2024-10-21,1,MC006,EMP0044,179,181
PR009047,2024-10-21,1,MC005,EMP0126,192,181
PR009048,2024-10-21,1,MC003,EMP0044,213,181
PR009049,2024-10-21,1,MC008,EMP0163,215,181
PR009050,2024-10-21,1,MC007,EMP0091,173,181
PR009051,2024-10-21,2,MC013,EMP0138,160,120
PR009052,2024-10-21,2,MC010,EMP0001,140,120
PR009053,2024-10-21,2,MC014,EMP0083,128,120
PR009054,2024-10-21,2,MC017,EMP0070,148,120
PR009055,2024-10-21,2,MC016,EMP0098,133,120
PR009056,2024-10-21,2,MC012,EMP0024,108,120
PR009057,2024-10-21,2,MC015,EMP0173,107,120
PR009058,2024-10-21,2,MC018,EMP0138,146,120
PR009059,2024-10-21,3,MC022,EMP0111,164,158
PR009060,2024-10-21,3,MC024,EMP0122,176,158
PR009061,2024-10-21,3,MC023,EMP0039,150,158
PR009062,2024-10-21,3,MC020,EMP0172,173,158
PR009063,2024-10-21,4,MC025,EMP0175,211,200
PR009064,2024-10-21,4,MC026,EMP0156,279,200
PR009065,2024-10-21,4,MC027,EMP0154,225,200
PR009066,2024-10-21,4,MC029,EMP0093,217,200
PR009067,2024-10-21,5,MC035,EMP0058,150,142
PR009068,2024-10-21,5,MC032,EMP0096,154,142
PR009069,2024-10-21,5,MC033,EMP0003,144,142
PR009070,2024-10-21,5,MC031,EMP0080,164,142
PR009071,2024-10-21,5,MC034,EMP0145,166,142
PR009072,2024-10-21,6,MC039,EMP0085,331,325
PR009073,2024-10-21,6,MC038,EMP0065,380,325
PR009074,2024-10-21,6,MC037,EMP0065,386,325
PR009075,2024-10-22,1,MC006,EMP0110,185,181
PR009076,2024-10-22,1,MC003,EMP0176,209,181
PR009077,2024-10-22,1,MC004,EMP0073,199,181
PR009078,2024-10-22,1,MC007,EMP0066,206,181
PR009079,2024-10-22,1,MC001,EMP0177,216,181
PR009080,2024-10-22,1,MC005,EMP0102,210,181
PR009081,2024-10-22,1,MC002,EMP0030,190,181
PR009082,2024-10-22,2,MC010,EMP0133,148,120
PR009083,2024-10-22,2,MC011,EMP0116,127,120
PR009084,2024-10-22,2,MC016,EMP0106,140,120
PR009085,2024-10-22,2,MC018,EMP0140,136,120
PR009086,2024-10-22,2,MC009,EMP0074,137,120
PR009087,2024-10-22,2,MC017,EMP0076,136,120
PR009088,2024-10-22,2,MC013,EMP0123,133,120
PR009089,2024-10-22,2,MC014,EMP0051,140,120
PR009090,2024-10-22,2,MC012,EMP0157,120,120
PR009091,2024-10-22,3,MC023,EMP0136,147,158
PR009092,2024-10-22,3,MC020,EMP0136,165,158
PR009093,2024-10-22,3,MC022,EMP0143,161,158
PR009094,2024-10-22,3,MC021,EMP0134,179,158
PR009095,2024-10-22,3,MC019,EMP0099,184,158
PR009096,2024-10-22,4,MC028,EMP0153,223,200
PR009097,2024-10-22,4,MC029,EMP0109,201,200
PR009098,2024-10-22,4,MC025,EMP0050,254,200
PR009099,2024-10-22,4,MC027,EMP0132,214,200
PR009100,2024-10-22,5,MC033,EMP0003,138,142
PR009101,2024-10-22,5,MC035,EMP0080,125,142
PR009102,2024-10-22,5,MC030,EMP0096,159,142
PR009103,2024-10-22,5,MC034,EMP0101,142,142
PR009104,2024-10-22,5,MC031,EMP0056,146,142
PR009105,2024-10-22,6,MC038,EMP0046,383,325
PR009106,2024-10-22,6,MC036,EMP0155,322,325
PR009107,2024-10-22,6,MC039,EMP0053,348,325
PR009108,2024-10-23,1,MC002,EMP0126,206,181
PR009109,2024-10-23,1,MC006,EMP0075,197,181
PR009110,2024-10-23,1,MC004,EMP0126,195,181
PR009111,2024-10-23,1,MC003,EMP0030,210,181
PR009112,2024-10-23,1,MC001,EMP0107,198,181
PR009113,2024-10-23,1,MC008,EMP0061,214,181
PR009114,2024-10-23,1,MC007,EMP0126,211,181
PR009115,2024-10-23,2,MC011,EMP0004,141,120
PR009116,2024-10-23,2,MC016,EMP0012,142,120
PR009117,2024-10-23,2,MC018,EMP0015,125,120
PR009118,2024-10-23,2,MC012,EMP0001,143,120
PR009119,2024-10-23,2,MC013,EMP0067,148,120
PR009120,2024-10-23,2,MC017,EMP0045,121,120
PR009121,2024-10-23,2,MC015,EMP0139,126,120
PR009122,2024-10-23,3,MC019,EMP0033,174,158
PR009123,2024-10-23,3,MC022,EMP0180,203,158
PR009124,2024-10-23,3,MC024,EMP0013,176,158
PR009125,2024-10-23,3,MC021,EMP0055,182,158
PR009126,2024-10-23,3,MC020,EMP0172,176,158
PR009127,2024-10-23,4,MC028,EMP0121,269,200
PR009128,2024-10-23,4,MC025,EMP0093,224,200
PR009129,2024-10-23,4,MC029,EMP0002,225,200
PR009130,2024-10-23,4,MC026,EMP0043,250,200
PR009131,2024-10-23,5,MC032,EMP0080,161,142
PR009132,2024-10-23,5,MC031,EMP0060,144,142
PR009133,2024-10-23,5,MC033,EMP0056,161,142
PR009134,2024-10-23,5,MC034,EMP0060,155,142
PR009135,2024-10-23,6,MC036,EMP0100,345,325
PR009136,2024-10-23,6,MC038,EMP0171,359,325
PR009137,2024-10-23,6,MC039,EMP0065,386,325
PR009138,2024-10-24,1,MC004,EMP0163,180,181
PR009139,2024-10-24,1,MC008,EMP0005,200,181
PR009140,2024-10-24,1,MC005,EMP0168,207,181
PR009141,2024-10-24,1,MC007,EMP0119,176,181
PR009142,2024-10-24,1,MC002,EMP0177,205,181
PR009143,2024-10-24,1,MC006,EMP0066,176,181
PR009144,2024-10-24,1,MC001,EMP0075,177,181
PR009145,2024-10-24,2,MC010,EMP0004,132,120
PR009146,2024-10-24,2,MC012,EMP0149,127,120
PR009147,2024-10-24,2,MC013,EMP0117,128,120
PR009148,2024-10-24,2,MC011,EMP0116,133,120
PR009149,2024-10-24,2,MC017,EMP0042,151,120
PR009150,2024-10-24,2,MC015,EMP0041,134,120
PR009151,2024-10-24,2,MC014,EMP0169,131,120
PR009152,2024-10-24,2,MC009,EMP0117,124,120
PR009153,2024-10-24,3,MC019,EMP0134,169,158
PR009154,2024-10-24,3,MC022,EMP0143,184,158
PR009155,2024-10-24,3,MC024,EMP0016,163,158
PR009156,2024-10-24,3,MC021,EMP0180,163,158
PR009157,2024-10-24,4,MC026,EMP0022,211,200
PR009158,2024-10-24,4,MC029,EMP0108,270,200
PR009159,2024-10-24,4,MC027,EMP0175,238,200
PR009160,2024-10-24,4,MC028,EMP0049,263,200
PR009161,2024-10-24,5,MC032,EMP0145,175,142
PR009162,2024-10-24,5,MC033,EMP0060,149,142
PR009163,2024-10-24,5,MC035,EMP0086,154,142
PR009164,2024-10-24,5,MC031,EMP0164,161,142
PR009165,2024-10-24,5,MC030,EMP0060,173,142
PR009166,2024-10-24,6,MC037,EMP0100,422,325
PR009167,2024-10-24,6,MC036,EMP0053,378,325
PR009168,2024-10-24,6,MC038,EMP0065,384,325
PR009169,2024-10-25,1,MC003,EMP0102,189,181
PR009170,2024-10-25,1,MC006,EMP0066,177,181
PR009171,2024-10-25,1,MC004,EMP0162,170,181
PR009172,2024-10-25,1,MC008,EMP0037,210,181
PR009173,2024-10-25,1,MC007,EMP0025,163,181
PR009174,2024-10-25,1,MC001,EMP0044,188,181
PR009175,2024-10-25,1,MC005,EMP0052,167,181
PR009176,2024-10-25,2,MC014,EMP0128,109,120
PR009177,2024-10-25,2,MC018,EMP0074,126,120
PR009178,2024-10-25,2,MC017,EMP0173,112,120
PR009179,2024-10-25,2,MC013,EMP0047,128,120
PR009180,2024-10-25,2,MC016,EMP0040,110,120
PR009181,2024-10-25,2,MC011,EMP0095,109,120
PR009182,2024-10-25,2,MC015,EMP0020,117,120
PR009183,2024-10-25,2,MC010,EMP0041,115,120
PR009184,2024-10-25,2,MC012,EMP0004,120,120
PR009185,2024-10-25,3,MC020,EMP0034,137,158
PR009186,2024-10-25,3,MC019,EMP0125,168,158
PR009187,2024-10-25,3,MC021,EMP0078,165,158
PR009188,2024-10-25,3,MC022,EMP0180,160,158
PR009189,2024-10-25,4,MC025,EMP0154,191,200
PR009190,2024-10-25,4,MC027,EMP0127,198,200
PR009191,2024-10-25,4,MC028,EMP0062,197,200
PR009192,2024-10-25,4,MC026,EMP0014,207,200
PR009193,2024-10-25,5,MC032,EMP0165,137,142
PR009194,2024-10-25,5,MC030,EMP0150,124,142
PR009195,2024-10-25,5,MC034,EMP0060,137,142
PR009196,2024-10-25,5,MC031,EMP0165,131,142
PR009197,2024-10-25,5,MC035,EMP0080,113,142
PR009198,2024-10-25,6,MC038,EMP0053,281,325
PR009199,2024-10-25,6,MC037,EMP0171,264,325
PR009200,2024-10-25,6,MC039,EMP0171,309,325
PR009201,2024-10-26,1,MC008,EMP0177,202,181
PR009202,2024-10-26,1,MC005,EMP0072,201,181
PR009203,2024-10-26,1,MC007,EMP0102,169,181
PR009204,2024-10-26,1,MC001,EMP0030,194,181
PR009205,2024-10-26,1,MC003,EMP0110,215,181
PR009206,2024-10-26,1,MC002,EMP0130,192,181
PR009207,2024-10-26,2,MC014,EMP0009,139,120
PR009208,2024-10-26,2,MC012,EMP0004,134,120
PR009209,2024-10-26,2,MC018,EMP0031,128,120
PR009210,2024-10-26,2,MC016,EMP0178,139,120
PR009211,2024-10-26,2,MC013,EMP0129,137,120
PR009212,2024-10-26,2,MC011,EMP0178,121,120
PR009213,2024-10-26,2,MC010,EMP0105,122,120
PR009214,2024-10-26,2,MC017,EMP0113,131,120
PR009215,2024-10-26,2,MC015,EMP0135,128,120
PR009216,2024-10-26,3,MC023,EMP0125,158,158
PR009217,2024-10-26,3,MC024,EMP0069,158,158
PR009218,2024-10-26,3,MC022,EMP0159,179,158
PR009219,2024-10-26,3,MC020,EMP0029,185,158
PR009220,2024-10-26,4,MC029,EMP0050,248,200
PR009221,2024-10-26,4,MC028,EMP0049,266,200
PR009222,2024-10-26,4,MC027,EMP0093,212,200
PR009223,2024-10-26,4,MC025,EMP0049,234,200
PR009224,2024-10-26,5,MC033,EMP0080,151,142
PR009225,2024-10-26,5,MC032,EMP0060,160,142
PR009226,2024-10-26,5,MC031,EMP0101,144,142
PR009227,2024-10-26,5,MC035,EMP0165,142,142
PR009228,2024-10-26,5,MC030,EMP0164,174,142
PR009229,2024-10-26,6,MC036,EMP0155,342,325
PR009230,2024-10-26,6,MC037,EMP0085,371,325
PR009231,2024-10-26,6,MC038,EMP0171,347,325
PR009232,2024-10-27,1,MC008,EMP0091,75,181
PR009233,2024-10-27,1,MC005,EMP0126,67,181
PR009234,2024-10-27,1,MC007,EMP0044,76,181
PR009235,2024-10-27,1,MC001,EMP0075,64,181
PR009236,2024-10-27,1,MC002,EMP0097,72,181
PR009237,2024-10-27,1,MC004,EMP0177,75,181
PR009238,2024-10-27,1,MC003,EMP0075,73,181
PR009239,2024-10-27,2,MC010,EMP0133,44,120
PR009240,2024-10-27,2,MC009,EMP0133,54,120
PR009241,2024-10-27,2,MC015,EMP0106,49,120
PR009242,2024-10-27,2,MC012,EMP0128,49,120
PR009243,2024-10-27,2,MC011,EMP0157,45,120
PR009244,2024-10-27,2,MC018,EMP0133,47,120
PR009245,2024-10-27,2,MC016,EMP0095,53,120
PR009246,2024-10-27,2,MC017,EMP0157,48,120
PR009247,2024-10-27,2,MC014,EMP0089,40,120
PR009248,2024-10-27,3,MC022,EMP0034,62,158
PR009249,2024-10-27,3,MC023,EMP0055,64,158
PR009250,2024-10-27,3,MC019,EMP0069,56,158
PR009251,2024-10-27,3,MC024,EMP0033,60,158
PR009252,2024-10-27,4,MC026,EMP0174,86,200
PR009253,2024-10-27,4,MC028,EMP0011,83,200
PR009254,2024-10-27,4,MC025,EMP0002,98,200
PR009255,2024-10-27,4,MC029,EMP0132,83,200
PR009256,2024-10-27,5,MC035,EMP0060,51,142
PR009257,2024-10-27,5,MC031,EMP0003,49,142
PR009258,2024-10-27,5,MC033,EMP0068,61,142
PR009259,2024-10-27,5,MC032,EMP0058,58,142
PR009260,2024-10-27,5,MC030,EMP0028,56,142
PR009261,2024-10-27,6,MC039,EMP0155,140,325
PR009262,2024-10-27,6,MC037,EMP0100,133,325
PR009263,2024-10-27,6,MC038,EMP0142,124,325
PR009264,2024-10-28,1,MC006,EMP0104,205,181
PR009265,2024-10-28,1,MC007,EMP0088,221,181
PR009266,2024-10-28,1,MC005,EMP0158,200,181
PR009267,2024-10-28,1,MC003,EMP0088,198,181
PR009268,2024-10-28,1,MC008,EMP0097,232,181
PR009269,2024-10-28,1,MC004,EMP0107,207,181
PR009270,2024-10-28,1,MC001,EMP0066,201,181
PR009271,2024-10-28,2,MC012,EMP0035,139,120
PR009272,2024-10-28,2,MC016,EMP0009,143,120
PR009273,2024-10-28,2,MC009,EMP0021,144,120
PR009274,2024-10-28,2,MC015,EMP0021,118,120
PR009275,2024-10-28,2,MC011,EMP0089,127,120
PR009276,2024-10-28,2,MC013,EMP0041,147,120
PR009277,2024-10-28,2,MC017,EMP0024,138,120
PR009278,2024-10-28,2,MC018,EMP0076,142,120
PR009279,2024-10-28,3,MC022,EMP0039,183,158
PR009280,2024-10-28,3,MC021,EMP0084,196,158
PR009281,2024-10-28,3,MC023,EMP0013,174,158
PR009282,2024-10-28,3,MC020,EMP0143,182,158
PR009283,2024-10-28,3,MC019,EMP0179,192,158
PR009284,2024-10-28,4,MC026,EMP0131,250,200
PR009285,2024-10-28,4,MC028,EMP0132,250,200
PR009286,2024-10-28,4,MC029,EMP0153,232,200
PR009287,2024-10-28,4,MC027,EMP0062,269,200
PR009288,2024-10-28,5,MC030,EMP0150,151,142
PR009289,2024-10-28,5,MC031,EMP0058,163,142
PR009290,2024-10-28,5,MC033,EMP0003,162,142
PR009291,2024-10-28,5,MC032,EMP0145,147,142
PR009292,2024-10-28,5,MC034,EMP0086,170,142
PR009293,2024-10-28,6,MC036,EMP0171,317,325
PR009294,2024-10-28,6,MC039,EMP0053,348,325
PR009295,2024-10-28,6,MC037,EMP0053,435,325
PR009296,2024-10-29,1,MC007,EMP0038,213,181
PR009297,2024-10-29,1,MC001,EMP0054,195,181
PR009298,2024-10-29,1,MC006,EMP0038,213,181
PR009299,2024-10-29,1,MC002,EMP0118,201,181
PR009300,2024-10-29,1,MC005,EMP0017,217,181
PR009301,2024-10-29,1,MC008,EMP0018,200,181
PR009302,2024-10-29,2,MC018,EMP0178,110,120
PR009303,2024-10-29,2,MC016,EMP0040,131,120
PR009304,2024-10-29,2,MC012,EMP0178,118,120
PR009305,2024-10-29,2,MC011,EMP0139,126,120
PR009306,2024-10-29,2,MC017,EMP0067,145,120
PR009307,2024-10-29,2,MC013,EMP0138,112,120
PR009308,2024-10-29,2,MC010,EMP0138,137,120
PR009309,2024-10-29,2,MC009,EMP0147,141,120
PR009310,2024-10-29,3,MC019,EMP0111,190,158
PR009311,2024-10-29,3,MC021,EMP0064,164,158
PR009312,2024-10-29,3,MC022,EMP0136,189,158
PR009313,2024-10-29,3,MC024,EMP0179,178,158
PR009314,2024-10-29,4,MC029,EMP0127,256,200
PR009315,2024-10-29,4,MC028,EMP0050,229,200
PR009316,2024-10-29,4,MC025,EMP0093,235,200
PR009317,2024-10-29,4,MC026,EMP0174,178,200
PR009318,2024-10-29,5,MC033,EMP0096,147,142
PR009319,2024-10-29,5,MC034,EMP0150,135,142
PR009320,2024-10-29,5,MC035,EMP0101,138,142
PR009321,2024-10-29,5,MC030,EMP0165,134,142
PR009322,2024-10-29,5,MC032,EMP0003,147,142
PR009323,2024-10-29,6,MC039,EMP0085,363,325
PR009324,2024-10-29,6,MC038,EMP0053,404,325
PR009325,2024-10-29,6,MC036,EMP0142,345,325
PR009326,2024-10-30,1,MC001,EMP0167,203,181
PR009327,2024-10-30,1,MC003,EMP0160,216,181
PR009328,2024-10-30,1,MC004,EMP0037,213,181
PR009329,2024-10-30,1,MC007,EMP0017,213,181
PR009330,2024-10-30,1,MC006,EMP0088,212,181
PR009331,2024-10-30,1,MC002,EMP0037,190,181
PR009332,2024-10-30,2,MC010,EMP0138,129,120
PR009333,2024-10-30,2,MC011,EMP0140,130,120
PR009334,2024-10-30,2,MC015,EMP0138,118,120
PR009335,2024-10-30,2,MC017,EMP0146,130,120
PR009336,2024-10-30,2,MC013,EMP0067,125,120
PR009337,2024-10-30,2,MC016,EMP0047,138,120
PR009338,2024-10-30,2,MC012,EMP0113,135,120
PR009339,2024-10-30,3,MC020,EMP0134,157,158
PR009340,2024-10-30,3,MC019,EMP0136,170,158
PR009341,2024-10-30,3,MC024,EMP0033,180,158
PR009342,2024-10-30,3,MC021,EMP0122,173,158
PR009343,2024-10-30,3,MC023,EMP0010,178,158
PR009344,2024-10-30,4,MC029,EMP0154,228,200
PR009345,2024-10-30,4,MC028,EMP0175,230,200
PR009346,2024-10-30,4,MC025,EMP0174,204,200
PR009347,2024-10-30,4,MC027,EMP0109,242,200
PR009348,2024-10-30,5,MC035,EMP0145,169,142
PR009349,2024-10-30,5,MC033,EMP0056,157,142
PR009350,2024-10-30,5,MC032,EMP0068,166,142
PR009351,2024-10-30,5,MC031,EMP0060,156,142
PR009352,2024-10-30,5,MC034,EMP0003,169,142
PR009353,2024-10-30,6,MC037,EMP0144,351,325
PR009354,2024-10-30,6,MC036,EMP0065,346,325
PR009355,2024-10-30,6,MC038,EMP0065,387,325
PR009356,2024-10-31,1,MC003,EMP0162,204,181
PR009357,2024-10-31,1,MC008,EMP0118,213,181
PR009358,2024-10-31,1,MC005,EMP0052,201,181
PR009359,2024-10-31,1,MC001,EMP0017,203,181
PR009360,2024-10-31,1,MC002,EMP0160,171,181
PR009361,2024-10-31,1,MC004,EMP0072,228,181
PR009362,2024-10-31,2,MC009,EMP0098,136,120
PR009363,2024-10-31,2,MC015,EMP0149,144,120
PR009364,2024-10-31,2,MC018,EMP0015,122,120
PR009365,2024-10-31,2,MC014,EMP0020,132,120
PR009366,2024-10-31,2,MC012,EMP0070,122,120
PR009367,2024-10-31,2,MC016,EMP0026,118,120
PR009368,2024-10-31,2,MC011,EMP0146,130,120
PR009369,2024-10-31,2,MC010,EMP0004,127,120
PR009370,2024-10-31,2,MC017,EMP0147,142,120
PR009371,2024-10-31,3,MC020,EMP0136,177,158
PR009372,2024-10-31,3,MC022,EMP0082,193,158
PR009373,2024-10-31,3,MC019,EMP0179,176,158
PR009374,2024-10-31,3,MC021,EMP0099,192,158
PR009375,2024-10-31,3,MC024,EMP0179,174,158
PR009376,2024-10-31,4,MC027,EMP0011,277,200
PR009377,2024-10-31,4,MC026,EMP0002,255,200
PR009378,2024-10-31,4,MC028,EMP0132,270,200
PR009379,2024-10-31,5,MC030,EMP0150,145,142
PR009380,2024-10-31,5,MC034,EMP0068,145,142
PR009381,2024-10-31,5,MC033,EMP0068,180,142
PR009382,2024-10-31,5,MC031,EMP0068,147,142
PR009383,2024-10-31,5,MC032,EMP0080,183,142
PR009384,2024-10-31,6,MC038,EMP0120,368,325
PR009385,2024-10-31,6,MC037,EMP0065,376,325
PR009386,2024-10-31,6,MC036,EMP0171,358,325
PR009387,2024-11-01,1,MC006,EMP0097,176,181
PR009388,2024-11-01,1,MC008,EMP0094,169,181
PR009389,2024-11-01,1,MC002,EMP0151,188,181
PR009390,2024-11-01,1,MC004,EMP0032,149,181
PR009391,2024-11-01,1,MC007,EMP0102,199,181
PR009392,2024-11-01,1,MC003,EMP0018,180,181
PR009393,2024-11-01,2,MC014,EMP0123,127,120
PR009394,2024-11-01,2,MC013,EMP0129,106,120
PR009395,2024-11-01,2,MC009,EMP0169,110,120
PR009396,2024-11-01,2,MC015,EMP0148,126,120
PR009397,2024-11-01,2,MC011,EMP0067,104,120
PR009398,2024-11-01,2,MC016,EMP0031,118,120
PR009399,2024-11-01,2,MC012,EMP0077,87,120
PR009400,2024-11-01,3,MC024,EMP0013,144,158
PR009401,2024-11-01,3,MC020,EMP0125,147,158
PR009402,2024-11-01,3,MC019,EMP0055,167,158
PR009403,2024-11-01,3,MC022,EMP0172,139,158
PR009404,2024-11-01,3,MC023,EMP0084,147,158
PR009405,2024-11-01,4,MC029,EMP0153,227,200
PR009406,2024-11-01,4,MC027,EMP0019,223,200
PR009407,2024-11-01,4,MC026,EMP0049,167,200
PR009408,2024-11-01,4,MC028,EMP0002,194,200
PR009409,2024-11-01,5,MC032,EMP0164,127,142
PR009410,2024-11-01,5,MC031,EMP0056,136,142
PR009411,2024-11-01,5,MC034,EMP0003,126,142
PR009412,2024-11-01,5,MC030,EMP0096,122,142
PR009413,2024-11-01,5,MC033,EMP0003,143,142
PR009414,2024-11-01,6,MC039,EMP0152,272,325
PR009415,2024-11-01,6,MC038,EMP0046,309,325
PR009416,2024-11-01,6,MC036,EMP0085,291,325
PR009417,2024-11-02,1,MC008,EMP0005,234,181
PR009418,2024-11-02,1,MC005,EMP0005,203,181
PR009419,2024-11-02,1,MC001,EMP0166,185,181
PR009420,2024-11-02,1,MC007,EMP0104,198,181
PR009421,2024-11-02,1,MC004,EMP0073,197,181
PR009422,2024-11-02,1,MC006,EMP0104,186,181
PR009423,2024-11-02,2,MC016,EMP0079,147,120
PR009424,2024-11-02,2,MC012,EMP0139,132,120
PR009425,2024-11-02,2,MC009,EMP0140,138,120
PR009426,2024-11-02,2,MC014,EMP0090,129,120
PR009427,2024-11-02,2,MC010,EMP0012,129,120
PR009428,2024-11-02,2,MC015,EMP0090,143,120
PR009429,2024-11-02,2,MC018,EMP0140,137,120
PR009430,2024-11-02,2,MC013,EMP0114,137,120
PR009431,2024-11-02,3,MC021,EMP0016,160,158
PR009432,2024-11-02,3,MC023,EMP0029,192,158
PR009433,2024-11-02,3,MC020,EMP0125,175,158
PR009434,2024-11-02,3,MC019,EMP0143,183,158
PR009435,2024-11-02,4,MC026,EMP0156,242,200
PR009436,2024-11-02,4,MC025,EMP0121,259,200
PR009437,2024-11-02,4,MC029,EMP0087,236,200
PR009438,2024-11-02,4,MC028,EMP0131,256,200
PR009439,2024-11-02,5,MC035,EMP0150,162,142
PR009440,2024-11-02,5,MC033,EMP0096,152,142
PR009441,2024-11-02,5,MC032,EMP0086,167,142
PR009442,2024-11-02,5,MC030,EMP0060,133,142
PR009443,2024-11-02,5,MC034,EMP0164,154,142
PR009444,2024-11-02,6,MC037,EMP0155,379,325
PR009445,2024-11-02,6,MC038,EMP0100,372,325
PR009446,2024-11-02,6,MC039,EMP0155,391,325
PR009447,2024-11-03,1,MC005,EMP0061,71,181
PR009448,2024-11-03,1,MC007,EMP0061,74,181
PR009449,2024-11-03,1,MC002,EMP0054,74,181
PR009450,2024-11-03,1,MC004,EMP0088,71,181
PR009451,2024-11-03,1,MC006,EMP0126,73,181
PR009452,2024-11-03,1,MC001,EMP0044,72,181
PR009453,2024-11-03,1,MC008,EMP0061,60,181
PR009454,2024-11-03,2,MC014,EMP0106,45,120
PR009455,2024-11-03,2,MC018,EMP0079,43,120
PR009456,2024-11-03,2,MC013,EMP0077,44,120
PR009457,2024-11-03,2,MC015,EMP0004,42,120
PR009458,2024-11-03,2,MC010,EMP0169,47,120
PR009459,2024-11-03,2,MC009,EMP0098,43,120
PR009460,2024-11-03,2,MC016,EMP0027,52,120
PR009461,2024-11-03,2,MC011,EMP0116,43,120
PR009462,2024-11-03,3,MC020,EMP0029,55,158
PR009463,2024-11-03,3,MC019,EMP0125,66,158
PR009464,2024-11-03,3,MC024,EMP0039,59,158
PR009465,2024-11-03,3,MC021,EMP0136,67,158
PR009466,2024-11-03,3,MC023,EMP0082,65,158
PR009467,2024-11-03,4,MC026,EMP0002,79,200
PR009468,2024-11-03,4,MC027,EMP0002,71,200
PR009469,2024-11-03,4,MC028,EMP0127,89,200
PR009470,2024-11-03,5,MC033,EMP0145,52,142
PR009471,2024-11-03,5,MC030,EMP0058,53,142
PR009472,2024-11-03,5,MC035,EMP0145,50,142
PR009473,2024-11-03,5,MC034,EMP0145,54,142
PR009474,2024-11-03,6,MC036,EMP0053,116,325
PR009475,2024-11-03,6,MC038,EMP0120,142,325
PR009476,2024-11-03,6,MC039,EMP0085,128,325
PR009477,2024-11-04,1,MC003,EMP0030,177,181
PR009478,2024-11-04,1,MC006,EMP0008,196,181
PR009479,2024-11-04,1,MC008,EMP0008,225,181
PR009480,2024-11-04,1,MC004,EMP0075,220,181
PR009481,2024-11-04,1,MC002,EMP0119,228,181
PR009482,2024-11-04,1,MC001,EMP0057,224,181
PR009483,2024-11-04,1,MC007,EMP0075,199,181
PR009484,2024-11-04,2,MC014,EMP0035,135,120
PR009485,2024-11-04,2,MC009,EMP0129,143,120
PR009486,2024-11-04,2,MC018,EMP0079,134,120
PR009487,2024-11-04,2,MC012,EMP0012,128,120
PR009488,2024-11-04,2,MC011,EMP0083,147,120
PR009489,2024-11-04,2,MC010,EMP0113,131,120
PR009490,2024-11-04,2,MC015,EMP0178,123,120
PR009491,2024-11-04,2,MC017,EMP0081,145,120
PR009492,2024-11-04,3,MC020,EMP0125,156,158
PR009493,2024-11-04,3,MC022,EMP0159,182,158
PR009494,2024-11-04,3,MC021,EMP0179,175,158
PR009495,2024-11-04,3,MC023,EMP0033,191,158
PR009496,2024-11-04,3,MC024,EMP0078,205,158
PR009497,2024-11-04,4,MC026,EMP0121,260,200
PR009498,2024-11-04,4,MC029,EMP0049,257,200
PR009499,2024-11-04,4,MC027,EMP0121,262,200
PR009500,2024-11-04,4,MC028,EMP0062,240,200
PR009501,2024-11-04,5,MC035,EMP0145,117,142
PR009502,2024-11-04,5,MC034,EMP0058,158,142
PR009503,2024-11-04,5,MC030,EMP0056,145,142
PR009504,2024-11-04,5,MC032,EMP0165,140,142
PR009505,2024-11-04,6,MC038,EMP0100,337,325
PR009506,2024-11-04,6,MC036,EMP0120,344,325
PR009507,2024-11-04,6,MC039,EMP0065,347,325
PR009508,2024-11-05,1,MC004,EMP0158,205,181
PR009509,2024-11-05,1,MC006,EMP0037,206,181
PR009510,2024-11-05,1,MC007,EMP0091,200,181
PR009511,2024-11-05,1,MC003,EMP0025,216,181
PR009512,2024-11-05,1,MC002,EMP0166,207,181
PR009513,2024-11-05,1,MC001,EMP0025,193,181
PR009514,2024-11-05,2,MC016,EMP0015,135,120
PR009515,2024-11-05,2,MC009,EMP0074,130,120
PR009516,2024-11-05,2,MC017,EMP0051,138,120
PR009517,2024-11-05,2,MC011,EMP0031,123,120
PR009518,2024-11-05,2,MC018,EMP0036,138,120
PR009519,2024-11-05,2,MC012,EMP0147,122,120
PR009520,2024-11-05,2,MC010,EMP0123,129,120
PR009521,2024-11-05,2,MC013,EMP0015,132,120
PR009522,2024-11-05,3,MC023,EMP0099,180,158
PR009523,2024-11-05,3,MC024,EMP0159,172,158
PR009524,2024-11-05,3,MC020,EMP0084,180,158
PR009525,2024-11-05,3,MC022,EMP0125,165,158
PR009526,2024-11-05,4,MC025,EMP0062,228,200
PR009527,2024-11-05,4,MC026,EMP0156,224,200
PR009528,2024-11-05,4,MC029,EMP0174,224,200
PR009529,2024-11-05,5,MC033,EMP0068,139,142
PR009530,2024-11-05,5,MC031,EMP0080,145,142
PR009531,2024-11-05,5,MC035,EMP0150,159,142
PR009532,2024-11-05,5,MC030,EMP0096,134,142
PR009533,2024-11-05,5,MC034,EMP0086,150,142
PR009534,2024-11-05,6,MC038,EMP0171,330,325
PR009535,2024-11-05,6,MC037,EMP0171,360,325
PR009536,2024-11-05,6,MC036,EMP0085,350,325
PR009537,2024-11-06,1,MC005,EMP0104,187,181
PR009538,2024-11-06,1,MC006,EMP0054,206,181
PR009539,2024-11-06,1,MC008,EMP0007,203,181
PR009540,2024-11-06,1,MC002,EMP0167,241,181
PR009541,2024-11-06,1,MC003,EMP0094,199,181
PR009542,2024-11-06,1,MC001,EMP0017,199,181
PR009543,2024-11-06,2,MC017,EMP0020,136,120
PR009544,2024-11-06,2,MC010,EMP0051,125,120
PR009545,2024-11-06,2,MC011,EMP0089,134,120
PR009546,2024-11-06,2,MC014,EMP0083,139,120
PR009547,2024-11-06,2,MC009,EMP0070,113,120
PR009548,2024-11-06,2,MC013,EMP0012,125,120
PR009549,2024-11-06,2,MC015,EMP0113,120,120
PR009550,2024-11-06,2,MC018,EMP0089,131,120
PR009551,2024-11-06,2,MC016,EMP0148,132,120
PR009552,2024-11-06,3,MC023,EMP0125,180,158
PR009553,2024-11-06,3,MC021,EMP0134,198,158
PR009554,2024-11-06,3,MC020,EMP0125,158,158
PR009555,2024-11-06,3,MC024,EMP0159,181,158
PR009556,2024-11-06,3,MC019,EMP0125,196,158
PR009557,2024-11-06,4,MC029,EMP0049,202,200
PR009558,2024-11-06,4,MC028,EMP0131,244,200
PR009559,2024-11-06,4,MC025,EMP0174,216,200
PR009560,2024-11-06,4,MC026,EMP0108,245,200
PR009561,2024-11-06,5,MC034,EMP0086,155,142
PR009562,2024-11-06,5,MC032,EMP0060,165,142
PR009563,2024-11-06,5,MC031,EMP0068,148,142
PR009564,2024-11-06,5,MC030,EMP0080,165,142
PR009565,2024-11-06,5,MC033,EMP0101,133,142
PR009566,2024-11-06,6,MC037,EMP0053,349,325
PR009567,2024-11-06,6,MC036,EMP0142,378,325
PR009568,2024-11-06,6,MC038,EMP0100,395,325
PR009569,2024-11-07,1,MC007,EMP0166,234,181
PR009570,2024-11-07,1,MC004,EMP0151,192,181
PR009571,2024-11-07,1,MC005,EMP0130,226,181
PR009572,2024-11-07,1,MC003,EMP0038,202,181
PR009573,2024-11-07,1,MC002,EMP0167,166,181
PR009574,2024-11-07,1,MC001,EMP0044,207,181
PR009575,2024-11-07,2,MC018,EMP0026,127,120
PR009576,2024-11-07,2,MC012,EMP0116,110,120
PR009577,2024-11-07,2,MC016,EMP0149,123,120
PR009578,2024-11-07,2,MC015,EMP0036,117,120
PR009579,2024-11-07,2,MC014,EMP0138,113,120
PR009580,2024-11-07,2,MC010,EMP0147,144,120
PR009581,2024-11-07,2,MC017,EMP0098,134,120
PR009582,2024-11-07,2,MC013,EMP0148,119,120
PR009583,2024-11-07,2,MC009,EMP0170,133,120
PR009584,2024-11-07,3,MC020,EMP0099,185,158
PR009585,2024-11-07,3,MC021,EMP0125,179,158
PR009586,2024-11-07,3,MC023,EMP0033,176,158
PR009587,2024-11-07,3,MC024,EMP0078,180,158
PR009588,2024-11-07,3,MC019,EMP0084,161,158
PR009589,2024-11-07,4,MC025,EMP0131,231,200
PR009590,2024-11-07,4,MC029,EMP0131,246,200
PR009591,2024-11-07,4,MC027,EMP0121,238,200
PR009592,2024-11-07,4,MC026,EMP0071,261,200
PR009593,2024-11-07,5,MC030,EMP0150,157,142
PR009594,2024-11-07,5,MC031,EMP0165,157,142
PR009595,2024-11-07,5,MC033,EMP0165,150,142
PR009596,2024-11-07,5,MC032,EMP0145,147,142
PR009597,2024-11-07,5,MC035,EMP0096,172,142
PR009598,2024-11-07,6,MC036,EMP0053,379,325
PR009599,2024-11-07,6,MC039,EMP0100,440,325
PR009600,2024-11-07,6,MC038,EMP0171,339,325
PR009601,2024-11-08,1,MC004,EMP0025,188,181
PR009602,2024-11-08,1,MC006,EMP0032,191,181
PR009603,2024-11-08,1,MC005,EMP0094,190,181
PR009604,2024-11-08,1,MC003,EMP0130,188,181
PR009605,2024-11-08,1,MC002,EMP0007,155,181
PR009606,2024-11-08,1,MC008,EMP0177,162,181
PR009607,2024-11-08,1,MC007,EMP0118,161,181
PR009608,2024-11-08,2,MC014,EMP0139,105,120
PR009609,2024-11-08,2,MC015,EMP0138,107,120
PR009610,2024-11-08,2,MC009,EMP0040,104,120
PR009611,2024-11-08,2,MC013,EMP0148,119,120
PR009612,2024-11-08,2,MC012,EMP0123,112,120
PR009613,2024-11-08,2,MC018,EMP0157,101,120
PR009614,2024-11-08,2,MC010,EMP0015,113,120
PR009615,2024-11-08,2,MC011,EMP0047,99,120
PR009616,2024-11-08,3,MC024,EMP0029,154,158
PR009617,2024-11-08,3,MC020,EMP0172,131,158
PR009618,2024-11-08,3,MC021,EMP0122,154,158
PR009619,2024-11-08,3,MC022,EMP0125,154,158
PR009620,2024-11-08,4,MC027,EMP0127,205,200
PR009621,2024-11-08,4,MC026,EMP0174,232,200
PR009622,2024-11-08,4,MC029,EMP0156,213,200
PR009623,2024-11-08,4,MC025,EMP0121,212,200
PR009624,2024-11-08,5,MC034,EMP0165,125,142
PR009625,2024-11-08,5,MC033,EMP0164,122,142
PR009626,2024-11-08,5,MC032,EMP0058,128,142
PR009627,2024-11-08,5,MC035,EMP0096,133,142
PR009628,2024-11-08,6,MC038,EMP0152,282,325
PR009629,2024-11-08,6,MC039,EMP0142,269,325
PR009630,2024-11-08,6,MC036,EMP0171,332,325
PR009631,2024-11-09,1,MC005,EMP0018,216,181
PR009632,2024-11-09,1,MC002,EMP0018,209,181
PR009633,2024-11-09,1,MC006,EMP0130,210,181
PR009634,2024-11-09,1,MC007,EMP0025,207,181
PR009635,2024-11-09,1,MC004,EMP0141,203,181
PR009636,2024-11-09,1,MC008,EMP0030,209,181
PR009637,2024-11-09,1,MC001,EMP0163,185,181
PR009638,2024-11-09,2,MC016,EMP0115,139,120
PR009639,2024-11-09,2,MC009,EMP0133,132,120
PR009640,2024-11-09,2,MC017,EMP0040,115,120
PR009641,2024-11-09,2,MC013,EMP0089,136,120
PR009642,2024-11-09,2,MC010,EMP0173,133,120
PR009643,2024-11-09,2,MC014,EMP0139,137,120
PR009644,2024-11-09,2,MC015,EMP0077,119,120
PR009645,2024-11-09,2,MC018,EMP0105,124,120
PR009646,2024-11-09,2,MC012,EMP0129,128,120
PR009647,2024-11-09,3,MC019,EMP0125,158,158
PR009648,2024-11-09,3,MC021,EMP0099,189,158
PR009649,2024-11-09,3,MC023,EMP0055,175,158
PR009650,2024-11-09,3,MC020,EMP0125,180,158
PR009651,2024-11-09,4,MC026,EMP0131,243,200
PR009652,2024-11-09,4,MC027,EMP0050,225,200
PR009653,2024-11-09,4,MC025,EMP0175,245,200
PR009654,2024-11-09,4,MC028,EMP0050,243,200
PR009655,2024-11-09,5,MC033,EMP0150,160,142
PR009656,2024-11-09,5,MC032,EMP0164,146,142
PR009657,2024-11-09,5,MC030,EMP0003,151,142
PR009658,2024-11-09,5,MC031,EMP0028,163,142
PR009659,2024-11-09,5,MC034,EMP0096,168,142
PR009660,2024-11-09,6,MC038,EMP0053,361,325
PR009661,2024-11-09,6,MC037,EMP0100,398,325
PR009662,2024-11-09,6,MC039,EMP0152,368,325
PR009663,2024-11-10,1,MC007,EMP0166,74,181
PR009664,2024-11-10,1,MC004,EMP0072,72,181
PR009665,2024-11-10,1,MC003,EMP0112,71,181
PR009666,2024-11-10,1,MC002,EMP0091,71,181
PR009667,2024-11-10,1,MC008,EMP0112,65,181
PR009668,2024-11-10,1,MC006,EMP0158,54,181
PR009669,2024-11-10,1,MC001,EMP0110,66,181
PR009670,2024-11-10,2,MC009,EMP0138,40,120
PR009671,2024-11-10,2,MC011,EMP0076,43,120
PR009672,2024-11-10,2,MC016,EMP0031,48,120
PR009673,2024-11-10,2,MC014,EMP0139,45,120
PR009674,2024-11-10,2,MC017,EMP0040,51,120
PR009675,2024-11-10,2,MC012,EMP0170,49,120
PR009676,2024-11-10,2,MC015,EMP0081,46,120
PR009677,2024-11-10,2,MC013,EMP0020,46,120
PR009678,2024-11-10,3,MC023,EMP0143,57,158
PR009679,2024-11-10,3,MC021,EMP0084,60,158
PR009680,2024-11-10,3,MC019,EMP0143,60,158
PR009681,2024-11-10,3,MC020,EMP0029,69,158
PR009682,2024-11-10,3,MC022,EMP0039,58,158
PR009683,2024-11-10,4,MC027,EMP0023,100,200
PR009684,2024-11-10,4,MC029,EMP0023,87,200
PR009685,2024-11-10,4,MC028,EMP0132,94,200
PR009686,2024-11-10,5,MC033,EMP0164,53,142
PR009687,2024-11-10,5,MC030,EMP0058,49,142
PR009688,2024-11-10,5,MC034,EMP0060,49,142
PR009689,2024-11-10,5,MC031,EMP0165,49,142
PR009690,2024-11-10,6,MC036,EMP0152,127,325
PR009691,2024-11-10,6,MC037,EMP0152,134,325
PR009692,2024-11-10,6,MC039,EMP0152,135,325
PR009693,2024-11-11,1,MC001,EMP0057,222,181
PR009694,2024-11-11,1,MC008,EMP0177,204,181
PR009695,2024-11-11,1,MC004,EMP0151,226,181
PR009696,2024-11-11,1,MC003,EMP0075,216,181
PR009697,2024-11-11,1,MC006,EMP0091,224,181
PR009698,2024-11-11,1,MC005,EMP0176,201,181
PR009699,2024-11-11,2,MC017,EMP0157,129,120
PR009700,2024-11-11,2,MC015,EMP0115,144,120
PR009701,2024-11-11,2,MC009,EMP0178,138,120
PR009702,2024-11-11,2,MC013,EMP0169,139,120
PR009703,2024-11-11,2,MC016,EMP0015,120,120
PR009704,2024-11-11,2,MC011,EMP0178,135,120
PR009705,2024-11-11,2,MC012,EMP0045,135,120
PR009706,2024-11-11,2,MC014,EMP0040,143,120
PR009707,2024-11-11,3,MC024,EMP0078,160,158
PR009708,2024-11-11,3,MC022,EMP0111,185,158
PR009709,2024-11-11,3,MC020,EMP0006,178,158
PR009710,2024-11-11,3,MC021,EMP0082,167,158
PR009711,2024-11-11,3,MC023,EMP0064,194,158
PR009712,2024-11-11,4,MC026,EMP0002,266,200
PR009713,2024-11-11,4,MC028,EMP0132,236,200
PR009714,2024-11-11,4,MC025,EMP0050,225,200
PR009715,2024-11-11,4,MC027,EMP0153,245,200
PR009716,2024-11-11,5,MC032,EMP0145,144,142
PR009717,2024-11-11,5,MC030,EMP0028,141,142
PR009718,2024-11-11,5,MC031,EMP0164,153,142
PR009719,2024-11-11,5,MC034,EMP0003,162,142
PR009720,2024-11-11,6,MC036,EMP0085,388,325
PR009721,2024-11-11,6,MC038,EMP0120,356,325
PR009722,2024-11-11,6,MC039,EMP0142,384,325
PR009723,2024-11-12,1,MC001,EMP0112,204,181
PR009724,2024-11-12,1,MC008,EMP0102,200,181
PR009725,2024-11-12,1,MC006,EMP0094,198,181
PR009726,2024-11-12,1,MC004,EMP0119,207,181
PR009727,2024-11-12,1,MC007,EMP0075,179,181
PR009728,2024-11-12,1,MC002,EMP0118,193,181
PR009729,2024-11-12,2,MC012,EMP0021,121,120
PR009730,2024-11-12,2,MC009,EMP0079,116,120
PR009731,2024-11-12,2,MC014,EMP0040,125,120
PR009732,2024-11-12,2,MC018,EMP0012,132,120
PR009733,2024-11-12,2,MC015,EMP0036,151,120
PR009734,2024-11-12,2,MC016,EMP0081,141,120
PR009735,2024-11-12,2,MC011,EMP0115,130,120
PR009736,2024-11-12,2,MC017,EMP0074,145,120
PR009737,2024-11-12,2,MC013,EMP0128,141,120
PR009738,2024-11-12,3,MC020,EMP0055,186,158
PR009739,2024-11-12,3,MC024,EMP0179,158,158
PR009740,2024-11-12,3,MC023,EMP0039,165,158
PR009741,2024-11-12,3,MC022,EMP0111,172,158
PR009742,2024-11-12,3,MC019,EMP0125,157,158
PR009743,2024-11-12,4,MC026,EMP0175,250,200
PR009744,2024-11-12,4,MC028,EMP0131,301,200
PR009745,2024-11-12,4,MC025,EMP0023,236,200
PR009746,2024-11-12,4,MC029,EMP0153,249,200
PR009747,2024-11-12,5,MC033,EMP0101,153,142
PR009748,2024-11-12,5,MC031,EMP0086,166,142
PR009749,2024-11-12,5,MC035,EMP0028,159,142
PR009750,2024-11-12,5,MC032,EMP0164,137,142
PR009751,2024-11-12,5,MC030,EMP0003,157,142
PR009752,2024-11-12,6,MC039,EMP0046,353,325
PR009753,2024-11-12,6,MC038,EMP0085,408,325
PR009754,2024-11-12,6,MC037,EMP0144,358,325
PR009755,2024-11-13,1,MC005,EMP0130,193,181
PR009756,2024-11-13,1,MC006,EMP0032,218,181
PR009757,2024-11-13,1,MC002,EMP0112,177,181
PR009758,2024-11-13,1,MC007,EMP0166,237,181
PR009759,2024-11-13,1,MC001,EMP0038,207,181
PR009760,2024-11-13,1,MC008,EMP0005,188,181
PR009761,2024-11-13,2,MC009,EMP0001,139,120
PR009762,2024-11-13,2,MC015,EMP0089,140,120
PR009763,2024-11-13,2,MC010,EMP0077,152,120
PR009764,2024-11-13,2,MC017,EMP0001,136,120
PR009765,2024-11-13,2,MC013,EMP0045,136,120
PR009766,2024-11-13,2,MC011,EMP0157,144,120
PR009767,2024-11-13,2,MC012,EMP0047,133,120
PR009768,2024-11-13,2,MC014,EMP0123,124,120
PR009769,2024-11-13,3,MC024,EMP0006,179,158
PR009770,2024-11-13,3,MC023,EMP0064,168,158
PR009771,2024-11-13,3,MC022,EMP0078,188,158
PR009772,2024-11-13,3,MC020,EMP0125,166,158
PR009773,2024-11-13,3,MC021,EMP0033,161,158
PR009774,2024-11-13,4,MC026,EMP0121,240,200
PR009775,2024-11-13,4,MC028,EMP0131,233,200
PR009776,2024-11-13,4,MC025,EMP0109,205,200
PR009777,2024-11-13,4,MC027,EMP0062,236,200
PR009778,2024-11-13,5,MC034,EMP0060,157,142
PR009779,2024-11-13,5,MC031,EMP0101,166,142
PR009780,2024-11-13,5,MC035,EMP0101,141,142
PR009781,2024-11-13,5,MC030,EMP0080,156,142
PR009782,2024-11-13,5,MC033,EMP0060,151,142
PR009783,2024-11-13,6,MC036,EMP0144,389,325
PR009784,2024-11-13,6,MC038,EMP0152,378,325
PR009785,2024-11-13,6,MC039,EMP0100,416,325
PR009786,2024-11-14,1,MC007,EMP0160,208,181
PR009787,2024-11-14,1,MC006,EMP0038,202,181
PR009788,2024-11-14,1,MC004,EMP0072,198,181
PR009789,2024-11-14,1,MC001,EMP0104,201,181
PR009790,2024-11-14,1,MC002,EMP0160,196,181
PR009791,2024-11-14,1,MC003,EMP0005,223,181
PR009792,2024-11-14,1,MC008,EMP0163,202,181
PR009793,2024-11-14,2,MC014,EMP0074,108,120
PR009794,2024-11-14,2,MC009,EMP0103,134,120
PR009795,2024-11-14,2,MC017,EMP0009,127,120
PR009796,2024-11-14,2,MC018,EMP0129,108,120
PR009797,2024-11-14,2,MC011,EMP0021,150,120
PR009798,2024-11-14,2,MC016,EMP0041,129,120
PR009799,2024-11-14,2,MC015,EMP0083,128,120
PR009800,2024-11-14,2,MC013,EMP0021,147,120
PR009801,2024-11-14,2,MC012,EMP0090,148,120
PR009802,2024-11-14,3,MC023,EMP0136,174,158
PR009803,2024-11-14,3,MC019,EMP0039,168,158
PR009804,2024-11-14,3,MC021,EMP0159,184,158
PR009805,2024-11-14,3,MC022,EMP0078,168,158
PR009806,2024-11-14,4,MC025,EMP0156,248,200
PR009807,2024-11-14,4,MC027,EMP0059,258,200
PR009808,2024-11-14,4,MC026,EMP0059,237,200
PR009809,2024-11-14,5,MC033,EMP0164,167,142
PR009810,2024-11-14,5,MC035,EMP0080,135,142
PR009811,2024-11-14,5,MC032,EMP0165,166,142
PR009812,2024-11-14,5,MC031,EMP0060,162,142
PR009813,2024-11-14,5,MC030,EMP0086,150,142
PR009814,2024-11-14,6,MC036,EMP0142,369,325
PR009815,2024-11-14,6,MC039,EMP0142,449,325
PR009816,2024-11-14,6,MC037,EMP0120,324,325
PR009817,2024-11-15,1,MC004,EMP0061,168,181
PR009818,2024-11-15,1,MC001,EMP0104,166,181
PR009819,2024-11-15,1,MC007,EMP0166,156,181
PR009820,2024-11-15,1,MC003,EMP0141,172,181
PR009821,2024-11-15,1,MC006,EMP0118,174,181
PR009822,2024-11-15,1,MC008,EMP0030,130,181
PR009823,2024-11-15,1,MC002,EMP0162,173,181
PR009824,2024-11-15,2,MC018,EMP0139,119,120
PR009825,2024-11-15,2,MC016,EMP0001,102,120
PR009826,2024-11-15,2,MC010,EMP0146,119,120
PR009827,2024-11-15,2,MC017,EMP0116,129,120
PR009828,2024-11-15,2,MC009,EMP0157,122,120
PR009829,2024-11-15,2,MC013,EMP0009,115,120
PR009830,2024-11-15,2,MC015,EMP0140,119,120
PR009831,2024-11-15,3,MC024,EMP0172,141,158
PR009832,2024-11-15,3,MC022,EMP0064,131,158
PR009833,2024-11-15,3,MC020,EMP0055,137,158
PR009834,2024-11-15,3,MC019,EMP0078,143,158
PR009835,2024-11-15,4,MC028,EMP0059,200,200
PR009836,2024-11-15,4,MC025,EMP0174,190,200
PR009837,2024-11-15,4,MC027,EMP0109,227,200
PR009838,2024-11-15,4,MC029,EMP0022,182,200
PR009839,2024-11-15,5,MC035,EMP0068,129,142
PR009840,2024-11-15,5,MC034,EMP0145,136,142
PR009841,2024-11-15,5,MC030,EMP0145,138,142
PR009842,2024-11-15,5,MC032,EMP0003,108,142
PR009843,2024-11-15,6,MC038,EMP0144,325,325
PR009844,2024-11-15,6,MC036,EMP0155,311,325
PR009845,2024-11-15,6,MC039,EMP0120,306,325
PR009846,2024-11-16,1,MC006,EMP0177,216,181
PR009847,2024-11-16,1,MC004,EMP0107,205,181
PR009848,2024-11-16,1,MC007,EMP0163,215,181
PR009849,2024-11-16,1,MC003,EMP0112,192,181
PR009850,2024-11-16,1,MC001,EMP0163,199,181
PR009851,2024-11-16,1,MC008,EMP0018,214,181
PR009852,2024-11-16,2,MC018,EMP0047,131,120
PR009853,2024-11-16,2,MC010,EMP0146,148,120
PR009854,2024-11-16,2,MC014,EMP0051,125,120
PR009855,2024-11-16,2,MC009,EMP0105,129,120
PR009856,2024-11-16,2,MC013,EMP0076,118,120
PR009857,2024-11-16,2,MC012,EMP0133,132,120
PR009858,2024-11-16,2,MC015,EMP0047,127,120
PR009859,2024-11-16,2,MC011,EMP0081,119,120
PR009860,2024-11-16,3,MC024,EMP0143,177,158
PR009861,2024-11-16,3,MC022,EMP0078,165,158
PR009862,2024-11-16,3,MC023,EMP0006,198,158
PR009863,2024-11-16,3,MC021,EMP0172,160,158
PR009864,2024-11-16,3,MC020,EMP0125,162,158
PR009865,2024-11-16,4,MC025,EMP0062,224,200
PR009866,2024-11-16,4,MC027,EMP0062,244,200
PR009867,2024-11-16,4,MC028,EMP0109,235,200
PR009868,2024-11-16,4,MC029,EMP0062,208,200
PR009869,2024-11-16,5,MC032,EMP0003,161,142
PR009870,2024-11-16,5,MC033,EMP0150,144,142
PR009871,2024-11-16,5,MC030,EMP0068,165,142
PR009872,2024-11-16,5,MC035,EMP0096,145,142
PR009873,2024-11-16,5,MC034,EMP0086,154,142
PR009874,2024-11-16,6,MC038,EMP0155,377,325
PR009875,2024-11-16,6,MC037,EMP0053,363,325
PR009876,2024-11-16,6,MC039,EMP0053,356,325
PR009877,2024-11-17,1,MC006,EMP0107,67,181
PR009878,2024-11-17,1,MC008,EMP0032,63,181
PR009879,2024-11-17,1,MC003,EMP0088,63,181
PR009880,2024-11-17,1,MC001,EMP0097,69,181
PR009881,2024-11-17,1,MC007,EMP0032,77,181
PR009882,2024-11-17,1,MC002,EMP0107,67,181
PR009883,2024-11-17,1,MC005,EMP0161,76,181
PR009884,2024-11-17,2,MC013,EMP0098,50,120
PR009885,2024-11-17,2,MC009,EMP0024,50,120
PR009886,2024-11-17,2,MC014,EMP0178,49,120
PR009887,2024-11-17,2,MC015,EMP0077,54,120
PR009888,2024-11-17,2,MC011,EMP0090,53,120
PR009889,2024-11-17,2,MC010,EMP0021,46,120
PR009890,2024-11-17,2,MC017,EMP0041,52,120
PR009891,2024-11-17,2,MC018,EMP0021,48,120
PR009892,2024-11-17,2,MC016,EMP0169,42,120
PR009893,2024-11-17,3,MC021,EMP0122,55,158
PR009894,2024-11-17,3,MC019,EMP0055,52,158
PR009895,2024-11-17,3,MC020,EMP0034,63,158
PR009896,2024-11-17,3,MC023,EMP0134,60,158
PR009897,2024-11-17,3,MC024,EMP0159,55,158
PR009898,2024-11-17,4,MC025,EMP0156,84,200
PR009899,2024-11-17,4,MC028,EMP0174,72,200
PR009900,2024-11-17,4,MC029,EMP0175,86,200
PR009901,2024-11-17,5,MC032,EMP0060,53,142
PR009902,2024-11-17,5,MC034,EMP0056,47,142
PR009903,2024-11-17,5,MC031,EMP0164,51,142
PR009904,2024-11-17,5,MC033,EMP0058,54,142
PR009905,2024-11-17,6,MC036,EMP0100,129,325
PR009906,2024-11-17,6,MC039,EMP0155,127,325
PR009907,2024-11-17,6,MC038,EMP0046,120,325
PR009908,2024-11-18,1,MC002,EMP0151,217,181
PR009909,2024-11-18,1,MC006,EMP0119,190,181
PR009910,2024-11-18,1,MC001,EMP0176,199,181
PR009911,2024-11-18,1,MC004,EMP0025,196,181
PR009912,2024-11-18,1,MC008,EMP0102,242,181
PR009913,2024-11-18,1,MC007,EMP0141,213,181
PR009914,2024-11-18,1,MC003,EMP0092,193,181
PR009915,2024-11-18,2,MC015,EMP0105,130,120
PR009916,2024-11-18,2,MC016,EMP0067,118,120
PR009917,2024-11-18,2,MC018,EMP0115,122,120
PR009918,2024-11-18,2,MC009,EMP0148,124,120
PR009919,2024-11-18,2,MC014,EMP0009,118,120
PR009920,2024-11-18,2,MC011,EMP0015,110,120
PR009921,2024-11-18,2,MC017,EMP0081,151,120
PR009922,2024-11-18,2,MC013,EMP0009,121,120
PR009923,2024-11-18,3,MC021,EMP0122,161,158
PR009924,2024-11-18,3,MC022,EMP0016,178,158
PR009925,2024-11-18,3,MC019,EMP0029,153,158
PR009926,2024-11-18,3,MC020,EMP0134,179,158
PR009927,2024-11-18,3,MC023,EMP0099,172,158
PR009928,2024-11-18,4,MC026,EMP0156,248,200
PR009929,2024-11-18,4,MC027,EMP0153,268,200
PR009930,2024-11-18,4,MC029,EMP0022,226,200
PR009931,2024-11-18,4,MC025,EMP0174,271,200
PR009932,2024-11-18,5,MC035,EMP0101,158,142
PR009933,2024-11-18,5,MC030,EMP0003,158,142
PR009934,2024-11-18,5,MC033,EMP0060,145,142
PR009935,2024-11-18,5,MC034,EMP0028,152,142
PR009936,2024-11-18,5,MC032,EMP0058,160,142
PR009937,2024-11-18,6,MC038,EMP0142,323,325
PR009938,2024-11-18,6,MC039,EMP0046,371,325
PR009939,2024-11-18,6,MC036,EMP0120,352,325
PR009940,2024-11-19,1,MC008,EMP0018,205,181
PR009941,2024-11-19,1,MC002,EMP0054,227,181
PR009942,2024-11-19,1,MC007,EMP0066,211,181
PR009943,2024-11-19,1,MC005,EMP0052,183,181
PR009944,2024-11-19,1,MC003,EMP0166,198,181
PR009945,2024-11-19,1,MC004,EMP0073,209,181
PR009946,2024-11-19,2,MC010,EMP0115,133,120
PR009947,2024-11-19,2,MC016,EMP0001,130,120
PR009948,2024-11-19,2,MC015,EMP0024,119,120
PR009949,2024-11-19,2,MC009,EMP0089,104,120
PR009950,2024-11-19,2,MC011,EMP0178,122,120
PR009951,2024-11-19,2,MC018,EMP0113,116,120
PR009952,2024-11-19,2,MC017,EMP0139,117,120
PR009953,2024-11-19,2,MC012,EMP0036,129,120
PR009954,2024-11-19,2,MC014,EMP0123,108,120
PR009955,2024-11-19,3,MC021,EMP0122,174,158
PR009956,2024-11-19,3,MC024,EMP0064,176,158
PR009957,2024-11-19,3,MC022,EMP0122,157,158
PR009958,2024-11-19,3,MC019,EMP0034,174,158
PR009959,2024-11-19,3,MC023,EMP0010,169,158
PR009960,2024-11-19,4,MC026,EMP0127,245,200
PR009961,2024-11-19,4,MC025,EMP0059,210,200
PR009962,2024-11-19,4,MC027,EMP0153,220,200
PR009963,2024-11-19,4,MC028,EMP0049,252,200
PR009964,2024-11-19,5,MC033,EMP0058,160,142
PR009965,2024-11-19,5,MC034,EMP0096,142,142
PR009966,2024-11-19,5,MC032,EMP0096,140,142
PR009967,2024-11-19,5,MC035,EMP0056,146,142
PR009968,2024-11-19,5,MC030,EMP0056,156,142
PR009969,2024-11-19,6,MC038,EMP0155,372,325
PR009970,2024-11-19,6,MC039,EMP0142,350,325
PR009971,2024-11-19,6,MC036,EMP0144,382,325
PR009972,2024-11-20,1,MC007,EMP0141,210,181
PR009973,2024-11-20,1,MC005,EMP0037,212,181
PR009974,2024-11-20,1,MC001,EMP0018,198,181
PR009975,2024-11-20,1,MC008,EMP0161,196,181
PR009976,2024-11-20,1,MC004,EMP0054,214,181
PR009977,2024-11-20,1,MC002,EMP0037,182,181
PR009978,2024-11-20,1,MC006,EMP0094,186,181
PR009979,2024-11-20,2,MC016,EMP0077,96,120
PR009980,2024-11-20,2,MC015,EMP0113,140,120
PR009981,2024-11-20,2,MC012,EMP0169,123,120
PR009982,2024-11-20,2,MC018,EMP0169,135,120
PR009983,2024-11-20,2,MC010,EMP0036,141,120
PR009984,2024-11-20,2,MC014,EMP0001,147,120
PR009985,2024-11-20,2,MC013,EMP0048,145,120
PR009986,2024-11-20,2,MC011,EMP0113,144,120
PR009987,2024-11-20,2,MC009,EMP0035,135,120
PR009988,2024-11-20,3,MC023,EMP0055,145,158
PR009989,2024-11-20,3,MC022,EMP0039,169,158
PR009990,2024-11-20,3,MC020,EMP0029,165,158
PR009991,2024-11-20,3,MC021,EMP0055,179,158
PR009992,2024-11-20,4,MC026,EMP0087,241,200
PR009993,2024-11-20,4,MC025,EMP0043,214,200
PR009994,2024-11-20,4,MC027,EMP0093,276,200
PR009995,2024-11-20,5,MC035,EMP0058,159,142
PR009996,2024-11-20,5,MC032,EMP0086,149,142
PR009997,2024-11-20,5,MC034,EMP0060,158,142
PR009998,2024-11-20,5,MC033,EMP0003,144,142
PR009999,2024-11-20,6,MC037,EMP0144,370,325
PR010000,2024-11-20,6,MC036,EMP0100,343,325
PR010001,2024-11-20,6,MC039,EMP0171,348,325
PR010002,2024-11-21,1,MC004,EMP0130,220,181
PR010003,2024-11-21,1,MC001,EMP0158,191,181
PR010004,2024-11-21,1,MC005,EMP0038,194,181
PR010005,2024-11-21,1,MC008,EMP0102,214,181
PR010006,2024-11-21,1,MC003,EMP0030,202,181
PR010007,2024-11-21,1,MC007,EMP0037,198,181
PR010008,2024-11-21,2,MC009,EMP0074,128,120
PR010009,2024-11-21,2,MC017,EMP0098,142,120
PR010010,2024-11-21,2,MC015,EMP0135,127,120
PR010011,2024-11-21,2,MC018,EMP0081,138,120
PR010012,2024-11-21,2,MC016,EMP0015,121,120
PR010013,2024-11-21,2,MC013,EMP0021,123,120
PR010014,2024-11-21,2,MC014,EMP0074,128,120
PR010015,2024-11-21,2,MC010,EMP0169,140,120
PR010016,2024-11-21,3,MC022,EMP0180,169,158
PR010017,2024-11-21,3,MC019,EMP0125,186,158
PR010018,2024-11-21,3,MC021,EMP0084,166,158
PR010019,2024-11-21,3,MC024,EMP0055,161,158
PR010020,2024-11-21,4,MC028,EMP0121,236,200
PR010021,2024-11-21,4,MC025,EMP0093,223,200
PR010022,2024-11-21,4,MC026,EMP0108,256,200
PR010023,2024-11-21,4,MC029,EMP0059,235,200
PR010024,2024-11-21,5,MC034,EMP0060,139,142
PR010025,2024-11-21,5,MC035,EMP0060,149,142
PR010026,2024-11-21,5,MC031,EMP0068,143,142
PR010027,2024-11-21,5,MC030,EMP0058,154,142
PR010028,2024-11-21,6,MC039,EMP0155,364,325
PR010029,2024-11-21,6,MC038,EMP0085,357,325
PR010030,2024-11-21,6,MC037,EMP0053,354,325
PR010031,2024-11-22,1,MC008,EMP0018,172,181
PR010032,2024-11-22,1,MC006,EMP0088,170,181
PR010033,2024-11-22,1,MC001,EMP0066,171,181
PR010034,2024-11-22,1,MC003,EMP0052,167,181
PR010035,2024-11-22,1,MC002,EMP0158,186,181
PR010036,2024-11-22,1,MC007,EMP0052,173,181
PR010037,2024-11-22,2,MC012,EMP0115,108,120
PR010038,2024-11-22,2,MC014,EMP0149,125,120
PR010039,2024-11-22,2,MC016,EMP0012,124,120
PR010040,2024-11-22,2,MC010,EMP0170,97,120
PR010041,2024-11-22,2,MC015,EMP0148,122,120
PR010042,2024-11-22,2,MC017,EMP0081,117,120
PR010043,2024-11-22,2,MC011,EMP0042,119,120
PR010044,2024-11-22,2,MC018,EMP0139,123,120
PR010045,2024-11-22,2,MC009,EMP0139,114,120
PR010046,2024-11-22,3,MC019,EMP0082,143,158
PR010047,2024-11-22,3,MC021,EMP0016,162,158
PR010048,2024-11-22,3,MC023,EMP0136,134,158
PR010049,2024-11-22,3,MC024,EMP0016,142,158
PR010050,2024-11-22,3,MC022,EMP0172,158,158
PR010051,2024-11-22,4,MC028,EMP0043,191,200
PR010052,2024-11-22,4,MC027,EMP0071,203,200
PR010053,2024-11-22,4,MC026,EMP0131,211,200
PR010054,2024-11-22,4,MC029,EMP0156,184,200
PR010055,2024-11-22,5,MC033,EMP0060,124,142
PR010056,2024-11-22,5,MC035,EMP0028,142,142
PR010057,2024-11-22,5,MC034,EMP0096,115,142
PR010058,2024-11-22,5,MC032,EMP0068,132,142
PR010059,2024-11-22,6,MC036,EMP0144,298,325
PR010060,2024-11-22,6,MC039,EMP0120,321,325
PR010061,2024-11-22,6,MC037,EMP0171,340,325
PR010062,2024-11-23,1,MC008,EMP0094,200,181
PR010063,2024-11-23,1,MC002,EMP0025,210,181
PR010064,2024-11-23,1,MC007,EMP0072,210,181
PR010065,2024-11-23,1,MC006,EMP0168,189,181
PR010066,2024-11-23,1,MC001,EMP0166,182,181
PR010067,2024-11-23,1,MC004,EMP0141,205,181
PR010068,2024-11-23,2,MC009,EMP0113,123,120
PR010069,2024-11-23,2,MC018,EMP0001,121,120
PR010070,2024-11-23,2,MC016,EMP0051,127,120
PR010071,2024-11-23,2,MC012,EMP0103,131,120
PR010072,2024-11-23,2,MC014,EMP0024,132,120
PR010073,2024-11-23,2,MC013,EMP0116,131,120
PR010074,2024-11-23,2,MC010,EMP0081,112,120
PR010075,2024-11-23,2,MC015,EMP0083,124,120
PR010076,2024-11-23,3,MC023,EMP0125,173,158
PR010077,2024-11-23,3,MC019,EMP0010,146,158
PR010078,2024-11-23,3,MC020,EMP0013,173,158
PR010079,2024-11-23,3,MC024,EMP0016,167,158
PR010080,2024-11-23,3,MC021,EMP0134,178,158
PR010081,2024-11-23,4,MC028,EMP0062,228,200
PR010082,2024-11-23,4,MC025,EMP0154,238,200
PR010083,2024-11-23,4,MC027,EMP0153,267,200
PR010084,2024-11-23,4,MC026,EMP0174,242,200
PR010085,2024-11-23,5,MC034,EMP0145,168,142
PR010086,2024-11-23,5,MC030,EMP0003,149,142
PR010087,2024-11-23,5,MC031,EMP0003,151,142
PR010088,2024-11-23,5,MC032,EMP0003,161,142
PR010089,2024-11-23,5,MC033,EMP0080,152,142
PR010090,2024-11-23,6,MC039,EMP0152,375,325
PR010091,2024-11-23,6,MC038,EMP0085,394,325
PR010092,2024-11-23,6,MC037,EMP0155,412,325
PR010093,2024-11-24,1,MC008,EMP0094,81,181
PR010094,2024-11-24,1,MC003,EMP0110,69,181
PR010095,2024-11-24,1,MC002,EMP0052,67,181
PR010096,2024-11-24,1,MC004,EMP0092,57,181
PR010097,2024-11-24,1,MC006,EMP0072,64,181
PR010098,2024-11-24,1,MC001,EMP0057,68,181
PR010099,2024-11-24,1,MC007,EMP0017,67,181
PR010100,2024-11-24,2,MC018,EMP0135,44,120
PR010101,2024-11-24,2,MC017,EMP0103,48,120
PR010102,2024-11-24,2,MC016,EMP0031,52,120
PR010103,2024-11-24,2,MC013,EMP0095,48,120
PR010104,2024-11-24,2,MC009,EMP0077,42,120
PR010105,2024-11-24,2,MC014,EMP0098,53,120
PR010106,2024-11-24,2,MC010,EMP0089,46,120
PR010107,2024-11-24,2,MC011,EMP0067,44,120
PR010108,2024-11-24,2,MC015,EMP0024,47,120
PR010109,2024-11-24,3,MC023,EMP0033,55,158
PR010110,2024-11-24,3,MC022,EMP0055,59,158
PR010111,2024-11-24,3,MC019,EMP0055,63,158
PR010112,2024-11-24,3,MC020,EMP0122,57,158
PR010113,2024-11-24,3,MC021,EMP0099,66,158
PR010114,2024-11-24,4,MC026,EMP0174,92,200
PR010115,2024-11-24,4,MC029,EMP0154,83,200
PR010116,2024-11-24,4,MC027,EMP0108,88,200
PR010117,2024-11-24,4,MC025,EMP0002,86,200
PR010118,2024-11-24,5,MC032,EMP0058,55,142
PR010119,2024-11-24,5,MC033,EMP0080,55,142
PR010120,2024-11-24,5,MC030,EMP0096,52,142
PR010121,2024-11-24,5,MC034,EMP0086,50,142
PR010122,2024-11-24,5,MC031,EMP0028,55,142
PR010123,2024-11-24,6,MC039,EMP0065,126,325
PR010124,2024-11-24,6,MC036,EMP0046,123,325
PR010125,2024-11-24,6,MC038,EMP0120,125,325
PR010126,2024-11-25,1,MC007,EMP0126,169,181
PR010127,2024-11-25,1,MC003,EMP0141,194,181
PR010128,2024-11-25,1,MC006,EMP0102,223,181
PR010129,2024-11-25,1,MC005,EMP0137,200,181
PR010130,2024-11-25,1,MC002,EMP0137,215,181
PR010131,2024-11-25,1,MC008,EMP0073,207,181
PR010132,2024-11-25,2,MC015,EMP0048,140,120
PR010133,2024-11-25,2,MC018,EMP0031,131,120
PR010134,2024-11-25,2,MC011,EMP0146,132,120
PR010135,2024-11-25,2,MC009,EMP0015,139,120
PR010136,2024-11-25,2,MC016,EMP0048,131,120
PR010137,2024-11-25,2,MC014,EMP0090,128,120
PR010138,2024-11-25,2,MC012,EMP0048,124,120
PR010139,2024-11-25,2,MC010,EMP0015,149,120
PR010140,2024-11-25,2,MC017,EMP0095,121,120
PR010141,2024-11-25,3,MC021,EMP0064,162,158
PR010142,2024-11-25,3,MC023,EMP0125,165,158
PR010143,2024-11-25,3,MC019,EMP0055,168,158
PR010144,2024-11-25,3,MC024,EMP0029,167,158
PR010145,2024-11-25,3,MC020,EMP0016,161,158
PR010146,2024-11-25,4,MC029,EMP0049,267,200
PR010147,2024-11-25,4,MC025,EMP0022,257,200
PR010148,2024-11-25,4,MC026,EMP0154,226,200
PR010149,2024-11-25,5,MC035,EMP0058,163,142
PR010150,2024-11-25,5,MC031,EMP0101,144,142
PR010151,2024-11-25,5,MC033,EMP0165,140,142
PR010152,2024-11-25,5,MC034,EMP0060,140,142
PR010153,2024-11-25,5,MC032,EMP0164,155,142
PR010154,2024-11-25,6,MC037,EMP0053,390,325
PR010155,2024-11-25,6,MC039,EMP0144,392,325
PR010156,2024-11-25,6,MC036,EMP0085,289,325
PR010157,2024-11-26,1,MC008,EMP0032,209,181
PR010158,2024-11-26,1,MC006,EMP0118,196,181
PR010159,2024-11-26,1,MC003,EMP0166,206,181
PR010160,2024-11-26,1,MC002,EMP0102,187,181
PR010161,2024-11-26,1,MC004,EMP0092,205,181
PR010162,2024-11-26,1,MC001,EMP0032,204,181
PR010163,2024-11-26,2,MC014,EMP0024,130,120
PR010164,2024-11-26,2,MC009,EMP0076,140,120
PR010165,2024-11-26,2,MC015,EMP0113,135,120
PR010166,2024-11-26,2,MC013,EMP0041,139,120
PR010167,2024-11-26,2,MC012,EMP0116,129,120
PR010168,2024-11-26,2,MC016,EMP0103,136,120
PR010169,2024-11-26,2,MC010,EMP0117,125,120
PR010170,2024-11-26,2,MC018,EMP0031,137,120
PR010171,2024-11-26,2,MC017,EMP0040,142,120
PR010172,2024-11-26,3,MC020,EMP0034,154,158
PR010173,2024-11-26,3,MC023,EMP0180,180,158
PR010174,2024-11-26,3,MC019,EMP0013,177,158
PR010175,2024-11-26,3,MC021,EMP0122,189,158
PR010176,2024-11-26,3,MC022,EMP0034,183,158
PR010177,2024-11-26,4,MC029,EMP0131,260,200
PR010178,2024-11-26,4,MC027,EMP0174,243,200
PR010179,2024-11-26,4,MC028,EMP0011,299,200
PR010180,2024-11-26,4,MC025,EMP0050,245,200
PR010181,2024-11-26,5,MC031,EMP0068,155,142
PR010182,2024-11-26,5,MC032,EMP0145,167,142
PR010183,2024-11-26,5,MC033,EMP0096,157,142
PR010184,2024-11-26,5,MC034,EMP0165,158,142
PR010185,2024-11-26,6,MC038,EMP0100,382,325
PR010186,2024-11-26,6,MC037,EMP0100,389,325
PR010187,2024-11-26,6,MC036,EMP0144,370,325
PR010188,2024-11-27,1,MC008,EMP0037,232,181
PR010189,2024-11-27,1,MC005,EMP0162,228,181
PR010190,2024-11-27,1,MC007,EMP0160,191,181
PR010191,2024-11-27,1,MC002,EMP0072,197,181
PR010192,2024-11-27,1,MC001,EMP0018,206,181
PR010193,2024-11-27,1,MC004,EMP0126,196,181
PR010194,2024-11-27,2,MC013,EMP0027,125,120
PR010195,2024-11-27,2,MC014,EMP0020,138,120
PR010196,2024-11-27,2,MC017,EMP0105,114,120
PR010197,2024-11-27,2,MC016,EMP0148,120,120
PR010198,2024-11-27,2,MC010,EMP0083,134,120
PR010199,2024-11-27,2,MC011,EMP0170,144,120
PR010200,2024-11-27,2,MC012,EMP0138,128,120
PR010201,2024-11-27,2,MC018,EMP0051,134,120
PR010202,2024-11-27,2,MC009,EMP0083,130,120
PR010203,2024-11-27,3,MC023,EMP0122,190,158
PR010204,2024-11-27,3,MC021,EMP0134,148,158
PR010205,2024-11-27,3,MC020,EMP0125,172,158
PR010206,2024-11-27,3,MC024,EMP0084,177,158
PR010207,2024-11-27,3,MC019,EMP0016,192,158
PR010208,2024-11-27,4,MC025,EMP0093,236,200
PR010209,2024-11-27,4,MC029,EMP0131,247,200
PR010210,2024-11-27,4,MC027,EMP0093,237,200
PR010211,2024-11-27,4,MC028,EMP0153,227,200
PR010212,2024-11-27,5,MC030,EMP0080,146,142
PR010213,2024-11-27,5,MC034,EMP0003,166,142
PR010214,2024-11-27,5,MC032,EMP0028,167,142
PR010215,2024-11-27,5,MC031,EMP0028,146,142
PR010216,2024-11-27,6,MC038,EMP0155,380,325
PR010217,2024-11-27,6,MC039,EMP0046,358,325
PR010218,2024-11-27,6,MC037,EMP0046,385,325
PR010219,2024-11-28,1,MC002,EMP0137,209,181
PR010220,2024-11-28,1,MC007,EMP0160,230,181
PR010221,2024-11-28,1,MC008,EMP0141,202,181
PR010222,2024-11-28,1,MC006,EMP0057,188,181
PR010223,2024-11-28,1,MC003,EMP0119,195,181
PR010224,2024-11-28,1,MC004,EMP0025,214,181
PR010225,2024-11-28,1,MC005,EMP0072,192,181
PR010226,2024-11-28,2,MC013,EMP0114,152,120
PR010227,2024-11-28,2,MC014,EMP0103,130,120
PR010228,2024-11-28,2,MC018,EMP0083,114,120
PR010229,2024-11-28,2,MC015,EMP0129,141,120
PR010230,2024-11-28,2,MC011,EMP0070,125,120
PR010231,2024-11-28,2,MC012,EMP0021,138,120
PR010232,2024-11-28,2,MC009,EMP0051,129,120
PR010233,2024-11-28,2,MC016,EMP0139,143,120
PR010234,2024-11-28,3,MC021,EMP0016,182,158
PR010235,2024-11-28,3,MC024,EMP0084,178,158
PR010236,2024-11-28,3,MC023,EMP0039,162,158
PR010237,2024-11-28,3,MC022,EMP0082,164,158
PR010238,2024-11-28,4,MC025,EMP0022,224,200
PR010239,2024-11-28,4,MC029,EMP0132,259,200
PR010240,2024-11-28,4,MC027,EMP0153,216,200
PR010241,2024-11-28,4,MC028,EMP0154,223,200
PR010242,2024-11-28,5,MC035,EMP0145,153,142
PR010243,2024-11-28,5,MC033,EMP0165,152,142
PR010244,2024-11-28,5,MC030,EMP0145,157,142
PR010245,2024-11-28,5,MC034,EMP0145,145,142
PR010246,2024-11-28,5,MC032,EMP0150,151,142
PR010247,2024-11-28,6,MC036,EMP0144,355,325
PR010248,2024-11-28,6,MC038,EMP0144,357,325
PR010249,2024-11-28,6,MC039,EMP0085,389,325
PR010250,2024-11-29,1,MC004,EMP0112,190,181
PR010251,2024-11-29,1,MC001,EMP0030,169,181
PR010252,2024-11-29,1,MC003,EMP0151,157,181
PR010253,2024-11-29,1,MC002,EMP0091,173,181
PR010254,2024-11-29,1,MC007,EMP0137,187,181
PR010255,2024-11-29,1,MC008,EMP0030,178,181
PR010256,2024-11-29,1,MC006,EMP0166,169,181
PR010257,2024-11-29,2,MC016,EMP0040,102,120
PR010258,2024-11-29,2,MC011,EMP0012,113,120
PR010259,2024-11-29,2,MC010,EMP0074,110,120
PR010260,2024-11-29,2,MC009,EMP0116,110,120
PR010261,2024-11-29,2,MC015,EMP0063,119,120
PR010262,2024-11-29,2,MC014,EMP0148,103,120
PR010263,2024-11-29,2,MC017,EMP0027,114,120
PR010264,2024-11-29,2,MC018,EMP0147,118,120
PR010265,2024-11-29,3,MC024,EMP0172,135,158
PR010266,2024-11-29,3,MC020,EMP0016,167,158
PR010267,2024-11-29,3,MC023,EMP0033,134,158
PR010268,2024-11-29,3,MC021,EMP0143,154,158
PR010269,2024-11-29,3,MC022,EMP0099,158,158
PR010270,2024-11-29,4,MC026,EMP0108,213,200
PR010271,2024-11-29,4,MC028,EMP0175,192,200
PR010272,2024-11-29,4,MC025,EMP0132,193,200
PR010273,2024-11-29,4,MC029,EMP0109,224,200
PR010274,2024-11-29,5,MC032,EMP0058,116,142
PR010275,2024-11-29,5,MC035,EMP0145,148,142
PR010276,2024-11-29,5,MC034,EMP0096,132,142
PR010277,2024-11-29,5,MC033,EMP0058,143,142
PR010278,2024-11-29,5,MC031,EMP0056,141,142
PR010279,2024-11-29,6,MC036,EMP0152,315,325
PR010280,2024-11-29,6,MC038,EMP0065,280,325
PR010281,2024-11-29,6,MC039,EMP0120,317,325
PR010282,2024-11-30,1,MC005,EMP0075,163,181
PR010283,2024-11-30,1,MC006,EMP0126,205,181
PR010284,2024-11-30,1,MC001,EMP0017,232,181
PR010285,2024-11-30,1,MC002,EMP0163,190,181
PR010286,2024-11-30,1,MC003,EMP0112,196,181
PR010287,2024-11-30,1,MC004,EMP0038,212,181
PR010288,2024-11-30,1,MC008,EMP0102,192,181
PR010289,2024-11-30,2,MC016,EMP0067,148,120
PR010290,2024-11-30,2,MC013,EMP0067,117,120
PR010291,2024-11-30,2,MC010,EMP0026,110,120
PR010292,2024-11-30,2,MC012,EMP0115,129,120
PR010293,2024-11-30,2,MC011,EMP0135,128,120
PR010294,2024-11-30,2,MC015,EMP0048,123,120
PR010295,2024-11-30,2,MC009,EMP0041,132,120
PR010296,2024-11-30,2,MC017,EMP0035,132,120
PR010297,2024-11-30,2,MC018,EMP0140,129,120
PR010298,2024-11-30,3,MC022,EMP0078,166,158
PR010299,2024-11-30,3,MC021,EMP0006,176,158
PR010300,2024-11-30,3,MC019,EMP0172,159,158
PR010301,2024-11-30,3,MC023,EMP0159,186,158
PR010302,2024-11-30,3,MC020,EMP0082,160,158
PR010303,2024-11-30,4,MC028,EMP0121,274,200
PR010304,2024-11-30,4,MC025,EMP0127,198,200
PR010305,2024-11-30,4,MC027,EMP0049,269,200
PR010306,2024-11-30,4,MC029,EMP0153,254,200
PR010307,2024-11-30,5,MC031,EMP0165,159,142
PR010308,2024-11-30,5,MC030,EMP0003,147,142
PR010309,2024-11-30,5,MC035,EMP0080,166,142
PR010310,2024-11-30,5,MC032,EMP0056,131,142
PR010311,2024-11-30,6,MC036,EMP0065,407,325
PR010312,2024-11-30,6,MC039,EMP0100,386,325
PR010313,2024-11-30,6,MC038,EMP0171,374,325
PR010314,2024-12-01,1,MC001,EMP0167,63,181
PR010315,2024-12-01,1,MC008,EMP0119,60,181
PR010316,2024-12-01,1,MC002,EMP0118,65,181
PR010317,2024-12-01,1,MC004,EMP0075,68,181
PR010318,2024-12-01,1,MC005,EMP0073,63,181
PR010319,2024-12-01,1,MC003,EMP0037,67,181
PR010320,2024-12-01,1,MC007,EMP0025,63,181
PR010321,2024-12-01,2,MC015,EMP0047,41,120
PR010322,2024-12-01,2,MC018,EMP0105,41,120
PR010323,2024-12-01,2,MC012,EMP0004,38,120
PR010324,2024-12-01,2,MC014,EMP0081,43,120
PR010325,2024-12-01,2,MC010,EMP0048,37,120
PR010326,2024-12-01,2,MC011,EMP0042,36,120
PR010327,2024-12-01,2,MC013,EMP0026,42,120
PR010328,2024-12-01,3,MC019,EMP0172,48,158
PR010329,2024-12-01,3,MC022,EMP0039,53,158
PR010330,2024-12-01,3,MC021,EMP0143,57,158
PR010331,2024-12-01,3,MC024,EMP0033,48,158
PR010332,2024-12-01,4,MC025,EMP0014,68,200
PR010333,2024-12-01,4,MC027,EMP0050,69,200
PR010334,2024-12-01,4,MC026,EMP0062,60,200
PR010335,2024-12-01,5,MC035,EMP0150,49,142
PR010336,2024-12-01,5,MC032,EMP0150,50,142
PR010337,2024-12-01,5,MC031,EMP0096,45,142
PR010338,2024-12-01,5,MC030,EMP0164,46,142
PR010339,2024-12-01,5,MC033,EMP0086,49,142
PR010340,2024-12-01,6,MC039,EMP0144,125,325
PR010341,2024-12-01,6,MC036,EMP0171,105,325
PR010342,2024-12-01,6,MC038,EMP0120,126,325
PR010343,2024-12-02,1,MC005,EMP0066,194,181
PR010344,2024-12-02,1,MC004,EMP0158,179,181
PR010345,2024-12-02,1,MC006,EMP0102,194,181
PR010346,2024-12-02,1,MC003,EMP0007,170,181
PR010347,2024-12-02,1,MC008,EMP0168,166,181
PR010348,2024-12-02,1,MC007,EMP0119,173,181
PR010349,2024-12-02,1,MC002,EMP0167,176,181
PR010350,2024-12-02,2,MC012,EMP0048,121,120
PR010351,2024-12-02,2,MC011,EMP0027,109,120
PR010352,2024-12-02,2,MC015,EMP0157,111,120
PR010353,2024-12-02,2,MC014,EMP0045,106,120
PR010354,2024-12-02,2,MC018,EMP0117,130,120
PR010355,2024-12-02,2,MC013,EMP0081,114,120
PR010356,2024-12-02,2,MC017,EMP0031,117,120
PR010357,2024-12-02,2,MC016,EMP0095,129,120
PR010358,2024-12-02,2,MC010,EMP0051,110,120
PR010359,2024-12-02,3,MC023,EMP0016,132,158
PR010360,2024-12-02,3,MC022,EMP0099,156,158
PR010361,2024-12-02,3,MC024,EMP0122,157,158
PR010362,2024-12-02,3,MC019,EMP0122,144,158
PR010363,2024-12-02,3,MC020,EMP0006,125,158
PR010364,2024-12-02,4,MC026,EMP0019,201,200
PR010365,2024-12-02,4,MC029,EMP0014,204,200
PR010366,2024-12-02,4,MC025,EMP0132,242,200
PR010367,2024-12-02,4,MC027,EMP0175,196,200
PR010368,2024-12-02,5,MC034,EMP0003,138,142
PR010369,2024-12-02,5,MC030,EMP0028,135,142
PR010370,2024-12-02,5,MC035,EMP0068,139,142
PR010371,2024-12-02,5,MC032,EMP0080,135,142
PR010372,2024-12-02,6,MC039,EMP0171,348,325
PR010373,2024-12-02,6,MC036,EMP0155,306,325
PR010374,2024-12-02,6,MC037,EMP0142,345,325
PR010375,2024-12-03,1,MC003,EMP0054,188,181
PR010376,2024-12-03,1,MC004,EMP0160,181,181
PR010377,2024-12-03,1,MC005,EMP0126,172,181
PR010378,2024-12-03,1,MC006,EMP0057,186,181
PR010379,2024-12-03,1,MC002,EMP0066,170,181
PR010380,2024-12-03,1,MC007,EMP0166,166,181
PR010381,2024-12-03,2,MC014,EMP0020,118,120
PR010382,2024-12-03,2,MC017,EMP0170,106,120
PR010383,2024-12-03,2,MC018,EMP0036,125,120
PR010384,2024-12-03,2,MC009,EMP0114,107,120
PR010385,2024-12-03,2,MC012,EMP0103,110,120
PR010386,2024-12-03,2,MC016,EMP0105,109,120
PR010387,2024-12-03,2,MC011,EMP0079,110,120
PR010388,2024-12-03,2,MC015,EMP0115,107,120
PR010389,2024-12-03,2,MC010,EMP0077,113,120
PR010390,2024-12-03,3,MC020,EMP0124,151,158
PR010391,2024-12-03,3,MC023,EMP0124,133,158
PR010392,2024-12-03,3,MC024,EMP0143,146,158
PR010393,2024-12-03,3,MC021,EMP0029,157,158
PR010394,2024-12-03,3,MC022,EMP0124,138,158
PR010395,2024-12-03,4,MC028,EMP0014,215,200
PR010396,2024-12-03,4,MC027,EMP0121,242,200
PR010397,2024-12-03,4,MC025,EMP0011,209,200
PR010398,2024-12-03,4,MC029,EMP0108,186,200
PR010399,2024-12-03,5,MC033,EMP0165,144,142
PR010400,2024-12-03,5,MC035,EMP0165,125,142
PR010401,2024-12-03,5,MC032,EMP0060,126,142
PR010402,2024-12-03,5,MC034,EMP0068,139,142
PR010403,2024-12-03,6,MC036,EMP0085,337,325
PR010404,2024-12-03,6,MC038,EMP0046,298,325
PR010405,2024-12-03,6,MC039,EMP0053,326,325
PR010406,2024-12-04,1,MC001,EMP0104,188,181
PR010407,2024-12-04,1,MC007,EMP0066,176,181
PR010408,2024-12-04,1,MC002,EMP0160,149,181
PR010409,2024-12-04,1,MC006,EMP0092,183,181
PR010410,2024-12-04,1,MC008,EMP0018,160,181
PR010411,2024-12-04,1,MC004,EMP0163,184,181
PR010412,2024-12-04,1,MC005,EMP0097,174,181
PR010413,2024-12-04,2,MC013,EMP0173,99,120
PR010414,2024-12-04,2,MC009,EMP0178,131,120
PR010415,2024-12-04,2,MC011,EMP0148,113,120
PR010416,2024-12-04,2,MC015,EMP0024,109,120
PR010417,2024-12-04,2,MC012,EMP0040,123,120
PR010418,2024-12-04,2,MC010,EMP0070,117,120
PR010419,2024-12-04,2,MC014,EMP0036,119,120
PR010420,2024-12-04,2,MC018,EMP0036,110,120
PR010421,2024-12-04,2,MC017,EMP0148,122,120
PR010422,2024-12-04,3,MC024,EMP0136,136,158
PR010423,2024-12-04,3,MC023,EMP0122,142,158
PR010424,2024-12-04,3,MC021,EMP0069,153,158
PR010425,2024-12-04,3,MC022,EMP0122,153,158
PR010426,2024-12-04,4,MC026,EMP0093,172,200
PR010427,2024-12-04,4,MC025,EMP0071,212,200
PR010428,2024-12-04,4,MC029,EMP0062,219,200
PR010429,2024-12-04,4,MC028,EMP0071,189,200
PR010430,2024-12-04,5,MC030,EMP0080,140,142
PR010431,2024-12-04,5,MC033,EMP0028,138,142
PR010432,2024-12-04,5,MC035,EMP0068,146,142
PR010433,2024-12-04,5,MC032,EMP0068,141,142
PR010434,2024-12-04,5,MC034,EMP0058,135,142
PR010435,2024-12-04,6,MC039,EMP0155,293,325
PR010436,2024-12-04,6,MC038,EMP0065,333,325
PR010437,2024-12-04,6,MC037,EMP0152,309,325
PR010438,2024-12-05,1,MC008,EMP0066,162,181
PR010439,2024-12-05,1,MC002,EMP0061,162,181
PR010440,2024-12-05,1,MC007,EMP0088,177,181
PR010441,2024-12-05,1,MC004,EMP0160,153,181
PR010442,2024-12-05,1,MC001,EMP0162,176,181
PR010443,2024-12-05,1,MC003,EMP0018,189,181
PR010444,2024-12-05,2,MC017,EMP0012,126,120
PR010445,2024-12-05,2,MC009,EMP0123,135,120
PR010446,2024-12-05,2,MC010,EMP0077,128,120
PR010447,2024-12-05,2,MC013,EMP0040,107,120
PR010448,2024-12-05,2,MC018,EMP0012,121,120
PR010449,2024-12-05,2,MC014,EMP0076,97,120
PR010450,2024-12-05,2,MC011,EMP0113,102,120
PR010451,2024-12-05,2,MC016,EMP0021,120,120
PR010452,2024-12-05,3,MC024,EMP0136,151,158
PR010453,2024-12-05,3,MC023,EMP0159,152,158
PR010454,2024-12-05,3,MC019,EMP0124,144,158
PR010455,2024-12-05,3,MC021,EMP0082,148,158
PR010456,2024-12-05,3,MC020,EMP0159,140,158
PR010457,2024-12-05,4,MC025,EMP0011,225,200
PR010458,2024-12-05,4,MC026,EMP0109,187,200
PR010459,2024-12-05,4,MC028,EMP0071,216,200
PR010460,2024-12-05,4,MC029,EMP0108,228,200
PR010461,2024-12-05,5,MC034,EMP0060,142,142
PR010462,2024-12-05,5,MC033,EMP0101,127,142
PR010463,2024-12-05,5,MC035,EMP0056,128,142
PR010464,2024-12-05,5,MC030,EMP0165,143,142
PR010465,2024-12-05,5,MC031,EMP0164,126,142
PR010466,2024-12-05,6,MC038,EMP0144,371,325
PR010467,2024-12-05,6,MC039,EMP0120,354,325
PR010468,2024-12-05,6,MC036,EMP0046,360,325
PR010469,2024-12-06,1,MC008,EMP0052,173,181
PR010470,2024-12-06,1,MC004,EMP0092,159,181
PR010471,2024-12-06,1,MC005,EMP0130,135,181
PR010472,2024-12-06,1,MC002,EMP0112,144,181
PR010473,2024-12-06,1,MC006,EMP0161,157,181
PR010474,2024-12-06,1,MC003,EMP0118,159,181
PR010475,2024-12-06,1,MC007,EMP0075,159,181
PR010476,2024-12-06,2,MC010,EMP0129,92,120
PR010477,2024-12-06,2,MC011,EMP0148,102,120
PR010478,2024-12-06,2,MC018,EMP0133,93,120
PR010479,2024-12-06,2,MC015,EMP0026,100,120
PR010480,2024-12-06,2,MC012,EMP0103,91,120
PR010481,2024-12-06,2,MC017,EMP0139,95,120
PR010482,2024-12-06,2,MC014,EMP0105,93,120
PR010483,2024-12-06,3,MC019,EMP0134,131,158
PR010484,2024-12-06,3,MC024,EMP0172,136,158
PR010485,2024-12-06,3,MC020,EMP0034,126,158
PR010486,2024-12-06,3,MC022,EMP0159,95,158
PR010487,2024-12-06,3,MC023,EMP0069,134,158
PR010488,2024-12-06,4,MC027,EMP0153,203,200
PR010489,2024-12-06,4,MC026,EMP0174,166,200
PR010490,2024-12-06,4,MC028,EMP0002,185,200
PR010491,2024-12-06,4,MC025,EMP0022,195,200
PR010492,2024-12-06,5,MC034,EMP0058,119,142
PR010493,2024-12-06,5,MC032,EMP0003,113,142
PR010494,2024-12-06,5,MC030,EMP0056,116,142
PR010495,2024-12-06,5,MC031,EMP0028,128,142
PR010496,2024-12-06,6,MC039,EMP0085,294,325
PR010497,2024-12-06,6,MC037,EMP0144,277,325
PR010498,2024-12-06,6,MC036,EMP0065,237,325
PR010499,2024-12-07,1,MC007,EMP0038,162,181
PR010500,2024-12-07,1,MC005,EMP0032,175,181
PR010501,2024-12-07,1,MC008,EMP0158,181,181
PR010502,2024-12-07,1,MC002,EMP0177,184,181
PR010503,2024-12-07,1,MC003,EMP0030,223,181
PR010504,2024-12-07,1,MC004,EMP0167,188,181
PR010505,2024-12-07,2,MC014,EMP0047,113,120
PR010506,2024-12-07,2,MC011,EMP0147,111,120
PR010507,2024-12-07,2,MC016,EMP0024,121,120
PR010508,2024-12-07,2,MC017,EMP0083,104,120
PR010509,2024-12-07,2,MC018,EMP0147,122,120
PR010510,2024-12-07,2,MC009,EMP0004,108,120
PR010511,2024-12-07,2,MC015,EMP0173,112,120
PR010512,2024-12-07,2,MC012,EMP0149,126,120
PR010513,2024-12-07,2,MC010,EMP0098,119,120
PR010514,2024-12-07,3,MC020,EMP0006,164,158
PR010515,2024-12-07,3,MC023,EMP0029,122,158
PR010516,2024-12-07,3,MC019,EMP0099,144,158
PR010517,2024-12-07,3,MC021,EMP0064,155,158
PR010518,2024-12-07,3,MC022,EMP0055,144,158
PR010519,2024-12-07,4,MC029,EMP0022,177,200
PR010520,2024-12-07,4,MC028,EMP0014,245,200
PR010521,2024-12-07,4,MC025,EMP0132,200,200
PR010522,2024-12-07,4,MC027,EMP0043,225,200
PR010523,2024-12-07,5,MC034,EMP0165,132,142
PR010524,2024-12-07,5,MC031,EMP0150,143,142
PR010525,2024-12-07,5,MC035,EMP0028,127,142
PR010526,2024-12-07,5,MC030,EMP0080,127,142
PR010527,2024-12-07,6,MC039,EMP0100,350,325
PR010528,2024-12-07,6,MC037,EMP0171,343,325
PR010529,2024-12-07,6,MC038,EMP0053,304,325
PR010530,2024-12-08,1,MC007,EMP0163,58,181
PR010531,2024-12-08,1,MC004,EMP0018,60,181
PR010532,2024-12-08,1,MC005,EMP0097,52,181
PR010533,2024-12-08,1,MC003,EMP0017,66,181
PR010534,2024-12-08,1,MC001,EMP0151,64,181
PR010535,2024-12-08,1,MC002,EMP0141,59,181
PR010536,2024-12-08,2,MC013,EMP0123,39,120
PR010537,2024-12-08,2,MC012,EMP0045,37,120
PR010538,2024-12-08,2,MC009,EMP0051,39,120
PR010539,2024-12-08,2,MC011,EMP0070,38,120
PR010540,2024-12-08,2,MC010,EMP0041,40,120
PR010541,2024-12-08,2,MC018,EMP0026,38,120
PR010542,2024-12-08,2,MC017,EMP0113,37,120
PR010543,2024-12-08,2,MC014,EMP0138,38,120
PR010544,2024-12-08,2,MC015,EMP0139,40,120
PR010545,2024-12-08,3,MC023,EMP0180,58,158
PR010546,2024-12-08,3,MC020,EMP0179,52,158
PR010547,2024-12-08,3,MC024,EMP0016,56,158
PR010548,2024-12-08,3,MC021,EMP0084,48,158
PR010549,2024-12-08,4,MC029,EMP0154,66,200
PR010550,2024-12-08,4,MC027,EMP0059,70,200
PR010551,2024-12-08,4,MC025,EMP0023,74,200
PR010552,2024-12-08,4,MC026,EMP0109,66,200
PR010553,2024-12-08,5,MC031,EMP0060,46,142
PR010554,2024-12-08,5,MC030,EMP0145,47,142
PR010555,2024-12-08,5,MC034,EMP0150,45,142
PR010556,2024-12-08,5,MC033,EMP0058,47,142
PR010557,2024-12-08,5,MC032,EMP0056,48,142
PR010558,2024-12-08,6,MC038,EMP0100,124,325
PR010559,2024-12-08,6,MC036,EMP0155,126,325
PR010560,2024-12-08,6,MC037,EMP0120,108,325
PR010561,2024-12-09,1,MC003,EMP0130,151,181
PR010562,2024-12-09,1,MC004,EMP0061,183,181
PR010563,2024-12-09,1,MC007,EMP0018,150,181
PR010564,2024-12-09,1,MC006,EMP0061,148,181
PR010565,2024-12-09,1,MC001,EMP0025,163,181
PR010566,2024-12-09,1,MC005,EMP0005,181,181
PR010567,2024-12-09,2,MC015,EMP0024,106,120
PR010568,2024-12-09,2,MC013,EMP0105,114,120
PR010569,2024-12-09,2,MC011,EMP0133,120,120
PR010570,2024-12-09,2,MC012,EMP0098,109,120
PR010571,2024-12-09,2,MC016,EMP0077,104,120
PR010572,2024-12-09,2,MC010,EMP0041,116,120
PR010573,2024-12-09,2,MC018,EMP0103,106,120
PR010574,2024-12-09,2,MC017,EMP0067,106,120
PR010575,2024-12-09,3,MC020,EMP0013,161,158
PR010576,2024-12-09,3,MC019,EMP0159,156,158
PR010577,2024-12-09,3,MC024,EMP0010,148,158
PR010578,2024-12-09,3,MC023,EMP0172,134,158
PR010579,2024-12-09,3,MC021,EMP0136,167,158
PR010580,2024-12-09,4,MC027,EMP0059,191,200
PR010581,2024-12-09,4,MC028,EMP0002,191,200
PR010582,2024-12-09,4,MC025,EMP0132,196,200
PR010583,2024-12-09,5,MC033,EMP0101,145,142
PR010584,2024-12-09,5,MC030,EMP0145,102,142
PR010585,2024-12-09,5,MC032,EMP0096,132,142
PR010586,2024-12-09,5,MC035,EMP0096,163,142
PR010587,2024-12-09,5,MC031,EMP0056,134,142
PR010588,2024-12-09,6,MC036,EMP0100,334,325
PR010589,2024-12-09,6,MC037,EMP0100,310,325
PR010590,2024-12-09,6,MC038,EMP0085,311,325
PR010591,2024-12-10,1,MC007,EMP0118,191,181
PR010592,2024-12-10,1,MC002,EMP0097,162,181
PR010593,2024-12-10,1,MC008,EMP0137,185,181
PR010594,2024-12-10,1,MC004,EMP0054,157,181
PR010595,2024-12-10,1,MC001,EMP0112,183,181
PR010596,2024-12-10,1,MC006,EMP0005,159,181
PR010597,2024-12-10,2,MC012,EMP0140,114,120
PR010598,2024-12-10,2,MC018,EMP0074,130,120
PR010599,2024-12-10,2,MC016,EMP0063,118,120
PR010600,2024-12-10,2,MC010,EMP0133,111,120
PR010601,2024-12-10,2,MC009,EMP0027,122,120
PR010602,2024-12-10,2,MC014,EMP0083,124,120
PR010603,2024-12-10,2,MC015,EMP0040,113,120
PR010604,2024-12-10,2,MC011,EMP0009,119,120
PR010605,2024-12-10,3,MC023,EMP0039,161,158
PR010606,2024-12-10,3,MC019,EMP0084,159,158
PR010607,2024-12-10,3,MC022,EMP0055,157,158
PR010608,2024-12-10,3,MC020,EMP0029,130,158
PR010609,2024-12-10,3,MC021,EMP0099,151,158
PR010610,2024-12-10,4,MC026,EMP0059,202,200
PR010611,2024-12-10,4,MC027,EMP0087,214,200
PR010612,2024-12-10,4,MC029,EMP0019,213,200
PR010613,2024-12-10,5,MC033,EMP0058,126,142
PR010614,2024-12-10,5,MC032,EMP0145,126,142
PR010615,2024-12-10,5,MC031,EMP0164,115,142
PR010616,2024-12-10,5,MC035,EMP0101,142,142
PR010617,2024-12-10,5,MC034,EMP0150,135,142
PR010618,2024-12-10,6,MC036,EMP0100,307,325
PR010619,2024-12-10,6,MC038,EMP0046,289,325
PR010620,2024-12-10,6,MC037,EMP0144,311,325
PR010621,2024-12-11,1,MC007,EMP0061,173,181
PR010622,2024-12-11,1,MC003,EMP0061,183,181
PR010623,2024-12-11,1,MC004,EMP0168,170,181
PR010624,2024-12-11,1,MC006,EMP0166,183,181
PR010625,2024-12-11,1,MC008,EMP0061,199,181
PR010626,2024-12-11,1,MC001,EMP0137,176,181
PR010627,2024-12-11,1,MC002,EMP0094,186,181
PR010628,2024-12-11,2,MC011,EMP0026,123,120
PR010629,2024-12-11,2,MC015,EMP0042,110,120
PR010630,2024-12-11,2,MC009,EMP0063,125,120
PR010631,2024-12-11,2,MC016,EMP0079,112,120
PR010632,2024-12-11,2,MC017,EMP0051,97,120
PR010633,2024-12-11,2,MC013,EMP0021,116,120
PR010634,2024-12-11,2,MC018,EMP0009,122,120
PR010635,2024-12-11,2,MC014,EMP0045,110,120
PR010636,2024-12-11,2,MC010,EMP0098,116,120
PR010637,2024-12-11,3,MC024,EMP0136,139,158
PR010638,2024-12-11,3,MC022,EMP0016,163,158
PR010639,2024-12-11,3,MC021,EMP0082,149,158
PR010640,2024-12-11,3,MC020,EMP0033,143,158
PR010641,2024-12-11,3,MC023,EMP0124,136,158
PR010642,2024-12-11,4,MC026,EMP0014,250,200
PR010643,2024-12-11,4,MC027,EMP0093,197,200
PR010644,2024-12-11,4,MC025,EMP0059,203,200
PR010645,2024-12-11,4,MC029,EMP0121,246,200
PR010646,2024-12-11,5,MC032,EMP0165,128,142
PR010647,2024-12-11,5,MC034,EMP0060,124,142
PR010648,2024-12-11,5,MC031,EMP0060,125,142
PR010649,2024-12-11,5,MC035,EMP0028,136,142
PR010650,2024-12-11,5,MC033,EMP0056,111,142
PR010651,2024-12-11,6,MC037,EMP0120,317,325
PR010652,2024-12-11,6,MC036,EMP0171,326,325
PR010653,2024-12-11,6,MC038,EMP0100,304,325
PR010654,2024-12-12,1,MC005,EMP0104,184,181
PR010655,2024-12-12,1,MC003,EMP0163,148,181
PR010656,2024-12-12,1,MC002,EMP0151,157,181
PR010657,2024-12-12,1,MC004,EMP0008,162,181
PR010658,2024-12-12,1,MC006,EMP0177,175,181
PR010659,2024-12-12,1,MC001,EMP0018,197,181
PR010660,2024-12-12,1,MC007,EMP0038,165,181
PR010661,2024-12-12,2,MC012,EMP0128,110,120
PR010662,2024-12-12,2,MC017,EMP0015,110,120
PR010663,2024-12-12,2,MC014,EMP0095,102,120
PR010664,2024-12-12,2,MC015,EMP0090,125,120
PR010665,2024-12-12,2,MC013,EMP0103,122,120
PR010666,2024-12-12,2,MC018,EMP0147,139,120
PR010667,2024-12-12,2,MC011,EMP0076,118,120
PR010668,2024-12-12,3,MC020,EMP0124,136,158
PR010669,2024-12-12,3,MC022,EMP0099,168,158
PR010670,2024-12-12,3,MC024,EMP0039,142,158
PR010671,2024-12-12,3,MC023,EMP0069,151,158
PR010672,2024-12-12,3,MC019,EMP0124,143,158
PR010673,2024-12-12,4,MC028,EMP0109,203,200
PR010674,2024-12-12,4,MC027,EMP0050,202,200
PR010675,2024-12-12,4,MC025,EMP0049,235,200
PR010676,2024-12-12,4,MC029,EMP0059,200,200
PR010677,2024-12-12,5,MC030,EMP0060,143,142
PR010678,2024-12-12,5,MC033,EMP0101,124,142
PR010679,2024-12-12,5,MC034,EMP0028,137,142
PR010680,2024-12-12,5,MC035,EMP0003,154,142
PR010681,2024-12-12,6,MC036,EMP0171,355,325
PR010682,2024-12-12,6,MC039,EMP0152,353,325
PR010683,2024-12-12,6,MC038,EMP0046,343,325
PR010684,2024-12-13,1,MC005,EMP0141,168,181
PR010685,2024-12-13,1,MC006,EMP0032,139,181
PR010686,2024-12-13,1,MC002,EMP0005,149,181
PR010687,2024-12-13,1,MC008,EMP0018,138,181
PR010688,2024-12-13,1,MC001,EMP0025,157,181
PR010689,2024-12-13,1,MC004,EMP0066,159,181
PR010690,2024-12-13,1,MC007,EMP0160,163,181
PR010691,2024-12-13,2,MC013,EMP0140,86,120
PR010692,2024-12-13,2,MC014,EMP0128,103,120
PR010693,2024-12-13,2,MC015,EMP0116,104,120
PR010694,2024-12-13,2,MC018,EMP0173,100,120
PR010695,2024-12-13,2,MC010,EMP0027,113,120
PR010696,2024-12-13,2,MC011,EMP0169,82,120
PR010697,2024-12-13,2,MC017,EMP0074,101,120
PR010698,2024-12-13,2,MC009,EMP0076,105,120
PR010699,2024-12-13,3,MC021,EMP0172,123,158
PR010700,2024-12-13,3,MC023,EMP0111,132,158
PR010701,2024-12-13,3,MC024,EMP0136,127,158
PR010702,2024-12-13,3,MC022,EMP0016,123,158
PR010703,2024-12-13,3,MC020,EMP0064,113,158
PR010704,2024-12-13,4,MC025,EMP0154,148,200
PR010705,2024-12-13,4,MC028,EMP0131,193,200
PR010706,2024-12-13,4,MC027,EMP0049,177,200
PR010707,2024-12-13,4,MC029,EMP0131,184,200
PR010708,2024-12-13,5,MC033,EMP0056,108,142
PR010709,2024-12-13,5,MC031,EMP0150,112,142
PR010710,2024-12-13,5,MC032,EMP0028,108,142
PR010711,2024-12-13,5,MC030,EMP0028,114,142
PR010712,2024-12-13,6,MC037,EMP0155,269,325
PR010713,2024-12-13,6,MC038,EMP0144,259,325
PR010714,2024-12-13,6,MC036,EMP0046,310,325
PR010715,2024-12-14,1,MC005,EMP0166,171,181
PR010716,2024-12-14,1,MC007,EMP0167,177,181
PR010717,2024-12-14,1,MC004,EMP0126,178,181
PR010718,2024-12-14,1,MC006,EMP0141,169,181
PR010719,2024-12-14,1,MC002,EMP0066,185,181
PR010720,2024-12-14,1,MC008,EMP0119,194,181
PR010721,2024-12-14,2,MC016,EMP0070,117,120
PR010722,2024-12-14,2,MC015,EMP0133,118,120
PR010723,2024-12-14,2,MC012,EMP0114,137,120
PR010724,2024-12-14,2,MC011,EMP0001,113,120
PR010725,2024-12-14,2,MC017,EMP0070,113,120
PR010726,2024-12-14,2,MC014,EMP0001,127,120
PR010727,2024-12-14,2,MC018,EMP0135,113,120
PR010728,2024-12-14,2,MC010,EMP0045,119,120
PR010729,2024-12-14,2,MC009,EMP0123,121,120
PR010730,2024-12-14,3,MC023,EMP0034,137,158
PR010731,2024-12-14,3,MC024,EMP0136,129,158
PR010732,2024-12-14,3,MC022,EMP0055,148,158
PR010733,2024-12-14,3,MC021,EMP0082,168,158
PR010734,2024-12-14,3,MC019,EMP0099,153,158
PR010735,2024-12-14,4,MC028,EMP0043,212,200
PR010736,2024-12-14,4,MC026,EMP0087,192,200
PR010737,2024-12-14,4,MC029,EMP0121,196,200
PR010738,2024-12-14,4,MC025,EMP0127,191,200
PR010739,2024-12-14,5,MC030,EMP0164,156,142
PR010740,2024-12-14,5,MC033,EMP0068,134,142
PR010741,2024-12-14,5,MC032,EMP0101,128,142
PR010742,2024-12-14,5,MC031,EMP0060,133,142
PR010743,2024-12-14,5,MC035,EMP0150,107,142
PR010744,2024-12-14,6,MC039,EMP0155,299,325
PR010745,2024-12-14,6,MC037,EMP0155,278,325
PR010746,2024-12-14,6,MC036,EMP0120,358,325
PR010747,2024-12-15,1,MC001,EMP0025,67,181
PR010748,2024-12-15,1,MC002,EMP0005,58,181
PR010749,2024-12-15,1,MC003,EMP0137,64,181
PR010750,2024-12-15,1,MC007,EMP0112,65,181
PR010751,2024-12-15,1,MC005,EMP0018,56,181
PR010752,2024-12-15,1,MC004,EMP0057,61,181
PR010753,2024-12-15,1,MC008,EMP0030,62,181
PR010754,2024-12-15,2,MC018,EMP0138,45,120
PR010755,2024-12-15,2,MC009,EMP0047,38,120
PR010756,2024-12-15,2,MC012,EMP0021,38,120
PR010757,2024-12-15,2,MC011,EMP0146,40,120
PR010758,2024-12-15,2,MC015,EMP0026,38,120
PR010759,2024-12-15,2,MC013,EMP0035,43,120
PR010760,2024-12-15,2,MC017,EMP0133,42,120
PR010761,2024-12-15,3,MC024,EMP0124,52,158
PR010762,2024-12-15,3,MC021,EMP0016,56,158
PR010763,2024-12-15,3,MC019,EMP0039,52,158
PR010764,2024-12-15,3,MC020,EMP0055,47,158
PR010765,2024-12-15,3,MC023,EMP0159,64,158
PR010766,2024-12-15,4,MC025,EMP0002,68,200
PR010767,2024-12-15,4,MC028,EMP0154,71,200
PR010768,2024-12-15,4,MC029,EMP0071,72,200
PR010769,2024-12-15,4,MC027,EMP0175,79,200
PR010770,2024-12-15,5,MC031,EMP0165,45,142
PR010771,2024-12-15,5,MC035,EMP0165,51,142
PR010772,2024-12-15,5,MC034,EMP0165,53,142
PR010773,2024-12-15,5,MC030,EMP0080,38,142
PR010774,2024-12-15,5,MC033,EMP0165,46,142
PR010775,2024-12-15,6,MC038,EMP0171,121,325
PR010776,2024-12-15,6,MC039,EMP0100,106,325
PR010777,2024-12-15,6,MC036,EMP0065,119,325
PR010778,2024-12-16,1,MC006,EMP0137,153,181
PR010779,2024-12-16,1,MC001,EMP0126,165,181
PR010780,2024-12-16,1,MC007,EMP0088,184,181
PR010781,2024-12-16,1,MC005,EMP0130,157,181
PR010782,2024-12-16,1,MC004,EMP0126,162,181
PR010783,2024-12-16,1,MC003,EMP0137,206,181
PR010784,2024-12-16,1,MC002,EMP0075,197,181
PR010785,2024-12-16,2,MC016,EMP0015,105,120
PR010786,2024-12-16,2,MC018,EMP0036,116,120
PR010787,2024-12-16,2,MC014,EMP0042,108,120
PR010788,2024-12-16,2,MC015,EMP0098,111,120
PR010789,2024-12-16,2,MC010,EMP0083,120,120
PR010790,2024-12-16,2,MC012,EMP0169,121,120
PR010791,2024-12-16,2,MC017,EMP0063,114,120
PR010792,2024-12-16,2,MC013,EMP0173,125,120
PR010793,2024-12-16,3,MC024,EMP0159,158,158
PR010794,2024-12-16,3,MC020,EMP0033,149,158
PR010795,2024-12-16,3,MC021,EMP0034,135,158
PR010796,2024-12-16,3,MC023,EMP0033,177,158
PR010797,2024-12-16,3,MC019,EMP0064,135,158
PR010798,2024-12-16,4,MC028,EMP0121,226,200
PR010799,2024-12-16,4,MC025,EMP0019,214,200
PR010800,2024-12-16,4,MC026,EMP0156,200,200
PR010801,2024-12-16,4,MC029,EMP0002,211,200
PR010802,2024-12-16,5,MC033,EMP0060,146,142
PR010803,2024-12-16,5,MC031,EMP0003,113,142
PR010804,2024-12-16,5,MC034,EMP0068,120,142
PR010805,2024-12-16,5,MC035,EMP0056,145,142
PR010806,2024-12-16,5,MC030,EMP0080,134,142
PR010807,2024-12-16,6,MC036,EMP0065,293,325
PR010808,2024-12-16,6,MC038,EMP0171,298,325
PR010809,2024-12-16,6,MC039,EMP0155,336,325
PR010810,2024-12-17,1,MC005,EMP0097,175,181
PR010811,2024-12-17,1,MC001,EMP0110,161,181
PR010812,2024-12-17,1,MC002,EMP0032,166,181
PR010813,2024-12-17,1,MC004,EMP0176,162,181
PR010814,2024-12-17,1,MC007,EMP0088,163,181
PR010815,2024-12-17,1,MC003,EMP0104,188,181
PR010816,2024-12-17,1,MC008,EMP0044,189,181
PR010817,2024-12-17,2,MC012,EMP0139,101,120
PR010818,2024-12-17,2,MC017,EMP0139,105,120
PR010819,2024-12-17,2,MC010,EMP0147,115,120
PR010820,2024-12-17,2,MC016,EMP0149,125,120
PR010821,2024-12-17,2,MC011,EMP0031,111,120
PR010822,2024-12-17,2,MC014,EMP0117,97,120
PR010823,2024-12-17,2,MC009,EMP0004,113,120
PR010824,2024-12-17,2,MC013,EMP0117,111,120
PR010825,2024-12-17,3,MC023,EMP0082,167,158
PR010826,2024-12-17,3,MC024,EMP0179,150,158
PR010827,2024-12-17,3,MC021,EMP0033,138,158
PR010828,2024-12-17,3,MC020,EMP0069,176,158
PR010829,2024-12-17,4,MC028,EMP0127,196,200
PR010830,2024-12-17,4,MC026,EMP0121,206,200
PR010831,2024-12-17,4,MC027,EMP0059,209,200
PR010832,2024-12-17,4,MC025,EMP0002,193,200
PR010833,2024-12-17,5,MC034,EMP0165,131,142
PR010834,2024-12-17,5,MC030,EMP0101,112,142
PR010835,2024-12-17,5,MC031,EMP0003,129,142
PR010836,2024-12-17,5,MC033,EMP0165,140,142
PR010837,2024-12-17,6,MC036,EMP0046,317,325
PR010838,2024-12-17,6,MC038,EMP0144,347,325
PR010839,2024-12-17,6,MC037,EMP0085,314,325
PR010840,2024-12-18,1,MC001,EMP0141,180,181
PR010841,2024-12-18,1,MC005,EMP0054,176,181
PR010842,2024-12-18,1,MC008,EMP0032,168,181
PR010843,2024-12-18,1,MC002,EMP0119,174,181
PR010844,2024-12-18,1,MC003,EMP0092,184,181
PR010845,2024-12-18,1,MC006,EMP0162,180,181
PR010846,2024-12-18,1,MC004,EMP0038,170,181
PR010847,2024-12-18,2,MC011,EMP0045,117,120
PR010848,2024-12-18,2,MC015,EMP0090,95,120
PR010849,2024-12-18,2,MC017,EMP0031,122,120
PR010850,2024-12-18,2,MC013,EMP0148,127,120
PR010851,2024-12-18,2,MC010,EMP0001,103,120
PR010852,2024-12-18,2,MC014,EMP0031,121,120
PR010853,2024-12-18,2,MC018,EMP0146,107,120
PR010854,2024-12-18,2,MC012,EMP0123,102,120
PR010855,2024-12-18,3,MC022,EMP0064,151,158
PR010856,2024-12-18,3,MC023,EMP0084,151,158
PR010857,2024-12-18,3,MC024,EMP0180,159,158
PR010858,2024-12-18,3,MC019,EMP0039,160,158
PR010859,2024-12-18,3,MC020,EMP0064,157,158
PR010860,2024-12-18,4,MC029,EMP0049,206,200
PR010861,2024-12-18,4,MC027,EMP0014,220,200
PR010862,2024-12-18,4,MC026,EMP0043,193,200
PR010863,2024-12-18,4,MC028,EMP0023,175,200
PR010864,2024-12-18,5,MC031,EMP0086,140,142
PR010865,2024-12-18,5,MC034,EMP0164,134,142
PR010866,2024-12-18,5,MC032,EMP0080,129,142
PR010867,2024-12-18,5,MC035,EMP0086,133,142
PR010868,2024-12-18,5,MC033,EMP0096,109,142
PR010869,2024-12-18,6,MC038,EMP0053,325,325
PR010870,2024-12-18,6,MC036,EMP0120,288,325
PR010871,2024-12-18,6,MC039,EMP0100,344,325
PR010872,2024-12-19,1,MC001,EMP0119,165,181
PR010873,2024-12-19,1,MC003,EMP0044,182,181
PR010874,2024-12-19,1,MC008,EMP0176,181,181
PR010875,2024-12-19,1,MC004,EMP0141,155,181
PR010876,2024-12-19,1,MC002,EMP0130,176,181
PR010877,2024-12-19,1,MC007,EMP0104,154,181
PR010878,2024-12-19,1,MC005,EMP0107,148,181
PR010879,2024-12-19,2,MC017,EMP0123,113,120
PR010880,2024-12-19,2,MC016,EMP0116,114,120
PR010881,2024-12-19,2,MC010,EMP0081,128,120
PR010882,2024-12-19,2,MC018,EMP0133,116,120
PR010883,2024-12-19,2,MC009,EMP0133,103,120
PR010884,2024-12-19,2,MC014,EMP0067,116,120
PR010885,2024-12-19,2,MC011,EMP0048,123,120
PR010886,2024-12-19,2,MC015,EMP0047,107,120
PR010887,2024-12-19,3,MC022,EMP0010,162,158
PR010888,2024-12-19,3,MC020,EMP0078,155,158
PR010889,2024-12-19,3,MC024,EMP0082,146,158
PR010890,2024-12-19,3,MC021,EMP0078,159,158
PR010891,2024-12-19,3,MC023,EMP0064,148,158
PR010892,2024-12-19,4,MC027,EMP0093,228,200
PR010893,2024-12-19,4,MC028,EMP0043,203,200
PR010894,2024-12-19,4,MC025,EMP0043,223,200
PR010895,2024-12-19,5,MC035,EMP0086,117,142
PR010896,2024-12-19,5,MC030,EMP0080,141,142
PR010897,2024-12-19,5,MC031,EMP0068,142,142
PR010898,2024-12-19,5,MC033,EMP0150,130,142
PR010899,2024-12-19,5,MC032,EMP0096,126,142
PR010900,2024-12-19,6,MC036,EMP0053,289,325
PR010901,2024-12-19,6,MC039,EMP0085,294,325
PR010902,2024-12-19,6,MC038,EMP0144,315,325
PR010903,2024-12-20,1,MC005,EMP0057,161,181
PR010904,2024-12-20,1,MC008,EMP0091,155,181
PR010905,2024-12-20,1,MC006,EMP0038,164,181
PR010906,2024-12-20,1,MC002,EMP0119,155,181
PR010907,2024-12-20,1,MC004,EMP0017,153,181
PR010908,2024-12-20,1,MC007,EMP0038,158,181
PR010909,2024-12-20,1,MC003,EMP0091,134,181
PR010910,2024-12-20,2,MC016,EMP0123,97,120
PR010911,2024-12-20,2,MC015,EMP0026,93,120
PR010912,2024-12-20,2,MC017,EMP0083,95,120
PR010913,2024-12-20,2,MC013,EMP0147,92,120
PR010914,2024-12-20,2,MC009,EMP0095,97,120
PR010915,2024-12-20,2,MC010,EMP0103,97,120
PR010916,2024-12-20,2,MC018,EMP0074,91,120
PR010917,2024-12-20,2,MC011,EMP0140,80,120
PR010918,2024-12-20,2,MC014,EMP0001,83,120
PR010919,2024-12-20,3,MC021,EMP0010,125,158
PR010920,2024-12-20,3,MC020,EMP0064,125,158
PR010921,2024-12-20,3,MC024,EMP0016,105,158
PR010922,2024-12-20,3,MC023,EMP0172,127,158
PR010923,2024-12-20,3,MC022,EMP0016,106,158
PR010924,2024-12-20,4,MC026,EMP0014,175,200
PR010925,2024-12-20,4,MC025,EMP0108,187,200
PR010926,2024-12-20,4,MC029,EMP0022,161,200
PR010927,2024-12-20,4,MC027,EMP0093,196,200
PR010928,2024-12-20,5,MC030,EMP0096,111,142
PR010929,2024-12-20,5,MC031,EMP0096,112,142
PR010930,2024-12-20,5,MC035,EMP0145,118,142
PR010931,2024-12-20,5,MC033,EMP0086,99,142
PR010932,2024-12-20,6,MC038,EMP0046,266,325
PR010933,2024-12-20,6,MC037,EMP0100,293,325
PR010934,2024-12-20,6,MC036,EMP0065,241,325
PR010935,2024-12-21,1,MC002,EMP0126,172,181
PR010936,2024-12-21,1,MC006,EMP0091,159,181
PR010937,2024-12-21,1,MC003,EMP0176,181,181
PR010938,2024-12-21,1,MC005,EMP0038,208,181
PR010939,2024-12-21,1,MC001,EMP0075,182,181
PR010940,2024-12-21,1,MC007,EMP0038,171,181
PR010941,2024-12-21,1,MC008,EMP0161,174,181
PR010942,2024-12-21,2,MC011,EMP0128,111,120
PR010943,2024-12-21,2,MC012,EMP0098,109,120
PR010944,2024-12-21,2,MC014,EMP0048,120,120
PR010945,2024-12-21,2,MC018,EMP0089,128,120
PR010946,2024-12-21,2,MC017,EMP0129,118,120
PR010947,2024-12-21,2,MC016,EMP0135,122,120
PR010948,2024-12-21,2,MC015,EMP0139,101,120
PR010949,2024-12-21,3,MC020,EMP0006,151,158
PR010950,2024-12-21,3,MC019,EMP0078,176,158
PR010951,2024-12-21,3,MC021,EMP0111,134,158
PR010952,2024-12-21,3,MC023,EMP0122,162,158
PR010953,2024-12-21,3,MC022,EMP0180,153,158
PR010954,2024-12-21,4,MC026,EMP0043,215,200
PR010955,2024-12-21,4,MC029,EMP0071,189,200
PR010956,2024-12-21,4,MC027,EMP0019,198,200
PR010957,2024-12-21,4,MC028,EMP0109,183,200
PR010958,2024-12-21,5,MC034,EMP0145,123,142
PR010959,2024-12-21,5,MC035,EMP0003,152,142
PR010960,2024-12-21,5,MC030,EMP0145,133,142
PR010961,2024-12-21,5,MC032,EMP0058,129,142
PR010962,2024-12-21,6,MC037,EMP0100,342,325
PR010963,2024-12-21,6,MC036,EMP0120,353,325
PR010964,2024-12-21,6,MC039,EMP0171,331,325
PR010965,2024-12-22,1,MC001,EMP0092,67,181
PR010966,2024-12-22,1,MC004,EMP0057,65,181
PR010967,2024-12-22,1,MC008,EMP0054,59,181
PR010968,2024-12-22,1,MC005,EMP0007,61,181
PR010969,2024-12-22,1,MC006,EMP0158,64,181
PR010970,2024-12-22,1,MC003,EMP0168,59,181
PR010971,2024-12-22,1,MC007,EMP0052,61,181
PR010972,2024-12-22,2,MC016,EMP0114,41,120
PR010973,2024-12-22,2,MC011,EMP0081,36,120
PR010974,2024-12-22,2,MC017,EMP0103,41,120
PR010975,2024-12-22,2,MC015,EMP0063,44,120
PR010976,2024-12-22,2,MC018,EMP0103,41,120
PR010977,2024-12-22,2,MC014,EMP0027,34,120
PR010978,2024-12-22,2,MC013,EMP0045,38,120
PR010979,2024-12-22,2,MC009,EMP0031,42,120
PR010980,2024-12-22,3,MC020,EMP0124,59,158
PR010981,2024-12-22,3,MC023,EMP0084,53,158
PR010982,2024-12-22,3,MC024,EMP0180,55,158
PR010983,2024-12-22,3,MC022,EMP0179,58,158
PR010984,2024-12-22,4,MC028,EMP0002,80,200
PR010985,2024-12-22,4,MC027,EMP0108,76,200
PR010986,2024-12-22,4,MC026,EMP0153,81,200
PR010987,2024-12-22,4,MC029,EMP0153,70,200
PR010988,2024-12-22,5,MC033,EMP0060,52,142
PR010989,2024-12-22,5,MC031,EMP0068,45,142
PR010990,2024-12-22,5,MC030,EMP0150,56,142
PR010991,2024-12-22,5,MC034,EMP0080,47,142
PR010992,2024-12-22,5,MC035,EMP0028,52,142
PR010993,2024-12-22,6,MC038,EMP0144,125,325
PR010994,2024-12-22,6,MC037,EMP0085,114,325
PR010995,2024-12-22,6,MC036,EMP0065,130,325
PR010996,2024-12-23,1,MC001,EMP0061,184,181
PR010997,2024-12-23,1,MC004,EMP0038,164,181
PR010998,2024-12-23,1,MC007,EMP0119,196,181
PR010999,2024-12-23,1,MC006,EMP0017,178,181
PR011000,2024-12-23,1,MC003,EMP0112,164,181
PR011001,2024-12-23,1,MC008,EMP0097,162,181
PR011002,2024-12-23,2,MC014,EMP0027,119,120
PR011003,2024-12-23,2,MC009,EMP0004,114,120
PR011004,2024-12-23,2,MC011,EMP0117,117,120
PR011005,2024-12-23,2,MC015,EMP0015,103,120
PR011006,2024-12-23,2,MC018,EMP0157,115,120
PR011007,2024-12-23,2,MC012,EMP0095,117,120
PR011008,2024-12-23,2,MC010,EMP0139,114,120
PR011009,2024-12-23,2,MC016,EMP0048,120,120
PR011010,2024-12-23,2,MC013,EMP0095,120,120
PR011011,2024-12-23,3,MC021,EMP0143,151,158
PR011012,2024-12-23,3,MC022,EMP0039,149,158
PR011013,2024-12-23,3,MC019,EMP0122,131,158
PR011014,2024-12-23,3,MC020,EMP0039,152,158
PR011015,2024-12-23,3,MC023,EMP0124,132,158
PR011016,2024-12-23,4,MC027,EMP0011,203,200
PR011017,2024-12-23,4,MC029,EMP0062,244,200
PR011018,2024-12-23,4,MC025,EMP0109,234,200
PR011019,2024-12-23,5,MC034,EMP0080,129,142
PR011020,2024-12-23,5,MC035,EMP0150,121,142
PR011021,2024-12-23,5,MC031,EMP0096,124,142
PR011022,2024-12-23,5,MC033,EMP0068,137,142
PR011023,2024-12-23,5,MC030,EMP0028,139,142
PR011024,2024-12-23,6,MC039,EMP0046,336,325
PR011025,2024-12-23,6,MC038,EMP0144,330,325
PR011026,2024-12-23,6,MC036,EMP0142,322,325
PR011027,2024-12-24,1,MC003,EMP0072,168,181
PR011028,2024-12-24,1,MC005,EMP0017,154,181
PR011029,2024-12-24,1,MC007,EMP0073,160,181
PR011030,2024-12-24,1,MC006,EMP0037,151,181
PR011031,2024-12-24,1,MC008,EMP0141,183,181
PR011032,2024-12-24,1,MC001,EMP0130,152,181
PR011033,2024-12-24,1,MC002,EMP0044,182,181
PR011034,2024-12-24,2,MC011,EMP0146,121,120
PR011035,2024-12-24,2,MC010,EMP0041,111,120
PR011036,2024-12-24,2,MC012,EMP0140,101,120
PR011037,2024-12-24,2,MC009,EMP0027,115,120
PR011038,2024-12-24,2,MC014,EMP0103,102,120
PR011039,2024-12-24,2,MC013,EMP0090,109,120
PR011040,2024-12-24,2,MC015,EMP0015,129,120
PR011041,2024-12-24,2,MC016,EMP0138,114,120
PR011042,2024-12-24,2,MC017,EMP0077,108,120
PR011043,2024-12-24,3,MC019,EMP0016,135,158
PR011044,2024-12-24,3,MC024,EMP0078,120,158
PR011045,2024-12-24,3,MC021,EMP0180,155,158
PR011046,2024-12-24,3,MC022,EMP0078,150,158
PR011047,2024-12-24,3,MC020,EMP0033,168,158
PR011048,2024-12-24,4,MC025,EMP0011,257,200
PR011049,2024-12-24,4,MC026,EMP0121,220,200
PR011050,2024-12-24,4,MC028,EMP0049,248,200
PR011051,2024-12-24,4,MC029,EMP0174,210,200
PR011052,2024-12-24,5,MC031,EMP0165,141,142
PR011053,2024-12-24,5,MC034,EMP0003,117,142
PR011054,2024-12-24,5,MC035,EMP0145,127,142
PR011055,2024-12-24,5,MC032,EMP0003,122,142
PR011056,2024-12-24,5,MC033,EMP0068,130,142
PR011057,2024-12-24,6,MC036,EMP0155,345,325
PR011058,2024-12-24,6,MC039,EMP0142,320,325
PR011059,2024-12-24,6,MC038,EMP0144,304,325
PR011060,2024-12-25,1,MC004,EMP0162,184,181
PR011061,2024-12-25,1,MC006,EMP0054,180,181
PR011062,2024-12-25,1,MC007,EMP0025,149,181
PR011063,2024-12-25,1,MC005,EMP0018,170,181
PR011064,2024-12-25,1,MC008,EMP0158,197,181
PR011065,2024-12-25,1,MC003,EMP0054,164,181
PR011066,2024-12-25,1,MC001,EMP0091,172,181
PR011067,2024-12-25,2,MC018,EMP0036,120,120
PR011068,2024-12-25,2,MC013,EMP0020,106,120
PR011069,2024-12-25,2,MC009,EMP0027,131,120
PR011070,2024-12-25,2,MC014,EMP0074,109,120
PR011071,2024-12-25,2,MC010,EMP0114,127,120
PR011072,2024-12-25,2,MC017,EMP0115,126,120
PR011073,2024-12-25,2,MC012,EMP0048,113,120
PR011074,2024-12-25,2,MC016,EMP0116,113,120
PR011075,2024-12-25,3,MC020,EMP0136,127,158
PR011076,2024-12-25,3,MC023,EMP0111,130,158
PR011077,2024-12-25,3,MC019,EMP0084,163,158
PR011078,2024-12-25,3,MC024,EMP0179,160,158
PR011079,2024-12-25,3,MC022,EMP0111,159,158
PR011080,2024-12-25,4,MC026,EMP0062,227,200
PR011081,2024-12-25,4,MC027,EMP0059,208,200
PR011082,2024-12-25,4,MC028,EMP0174,207,200
PR011083,2024-12-25,4,MC029,EMP0050,241,200
PR011084,2024-12-25,5,MC035,EMP0060,137,142
PR011085,2024-12-25,5,MC033,EMP0060,137,142
PR011086,2024-12-25,5,MC030,EMP0056,122,142
PR011087,2024-12-25,5,MC031,EMP0086,126,142
PR011088,2024-12-25,6,MC037,EMP0155,318,325
PR011089,2024-12-25,6,MC036,EMP0085,291,325
PR011090,2024-12-25,6,MC039,EMP0085,366,325
PR011091,2024-12-26,1,MC008,EMP0119,175,181
PR011092,2024-12-26,1,MC002,EMP0052,174,181
PR011093,2024-12-26,1,MC006,EMP0075,174,181
PR011094,2024-12-26,1,MC001,EMP0137,166,181
PR011095,2024-12-26,1,MC003,EMP0118,177,181
PR011096,2024-12-26,1,MC007,EMP0137,176,181
PR011097,2024-12-26,1,MC004,EMP0166,159,181
PR011098,2024-12-26,2,MC016,EMP0128,123,120
PR011099,2024-12-26,2,MC014,EMP0067,107,120
PR011100,2024-12-26,2,MC017,EMP0024,127,120
PR011101,2024-12-26,2,MC013,EMP0079,103,120
PR011102,2024-12-26,2,MC010,EMP0076,114,120
PR011103,2024-12-26,2,MC011,EMP0077,120,120
PR011104,2024-12-26,2,MC009,EMP0106,110,120
PR011105,2024-12-26,3,MC021,EMP0078,141,158
PR011106,2024-12-26,3,MC023,EMP0078,143,158
PR011107,2024-12-26,3,MC022,EMP0099,142,158
PR011108,2024-12-26,3,MC019,EMP0078,132,158
PR011109,2024-12-26,3,MC020,EMP0039,146,158
PR011110,2024-12-26,4,MC025,EMP0109,211,200
PR011111,2024-12-26,4,MC027,EMP0121,229,200
PR011112,2024-12-26,4,MC029,EMP0059,216,200
PR011113,2024-12-26,4,MC026,EMP0156,216,200
PR011114,2024-12-26,5,MC035,EMP0028,128,142
PR011115,2024-12-26,5,MC031,EMP0028,130,142
PR011116,2024-12-26,5,MC033,EMP0060,122,142
PR011117,2024-12-26,5,MC030,EMP0068,142,142
PR011118,2024-12-26,5,MC034,EMP0165,156,142
PR011119,2024-12-26,6,MC039,EMP0100,344,325
PR011120,2024-12-26,6,MC037,EMP0046,335,325
PR011121,2024-12-26,6,MC038,EMP0144,280,325
PR011122,2024-12-27,1,MC005,EMP0167,124,181
PR011123,2024-12-27,1,MC008,EMP0091,134,181
PR011124,2024-12-27,1,MC002,EMP0163,143,181
PR011125,2024-12-27,1,MC004,EMP0161,129,181
PR011126,2024-12-27,1,MC001,EMP0008,139,181
PR011127,2024-12-27,1,MC007,EMP0025,139,181
PR011128,2024-12-27,1,MC006,EMP0030,159,181
PR011129,2024-12-27,2,MC016,EMP0042,94,120
PR011130,2024-12-27,2,MC015,EMP0148,86,120
PR011131,2024-12-27,2,MC014,EMP0113,103,120
PR011132,2024-12-27,2,MC013,EMP0067,106,120
PR011133,2024-12-27,2,MC011,EMP0138,102,120
PR011134,2024-12-27,2,MC012,EMP0140,85,120
PR011135,2024-12-27,2,MC010,EMP0133,87,120
PR011136,2024-12-27,3,MC023,EMP0034,111,158
PR011137,2024-12-27,3,MC021,EMP0136,129,158
PR011138,2024-12-27,3,MC022,EMP0179,113,158
PR011139,2024-12-27,3,MC019,EMP0099,113,158
PR011140,2024-12-27,4,MC026,EMP0109,179,200
PR011141,2024-12-27,4,MC027,EMP0174,165,200
PR011142,2024-12-27,4,MC025,EMP0023,177,200
PR011143,2024-12-27,5,MC030,EMP0003,112,142
PR011144,2024-12-27,5,MC034,EMP0101,122,142
PR011145,2024-12-27,5,MC033,EMP0058,115,142
PR011146,2024-12-27,5,MC031,EMP0165,111,142
PR011147,2024-12-27,5,MC032,EMP0165,104,142
PR011148,2024-12-27,6,MC036,EMP0065,289,325
PR011149,2024-12-27,6,MC037,EMP0053,283,325
PR011150,2024-12-27,6,MC039,EMP0155,278,325
PR011151,2024-12-28,1,MC008,EMP0161,162,181
PR011152,2024-12-28,1,MC006,EMP0119,176,181
PR011153,2024-12-28,1,MC004,EMP0073,160,181
PR011154,2024-12-28,1,MC007,EMP0104,168,181
PR011155,2024-12-28,1,MC005,EMP0073,166,181
PR011156,2024-12-28,1,MC001,EMP0005,176,181
PR011157,2024-12-28,1,MC003,EMP0162,160,181
PR011158,2024-12-28,2,MC010,EMP0133,112,120
PR011159,2024-12-28,2,MC015,EMP0031,105,120
PR011160,2024-12-28,2,MC011,EMP0081,101,120
PR011161,2024-12-28,2,MC017,EMP0021,106,120
PR011162,2024-12-28,2,MC013,EMP0146,107,120
PR011163,2024-12-28,2,MC018,EMP0149,113,120
PR011164,2024-12-28,2,MC012,EMP0116,104,120
PR011165,2024-12-28,3,MC022,EMP0069,153,158
PR011166,2024-12-28,3,MC024,EMP0055,161,158
PR011167,2024-12-28,3,MC023,EMP0179,124,158
PR011168,2024-12-28,3,MC021,EMP0010,153,158
PR011169,2024-12-28,3,MC019,EMP0029,124,158
PR011170,2024-12-28,4,MC025,EMP0019,180,200
PR011171,2024-12-28,4,MC027,EMP0153,209,200
PR011172,2024-12-28,4,MC028,EMP0108,232,200
PR011173,2024-12-28,4,MC029,EMP0043,206,200
PR011174,2024-12-28,5,MC032,EMP0165,140,142
PR011175,2024-12-28,5,MC031,EMP0003,119,142
PR011176,2024-12-28,5,MC035,EMP0058,116,142
PR011177,2024-12-28,5,MC030,EMP0028,149,142
PR011178,2024-12-28,5,MC033,EMP0164,140,142
PR011179,2024-12-28,6,MC039,EMP0065,332,325
PR011180,2024-12-28,6,MC037,EMP0085,331,325
PR011181,2024-12-28,6,MC038,EMP0144,327,325
PR011182,2024-12-29,1,MC008,EMP0097,56,181
PR011183,2024-12-29,1,MC007,EMP0126,60,181
PR011184,2024-12-29,1,MC002,EMP0018,66,181
PR011185,2024-12-29,1,MC005,EMP0005,63,181
PR011186,2024-12-29,1,MC003,EMP0168,62,181
PR011187,2024-12-29,1,MC006,EMP0158,69,181
PR011188,2024-12-29,2,MC012,EMP0106,43,120
PR011189,2024-12-29,2,MC010,EMP0148,37,120
PR011190,2024-12-29,2,MC017,EMP0031,39,120
PR011191,2024-12-29,2,MC013,EMP0035,39,120
PR011192,2024-12-29,2,MC016,EMP0076,38,120
PR011193,2024-12-29,2,MC009,EMP0115,42,120
PR011194,2024-12-29,2,MC015,EMP0041,41,120
PR011195,2024-12-29,2,MC011,EMP0128,37,120
PR011196,2024-12-29,2,MC018,EMP0042,40,120
PR011197,2024-12-29,3,MC021,EMP0013,48,158
PR011198,2024-12-29,3,MC023,EMP0082,52,158
PR011199,2024-12-29,3,MC024,EMP0159,57,158
PR011200,2024-12-29,3,MC022,EMP0034,54,158
PR011201,2024-12-29,3,MC019,EMP0082,53,158
PR011202,2024-12-29,4,MC028,EMP0059,74,200
PR011203,2024-12-29,4,MC026,EMP0121,77,200
PR011204,2024-12-29,4,MC025,EMP0023,79,200
PR011205,2024-12-29,4,MC029,EMP0014,80,200
PR011206,2024-12-29,5,MC031,EMP0003,43,142
PR011207,2024-12-29,5,MC033,EMP0056,47,142
PR011208,2024-12-29,5,MC032,EMP0150,43,142
PR011209,2024-12-29,5,MC030,EMP0164,45,142
PR011210,2024-12-29,5,MC035,EMP0060,48,142
PR011211,2024-12-29,6,MC038,EMP0085,102,325
PR011212,2024-12-29,6,MC039,EMP0155,131,325
PR011213,2024-12-29,6,MC036,EMP0152,122,325
PR011214,2024-12-30,1,MC004,EMP0167,184,181
PR011215,2024-12-30,1,MC005,EMP0163,162,181
PR011216,2024-12-30,1,MC006,EMP0072,188,181
PR011217,2024-12-30,1,MC008,EMP0137,158,181
PR011218,2024-12-30,1,MC003,EMP0176,168,181
PR011219,2024-12-30,1,MC001,EMP0017,174,181
PR011220,2024-12-30,2,MC018,EMP0173,117,120
PR011221,2024-12-30,2,MC012,EMP0098,126,120
PR011222,2024-12-30,2,MC014,EMP0035,120,120
PR011223,2024-12-30,2,MC013,EMP0116,118,120
PR011224,2024-12-30,2,MC017,EMP0041,111,120
PR011225,2024-12-30,2,MC015,EMP0149,124,120
PR011226,2024-12-30,2,MC009,EMP0074,128,120
PR011227,2024-12-30,2,MC016,EMP0041,120,120
PR011228,2024-12-30,3,MC021,EMP0064,155,158
PR011229,2024-12-30,3,MC024,EMP0078,167,158
PR011230,2024-12-30,3,MC022,EMP0013,157,158
PR011231,2024-12-30,3,MC019,EMP0055,173,158
PR011232,2024-12-30,3,MC023,EMP0084,144,158
PR011233,2024-12-30,4,MC028,EMP0127,203,200
PR011234,2024-12-30,4,MC025,EMP0087,191,200
PR011235,2024-12-30,4,MC026,EMP0154,215,200
PR011236,2024-12-30,4,MC027,EMP0023,213,200
PR011237,2024-12-30,5,MC034,EMP0080,132,142
PR011238,2024-12-30,5,MC032,EMP0086,132,142
PR011239,2024-12-30,5,MC030,EMP0101,124,142
PR011240,2024-12-30,5,MC031,EMP0150,119,142
PR011241,2024-12-30,6,MC036,EMP0142,356,325
PR011242,2024-12-30,6,MC039,EMP0155,315,325
PR011243,2024-12-30,6,MC038,EMP0065,359,325
PR011244,2024-12-31,1,MC003,EMP0112,176,181
PR011245,2024-12-31,1,MC004,EMP0141,206,181
PR011246,2024-12-31,1,MC002,EMP0097,157,181
PR011247,2024-12-31,1,MC001,EMP0057,184,181
PR011248,2024-12-31,1,MC007,EMP0007,195,181
PR011249,2024-12-31,1,MC006,EMP0141,156,181
PR011250,2024-12-31,1,MC005,EMP0110,159,181
PR011251,2024-12-31,2,MC014,EMP0042,121,120
PR011252,2024-12-31,2,MC016,EMP0035,90,120
PR011253,2024-12-31,2,MC010,EMP0090,122,120
PR011254,2024-12-31,2,MC013,EMP0095,125,120
PR011255,2024-12-31,2,MC012,EMP0140,136,120
PR011256,2024-12-31,2,MC011,EMP0089,114,120
PR011257,2024-12-31,2,MC018,EMP0067,119,120
PR011258,2024-12-31,2,MC009,EMP0128,145,120
PR011259,2024-12-31,3,MC021,EMP0125,134,158
PR011260,2024-12-31,3,MC024,EMP0069,153,158
PR011261,2024-12-31,3,MC023,EMP0039,144,158
PR011262,2024-12-31,3,MC020,EMP0125,164,158
PR011263,2024-12-31,4,MC025,EMP0108,181,200
PR011264,2024-12-31,4,MC026,EMP0049,205,200
PR011265,2024-12-31,4,MC027,EMP0049,191,200
PR011266,2024-12-31,4,MC029,EMP0049,218,200
PR011267,2024-12-31,5,MC031,EMP0003,137,142
PR011268,2024-12-31,5,MC032,EMP0068,144,142
PR011269,2024-12-31,5,MC030,EMP0056,148,142
PR011270,2024-12-31,5,MC035,EMP0058,122,142
PR011271,2024-12-31,5,MC033,EMP0150,129,142
PR011272,2024-12-31,6,MC037,EMP0100,305,325
PR011273,2024-12-31,6,MC036,EMP0155,350,325
PR011274,2024-12-31,6,MC038,EMP0155,314,325
PR011275,2025-01-01,1,MC005,EMP0177,167,181
PR011276,2025-01-01,1,MC008,EMP0088,170,181
PR011277,2025-01-01,1,MC006,EMP0088,189,181
PR011278,2025-01-01,1,MC001,EMP0007,182,181
PR011279,2025-01-01,1,MC007,EMP0119,203,181
PR011280,2025-01-01,1,MC003,EMP0161,165,181
PR011281,2025-01-01,1,MC004,EMP0119,179,181
PR011282,2025-01-01,2,MC013,EMP0076,110,120
PR011283,2025-01-01,2,MC016,EMP0123,109,120
PR011284,2025-01-01,2,MC015,EMP0070,114,120
PR011285,2025-01-01,2,MC014,EMP0103,105,120
PR011286,2025-01-01,2,MC011,EMP0138,99,120
PR011287,2025-01-01,2,MC009,EMP0067,118,120
PR011288,2025-01-01,2,MC018,EMP0067,113,120
PR011289,2025-01-01,2,MC012,EMP0138,113,120
PR011290,2025-01-01,2,MC017,EMP0089,102,120
PR011291,2025-01-01,3,MC023,EMP0180,158,158
PR011292,2025-01-01,3,MC019,EMP0180,141,158
PR011293,2025-01-01,3,MC020,EMP0159,149,158
PR011294,2025-01-01,3,MC022,EMP0016,163,158
PR011295,2025-01-01,4,MC027,EMP0153,193,200
PR011296,2025-01-01,4,MC026,EMP0062,233,200
PR011297,2025-01-01,4,MC028,EMP0023,224,200
PR011298,2025-01-01,4,MC025,EMP0023,246,200
PR011299,2025-01-01,5,MC034,EMP0150,129,142
PR011300,2025-01-01,5,MC033,EMP0003,148,142
PR011301,2025-01-01,5,MC031,EMP0068,140,142
PR011302,2025-01-01,5,MC035,EMP0080,130,142
PR011303,2025-01-01,5,MC032,EMP0068,144,142
PR011304,2025-01-01,6,MC039,EMP0152,299,325
PR011305,2025-01-01,6,MC037,EMP0171,320,325
PR011306,2025-01-01,6,MC038,EMP0144,311,325
PR011307,2025-01-02,1,MC006,EMP0007,192,181
PR011308,2025-01-02,1,MC001,EMP0166,159,181
PR011309,2025-01-02,1,MC008,EMP0032,177,181
PR011310,2025-01-02,1,MC003,EMP0037,170,181
PR011311,2025-01-02,1,MC002,EMP0130,156,181
PR011312,2025-01-02,1,MC007,EMP0061,173,181
PR011313,2025-01-02,2,MC017,EMP0089,106,120
PR011314,2025-01-02,2,MC011,EMP0103,113,120
PR011315,2025-01-02,2,MC012,EMP0076,116,120
PR011316,2025-01-02,2,MC013,EMP0146,121,120
PR011317,2025-01-02,2,MC015,EMP0135,119,120
PR011318,2025-01-02,2,MC010,EMP0146,123,120
PR011319,2025-01-02,2,MC018,EMP0067,111,120
PR011320,2025-01-02,3,MC024,EMP0013,160,158
PR011321,2025-01-02,3,MC023,EMP0179,150,158
PR011322,2025-01-02,3,MC021,EMP0180,146,158
PR011323,2025-01-02,3,MC020,EMP0134,157,158
PR011324,2025-01-02,3,MC019,EMP0034,161,158
PR011325,2025-01-02,4,MC027,EMP0127,222,200
PR011326,2025-01-02,4,MC028,EMP0154,227,200
PR011327,2025-01-02,4,MC026,EMP0108,210,200
PR011328,2025-01-02,4,MC029,EMP0108,207,200
PR011329,2025-01-02,5,MC034,EMP0145,130,142
PR011330,2025-01-02,5,MC035,EMP0003,128,142
PR011331,2025-01-02,5,MC030,EMP0028,132,142
PR011332,2025-01-02,5,MC033,EMP0101,135,142
PR011333,2025-01-02,5,MC032,EMP0145,127,142
PR011334,2025-01-02,6,MC036,EMP0100,346,325
PR011335,2025-01-02,6,MC039,EMP0142,332,325
PR011336,2025-01-02,6,MC037,EMP0100,337,325
PR011337,2025-01-03,1,MC007,EMP0008,157,181
PR011338,2025-01-03,1,MC003,EMP0126,148,181
PR011339,2025-01-03,1,MC001,EMP0167,158,181
PR011340,2025-01-03,1,MC008,EMP0167,156,181
PR011341,2025-01-03,1,MC006,EMP0007,154,181
PR011342,2025-01-03,1,MC004,EMP0044,129,181
PR011343,2025-01-03,2,MC014,EMP0009,89,120
PR011344,2025-01-03,2,MC009,EMP0105,104,120
PR011345,2025-01-03,2,MC010,EMP0012,116,120
PR011346,2025-01-03,2,MC017,EMP0001,99,120
PR011347,2025-01-03,2,MC013,EMP0079,87,120
PR011348,2025-01-03,2,MC011,EMP0147,82,120
PR011349,2025-01-03,2,MC015,EMP0090,90,120
PR011350,2025-01-03,2,MC018,EMP0148,89,120
PR011351,2025-01-03,2,MC012,EMP0139,104,120
PR011352,2025-01-03,3,MC019,EMP0125,128,158
PR011353,2025-01-03,3,MC024,EMP0124,142,158
PR011354,2025-01-03,3,MC022,EMP0039,117,158
PR011355,2025-01-03,3,MC020,EMP0006,125,158
PR011356,2025-01-03,4,MC025,EMP0131,192,200
PR011357,2025-01-03,4,MC026,EMP0109,203,200
PR011358,2025-01-03,4,MC027,EMP0132,164,200
PR011359,2025-01-03,5,MC033,EMP0150,95,142
PR011360,2025-01-03,5,MC030,EMP0145,109,142
PR011361,2025-01-03,5,MC031,EMP0003,123,142
PR011362,2025-01-03,5,MC034,EMP0080,120,142
PR011363,2025-01-03,5,MC032,EMP0003,135,142
PR011364,2025-01-03,6,MC038,EMP0065,252,325
PR011365,2025-01-03,6,MC036,EMP0171,283,325
PR011366,2025-01-03,6,MC037,EMP0046,234,325
PR011367,2025-01-04,1,MC002,EMP0091,181,181
PR011368,2025-01-04,1,MC005,EMP0072,167,181
PR011369,2025-01-04,1,MC008,EMP0102,148,181
PR011370,2025-01-04,1,MC006,EMP0112,181,181
PR011371,2025-01-04,1,MC007,EMP0161,191,181
PR011372,2025-01-04,1,MC001,EMP0025,153,181
PR011373,2025-01-04,1,MC003,EMP0030,183,181
PR011374,2025-01-04,2,MC011,EMP0115,115,120
PR011375,2025-01-04,2,MC016,EMP0138,108,120
PR011376,2025-01-04,2,MC017,EMP0042,105,120
PR011377,2025-01-04,2,MC018,EMP0115,139,120
PR011378,2025-01-04,2,MC010,EMP0020,128,120
PR011379,2025-01-04,2,MC015,EMP0021,116,120
PR011380,2025-01-04,2,MC009,EMP0051,119,120
PR011381,2025-01-04,2,MC014,EMP0140,103,120
PR011382,2025-01-04,2,MC012,EMP0133,103,120
PR011383,2025-01-04,3,MC023,EMP0033,143,158
PR011384,2025-01-04,3,MC022,EMP0039,138,158
PR011385,2025-01-04,3,MC020,EMP0111,143,158
PR011386,2025-01-04,3,MC021,EMP0055,151,158
PR011387,2025-01-04,4,MC028,EMP0121,184,200
PR011388,2025-01-04,4,MC026,EMP0023,215,200
PR011389,2025-01-04,4,MC025,EMP0062,208,200
PR011390,2025-01-04,4,MC027,EMP0156,195,200
PR011391,2025-01-04,5,MC031,EMP0086,134,142
PR011392,2025-01-04,5,MC035,EMP0150,123,142
PR011393,2025-01-04,5,MC033,EMP0165,137,142
PR011394,2025-01-04,5,MC032,EMP0101,130,142
PR011395,2025-01-04,6,MC039,EMP0120,336,325
PR011396,2025-01-04,6,MC036,EMP0120,300,325
PR011397,2025-01-04,6,MC038,EMP0144,323,325
PR011398,2025-01-05,1,MC004,EMP0072,52,181
PR011399,2025-01-05,1,MC002,EMP0168,63,181
PR011400,2025-01-05,1,MC007,EMP0007,68,181
PR011401,2025-01-05,1,MC006,EMP0167,61,181
PR011402,2025-01-05,1,MC001,EMP0052,63,181
PR011403,2025-01-05,1,MC005,EMP0176,62,181
PR011404,2025-01-05,2,MC015,EMP0095,37,120
PR011405,2025-01-05,2,MC013,EMP0009,36,120
PR011406,2025-01-05,2,MC010,EMP0090,35,120
PR011407,2025-01-05,2,MC012,EMP0117,37,120
PR011408,2025-01-05,2,MC009,EMP0079,38,120
PR011409,2025-01-05,2,MC014,EMP0027,33,120
PR011410,2025-01-05,2,MC018,EMP0077,39,120
PR011411,2025-01-05,3,MC021,EMP0084,50,158
PR011412,2025-01-05,3,MC019,EMP0122,49,158
PR011413,2025-01-05,3,MC024,EMP0069,60,158
PR011414,2025-01-05,3,MC023,EMP0055,53,158
PR011415,2025-01-05,3,MC022,EMP0078,58,158
PR011416,2025-01-05,4,MC027,EMP0014,57,200
PR011417,2025-01-05,4,MC029,EMP0174,71,200
PR011418,2025-01-05,4,MC028,EMP0109,77,200
PR011419,2025-01-05,4,MC025,EMP0014,72,200
PR011420,2025-01-05,5,MC034,EMP0060,49,142
PR011421,2025-01-05,5,MC033,EMP0056,42,142
PR011422,2025-01-05,5,MC035,EMP0068,47,142
PR011423,2025-01-05,5,MC032,EMP0101,47,142
PR011424,2025-01-05,6,MC037,EMP0155,111,325
PR011425,2025-01-05,6,MC036,EMP0100,102,325
PR011426,2025-01-05,6,MC039,EMP0144,139,325
PR011427,2025-01-06,1,MC001,EMP0167,203,181
PR011428,2025-01-06,1,MC003,EMP0151,173,181
PR011429,2025-01-06,1,MC004,EMP0066,194,181
PR011430,2025-01-06,1,MC007,EMP0177,183,181
PR011431,2025-01-06,1,MC005,EMP0092,168,181
PR011432,2025-01-06,1,MC008,EMP0054,171,181
PR011433,2025-01-06,1,MC006,EMP0119,178,181
PR011434,2025-01-06,2,MC015,EMP0089,112,120
PR011435,2025-01-06,2,MC012,EMP0089,112,120
PR011436,2025-01-06,2,MC009,EMP0169,113,120
PR011437,2025-01-06,2,MC011,EMP0178,114,120
PR011438,2025-01-06,2,MC014,EMP0098,124,120
PR011439,2025-01-06,2,MC016,EMP0074,115,120
PR011440,2025-01-06,2,MC017,EMP0077,115,120
PR011441,2025-01-06,2,MC018,EMP0147,116,120
PR011442,2025-01-06,3,MC022,EMP0016,144,158
PR011443,2025-01-06,3,MC021,EMP0143,170,158
PR011444,2025-01-06,3,MC020,EMP0039,135,158
PR011445,2025-01-06,3,MC023,EMP0064,148,158
PR011446,2025-01-06,3,MC024,EMP0111,146,158
PR011447,2025-01-06,4,MC027,EMP0050,231,200
PR011448,2025-01-06,4,MC029,EMP0014,229,200
PR011449,2025-01-06,4,MC026,EMP0019,213,200
PR011450,2025-01-06,4,MC025,EMP0011,193,200
PR011451,2025-01-06,5,MC033,EMP0096,120,142
PR011452,2025-01-06,5,MC032,EMP0086,117,142
PR011453,2025-01-06,5,MC031,EMP0028,128,142
PR011454,2025-01-06,5,MC034,EMP0150,117,142
PR011455,2025-01-06,6,MC039,EMP0053,294,325
PR011456,2025-01-06,6,MC038,EMP0144,324,325
PR011457,2025-01-06,6,MC036,EMP0053,317,325
PR011458,2025-01-07,1,MC007,EMP0075,167,181
PR011459,2025-01-07,1,MC003,EMP0017,157,181
PR011460,2025-01-07,1,MC005,EMP0166,163,181
PR011461,2025-01-07,1,MC004,EMP0163,202,181
PR011462,2025-01-07,1,MC002,EMP0137,187,181
PR011463,2025-01-07,1,MC001,EMP0073,172,181
PR011464,2025-01-07,1,MC008,EMP0104,166,181
PR011465,2025-01-07,2,MC010,EMP0024,123,120
PR011466,2025-01-07,2,MC018,EMP0148,121,120
PR011467,2025-01-07,2,MC016,EMP0042,117,120
PR011468,2025-01-07,2,MC011,EMP0051,119,120
PR011469,2025-01-07,2,MC017,EMP0045,102,120
PR011470,2025-01-07,2,MC014,EMP0173,107,120
PR011471,2025-01-07,2,MC015,EMP0024,104,120
PR011472,2025-01-07,3,MC021,EMP0069,154,158
PR011473,2025-01-07,3,MC024,EMP0069,149,158
PR011474,2025-01-07,3,MC022,EMP0069,143,158
PR011475,2025-01-07,3,MC019,EMP0033,166,158
PR011476,2025-01-07,4,MC025,EMP0153,254,200
PR011477,2025-01-07,4,MC029,EMP0108,194,200
PR011478,2025-01-07,4,MC028,EMP0019,215,200
PR011479,2025-01-07,4,MC026,EMP0059,210,200
PR011480,2025-01-07,5,MC032,EMP0165,139,142
PR011481,2025-01-07,5,MC035,EMP0058,131,142
PR011482,2025-01-07,5,MC033,EMP0096,117,142
PR011483,2025-01-07,5,MC030,EMP0165,170,142
PR011484,2025-01-07,5,MC031,EMP0060,133,142
PR011485,2025-01-07,6,MC036,EMP0142,336,325
PR011486,2025-01-07,6,MC038,EMP0065,311,325
PR011487,2025-01-07,6,MC039,EMP0100,342,325
PR011488,2025-01-08,1,MC004,EMP0104,167,181
PR011489,2025-01-08,1,MC002,EMP0104,185,181
PR011490,2025-01-08,1,MC007,EMP0151,151,181
PR011491,2025-01-08,1,MC005,EMP0151,171,181
PR011492,2025-01-08,1,MC001,EMP0054,195,181
PR011493,2025-01-08,1,MC003,EMP0092,199,181
PR011494,2025-01-08,1,MC008,EMP0161,170,181
PR011495,2025-01-08,2,MC009,EMP0081,122,120
PR011496,2025-01-08,2,MC012,EMP0116,115,120
PR011497,2025-01-08,2,MC010,EMP0015,122,120
PR011498,2025-01-08,2,MC017,EMP0149,104,120
PR011499,2025-01-08,2,MC011,EMP0115,123,120
PR011500,2025-01-08,2,MC013,EMP0020,127,120
PR011501,2025-01-08,2,MC018,EMP0157,131,120
PR011502,2025-01-08,2,MC014,EMP0047,112,120
PR011503,2025-01-08,2,MC016,EMP0001,98,120
PR011504,2025-01-08,3,MC024,EMP0010,142,158
PR011505,2025-01-08,3,MC023,EMP0013,148,158
PR011506,2025-01-08,3,MC020,EMP0064,144,158
PR011507,2025-01-08,3,MC022,EMP0055,165,158
PR011508,2025-01-08,4,MC028,EMP0050,205,200
PR011509,2025-01-08,4,MC025,EMP0014,224,200
PR011510,2025-01-08,4,MC026,EMP0002,211,200
PR011511,2025-01-08,5,MC033,EMP0165,156,142
PR011512,2025-01-08,5,MC034,EMP0096,136,142
PR011513,2025-01-08,5,MC031,EMP0164,145,142
PR011514,2025-01-08,5,MC030,EMP0003,155,142
PR011515,2025-01-08,6,MC038,EMP0046,326,325
PR011516,2025-01-08,6,MC036,EMP0053,293,325
PR011517,2025-01-08,6,MC037,EMP0065,341,325
PR011518,2025-01-09,1,MC002,EMP0160,159,181
PR011519,2025-01-09,1,MC003,EMP0061,189,181
PR011520,2025-01-09,1,MC007,EMP0005,178,181
PR011521,2025-01-09,1,MC001,EMP0161,182,181
PR011522,2025-01-09,1,MC004,EMP0177,197,181
PR011523,2025-01-09,1,MC008,EMP0167,169,181
PR011524,2025-01-09,2,MC011,EMP0076,121,120
PR011525,2025-01-09,2,MC013,EMP0116,108,120
PR011526,2025-01-09,2,MC015,EMP0077,125,120
PR011527,2025-01-09,2,MC009,EMP0021,111,120
PR011528,2025-01-09,2,MC018,EMP0123,131,120
PR011529,2025-01-09,2,MC010,EMP0115,133,120
PR011530,2025-01-09,2,MC016,EMP0140,117,120
PR011531,2025-01-09,2,MC017,EMP0146,91,120
PR011532,2025-01-09,3,MC020,EMP0125,152,158
PR011533,2025-01-09,3,MC023,EMP0078,135,158
PR011534,2025-01-09,3,MC021,EMP0010,149,158
PR011535,2025-01-09,3,MC019,EMP0124,157,158
PR011536,2025-01-09,3,MC024,EMP0039,141,158
PR011537,2025-01-09,4,MC025,EMP0109,206,200
PR011538,2025-01-09,4,MC028,EMP0023,218,200
PR011539,2025-01-09,4,MC029,EMP0153,194,200
PR011540,2025-01-09,5,MC035,EMP0060,125,142
PR011541,2025-01-09,5,MC032,EMP0080,141,142
PR011542,2025-01-09,5,MC033,EMP0096,132,142
PR011543,2025-01-09,5,MC030,EMP0145,134,142
PR011544,2025-01-09,5,MC031,EMP0086,113,142
PR011545,2025-01-09,6,MC039,EMP0053,336,325
PR011546,2025-01-09,6,MC036,EMP0120,340,325
PR011547,2025-01-09,6,MC037,EMP0046,287,325
PR011548,2025-01-10,1,MC004,EMP0107,156,181
PR011549,2025-01-10,1,MC005,EMP0066,159,181
PR011550,2025-01-10,1,MC002,EMP0151,141,181
PR011551,2025-01-10,1,MC006,EMP0158,140,181
PR011552,2025-01-10,1,MC008,EMP0162,153,181
PR011553,2025-01-10,1,MC007,EMP0176,153,181
PR011554,2025-01-10,2,MC015,EMP0095,99,120
PR011555,2025-01-10,2,MC010,EMP0089,96,120
PR011556,2025-01-10,2,MC017,EMP0024,101,120
PR011557,2025-01-10,2,MC013,EMP0009,99,120
PR011558,2025-01-10,2,MC009,EMP0051,100,120
PR011559,2025-01-10,2,MC012,EMP0105,106,120
PR011560,2025-01-10,2,MC018,EMP0148,107,120
PR011561,2025-01-10,2,MC014,EMP0041,89,120
PR011562,2025-01-10,2,MC011,EMP0051,107,120
PR011563,2025-01-10,3,MC023,EMP0034,138,158
PR011564,2025-01-10,3,MC022,EMP0033,118,158
PR011565,2025-01-10,3,MC021,EMP0125,136,158
PR011566,2025-01-10,3,MC024,EMP0125,115,158
PR011567,2025-01-10,3,MC020,EMP0034,126,158
PR011568,2025-01-10,4,MC028,EMP0153,180,200
PR011569,2025-01-10,4,MC026,EMP0014,149,200
PR011570,2025-01-10,4,MC029,EMP0121,161,200
PR011571,2025-01-10,4,MC027,EMP0108,188,200
PR011572,2025-01-10,5,MC033,EMP0058,111,142
PR011573,2025-01-10,5,MC034,EMP0068,105,142
PR011574,2025-01-10,5,MC030,EMP0164,110,142
PR011575,2025-01-10,5,MC031,EMP0086,117,142
PR011576,2025-01-10,5,MC032,EMP0028,121,142
PR011577,2025-01-10,6,MC039,EMP0144,297,325
PR011578,2025-01-10,6,MC036,EMP0046,288,325
PR011579,2025-01-10,6,MC038,EMP0085,284,325
PR011580,2025-01-11,1,MC003,EMP0137,181,181
PR011581,2025-01-11,1,MC005,EMP0158,181,181
PR011582,2025-01-11,1,MC008,EMP0072,154,181
PR011583,2025-01-11,1,MC006,EMP0025,172,181
PR011584,2025-01-11,1,MC002,EMP0130,170,181
PR011585,2025-01-11,1,MC007,EMP0030,173,181
PR011586,2025-01-11,2,MC015,EMP0129,99,120
PR011587,2025-01-11,2,MC011,EMP0004,130,120
PR011588,2025-01-11,2,MC010,EMP0004,115,120
PR011589,2025-01-11,2,MC017,EMP0047,111,120
PR011590,2025-01-11,2,MC016,EMP0048,134,120
PR011591,2025-01-11,2,MC018,EMP0103,116,120
PR011592,2025-01-11,2,MC014,EMP0067,115,120
PR011593,2025-01-11,2,MC012,EMP0026,103,120
PR011594,2025-01-11,3,MC022,EMP0179,155,158
PR011595,2025-01-11,3,MC021,EMP0099,150,158
PR011596,2025-01-11,3,MC019,EMP0125,154,158
PR011597,2025-01-11,3,MC020,EMP0033,147,158
PR011598,2025-01-11,3,MC023,EMP0084,155,158
PR011599,2025-01-11,4,MC029,EMP0049,219,200
PR011600,2025-01-11,4,MC027,EMP0023,223,200
PR011601,2025-01-11,4,MC025,EMP0154,224,200
PR011602,2025-01-11,4,MC028,EMP0049,218,200
PR011603,2025-01-11,5,MC032,EMP0060,130,142
PR011604,2025-01-11,5,MC030,EMP0058,124,142
PR011605,2025-01-11,5,MC034,EMP0165,119,142
PR011606,2025-01-11,5,MC031,EMP0150,124,142
PR011607,2025-01-11,6,MC038,EMP0155,344,325
PR011608,2025-01-11,6,MC036,EMP0053,333,325
PR011609,2025-01-11,6,MC039,EMP0144,326,325
PR011610,2025-01-12,1,MC007,EMP0052,55,181
PR011611,2025-01-12,1,MC004,EMP0054,64,181
PR011612,2025-01-12,1,MC002,EMP0110,62,181
PR011613,2025-01-12,1,MC008,EMP0073,63,181
PR011614,2025-01-12,1,MC003,EMP0030,56,181
PR011615,2025-01-12,1,MC001,EMP0025,65,181
PR011616,2025-01-12,1,MC006,EMP0025,57,181
PR011617,2025-01-12,2,MC016,EMP0173,42,120
PR011618,2025-01-12,2,MC012,EMP0146,40,120
PR011619,2025-01-12,2,MC018,EMP0138,37,120
PR011620,2025-01-12,2,MC013,EMP0123,44,120
PR011621,2025-01-12,2,MC014,EMP0140,44,120
PR011622,2025-01-12,2,MC010,EMP0031,41,120
PR011623,2025-01-12,2,MC009,EMP0149,41,120
PR011624,2025-01-12,3,MC022,EMP0125,51,158
PR011625,2025-01-12,3,MC024,EMP0125,56,158
PR011626,2025-01-12,3,MC023,EMP0179,55,158
PR011627,2025-01-12,3,MC019,EMP0069,58,158
PR011628,2025-01-12,3,MC020,EMP0180,48,158
PR011629,2025-01-12,4,MC026,EMP0127,76,200
PR011630,2025-01-12,4,MC027,EMP0062,78,200
PR011631,2025-01-12,4,MC029,EMP0127,78,200
PR011632,2025-01-12,4,MC025,EMP0023,75,200
PR011633,2025-01-12,5,MC031,EMP0058,45,142
PR011634,2025-01-12,5,MC030,EMP0165,42,142
PR011635,2025-01-12,5,MC032,EMP0164,47,142
PR011636,2025-01-12,5,MC033,EMP0165,39,142
PR011637,2025-01-12,5,MC035,EMP0028,43,142
PR011638,2025-01-12,6,MC038,EMP0171,105,325
PR011639,2025-01-12,6,MC039,EMP0120,97,325
PR011640,2025-01-12,6,MC037,EMP0144,111,325
PR011641,2025-01-13,1,MC007,EMP0052,176,181
PR011642,2025-01-13,1,MC001,EMP0162,180,181
PR011643,2025-01-13,1,MC008,EMP0158,172,181
PR011644,2025-01-13,1,MC003,EMP0052,146,181
PR011645,2025-01-13,1,MC002,EMP0137,175,181
PR011646,2025-01-13,1,MC004,EMP0176,172,181
PR011647,2025-01-13,1,MC005,EMP0008,184,181
PR011648,2025-01-13,2,MC011,EMP0070,102,120
PR011649,2025-01-13,2,MC012,EMP0079,131,120
PR011650,2025-01-13,2,MC013,EMP0105,119,120
PR011651,2025-01-13,2,MC014,EMP0115,112,120
PR011652,2025-01-13,2,MC015,EMP0040,108,120
PR011653,2025-01-13,2,MC009,EMP0045,98,120
PR011654,2025-01-13,2,MC016,EMP0103,123,120
PR011655,2025-01-13,2,MC018,EMP0105,117,120
PR011656,2025-01-13,3,MC019,EMP0064,162,158
PR011657,2025-01-13,3,MC024,EMP0124,161,158
PR011658,2025-01-13,3,MC020,EMP0159,129,158
PR011659,2025-01-13,3,MC023,EMP0099,137,158
PR011660,2025-01-13,4,MC026,EMP0132,228,200
PR011661,2025-01-13,4,MC029,EMP0132,148,200
PR011662,2025-01-13,4,MC025,EMP0049,226,200
PR011663,2025-01-13,4,MC027,EMP0014,173,200
PR011664,2025-01-13,5,MC030,EMP0068,112,142
PR011665,2025-01-13,5,MC031,EMP0145,113,142
PR011666,2025-01-13,5,MC032,EMP0164,143,142
PR011667,2025-01-13,5,MC033,EMP0150,144,142
PR011668,2025-01-13,5,MC034,EMP0060,113,142
PR011669,2025-01-13,6,MC037,EMP0100,357,325
PR011670,2025-01-13,6,MC038,EMP0100,314,325
PR011671,2025-01-13,6,MC036,EMP0065,357,325
PR011672,2025-01-14,1,MC003,EMP0007,163,181
PR011673,2025-01-14,1,MC007,EMP0018,163,181
PR011674,2025-01-14,1,MC002,EMP0008,176,181
PR011675,2025-01-14,1,MC008,EMP0126,189,181
PR011676,2025-01-14,1,MC005,EMP0162,171,181
PR011677,2025-01-14,1,MC006,EMP0176,169,181
PR011678,2025-01-14,2,MC018,EMP0067,133,120
PR011679,2025-01-14,2,MC017,EMP0001,129,120
PR011680,2025-01-14,2,MC016,EMP0074,110,120
PR011681,2025-01-14,2,MC010,EMP0115,111,120
PR011682,2025-01-14,2,MC014,EMP0012,120,120
PR011683,2025-01-14,2,MC012,EMP0051,105,120
PR011684,2025-01-14,2,MC011,EMP0040,110,120
PR011685,2025-01-14,2,MC013,EMP0083,80,120
PR011686,2025-01-14,3,MC019,EMP0078,126,158
PR011687,2025-01-14,3,MC021,EMP0039,169,158
PR011688,2025-01-14,3,MC024,EMP0172,151,158
PR011689,2025-01-14,3,MC020,EMP0134,140,158
PR011690,2025-01-14,3,MC022,EMP0010,156,158
PR011691,2025-01-14,4,MC028,EMP0174,205,200
PR011692,2025-01-14,4,MC027,EMP0109,160,200
PR011693,2025-01-14,4,MC025,EMP0153,188,200
PR011694,2025-01-14,4,MC029,EMP0022,206,200
PR011695,2025-01-14,5,MC032,EMP0101,139,142
PR011696,2025-01-14,5,MC033,EMP0068,115,142
PR011697,2025-01-14,5,MC035,EMP0056,135,142
PR011698,2025-01-14,5,MC031,EMP0080,144,142
PR011699,2025-01-14,5,MC034,EMP0028,151,142
PR011700,2025-01-14,6,MC036,EMP0144,311,325
PR011701,2025-01-14,6,MC037,EMP0053,322,325
PR011702,2025-01-14,6,MC038,EMP0046,334,325
PR011703,2025-01-15,1,MC006,EMP0137,187,181
PR011704,2025-01-15,1,MC008,EMP0005,173,181
PR011705,2025-01-15,1,MC007,EMP0161,188,181
PR011706,2025-01-15,1,MC005,EMP0007,169,181
PR011707,2025-01-15,1,MC003,EMP0032,183,181
PR011708,2025-01-15,1,MC004,EMP0066,145,181
PR011709,2025-01-15,2,MC016,EMP0042,104,120
PR011710,2025-01-15,2,MC015,EMP0048,123,120
PR011711,2025-01-15,2,MC012,EMP0149,112,120
PR011712,2025-01-15,2,MC017,EMP0083,124,120
PR011713,2025-01-15,2,MC013,EMP0036,116,120
PR011714,2025-01-15,2,MC018,EMP0116,123,120
PR011715,2025-01-15,2,MC010,EMP0128,122,120
PR011716,2025-01-15,2,MC014,EMP0021,106,120
PR011717,2025-01-15,2,MC011,EMP0098,102,120
PR011718,2025-01-15,3,MC024,EMP0159,162,158
PR011719,2025-01-15,3,MC021,EMP0122,166,158
PR011720,2025-01-15,3,MC020,EMP0016,150,158
PR011721,2025-01-15,3,MC023,EMP0134,152,158
PR011722,2025-01-15,4,MC028,EMP0109,217,200
PR011723,2025-01-15,4,MC027,EMP0014,185,200
PR011724,2025-01-15,4,MC026,EMP0002,207,200
PR011725,2025-01-15,4,MC029,EMP0071,211,200
PR011726,2025-01-15,5,MC035,EMP0101,135,142
PR011727,2025-01-15,5,MC030,EMP0086,135,142
PR011728,2025-01-15,5,MC031,EMP0060,129,142
PR011729,2025-01-15,5,MC032,EMP0145,137,142
PR011730,2025-01-15,5,MC034,EMP0028,142,142
PR011731,2025-01-15,6,MC039,EMP0171,314,325
PR011732,2025-01-15,6,MC037,EMP0065,348,325
PR011733,2025-01-15,6,MC038,EMP0155,349,325
PR011734,2025-01-16,1,MC007,EMP0130,174,181
PR011735,2025-01-16,1,MC004,EMP0008,162,181
PR011736,2025-01-16,1,MC006,EMP0126,174,181
PR011737,2025-01-16,1,MC001,EMP0137,178,181
PR011738,2025-01-16,1,MC008,EMP0161,159,181
PR011739,2025-01-16,1,MC003,EMP0167,162,181
PR011740,2025-01-16,2,MC017,EMP0024,109,120
PR011741,2025-01-16,2,MC009,EMP0113,118,120
PR011742,2025-01-16,2,MC014,EMP0042,131,120
PR011743,2025-01-16,2,MC011,EMP0012,128,120
PR011744,2025-01-16,2,MC010,EMP0009,116,120
PR011745,2025-01-16,2,MC013,EMP0045,110,120
PR011746,2025-01-16,2,MC016,EMP0063,107,120
PR011747,2025-01-16,2,MC018,EMP0074,120,120
PR011748,2025-01-16,2,MC012,EMP0157,110,120
PR011749,2025-01-16,3,MC022,EMP0013,143,158
PR011750,2025-01-16,3,MC021,EMP0039,134,158
PR011751,2025-01-16,3,MC024,EMP0013,161,158
PR011752,2025-01-16,3,MC019,EMP0034,177,158
PR011753,2025-01-16,4,MC027,EMP0002,218,200
PR011754,2025-01-16,4,MC029,EMP0156,204,200
PR011755,2025-01-16,4,MC025,EMP0087,210,200
PR011756,2025-01-16,4,MC028,EMP0156,212,200
PR011757,2025-01-16,5,MC033,EMP0150,139,142
PR011758,2025-01-16,5,MC032,EMP0058,135,142
PR011759,2025-01-16,5,MC030,EMP0060,121,142
PR011760,2025-01-16,5,MC035,EMP0068,129,142
PR011761,2025-01-16,5,MC034,EMP0068,132,142
PR011762,2025-01-16,6,MC039,EMP0065,370,325
PR011763,2025-01-16,6,MC037,EMP0065,310,325
PR011764,2025-01-16,6,MC038,EMP0155,359,325
PR011765,2025-01-17,1,MC006,EMP0162,149,181
PR011766,2025-01-17,1,MC003,EMP0163,158,181
PR011767,2025-01-17,1,MC001,EMP0107,159,181
PR011768,2025-01-17,1,MC008,EMP0092,142,181
PR011769,2025-01-17,1,MC002,EMP0075,149,181
PR011770,2025-01-17,1,MC007,EMP0102,148,181
PR011771,2025-01-17,2,MC011,EMP0173,102,120
PR011772,2025-01-17,2,MC015,EMP0035,99,120
PR011773,2025-01-17,2,MC016,EMP0012,83,120
PR011774,2025-01-17,2,MC012,EMP0135,78,120
PR011775,2025-01-17,2,MC017,EMP0138,100,120
PR011776,2025-01-17,2,MC009,EMP0115,92,120
PR011777,2025-01-17,2,MC014,EMP0070,94,120
PR011778,2025-01-17,2,MC018,EMP0135,96,120
PR011779,2025-01-17,2,MC010,EMP0089,102,120
PR011780,2025-01-17,3,MC023,EMP0143,127,158
PR011781,2025-01-17,3,MC024,EMP0033,109,158
PR011782,2025-01-17,3,MC022,EMP0029,122,158
PR011783,2025-01-17,3,MC020,EMP0006,135,158
PR011784,2025-01-17,3,MC019,EMP0033,130,158
PR011785,2025-01-17,4,MC025,EMP0131,184,200
PR011786,2025-01-17,4,MC026,EMP0131,181,200
PR011787,2025-01-17,4,MC027,EMP0043,197,200
PR011788,2025-01-17,4,MC029,EMP0050,152,200
PR011789,2025-01-17,5,MC031,EMP0145,129,142
PR011790,2025-01-17,5,MC033,EMP0164,126,142
PR011791,2025-01-17,5,MC034,EMP0028,103,142
PR011792,2025-01-17,5,MC030,EMP0058,121,142
PR011793,2025-01-17,5,MC035,EMP0096,119,142
PR011794,2025-01-17,6,MC038,EMP0142,259,325
PR011795,2025-01-17,6,MC036,EMP0085,260,325
PR011796,2025-01-17,6,MC037,EMP0120,291,325
PR011797,2025-01-18,1,MC004,EMP0073,146,181
PR011798,2025-01-18,1,MC002,EMP0119,180,181
PR011799,2025-01-18,1,MC003,EMP0038,190,181
PR011800,2025-01-18,1,MC006,EMP0073,195,181
PR011801,2025-01-18,1,MC008,EMP0112,177,181
PR011802,2025-01-18,1,MC007,EMP0030,160,181
PR011803,2025-01-18,2,MC015,EMP0133,131,120
PR011804,2025-01-18,2,MC016,EMP0083,102,120
PR011805,2025-01-18,2,MC018,EMP0106,121,120
PR011806,2025-01-18,2,MC011,EMP0178,105,120
PR011807,2025-01-18,2,MC014,EMP0113,100,120
PR011808,2025-01-18,2,MC012,EMP0041,99,120
PR011809,2025-01-18,2,MC013,EMP0095,124,120
PR011810,2025-01-18,2,MC010,EMP0067,115,120
PR011811,2025-01-18,2,MC017,EMP0116,126,120
PR011812,2025-01-18,3,MC020,EMP0055,133,158
PR011813,2025-01-18,3,MC019,EMP0069,146,158
PR011814,2025-01-18,3,MC024,EMP0125,159,158
PR011815,2025-01-18,3,MC021,EMP0172,136,158
PR011816,2025-01-18,3,MC023,EMP0039,117,158
PR011817,2025-01-18,4,MC027,EMP0087,223,200
PR011818,2025-01-18,4,MC026,EMP0019,173,200
PR011819,2025-01-18,4,MC025,EMP0154,204,200
PR011820,2025-01-18,4,MC029,EMP0156,227,200
PR011821,2025-01-18,5,MC031,EMP0101,130,142
PR011822,2025-01-18,5,MC033,EMP0101,138,142
PR011823,2025-01-18,5,MC035,EMP0068,133,142
PR011824,2025-01-18,5,MC030,EMP0003,129,142
PR011825,2025-01-18,6,MC037,EMP0100,332,325
PR011826,2025-01-18,6,MC038,EMP0152,343,325
PR011827,2025-01-18,6,MC036,EMP0085,354,325
PR011828,2025-01-19,1,MC003,EMP0163,49,181
PR011829,2025-01-19,1,MC004,EMP0094,58,181
PR011830,2025-01-19,1,MC005,EMP0118,57,181
PR011831,2025-01-19,1,MC007,EMP0130,60,181
PR011832,2025-01-19,1,MC006,EMP0005,63,181
PR011833,2025-01-19,1,MC008,EMP0018,73,181
PR011834,2025-01-19,1,MC002,EMP0075,60,181
PR011835,2025-01-19,2,MC016,EMP0147,46,120
PR011836,2025-01-19,2,MC011,EMP0020,43,120
PR011837,2025-01-19,2,MC017,EMP0036,38,120
PR011838,2025-01-19,2,MC014,EMP0067,42,120
PR011839,2025-01-19,2,MC010,EMP0079,44,120
PR011840,2025-01-19,2,MC009,EMP0040,40,120
PR011841,2025-01-19,2,MC018,EMP0031,43,120
PR011842,2025-01-19,2,MC013,EMP0128,36,120
PR011843,2025-01-19,3,MC020,EMP0122,55,158
PR011844,2025-01-19,3,MC024,EMP0122,51,158
PR011845,2025-01-19,3,MC022,EMP0013,55,158
PR011846,2025-01-19,3,MC019,EMP0125,57,158
PR011847,2025-01-19,3,MC021,EMP0125,54,158
PR011848,2025-01-19,4,MC025,EMP0174,66,200
PR011849,2025-01-19,4,MC026,EMP0022,72,200
PR011850,2025-01-19,4,MC027,EMP0011,83,200
PR011851,2025-01-19,4,MC028,EMP0109,76,200
PR011852,2025-01-19,5,MC034,EMP0145,40,142
PR011853,2025-01-19,5,MC033,EMP0165,46,142
PR011854,2025-01-19,5,MC031,EMP0150,50,142
PR011855,2025-01-19,5,MC030,EMP0080,51,142
PR011856,2025-01-19,5,MC035,EMP0028,49,142
PR011857,2025-01-19,6,MC037,EMP0152,113,325
PR011858,2025-01-19,6,MC039,EMP0171,117,325
PR011859,2025-01-19,6,MC038,EMP0046,94,325
PR011860,2025-01-20,1,MC003,EMP0168,168,181
PR011861,2025-01-20,1,MC004,EMP0112,180,181
PR011862,2025-01-20,1,MC007,EMP0163,161,181
PR011863,2025-01-20,1,MC002,EMP0112,185,181
PR011864,2025-01-20,1,MC005,EMP0126,205,181
PR011865,2025-01-20,1,MC008,EMP0008,175,181
PR011866,2025-01-20,1,MC001,EMP0066,180,181
PR011867,2025-01-20,2,MC015,EMP0047,110,120
PR011868,2025-01-20,2,MC009,EMP0077,111,120
PR011869,2025-01-20,2,MC011,EMP0138,110,120
PR011870,2025-01-20,2,MC010,EMP0147,120,120
PR011871,2025-01-20,2,MC017,EMP0146,117,120
PR011872,2025-01-20,2,MC012,EMP0004,112,120
PR011873,2025-01-20,2,MC016,EMP0070,112,120
PR011874,2025-01-20,3,MC022,EMP0078,143,158
PR011875,2025-01-20,3,MC019,EMP0006,153,158
PR011876,2025-01-20,3,MC021,EMP0039,139,158
PR011877,2025-01-20,3,MC023,EMP0016,152,158
PR011878,2025-01-20,4,MC025,EMP0131,203,200
PR011879,2025-01-20,4,MC029,EMP0071,200,200
PR011880,2025-01-20,4,MC027,EMP0049,200,200
PR011881,2025-01-20,4,MC026,EMP0011,196,200
PR011882,2025-01-20,5,MC034,EMP0068,132,142
PR011883,2025-01-20,5,MC031,EMP0086,132,142
PR011884,2025-01-20,5,MC030,EMP0056,138,142
PR011885,2025-01-20,5,MC035,EMP0101,134,142
PR011886,2025-01-20,5,MC033,EMP0028,139,142
PR011887,2025-01-20,6,MC038,EMP0085,355,325
PR011888,2025-01-20,6,MC039,EMP0152,327,325
PR011889,2025-01-20,6,MC037,EMP0144,286,325
PR011890,2025-01-21,1,MC004,EMP0066,205,181
PR011891,2025-01-21,1,MC002,EMP0160,152,181
PR011892,2025-01-21,1,MC001,EMP0104,151,181
PR011893,2025-01-21,1,MC008,EMP0137,193,181
PR011894,2025-01-21,1,MC005,EMP0038,191,181
PR011895,2025-01-21,1,MC007,EMP0107,185,181
PR011896,2025-01-21,2,MC012,EMP0063,102,120
PR011897,2025-01-21,2,MC009,EMP0051,100,120
PR011898,2025-01-21,2,MC011,EMP0148,97,120
PR011899,2025-01-21,2,MC010,EMP0074,115,120
PR011900,2025-01-21,2,MC013,EMP0070,113,120
PR011901,2025-01-21,2,MC016,EMP0173,121,120
PR011902,2025-01-21,2,MC018,EMP0123,106,120
PR011903,2025-01-21,3,MC023,EMP0078,140,158
PR011904,2025-01-21,3,MC022,EMP0006,162,158
PR011905,2025-01-21,3,MC021,EMP0099,151,158
PR011906,2025-01-21,3,MC019,EMP0039,151,158
PR011907,2025-01-21,3,MC020,EMP0159,151,158
PR011908,2025-01-21,4,MC029,EMP0019,200,200
PR011909,2025-01-21,4,MC028,EMP0043,204,200
PR011910,2025-01-21,4,MC025,EMP0109,199,200
PR011911,2025-01-21,4,MC026,EMP0153,194,200
PR011912,2025-01-21,5,MC030,EMP0068,123,142
PR011913,2025-01-21,5,MC033,EMP0145,131,142
PR011914,2025-01-21,5,MC035,EMP0165,127,142
PR011915,2025-01-21,5,MC032,EMP0003,133,142
PR011916,2025-01-21,6,MC036,EMP0053,318,325
PR011917,2025-01-21,6,MC037,EMP0120,370,325
PR011918,2025-01-21,6,MC038,EMP0155,334,325
PR011919,2025-01-22,1,MC002,EMP0025,186,181
PR011920,2025-01-22,1,MC008,EMP0007,181,181
PR011921,2025-01-22,1,MC006,EMP0110,147,181
PR011922,2025-01-22,1,MC003,EMP0088,176,181
PR011923,2025-01-22,1,MC007,EMP0066,165,181
PR011924,2025-01-22,1,MC004,EMP0032,190,181
PR011925,2025-01-22,1,MC001,EMP0075,178,181
PR011926,2025-01-22,2,MC018,EMP0129,104,120
PR011927,2025-01-22,2,MC014,EMP0009,106,120
PR011928,2025-01-22,2,MC016,EMP0173,117,120
PR011929,2025-01-22,2,MC010,EMP0103,112,120
PR011930,2025-01-22,2,MC015,EMP0042,118,120
PR011931,2025-01-22,2,MC017,EMP0095,117,120
PR011932,2025-01-22,2,MC013,EMP0070,129,120
PR011933,2025-01-22,2,MC009,EMP0098,124,120
PR011934,2025-01-22,3,MC023,EMP0143,146,158
PR011935,2025-01-22,3,MC021,EMP0134,154,158
PR011936,2025-01-22,3,MC019,EMP0111,153,158
PR011937,2025-01-22,3,MC022,EMP0069,154,158
PR011938,2025-01-22,4,MC029,EMP0049,186,200
PR011939,2025-01-22,4,MC025,EMP0153,219,200
PR011940,2025-01-22,4,MC028,EMP0062,224,200
PR011941,2025-01-22,4,MC026,EMP0153,221,200
PR011942,2025-01-22,5,MC034,EMP0145,114,142
PR011943,2025-01-22,5,MC030,EMP0165,131,142
PR011944,2025-01-22,5,MC031,EMP0150,132,142
PR011945,2025-01-22,5,MC035,EMP0060,145,142
PR011946,2025-01-22,6,MC039,EMP0152,326,325
PR011947,2025-01-22,6,MC038,EMP0065,374,325
PR011948,2025-01-22,6,MC037,EMP0152,288,325
PR011949,2025-01-23,1,MC005,EMP0097,164,181
PR011950,2025-01-23,1,MC002,EMP0126,204,181
PR011951,2025-01-23,1,MC003,EMP0072,179,181
PR011952,2025-01-23,1,MC001,EMP0025,160,181
PR011953,2025-01-23,1,MC008,EMP0030,174,181
PR011954,2025-01-23,1,MC004,EMP0008,177,181
PR011955,2025-01-23,2,MC014,EMP0117,114,120
PR011956,2025-01-23,2,MC016,EMP0139,110,120
PR011957,2025-01-23,2,MC015,EMP0113,113,120
PR011958,2025-01-23,2,MC010,EMP0009,113,120
PR011959,2025-01-23,2,MC017,EMP0178,121,120
PR011960,2025-01-23,2,MC011,EMP0113,138,120
PR011961,2025-01-23,2,MC018,EMP0001,110,120
PR011962,2025-01-23,2,MC009,EMP0015,108,120
PR011963,2025-01-23,3,MC020,EMP0064,134,158
PR011964,2025-01-23,3,MC023,EMP0078,142,158
PR011965,2025-01-23,3,MC019,EMP0134,123,158
PR011966,2025-01-23,3,MC022,EMP0122,160,158
PR011967,2025-01-23,4,MC027,EMP0131,196,200
PR011968,2025-01-23,4,MC025,EMP0049,208,200
PR011969,2025-01-23,4,MC026,EMP0156,188,200
PR011970,2025-01-23,4,MC029,EMP0154,205,200
PR011971,2025-01-23,5,MC033,EMP0086,131,142
PR011972,2025-01-23,5,MC034,EMP0150,128,142
PR011973,2025-01-23,5,MC032,EMP0058,107,142
PR011974,2025-01-23,5,MC030,EMP0165,132,142
PR011975,2025-01-23,5,MC035,EMP0003,141,142
PR011976,2025-01-23,6,MC036,EMP0100,310,325
PR011977,2025-01-23,6,MC037,EMP0120,338,325
PR011978,2025-01-23,6,MC038,EMP0152,325,325
PR011979,2025-01-24,1,MC004,EMP0137,146,181
PR011980,2025-01-24,1,MC005,EMP0008,159,181
PR011981,2025-01-24,1,MC001,EMP0030,165,181
PR011982,2025-01-24,1,MC002,EMP0177,136,181
PR011983,2025-01-24,1,MC003,EMP0161,135,181
PR011984,2025-01-24,1,MC008,EMP0018,159,181
PR011985,2025-01-24,1,MC006,EMP0107,128,181
PR011986,2025-01-24,2,MC013,EMP0021,87,120
PR011987,2025-01-24,2,MC012,EMP0173,100,120
PR011988,2025-01-24,2,MC010,EMP0004,122,120
PR011989,2025-01-24,2,MC016,EMP0079,89,120
PR011990,2025-01-24,2,MC015,EMP0116,94,120
PR011991,2025-01-24,2,MC009,EMP0140,89,120
PR011992,2025-01-24,2,MC011,EMP0157,98,120
PR011993,2025-01-24,3,MC021,EMP0064,129,158
PR011994,2025-01-24,3,MC023,EMP0125,121,158
PR011995,2025-01-24,3,MC020,EMP0143,134,158
PR011996,2025-01-24,3,MC019,EMP0013,122,158
PR011997,2025-01-24,3,MC024,EMP0069,126,158
PR011998,2025-01-24,4,MC025,EMP0131,197,200
PR011999,2025-01-24,4,MC028,EMP0174,186,200
PR012000,2025-01-24,4,MC026,EMP0153,193,200
PR012001,2025-01-24,4,MC027,EMP0156,159,200
PR012002,2025-01-24,5,MC031,EMP0086,102,142
PR012003,2025-01-24,5,MC032,EMP0150,123,142
PR012004,2025-01-24,5,MC033,EMP0068,126,142
PR012005,2025-01-24,5,MC030,EMP0003,104,142
PR012006,2025-01-24,6,MC038,EMP0085,270,325
PR012007,2025-01-24,6,MC039,EMP0046,295,325
PR012008,2025-01-24,6,MC037,EMP0144,277,325
PR012009,2025-01-25,1,MC008,EMP0038,175,181
PR012010,2025-01-25,1,MC007,EMP0130,174,181
PR012011,2025-01-25,1,MC004,EMP0061,211,181
PR012012,2025-01-25,1,MC005,EMP0097,196,181
PR012013,2025-01-25,1,MC001,EMP0061,219,181
PR012014,2025-01-25,1,MC002,EMP0073,181,181
PR012015,2025-01-25,1,MC003,EMP0166,169,181
PR012016,2025-01-25,2,MC016,EMP0138,102,120
PR012017,2025-01-25,2,MC013,EMP0012,105,120
PR012018,2025-01-25,2,MC009,EMP0083,129,120
PR012019,2025-01-25,2,MC011,EMP0133,108,120
PR012020,2025-01-25,2,MC018,EMP0116,127,120
PR012021,2025-01-25,2,MC012,EMP0042,116,120
PR012022,2025-01-25,2,MC015,EMP0095,105,120
PR012023,2025-01-25,2,MC010,EMP0045,114,120
PR012024,2025-01-25,2,MC017,EMP0051,102,120
PR012025,2025-01-25,3,MC021,EMP0136,152,158
PR012026,2025-01-25,3,MC020,EMP0136,143,158
PR012027,2025-01-25,3,MC024,EMP0034,147,158
PR012028,2025-01-25,3,MC019,EMP0136,142,158
PR012029,2025-01-25,3,MC022,EMP0136,149,158
PR012030,2025-01-25,4,MC025,EMP0043,234,200
PR012031,2025-01-25,4,MC028,EMP0049,216,200
PR012032,2025-01-25,4,MC027,EMP0108,222,200
PR012033,2025-01-25,4,MC029,EMP0154,230,200
PR012034,2025-01-25,5,MC032,EMP0060,120,142
PR012035,2025-01-25,5,MC031,EMP0164,133,142
PR012036,2025-01-25,5,MC030,EMP0003,138,142
PR012037,2025-01-25,5,MC034,EMP0150,141,142
PR012038,2025-01-25,6,MC039,EMP0144,295,325
PR012039,2025-01-25,6,MC037,EMP0171,287,325
PR012040,2025-01-25,6,MC038,EMP0085,335,325
PR012041,2025-01-26,1,MC008,EMP0161,75,181
PR012042,2025-01-26,1,MC001,EMP0075,75,181
PR012043,2025-01-26,1,MC007,EMP0112,58,181
PR012044,2025-01-26,1,MC002,EMP0167,63,181
PR012045,2025-01-26,1,MC003,EMP0107,61,181
PR012046,2025-01-26,1,MC005,EMP0025,69,181
PR012047,2025-01-26,2,MC012,EMP0129,42,120
PR012048,2025-01-26,2,MC015,EMP0074,39,120
PR012049,2025-01-26,2,MC013,EMP0063,40,120
PR012050,2025-01-26,2,MC017,EMP0147,42,120
PR012051,2025-01-26,2,MC010,EMP0015,43,120
PR012052,2025-01-26,2,MC009,EMP0128,39,120
PR012053,2025-01-26,2,MC016,EMP0114,47,120
PR012054,2025-01-26,2,MC018,EMP0047,43,120
PR012055,2025-01-26,3,MC022,EMP0082,49,158
PR012056,2025-01-26,3,MC021,EMP0013,55,158
PR012057,2025-01-26,3,MC023,EMP0159,57,158
PR012058,2025-01-26,3,MC024,EMP0069,53,158
PR012059,2025-01-26,3,MC020,EMP0029,54,158
PR012060,2025-01-26,4,MC029,EMP0022,76,200
PR012061,2025-01-26,4,MC027,EMP0132,84,200
PR012062,2025-01-26,4,MC028,EMP0153,74,200
PR012063,2025-01-26,4,MC026,EMP0022,80,200
PR012064,2025-01-26,5,MC033,EMP0165,39,142
PR012065,2025-01-26,5,MC032,EMP0080,55,142
PR012066,2025-01-26,5,MC030,EMP0101,48,142
PR012067,2025-01-26,5,MC031,EMP0165,50,142
PR012068,2025-01-26,6,MC036,EMP0155,96,325
PR012069,2025-01-26,6,MC037,EMP0100,128,325
PR012070,2025-01-26,6,MC038,EMP0046,106,325
PR012071,2025-01-27,1,MC007,EMP0038,167,181
PR012072,2025-01-27,1,MC003,EMP0102,159,181
PR012073,2025-01-27,1,MC008,EMP0088,177,181
PR012074,2025-01-27,1,MC006,EMP0025,178,181
PR012075,2025-01-27,1,MC005,EMP0007,166,181
PR012076,2025-01-27,1,MC001,EMP0037,181,181
PR012077,2025-01-27,2,MC016,EMP0114,124,120
PR012078,2025-01-27,2,MC010,EMP0140,113,120
PR012079,2025-01-27,2,MC013,EMP0139,100,120
PR012080,2025-01-27,2,MC009,EMP0048,119,120
PR012081,2025-01-27,2,MC014,EMP0031,128,120
PR012082,2025-01-27,2,MC015,EMP0027,108,120
PR012083,2025-01-27,2,MC018,EMP0051,103,120
PR012084,2025-01-27,2,MC017,EMP0031,91,120
PR012085,2025-01-27,3,MC021,EMP0033,168,158
PR012086,2025-01-27,3,MC023,EMP0159,143,158
PR012087,2025-01-27,3,MC020,EMP0013,164,158
PR012088,2025-01-27,3,MC024,EMP0099,145,158
PR012089,2025-01-27,4,MC025,EMP0062,216,200
PR012090,2025-01-27,4,MC027,EMP0127,217,200
PR012091,2025-01-27,4,MC028,EMP0011,192,200
PR012092,2025-01-27,5,MC035,EMP0060,159,142
PR012093,2025-01-27,5,MC030,EMP0080,113,142
PR012094,2025-01-27,5,MC031,EMP0101,136,142
PR012095,2025-01-27,5,MC034,EMP0068,126,142
PR012096,2025-01-27,6,MC039,EMP0065,332,325
PR012097,2025-01-27,6,MC037,EMP0046,340,325
PR012098,2025-01-27,6,MC038,EMP0152,278,325
PR012099,2025-01-28,1,MC002,EMP0054,184,181
PR012100,2025-01-28,1,MC008,EMP0008,190,181
PR012101,2025-01-28,1,MC004,EMP0008,165,181
PR012102,2025-01-28,1,MC005,EMP0057,187,181
PR012103,2025-01-28,1,MC007,EMP0158,170,181
PR012104,2025-01-28,1,MC006,EMP0118,141,181
PR012105,2025-01-28,2,MC011,EMP0051,112,120
PR012106,2025-01-28,2,MC017,EMP0128,103,120
PR012107,2025-01-28,2,MC015,EMP0138,118,120
PR012108,2025-01-28,2,MC012,EMP0149,128,120
PR012109,2025-01-28,2,MC016,EMP0027,112,120
PR012110,2025-01-28,2,MC009,EMP0089,132,120
PR012111,2025-01-28,2,MC010,EMP0116,127,120
PR012112,2025-01-28,3,MC021,EMP0136,162,158
PR012113,2025-01-28,3,MC022,EMP0159,177,158
PR012114,2025-01-28,3,MC020,EMP0124,169,158
PR012115,2025-01-28,3,MC019,EMP0082,137,158
PR012116,2025-01-28,3,MC024,EMP0033,159,158
PR012117,2025-01-28,4,MC028,EMP0154,209,200
PR012118,2025-01-28,4,MC029,EMP0108,215,200
PR012119,2025-01-28,4,MC026,EMP0023,213,200
PR012120,2025-01-28,4,MC025,EMP0175,187,200
PR012121,2025-01-28,5,MC033,EMP0086,119,142
PR012122,2025-01-28,5,MC031,EMP0150,105,142
PR012123,2025-01-28,5,MC032,EMP0150,125,142
PR012124,2025-01-28,5,MC035,EMP0164,115,142
PR012125,2025-01-28,5,MC034,EMP0145,146,142
PR012126,2025-01-28,6,MC036,EMP0100,339,325
PR012127,2025-01-28,6,MC038,EMP0053,340,325
PR012128,2025-01-28,6,MC037,EMP0171,275,325
PR012129,2025-01-29,1,MC008,EMP0176,187,181
PR012130,2025-01-29,1,MC003,EMP0044,157,181
PR012131,2025-01-29,1,MC004,EMP0097,196,181
PR012132,2025-01-29,1,MC001,EMP0018,190,181
PR012133,2025-01-29,1,MC002,EMP0102,172,181
PR012134,2025-01-29,1,MC007,EMP0052,166,181
PR012135,2025-01-29,2,MC011,EMP0024,119,120
PR012136,2025-01-29,2,MC012,EMP0012,142,120
PR012137,2025-01-29,2,MC014,EMP0128,113,120
PR012138,2025-01-29,2,MC015,EMP0178,126,120
PR012139,2025-01-29,2,MC018,EMP0149,119,120
PR012140,2025-01-29,2,MC016,EMP0105,121,120
PR012141,2025-01-29,2,MC013,EMP0178,113,120
PR012142,2025-01-29,2,MC017,EMP0105,122,120
PR012143,2025-01-29,3,MC020,EMP0143,167,158
PR012144,2025-01-29,3,MC024,EMP0064,150,158
PR012145,2025-01-29,3,MC023,EMP0069,131,158
PR012146,2025-01-29,3,MC019,EMP0078,166,158
PR012147,2025-01-29,3,MC022,EMP0016,159,158
PR012148,2025-01-29,4,MC026,EMP0050,207,200
PR012149,2025-01-29,4,MC029,EMP0121,220,200
PR012150,2025-01-29,4,MC025,EMP0049,231,200
PR012151,2025-01-29,4,MC028,EMP0011,193,200
PR012152,2025-01-29,5,MC032,EMP0058,139,142
PR012153,2025-01-29,5,MC035,EMP0068,138,142
PR012154,2025-01-29,5,MC031,EMP0068,131,142
PR012155,2025-01-29,5,MC030,EMP0068,130,142
PR012156,2025-01-29,5,MC034,EMP0058,112,142
PR012157,2025-01-29,6,MC036,EMP0155,317,325
PR012158,2025-01-29,6,MC039,EMP0155,294,325
PR012159,2025-01-29,6,MC037,EMP0171,343,325
PR012160,2025-01-30,1,MC008,EMP0018,171,181
PR012161,2025-01-30,1,MC005,EMP0057,158,181
PR012162,2025-01-30,1,MC006,EMP0177,173,181
PR012163,2025-01-30,1,MC002,EMP0161,194,181
PR012164,2025-01-30,1,MC007,EMP0007,174,181
PR012165,2025-01-30,1,MC001,EMP0008,207,181
PR012166,2025-01-30,2,MC012,EMP0079,103,120
PR012167,2025-01-30,2,MC011,EMP0074,125,120
PR012168,2025-01-30,2,MC017,EMP0140,122,120
PR012169,2025-01-30,2,MC016,EMP0095,109,120
PR012170,2025-01-30,2,MC015,EMP0063,115,120
PR012171,2025-01-30,2,MC013,EMP0173,114,120
PR012172,2025-01-30,2,MC014,EMP0169,109,120
PR012173,2025-01-30,2,MC010,EMP0089,103,120
PR012174,2025-01-30,2,MC018,EMP0090,110,120
PR012175,2025-01-30,3,MC022,EMP0010,139,158
PR012176,2025-01-30,3,MC020,EMP0099,159,158
PR012177,2025-01-30,3,MC024,EMP0099,141,158
PR012178,2025-01-30,3,MC019,EMP0159,156,158
PR012179,2025-01-30,3,MC023,EMP0034,161,158
PR012180,2025-01-30,4,MC028,EMP0071,223,200
PR012181,2025-01-30,4,MC027,EMP0059,200,200
PR012182,2025-01-30,4,MC025,EMP0174,200,200
PR012183,2025-01-30,4,MC026,EMP0087,217,200
PR012184,2025-01-30,5,MC032,EMP0028,140,142
PR012185,2025-01-30,5,MC035,EMP0164,123,142
PR012186,2025-01-30,5,MC033,EMP0096,125,142
PR012187,2025-01-30,5,MC030,EMP0058,119,142
PR012188,2025-01-30,5,MC031,EMP0145,140,142
PR012189,2025-01-30,6,MC036,EMP0120,334,325
PR012190,2025-01-30,6,MC038,EMP0152,345,325
PR012191,2025-01-30,6,MC037,EMP0155,329,325
PR012192,2025-01-31,1,MC002,EMP0025,140,181
PR012193,2025-01-31,1,MC001,EMP0107,152,181
PR012194,2025-01-31,1,MC008,EMP0126,148,181
PR012195,2025-01-31,1,MC004,EMP0007,154,181
PR012196,2025-01-31,1,MC003,EMP0141,160,181
PR012197,2025-01-31,1,MC005,EMP0092,150,181
PR012198,2025-01-31,1,MC006,EMP0094,146,181
PR012199,2025-01-31,2,MC010,EMP0051,118,120
PR012200,2025-01-31,2,MC014,EMP0089,97,120
PR012201,2025-01-31,2,MC009,EMP0036,102,120
PR012202,2025-01-31,2,MC017,EMP0035,88,120
PR012203,2025-01-31,2,MC016,EMP0113,89,120
PR012204,2025-01-31,2,MC018,EMP0139,94,120
PR012205,2025-01-31,2,MC013,EMP0157,103,120
PR012206,2025-01-31,2,MC011,EMP0001,96,120
PR012207,2025-01-31,2,MC012,EMP0129,101,120
PR012208,2025-01-31,3,MC019,EMP0029,124,158
PR012209,2025-01-31,3,MC022,EMP0134,144,158
PR012210,2025-01-31,3,MC023,EMP0179,115,158
PR012211,2025-01-31,3,MC024,EMP0134,132,158
PR012212,2025-01-31,4,MC025,EMP0127,189,200
PR012213,2025-01-31,4,MC029,EMP0049,181,200
PR012214,2025-01-31,4,MC026,EMP0049,161,200
PR012215,2025-01-31,4,MC028,EMP0043,173,200
PR012216,2025-01-31,5,MC034,EMP0164,135,142
PR012217,2025-01-31,5,MC033,EMP0165,113,142
PR012218,2025-01-31,5,MC031,EMP0068,109,142
PR012219,2025-01-31,5,MC035,EMP0028,106,142
PR012220,2025-01-31,6,MC038,EMP0085,285,325
PR012221,2025-01-31,6,MC037,EMP0046,274,325
PR012222,2025-01-31,6,MC039,EMP0053,282,325
PR012223,2025-02-01,1,MC005,EMP0061,183,181
PR012224,2025-02-01,1,MC007,EMP0072,185,181
PR012225,2025-02-01,1,MC008,EMP0160,165,181
PR012226,2025-02-01,1,MC003,EMP0044,160,181
PR012227,2025-02-01,1,MC006,EMP0118,156,181
PR012228,2025-02-01,1,MC001,EMP0073,191,181
PR012229,2025-02-01,2,MC018,EMP0070,120,120
PR012230,2025-02-01,2,MC012,EMP0173,107,120
PR012231,2025-02-01,2,MC017,EMP0105,102,120
PR012232,2025-02-01,2,MC014,EMP0129,113,120
PR012233,2025-02-01,2,MC010,EMP0169,114,120
PR012234,2025-02-01,2,MC011,EMP0146,119,120
PR012235,2025-02-01,2,MC009,EMP0149,111,120
PR012236,2025-02-01,3,MC024,EMP0125,147,158
PR012237,2025-02-01,3,MC021,EMP0013,136,158
PR012238,2025-02-01,3,MC022,EMP0033,162,158
PR012239,2025-02-01,3,MC020,EMP0111,161,158
PR012240,2025-02-01,3,MC019,EMP0033,144,158
PR012241,2025-02-01,4,MC029,EMP0175,180,200
PR012242,2025-02-01,4,MC027,EMP0108,208,200
PR012243,2025-02-01,4,MC028,EMP0131,221,200
PR012244,2025-02-01,4,MC025,EMP0156,224,200
PR012245,2025-02-01,5,MC033,EMP0058,132,142
PR012246,2025-02-01,5,MC030,EMP0056,136,142
PR012247,2025-02-01,5,MC031,EMP0068,141,142
PR012248,2025-02-01,5,MC032,EMP0058,138,142
PR012249,2025-02-01,6,MC039,EMP0046,336,325
PR012250,2025-02-01,6,MC038,EMP0152,344,325
PR012251,2025-02-01,6,MC037,EMP0155,308,325
PR012252,2025-02-02,1,MC007,EMP0112,62,181
PR012253,2025-02-02,1,MC005,EMP0091,60,181
PR012254,2025-02-02,1,MC008,EMP0088,56,181
PR012255,2025-02-02,1,MC003,EMP0137,54,181
PR012256,2025-02-02,1,MC004,EMP0160,61,181
PR012257,2025-02-02,1,MC001,EMP0075,59,181
PR012258,2025-02-02,1,MC002,EMP0119,59,181
PR012259,2025-02-02,2,MC017,EMP0170,37,120
PR012260,2025-02-02,2,MC010,EMP0128,40,120
PR012261,2025-02-02,2,MC018,EMP0170,41,120
PR012262,2025-02-02,2,MC009,EMP0105,42,120
PR012263,2025-02-02,2,MC012,EMP0045,38,120
PR012264,2025-02-02,2,MC011,EMP0135,36,120
PR012265,2025-02-02,2,MC016,EMP0178,41,120
PR012266,2025-02-02,3,MC020,EMP0111,53,158
PR012267,2025-02-02,3,MC024,EMP0016,45,158
PR012268,2025-02-02,3,MC019,EMP0069,54,158
PR012269,2025-02-02,3,MC022,EMP0039,50,158
PR012270,2025-02-02,4,MC027,EMP0050,64,200
PR012271,2025-02-02,4,MC026,EMP0059,70,200
PR012272,2025-02-02,4,MC025,EMP0023,75,200
PR012273,2025-02-02,4,MC028,EMP0132,74,200
PR012274,2025-02-02,5,MC032,EMP0028,53,142
PR012275,2025-02-02,5,MC034,EMP0086,44,142
PR012276,2025-02-02,5,MC033,EMP0060,46,142
PR012277,2025-02-02,5,MC035,EMP0150,39,142
PR012278,2025-02-02,6,MC039,EMP0155,106,325
PR012279,2025-02-02,6,MC037,EMP0152,128,325
PR012280,2025-02-02,6,MC036,EMP0046,124,325
PR012281,2025-02-03,1,MC005,EMP0072,169,181
PR012282,2025-02-03,1,MC002,EMP0097,192,181
PR012283,2025-02-03,1,MC008,EMP0097,179,181
PR012284,2025-02-03,1,MC004,EMP0072,158,181
PR012285,2025-02-03,1,MC003,EMP0017,167,181
PR012286,2025-02-03,1,MC007,EMP0168,151,181
PR012287,2025-02-03,1,MC006,EMP0104,203,181
PR012288,2025-02-03,2,MC015,EMP0115,133,120
PR012289,2025-02-03,2,MC014,EMP0077,125,120
PR012290,2025-02-03,2,MC010,EMP0128,123,120
PR012291,2025-02-03,2,MC009,EMP0090,119,120
PR012292,2025-02-03,2,MC011,EMP0035,104,120
PR012293,2025-02-03,2,MC018,EMP0169,112,120
PR012294,2025-02-03,2,MC013,EMP0074,109,120
PR012295,2025-02-03,2,MC012,EMP0045,114,120
PR012296,2025-02-03,3,MC019,EMP0006,150,158
PR012297,2025-02-03,3,MC024,EMP0122,153,158
PR012298,2025-02-03,3,MC023,EMP0099,157,158
PR012299,2025-02-03,3,MC021,EMP0134,146,158
PR012300,2025-02-03,3,MC020,EMP0124,165,158
PR012301,2025-02-03,4,MC029,EMP0002,204,200
PR012302,2025-02-03,4,MC028,EMP0153,201,200
PR012303,2025-02-03,4,MC025,EMP0127,200,200
PR012304,2025-02-03,4,MC027,EMP0002,217,200
PR012305,2025-02-03,5,MC035,EMP0101,109,142
PR012306,2025-02-03,5,MC033,EMP0058,131,142
PR012307,2025-02-03,5,MC032,EMP0060,150,142
PR012308,2025-02-03,5,MC034,EMP0150,139,142
PR012309,2025-02-03,5,MC030,EMP0058,134,142
PR012310,2025-02-03,6,MC037,EMP0171,302,325
PR012311,2025-02-03,6,MC038,EMP0085,340,325
PR012312,2025-02-03,6,MC036,EMP0120,318,325
PR012313,2025-02-04,1,MC005,EMP0130,166,181
PR012314,2025-02-04,1,MC001,EMP0158,185,181
PR012315,2025-02-04,1,MC007,EMP0054,158,181
PR012316,2025-02-04,1,MC002,EMP0158,208,181
PR012317,2025-02-04,1,MC008,EMP0166,153,181
PR012318,2025-02-04,1,MC004,EMP0161,155,181
PR012319,2025-02-04,2,MC017,EMP0089,114,120
PR012320,2025-02-04,2,MC014,EMP0114,106,120
PR012321,2025-02-04,2,MC010,EMP0021,106,120
PR012322,2025-02-04,2,MC011,EMP0123,127,120
PR012323,2025-02-04,2,MC015,EMP0067,124,120
PR012324,2025-02-04,2,MC013,EMP0048,111,120
PR012325,2025-02-04,2,MC009,EMP0133,113,120
PR012326,2025-02-04,2,MC018,EMP0083,112,120
PR012327,2025-02-04,3,MC022,EMP0069,167,158
PR012328,2025-02-04,3,MC023,EMP0136,137,158
PR012329,2025-02-04,3,MC021,EMP0013,144,158
PR012330,2025-02-04,3,MC024,EMP0136,153,158
PR012331,2025-02-04,4,MC026,EMP0131,190,200
PR012332,2025-02-04,4,MC028,EMP0011,228,200
PR012333,2025-02-04,4,MC029,EMP0011,203,200
PR012334,2025-02-04,4,MC025,EMP0108,188,200
PR012335,2025-02-04,5,MC030,EMP0060,139,142
PR012336,2025-02-04,5,MC031,EMP0150,126,142
PR012337,2025-02-04,5,MC035,EMP0003,137,142
PR012338,2025-02-04,5,MC034,EMP0164,128,142
PR012339,2025-02-04,5,MC033,EMP0080,122,142
PR012340,2025-02-04,6,MC038,EMP0152,310,325
PR012341,2025-02-04,6,MC039,EMP0152,295,325
PR012342,2025-02-04,6,MC037,EMP0065,341,325
PR012343,2025-02-05,1,MC004,EMP0052,152,181
PR012344,2025-02-05,1,MC002,EMP0088,185,181
PR012345,2025-02-05,1,MC005,EMP0017,162,181
PR012346,2025-02-05,1,MC001,EMP0126,197,181
PR012347,2025-02-05,1,MC007,EMP0008,158,181
PR012348,2025-02-05,1,MC008,EMP0008,213,181
PR012349,2025-02-05,1,MC003,EMP0091,209,181
PR012350,2025-02-05,2,MC011,EMP0114,103,120
PR012351,2025-02-05,2,MC015,EMP0063,104,120
PR012352,2025-02-05,2,MC013,EMP0027,105,120
PR012353,2025-02-05,2,MC012,EMP0173,109,120
PR012354,2025-02-05,2,MC009,EMP0047,112,120
PR012355,2025-02-05,2,MC016,EMP0157,115,120
PR012356,2025-02-05,2,MC017,EMP0178,106,120
PR012357,2025-02-05,2,MC010,EMP0089,108,120
PR012358,2025-02-05,3,MC024,EMP0078,151,158
PR012359,2025-02-05,3,MC023,EMP0078,159,158
PR012360,2025-02-05,3,MC021,EMP0006,184,158
PR012361,2025-02-05,3,MC022,EMP0010,141,158
PR012362,2025-02-05,4,MC025,EMP0174,195,200
PR012363,2025-02-05,4,MC026,EMP0174,184,200
PR012364,2025-02-05,4,MC029,EMP0087,216,200
PR012365,2025-02-05,4,MC028,EMP0059,211,200
PR012366,2025-02-05,5,MC033,EMP0056,152,142
PR012367,2025-02-05,5,MC032,EMP0086,143,142
PR012368,2025-02-05,5,MC030,EMP0068,135,142
PR012369,2025-02-05,5,MC035,EMP0056,137,142
PR012370,2025-02-05,6,MC038,EMP0144,281,325
PR012371,2025-02-05,6,MC037,EMP0144,339,325
PR012372,2025-02-05,6,MC036,EMP0155,319,325
PR012373,2025-02-06,1,MC005,EMP0107,187,181
PR012374,2025-02-06,1,MC008,EMP0044,149,181
PR012375,2025-02-06,1,MC004,EMP0037,179,181
PR012376,2025-02-06,1,MC001,EMP0052,182,181
PR012377,2025-02-06,1,MC003,EMP0162,191,181
PR012378,2025-02-06,1,MC007,EMP0073,187,181
PR012379,2025-02-06,1,MC002,EMP0054,159,181
PR012380,2025-02-06,2,MC010,EMP0129,112,120
PR012381,2025-02-06,2,MC018,EMP0147,109,120
PR012382,2025-02-06,2,MC013,EMP0105,104,120
PR012383,2025-02-06,2,MC009,EMP0106,110,120
PR012384,2025-02-06,2,MC016,EMP0041,121,120
PR012385,2025-02-06,2,MC011,EMP0140,104,120
PR012386,2025-02-06,2,MC017,EMP0129,118,120
PR012387,2025-02-06,3,MC020,EMP0034,172,158
PR012388,2025-02-06,3,MC023,EMP0125,149,158
PR012389,2025-02-06,3,MC021,EMP0013,155,158
PR012390,2025-02-06,3,MC022,EMP0159,159,158
PR012391,2025-02-06,3,MC024,EMP0013,148,158
PR012392,2025-02-06,4,MC028,EMP0154,204,200
PR012393,2025-02-06,4,MC029,EMP0022,206,200
PR012394,2025-02-06,4,MC026,EMP0062,214,200
PR012395,2025-02-06,5,MC034,EMP0096,120,142
PR012396,2025-02-06,5,MC030,EMP0058,129,142
PR012397,2025-02-06,5,MC033,EMP0086,133,142
PR012398,2025-02-06,5,MC032,EMP0068,137,142
PR012399,2025-02-06,5,MC031,EMP0080,147,142
PR012400,2025-02-06,6,MC039,EMP0120,323,325
PR012401,2025-02-06,6,MC036,EMP0065,306,325
PR012402,2025-02-06,6,MC038,EMP0144,342,325
PR012403,2025-02-07,1,MC004,EMP0141,152,181
PR012404,2025-02-07,1,MC007,EMP0177,150,181
PR012405,2025-02-07,1,MC005,EMP0168,154,181
PR012406,2025-02-07,1,MC001,EMP0177,161,181
PR012407,2025-02-07,1,MC008,EMP0061,170,181
PR012408,2025-02-07,1,MC006,EMP0158,148,181
PR012409,2025-02-07,2,MC017,EMP0116,103,120
PR012410,2025-02-07,2,MC013,EMP0090,98,120
PR012411,2025-02-07,2,MC018,EMP0148,101,120
PR012412,2025-02-07,2,MC012,EMP0113,83,120
PR012413,2025-02-07,2,MC015,EMP0114,89,120
PR012414,2025-02-07,2,MC014,EMP0138,83,120
PR012415,2025-02-07,2,MC009,EMP0170,105,120
PR012416,2025-02-07,3,MC019,EMP0034,133,158
PR012417,2025-02-07,3,MC021,EMP0099,115,158
PR012418,2025-02-07,3,MC020,EMP0039,114,158
PR012419,2025-02-07,3,MC024,EMP0006,126,158
PR012420,2025-02-07,3,MC022,EMP0180,125,158
PR012421,2025-02-07,4,MC027,EMP0093,168,200
PR012422,2025-02-07,4,MC028,EMP0109,158,200
PR012423,2025-02-07,4,MC029,EMP0059,180,200
PR012424,2025-02-07,5,MC034,EMP0003,132,142
PR012425,2025-02-07,5,MC030,EMP0028,112,142
PR012426,2025-02-07,5,MC035,EMP0080,115,142
PR012427,2025-02-07,5,MC032,EMP0164,100,142
PR012428,2025-02-07,6,MC036,EMP0120,276,325
PR012429,2025-02-07,6,MC038,EMP0171,269,325
PR012430,2025-02-07,6,MC039,EMP0120,233,325
PR012431,2025-02-08,1,MC008,EMP0162,187,181
PR012432,2025-02-08,1,MC001,EMP0037,162,181
PR012433,2025-02-08,1,MC007,EMP0032,161,181
PR012434,2025-02-08,1,MC002,EMP0107,181,181
PR012435,2025-02-08,1,MC003,EMP0160,179,181
PR012436,2025-02-08,1,MC006,EMP0066,179,181
PR012437,2025-02-08,1,MC004,EMP0167,165,181
PR012438,2025-02-08,2,MC010,EMP0106,123,120
PR012439,2025-02-08,2,MC017,EMP0115,119,120
PR012440,2025-02-08,2,MC018,EMP0169,106,120
PR012441,2025-02-08,2,MC009,EMP0146,123,120
PR012442,2025-02-08,2,MC015,EMP0139,110,120
PR012443,2025-02-08,2,MC014,EMP0173,116,120
PR012444,2025-02-08,2,MC012,EMP0041,122,120
PR012445,2025-02-08,3,MC024,EMP0069,146,158
PR012446,2025-02-08,3,MC022,EMP0055,162,158
PR012447,2025-02-08,3,MC023,EMP0124,160,158
PR012448,2025-02-08,3,MC020,EMP0033,163,158
PR012449,2025-02-08,3,MC019,EMP0055,151,158
PR012450,2025-02-08,4,MC029,EMP0062,205,200
PR012451,2025-02-08,4,MC027,EMP0019,198,200
PR012452,2025-02-08,4,MC026,EMP0043,185,200
PR012453,2025-02-08,4,MC025,EMP0050,221,200
PR012454,2025-02-08,5,MC035,EMP0003,120,142
PR012455,2025-02-08,5,MC032,EMP0086,114,142
PR012456,2025-02-08,5,MC033,EMP0056,130,142
PR012457,2025-02-08,5,MC030,EMP0150,129,142
PR012458,2025-02-08,5,MC034,EMP0080,124,142
PR012459,2025-02-08,6,MC038,EMP0155,314,325
PR012460,2025-02-08,6,MC039,EMP0142,326,325
PR012461,2025-02-08,6,MC037,EMP0100,286,325
PR012462,2025-02-09,1,MC004,EMP0008,67,181
PR012463,2025-02-09,1,MC008,EMP0066,57,181
PR012464,2025-02-09,1,MC007,EMP0158,61,181
PR012465,2025-02-09,1,MC006,EMP0158,64,181
PR012466,2025-02-09,1,MC001,EMP0112,63,181
PR012467,2025-02-09,1,MC003,EMP0119,58,181
PR012468,2025-02-09,1,MC002,EMP0066,71,181
PR012469,2025-02-09,2,MC015,EMP0015,37,120
PR012470,2025-02-09,2,MC012,EMP0098,39,120
PR012471,2025-02-09,2,MC017,EMP0114,44,120
PR012472,2025-02-09,2,MC009,EMP0116,43,120
PR012473,2025-02-09,2,MC013,EMP0148,44,120
PR012474,2025-02-09,2,MC011,EMP0114,35,120
PR012475,2025-02-09,2,MC010,EMP0083,43,120
PR012476,2025-02-09,2,MC018,EMP0076,42,120
PR012477,2025-02-09,3,MC019,EMP0039,57,158
PR012478,2025-02-09,3,MC022,EMP0084,49,158
PR012479,2025-02-09,3,MC024,EMP0010,55,158
PR012480,2025-02-09,3,MC021,EMP0159,54,158
PR012481,2025-02-09,3,MC020,EMP0055,55,158
PR012482,2025-02-09,4,MC026,EMP0127,67,200
PR012483,2025-02-09,4,MC027,EMP0154,73,200
PR012484,2025-02-09,4,MC025,EMP0022,67,200
PR012485,2025-02-09,4,MC028,EMP0019,77,200
PR012486,2025-02-09,5,MC033,EMP0056,46,142
PR012487,2025-02-09,5,MC030,EMP0058,45,142
PR012488,2025-02-09,5,MC034,EMP0165,49,142
PR012489,2025-02-09,5,MC031,EMP0068,41,142
PR012490,2025-02-09,5,MC032,EMP0068,52,142
PR012491,2025-02-09,6,MC038,EMP0085,103,325
PR012492,2025-02-09,6,MC036,EMP0155,119,325
PR012493,2025-02-09,6,MC039,EMP0155,124,325
PR012494,2025-02-10,1,MC007,EMP0072,164,181
PR012495,2025-02-10,1,MC005,EMP0075,160,181
PR012496,2025-02-10,1,MC006,EMP0075,187,181
PR012497,2025-02-10,1,MC003,EMP0137,176,181
PR012498,2025-02-10,1,MC004,EMP0107,182,181
PR012499,2025-02-10,1,MC008,EMP0094,198,181
PR012500,2025-02-10,2,MC018,EMP0115,107,120
PR012501,2025-02-10,2,MC016,EMP0133,112,120
PR012502,2025-02-10,2,MC010,EMP0129,100,120
PR012503,2025-02-10,2,MC013,EMP0090,126,120
PR012504,2025-02-10,2,MC009,EMP0047,127,120
PR012505,2025-02-10,2,MC015,EMP0138,117,120
PR012506,2025-02-10,2,MC014,EMP0090,112,120
PR012507,2025-02-10,3,MC020,EMP0122,169,158
PR012508,2025-02-10,3,MC022,EMP0124,167,158
PR012509,2025-02-10,3,MC019,EMP0078,143,158
PR012510,2025-02-10,3,MC021,EMP0016,164,158
PR012511,2025-02-10,3,MC024,EMP0084,143,158
PR012512,2025-02-10,4,MC029,EMP0121,206,200
PR012513,2025-02-10,4,MC026,EMP0014,226,200
PR012514,2025-02-10,4,MC028,EMP0153,207,200
PR012515,2025-02-10,4,MC027,EMP0175,210,200
PR012516,2025-02-10,5,MC032,EMP0058,121,142
PR012517,2025-02-10,5,MC035,EMP0058,137,142
PR012518,2025-02-10,5,MC034,EMP0068,145,142
PR012519,2025-02-10,5,MC031,EMP0003,120,142
PR012520,2025-02-10,6,MC038,EMP0142,349,325
PR012521,2025-02-10,6,MC037,EMP0142,318,325
PR012522,2025-02-10,6,MC036,EMP0120,320,325
PR012523,2025-02-11,1,MC008,EMP0137,184,181
PR012524,2025-02-11,1,MC007,EMP0130,186,181
PR012525,2025-02-11,1,MC003,EMP0151,173,181
PR012526,2025-02-11,1,MC005,EMP0118,152,181
PR012527,2025-02-11,1,MC002,EMP0038,158,181
PR012528,2025-02-11,1,MC004,EMP0018,176,181
PR012529,2025-02-11,2,MC017,EMP0083,117,120
PR012530,2025-02-11,2,MC009,EMP0035,123,120
PR012531,2025-02-11,2,MC018,EMP0026,124,120
PR012532,2025-02-11,2,MC010,EMP0095,110,120
PR012533,2025-02-11,2,MC016,EMP0128,111,120
PR012534,2025-02-11,2,MC012,EMP0076,116,120
PR012535,2025-02-11,2,MC013,EMP0178,136,120
PR012536,2025-02-11,2,MC011,EMP0135,100,120
PR012537,2025-02-11,3,MC020,EMP0033,152,158
PR012538,2025-02-11,3,MC024,EMP0124,147,158
PR012539,2025-02-11,3,MC022,EMP0039,138,158
PR012540,2025-02-11,3,MC021,EMP0010,135,158
PR012541,2025-02-11,4,MC028,EMP0014,224,200
PR012542,2025-02-11,4,MC029,EMP0156,198,200
PR012543,2025-02-11,4,MC026,EMP0002,234,200
PR012544,2025-02-11,5,MC033,EMP0028,113,142
PR012545,2025-02-11,5,MC034,EMP0164,127,142
PR012546,2025-02-11,5,MC031,EMP0165,139,142
PR012547,2025-02-11,5,MC032,EMP0096,148,142
PR012548,2025-02-11,6,MC038,EMP0152,352,325
PR012549,2025-02-11,6,MC036,EMP0155,264,325
PR012550,2025-02-11,6,MC037,EMP0046,318,325
PR012551,2025-02-12,1,MC007,EMP0107,226,181
PR012552,2025-02-12,1,MC001,EMP0110,171,181
PR012553,2025-02-12,1,MC005,EMP0037,162,181
PR012554,2025-02-12,1,MC003,EMP0137,190,181
PR012555,2025-02-12,1,MC002,EMP0038,151,181
PR012556,2025-02-12,1,MC006,EMP0018,191,181
PR012557,2025-02-12,2,MC017,EMP0149,114,120
PR012558,2025-02-12,2,MC012,EMP0169,113,120
PR012559,2025-02-12,2,MC009,EMP0015,125,120
PR012560,2025-02-12,2,MC014,EMP0157,111,120
PR012561,2025-02-12,2,MC018,EMP0135,107,120
PR012562,2025-02-12,2,MC013,EMP0103,132,120
PR012563,2025-02-12,2,MC016,EMP0012,95,120
PR012564,2025-02-12,2,MC010,EMP0001,120,120
PR012565,2025-02-12,2,MC011,EMP0146,108,120
PR012566,2025-02-12,3,MC023,EMP0180,147,158
PR012567,2025-02-12,3,MC020,EMP0029,155,158
PR012568,2025-02-12,3,MC021,EMP0029,152,158
PR012569,2025-02-12,3,MC022,EMP0111,151,158
PR012570,2025-02-12,3,MC019,EMP0029,174,158
PR012571,2025-02-12,4,MC029,EMP0093,217,200
PR012572,2025-02-12,4,MC025,EMP0087,227,200
PR012573,2025-02-12,4,MC027,EMP0019,194,200
PR012574,2025-02-12,5,MC030,EMP0028,139,142
PR012575,2025-02-12,5,MC032,EMP0056,136,142
PR012576,2025-02-12,5,MC031,EMP0164,133,142
PR012577,2025-02-12,5,MC035,EMP0145,136,142
PR012578,2025-02-12,5,MC034,EMP0058,155,142
PR012579,2025-02-12,6,MC039,EMP0046,309,325
PR012580,2025-02-12,6,MC036,EMP0100,326,325
PR012581,2025-02-12,6,MC038,EMP0120,332,325
PR012582,2025-02-13,1,MC001,EMP0158,197,181
PR012583,2025-02-13,1,MC002,EMP0030,202,181
PR012584,2025-02-13,1,MC007,EMP0112,186,181
PR012585,2025-02-13,1,MC006,EMP0110,184,181
PR012586,2025-02-13,1,MC008,EMP0104,155,181
PR012587,2025-02-13,1,MC003,EMP0094,196,181
PR012588,2025-02-13,2,MC013,EMP0113,114,120
PR012589,2025-02-13,2,MC014,EMP0079,123,120
PR012590,2025-02-13,2,MC009,EMP0116,90,120
PR012591,2025-02-13,2,MC018,EMP0020,117,120
PR012592,2025-02-13,2,MC012,EMP0021,122,120
PR012593,2025-02-13,2,MC016,EMP0027,112,120
PR012594,2025-02-13,2,MC015,EMP0031,101,120
PR012595,2025-02-13,2,MC010,EMP0135,142,120
PR012596,2025-02-13,3,MC020,EMP0006,152,158
PR012597,2025-02-13,3,MC019,EMP0039,130,158
PR012598,2025-02-13,3,MC024,EMP0172,155,158
PR012599,2025-02-13,3,MC021,EMP0033,169,158
PR012600,2025-02-13,3,MC023,EMP0064,161,158
PR012601,2025-02-13,4,MC025,EMP0127,185,200
PR012602,2025-02-13,4,MC028,EMP0049,208,200
PR012603,2025-02-13,4,MC029,EMP0043,219,200
PR012604,2025-02-13,4,MC027,EMP0093,204,200
PR012605,2025-02-13,5,MC033,EMP0086,135,142
PR012606,2025-02-13,5,MC030,EMP0145,138,142
PR012607,2025-02-13,5,MC031,EMP0003,127,142
PR012608,2025-02-13,5,MC035,EMP0028,134,142
PR012609,2025-02-13,5,MC034,EMP0058,141,142
PR012610,2025-02-13,6,MC036,EMP0120,348,325
PR012611,2025-02-13,6,MC038,EMP0085,297,325
PR012612,2025-02-13,6,MC037,EMP0152,298,325
PR012613,2025-02-14,1,MC007,EMP0032,145,181
PR012614,2025-02-14,1,MC005,EMP0104,140,181
PR012615,2025-02-14,1,MC004,EMP0161,165,181
PR012616,2025-02-14,1,MC001,EMP0030,138,181
PR012617,2025-02-14,1,MC003,EMP0008,128,181
PR012618,2025-02-14,1,MC002,EMP0158,132,181
PR012619,2025-02-14,2,MC017,EMP0020,95,120
PR012620,2025-02-14,2,MC018,EMP0070,80,120
PR012621,2025-02-14,2,MC010,EMP0079,97,120
PR012622,2025-02-14,2,MC016,EMP0139,95,120
PR012623,2025-02-14,2,MC009,EMP0114,94,120
PR012624,2025-02-14,2,MC014,EMP0015,95,120
PR012625,2025-02-14,2,MC012,EMP0051,102,120
PR012626,2025-02-14,2,MC013,EMP0139,94,120
PR012627,2025-02-14,2,MC015,EMP0123,115,120
PR012628,2025-02-14,3,MC019,EMP0034,114,158
PR012629,2025-02-14,3,MC024,EMP0034,140,158
PR012630,2025-02-14,3,MC020,EMP0111,125,158
PR012631,2025-02-14,3,MC021,EMP0111,121,158
PR012632,2025-02-14,4,MC025,EMP0131,191,200
PR012633,2025-02-14,4,MC027,EMP0087,180,200
PR012634,2025-02-14,4,MC029,EMP0127,191,200
PR012635,2025-02-14,4,MC028,EMP0002,180,200
PR012636,2025-02-14,5,MC032,EMP0060,121,142
PR012637,2025-02-14,5,MC030,EMP0058,106,142
PR012638,2025-02-14,5,MC034,EMP0028,113,142
PR012639,2025-02-14,5,MC031,EMP0080,112,142
PR012640,2025-02-14,6,MC036,EMP0053,262,325
PR012641,2025-02-14,6,MC039,EMP0144,272,325
PR012642,2025-02-14,6,MC037,EMP0142,307,325
PR012643,2025-02-15,1,MC005,EMP0057,189,181
PR012644,2025-02-15,1,MC003,EMP0066,162,181
PR012645,2025-02-15,1,MC002,EMP0104,192,181
PR012646,2025-02-15,1,MC004,EMP0088,181,181
PR012647,2025-02-15,1,MC006,EMP0030,188,181
PR012648,2025-02-15,1,MC001,EMP0032,183,181
PR012649,2025-02-15,2,MC017,EMP0090,124,120
PR012650,2025-02-15,2,MC016,EMP0116,117,120
PR012651,2025-02-15,2,MC011,EMP0020,115,120
PR012652,2025-02-15,2,MC015,EMP0117,108,120
PR012653,2025-02-15,2,MC010,EMP0123,100,120
PR012654,2025-02-15,2,MC013,EMP0115,113,120
PR012655,2025-02-15,2,MC014,EMP0157,120,120
PR012656,2025-02-15,2,MC009,EMP0146,117,120
PR012657,2025-02-15,2,MC018,EMP0103,112,120
PR012658,2025-02-15,3,MC020,EMP0136,161,158
PR012659,2025-02-15,3,MC019,EMP0029,163,158
PR012660,2025-02-15,3,MC022,EMP0111,137,158
PR012661,2025-02-15,3,MC023,EMP0078,162,158
PR012662,2025-02-15,3,MC021,EMP0111,136,158
PR012663,2025-02-15,4,MC025,EMP0050,204,200
PR012664,2025-02-15,4,MC026,EMP0023,219,200
PR012665,2025-02-15,4,MC028,EMP0093,187,200
PR012666,2025-02-15,5,MC033,EMP0056,136,142
PR012667,2025-02-15,5,MC035,EMP0056,136,142
PR012668,2025-02-15,5,MC034,EMP0086,135,142
PR012669,2025-02-15,5,MC031,EMP0080,141,142
PR012670,2025-02-15,5,MC032,EMP0060,128,142
PR012671,2025-02-15,6,MC039,EMP0144,311,325
PR012672,2025-02-15,6,MC038,EMP0171,300,325
PR012673,2025-02-15,6,MC037,EMP0171,328,325
PR012674,2025-02-16,1,MC004,EMP0162,61,181
PR012675,2025-02-16,1,MC002,EMP0110,66,181
PR012676,2025-02-16,1,MC003,EMP0044,55,181
PR012677,2025-02-16,1,MC001,EMP0017,59,181
PR012678,2025-02-16,1,MC007,EMP0166,59,181
PR012679,2025-02-16,1,MC005,EMP0044,58,181
PR012680,2025-02-16,2,MC013,EMP0135,38,120
PR012681,2025-02-16,2,MC010,EMP0106,37,120
PR012682,2025-02-16,2,MC016,EMP0074,49,120
PR012683,2025-02-16,2,MC014,EMP0140,46,120
PR012684,2025-02-16,2,MC009,EMP0139,45,120
PR012685,2025-02-16,2,MC011,EMP0047,43,120
PR012686,2025-02-16,2,MC012,EMP0041,46,120
PR012687,2025-02-16,2,MC017,EMP0036,41,120
PR012688,2025-02-16,2,MC018,EMP0021,35,120
PR012689,2025-02-16,3,MC019,EMP0124,49,158
PR012690,2025-02-16,3,MC024,EMP0006,45,158
PR012691,2025-02-16,3,MC022,EMP0013,58,158
PR012692,2025-02-16,3,MC021,EMP0134,54,158
PR012693,2025-02-16,3,MC020,EMP0172,53,158
PR012694,2025-02-16,4,MC028,EMP0153,77,200
PR012695,2025-02-16,4,MC025,EMP0121,75,200
PR012696,2025-02-16,4,MC029,EMP0019,78,200
PR012697,2025-02-16,4,MC026,EMP0087,64,200
PR012698,2025-02-16,5,MC031,EMP0164,47,142
PR012699,2025-02-16,5,MC032,EMP0164,49,142
PR012700,2025-02-16,5,MC030,EMP0164,50,142
PR012701,2025-02-16,5,MC033,EMP0096,43,142
PR012702,2025-02-16,5,MC034,EMP0096,46,142
PR012703,2025-02-16,6,MC037,EMP0171,116,325
PR012704,2025-02-16,6,MC038,EMP0065,121,325
PR012705,2025-02-16,6,MC036,EMP0085,105,325
PR012706,2025-02-17,1,MC003,EMP0097,163,181
PR012707,2025-02-17,1,MC007,EMP0088,164,181
PR012708,2025-02-17,1,MC006,EMP0066,206,181
PR012709,2025-02-17,1,MC002,EMP0166,174,181
PR012710,2025-02-17,1,MC005,EMP0176,187,181
PR012711,2025-02-17,1,MC008,EMP0158,187,181
PR012712,2025-02-17,2,MC009,EMP0106,111,120
PR012713,2025-02-17,2,MC015,EMP0015,102,120
PR012714,2025-02-17,2,MC011,EMP0157,110,120
PR012715,2025-02-17,2,MC012,EMP0067,122,120
PR012716,2025-02-17,2,MC013,EMP0076,108,120
PR012717,2025-02-17,2,MC018,EMP0045,105,120
PR012718,2025-02-17,2,MC010,EMP0148,95,120
PR012719,2025-02-17,2,MC016,EMP0081,130,120
PR012720,2025-02-17,2,MC014,EMP0031,115,120
PR012721,2025-02-17,3,MC020,EMP0069,146,158
PR012722,2025-02-17,3,MC023,EMP0111,171,158
PR012723,2025-02-17,3,MC019,EMP0033,156,158
PR012724,2025-02-17,3,MC021,EMP0039,125,158
PR012725,2025-02-17,3,MC022,EMP0055,181,158
PR012726,2025-02-17,4,MC027,EMP0156,208,200
PR012727,2025-02-17,4,MC029,EMP0043,228,200
PR012728,2025-02-17,4,MC026,EMP0131,210,200
PR012729,2025-02-17,4,MC028,EMP0131,192,200
PR012730,2025-02-17,5,MC032,EMP0028,116,142
PR012731,2025-02-17,5,MC035,EMP0058,129,142
PR012732,2025-02-17,5,MC034,EMP0060,135,142
PR012733,2025-02-17,5,MC031,EMP0060,118,142
PR012734,2025-02-17,6,MC036,EMP0065,348,325
PR012735,2025-02-17,6,MC037,EMP0142,339,325
PR012736,2025-02-17,6,MC038,EMP0053,330,325
PR012737,2025-02-18,1,MC001,EMP0168,196,181
PR012738,2025-02-18,1,MC005,EMP0130,196,181
PR012739,2025-02-18,1,MC006,EMP0168,178,181
PR012740,2025-02-18,1,MC002,EMP0104,134,181
PR012741,2025-02-18,1,MC003,EMP0005,197,181
PR012742,2025-02-18,1,MC007,EMP0007,173,181
PR012743,2025-02-18,2,MC018,EMP0040,117,120
PR012744,2025-02-18,2,MC010,EMP0116,118,120
PR012745,2025-02-18,2,MC011,EMP0140,127,120
PR012746,2025-02-18,2,MC017,EMP0146,113,120
PR012747,2025-02-18,2,MC016,EMP0095,125,120
PR012748,2025-02-18,2,MC015,EMP0009,123,120
PR012749,2025-02-18,2,MC012,EMP0067,115,120
PR012750,2025-02-18,2,MC014,EMP0067,127,120
PR012751,2025-02-18,3,MC024,EMP0006,158,158
PR012752,2025-02-18,3,MC022,EMP0134,135,158
PR012753,2025-02-18,3,MC021,EMP0029,157,158
PR012754,2025-02-18,3,MC023,EMP0111,148,158
PR012755,2025-02-18,4,MC029,EMP0174,233,200
PR012756,2025-02-18,4,MC025,EMP0062,187,200
PR012757,2025-02-18,4,MC026,EMP0050,213,200
PR012758,2025-02-18,4,MC027,EMP0121,220,200
PR012759,2025-02-18,5,MC030,EMP0028,132,142
PR012760,2025-02-18,5,MC035,EMP0101,127,142
PR012761,2025-02-18,5,MC033,EMP0056,117,142
PR012762,2025-02-18,5,MC031,EMP0080,132,142
PR012763,2025-02-18,6,MC038,EMP0144,327,325
PR012764,2025-02-18,6,MC039,EMP0100,395,325
PR012765,2025-02-18,6,MC037,EMP0152,323,325
PR012766,2025-02-19,1,MC007,EMP0162,170,181
PR012767,2025-02-19,1,MC004,EMP0032,164,181
PR012768,2025-02-19,1,MC001,EMP0005,187,181
PR012769,2025-02-19,1,MC005,EMP0025,155,181
PR012770,2025-02-19,1,MC008,EMP0177,183,181
PR012771,2025-02-19,1,MC002,EMP0102,186,181
PR012772,2025-02-19,1,MC003,EMP0007,181,181
PR012773,2025-02-19,2,MC013,EMP0026,128,120
PR012774,2025-02-19,2,MC016,EMP0173,118,120
PR012775,2025-02-19,2,MC010,EMP0015,118,120
PR012776,2025-02-19,2,MC009,EMP0009,97,120
PR012777,2025-02-19,2,MC018,EMP0001,125,120
PR012778,2025-02-19,2,MC015,EMP0040,108,120
PR012779,2025-02-19,2,MC017,EMP0148,118,120
PR012780,2025-02-19,2,MC011,EMP0035,117,120
PR012781,2025-02-19,2,MC012,EMP0169,118,120
PR012782,2025-02-19,3,MC022,EMP0172,150,158
PR012783,2025-02-19,3,MC020,EMP0172,142,158
PR012784,2025-02-19,3,MC023,EMP0172,143,158
PR012785,2025-02-19,3,MC021,EMP0122,138,158
PR012786,2025-02-19,3,MC024,EMP0034,131,158
PR012787,2025-02-19,4,MC027,EMP0059,194,200
PR012788,2025-02-19,4,MC029,EMP0131,211,200
PR012789,2025-02-19,4,MC028,EMP0093,207,200
PR012790,2025-02-19,5,MC034,EMP0028,128,142
PR012791,2025-02-19,5,MC031,EMP0058,128,142
PR012792,2025-02-19,5,MC033,EMP0068,142,142
PR012793,2025-02-19,5,MC035,EMP0096,149,142
PR012794,2025-02-19,6,MC037,EMP0100,306,325
PR012795,2025-02-19,6,MC036,EMP0120,333,325
PR012796,2025-02-19,6,MC039,EMP0142,365,325
PR012797,2025-02-20,1,MC008,EMP0097,152,181
PR012798,2025-02-20,1,MC004,EMP0008,154,181
PR012799,2025-02-20,1,MC002,EMP0044,164,181
PR012800,2025-02-20,1,MC007,EMP0017,191,181
PR012801,2025-02-20,1,MC006,EMP0054,154,181
PR012802,2025-02-20,1,MC001,EMP0162,163,181
PR012803,2025-02-20,2,MC009,EMP0009,113,120
PR012804,2025-02-20,2,MC010,EMP0036,122,120
PR012805,2025-02-20,2,MC017,EMP0024,116,120
PR012806,2025-02-20,2,MC013,EMP0105,128,120
PR012807,2025-02-20,2,MC014,EMP0021,102,120
PR012808,2025-02-20,2,MC011,EMP0076,96,120
PR012809,2025-02-20,2,MC012,EMP0128,112,120
PR012810,2025-02-20,2,MC015,EMP0036,125,120
PR012811,2025-02-20,2,MC018,EMP0135,104,120
PR012812,2025-02-20,3,MC023,EMP0013,157,158
PR012813,2025-02-20,3,MC019,EMP0010,157,158
PR012814,2025-02-20,3,MC024,EMP0082,142,158
PR012815,2025-02-20,3,MC021,EMP0084,151,158
PR012816,2025-02-20,4,MC026,EMP0071,215,200
PR012817,2025-02-20,4,MC028,EMP0121,194,200
PR012818,2025-02-20,4,MC029,EMP0049,209,200
PR012819,2025-02-20,5,MC035,EMP0096,136,142
PR012820,2025-02-20,5,MC033,EMP0150,129,142
PR012821,2025-02-20,5,MC032,EMP0164,122,142
PR012822,2025-02-20,5,MC030,EMP0068,130,142
PR012823,2025-02-20,5,MC034,EMP0058,121,142
PR012824,2025-02-20,6,MC037,EMP0065,323,325
PR012825,2025-02-20,6,MC039,EMP0120,367,325
PR012826,2025-02-20,6,MC036,EMP0120,355,325
PR012827,2025-02-21,1,MC004,EMP0037,165,181
PR012828,2025-02-21,1,MC007,EMP0176,156,181
PR012829,2025-02-21,1,MC001,EMP0167,143,181
PR012830,2025-02-21,1,MC002,EMP0126,139,181
PR012831,2025-02-21,1,MC005,EMP0118,159,181
PR012832,2025-02-21,1,MC003,EMP0141,138,181
PR012833,2025-02-21,2,MC015,EMP0021,100,120
PR012834,2025-02-21,2,MC014,EMP0149,99,120
PR012835,2025-02-21,2,MC009,EMP0031,110,120
PR012836,2025-02-21,2,MC011,EMP0098,108,120
PR012837,2025-02-21,2,MC013,EMP0004,102,120
PR012838,2025-02-21,2,MC010,EMP0070,92,120
PR012839,2025-02-21,2,MC012,EMP0027,94,120
PR012840,2025-02-21,2,MC017,EMP0024,89,120
PR012841,2025-02-21,3,MC019,EMP0134,134,158
PR012842,2025-02-21,3,MC024,EMP0069,110,158
PR012843,2025-02-21,3,MC022,EMP0134,141,158
PR012844,2025-02-21,3,MC023,EMP0064,117,158
PR012845,2025-02-21,3,MC020,EMP0010,142,158
PR012846,2025-02-21,4,MC026,EMP0014,183,200
PR012847,2025-02-21,4,MC027,EMP0050,162,200
PR012848,2025-02-21,4,MC028,EMP0059,181,200
PR012849,2025-02-21,4,MC025,EMP0153,192,200
PR012850,2025-02-21,5,MC030,EMP0068,101,142
PR012851,2025-02-21,5,MC035,EMP0060,109,142
PR012852,2025-02-21,5,MC033,EMP0086,119,142
PR012853,2025-02-21,5,MC032,EMP0145,107,142
PR012854,2025-02-21,5,MC034,EMP0150,125,142
PR012855,2025-02-21,6,MC036,EMP0053,308,325
PR012856,2025-02-21,6,MC038,EMP0142,266,325
PR012857,2025-02-21,6,MC039,EMP0144,302,325
PR012858,2025-02-22,1,MC005,EMP0017,182,181
PR012859,2025-02-22,1,MC006,EMP0110,172,181
PR012860,2025-02-22,1,MC002,EMP0102,170,181
PR012861,2025-02-22,1,MC007,EMP0037,184,181
PR012862,2025-02-22,1,MC004,EMP0137,194,181
PR012863,2025-02-22,1,MC003,EMP0107,183,181
PR012864,2025-02-22,1,MC001,EMP0163,181,181
PR012865,2025-02-22,2,MC009,EMP0047,131,120
PR012866,2025-02-22,2,MC013,EMP0020,119,120
PR012867,2025-02-22,2,MC018,EMP0027,120,120
PR012868,2025-02-22,2,MC016,EMP0004,99,120
PR012869,2025-02-22,2,MC014,EMP0123,114,120
PR012870,2025-02-22,2,MC011,EMP0045,116,120
PR012871,2025-02-22,2,MC012,EMP0169,138,120
PR012872,2025-02-22,2,MC010,EMP0012,115,120
PR012873,2025-02-22,3,MC019,EMP0134,158,158
PR012874,2025-02-22,3,MC024,EMP0122,153,158
PR012875,2025-02-22,3,MC022,EMP0124,159,158
PR012876,2025-02-22,3,MC021,EMP0033,160,158
PR012877,2025-02-22,4,MC029,EMP0023,223,200
PR012878,2025-02-22,4,MC025,EMP0109,199,200
PR012879,2025-02-22,4,MC026,EMP0023,213,200
PR012880,2025-02-22,4,MC027,EMP0014,240,200
PR012881,2025-02-22,5,MC034,EMP0080,128,142
PR012882,2025-02-22,5,MC032,EMP0101,136,142
PR012883,2025-02-22,5,MC035,EMP0164,140,142
PR012884,2025-02-22,5,MC030,EMP0101,125,142
PR012885,2025-02-22,5,MC033,EMP0086,132,142
PR012886,2025-02-22,6,MC036,EMP0120,357,325
PR012887,2025-02-22,6,MC037,EMP0100,345,325
PR012888,2025-02-22,6,MC039,EMP0046,336,325
PR012889,2025-02-23,1,MC003,EMP0107,58,181
PR012890,2025-02-23,1,MC001,EMP0005,64,181
PR012891,2025-02-23,1,MC007,EMP0030,66,181
PR012892,2025-02-23,1,MC002,EMP0052,59,181
PR012893,2025-02-23,1,MC004,EMP0126,54,181
PR012894,2025-02-23,1,MC005,EMP0061,62,181
PR012895,2025-02-23,1,MC006,EMP0097,60,181
PR012896,2025-02-23,2,MC012,EMP0009,40,120
PR012897,2025-02-23,2,MC015,EMP0035,38,120
PR012898,2025-02-23,2,MC011,EMP0004,41,120
PR012899,2025-02-23,2,MC009,EMP0079,39,120
PR012900,2025-02-23,2,MC013,EMP0113,41,120
PR012901,2025-02-23,2,MC016,EMP0128,37,120
PR012902,2025-02-23,2,MC018,EMP0117,37,120
PR012903,2025-02-23,2,MC014,EMP0147,38,120
PR012904,2025-02-23,3,MC021,EMP0064,50,158
PR012905,2025-02-23,3,MC023,EMP0064,54,158
PR012906,2025-02-23,3,MC019,EMP0122,52,158
PR012907,2025-02-23,3,MC020,EMP0122,50,158
PR012908,2025-02-23,4,MC026,EMP0059,67,200
PR012909,2025-02-23,4,MC028,EMP0121,74,200
PR012910,2025-02-23,4,MC027,EMP0062,72,200
PR012911,2025-02-23,5,MC035,EMP0101,44,142
PR012912,2025-02-23,5,MC032,EMP0060,47,142
PR012913,2025-02-23,5,MC034,EMP0003,41,142
PR012914,2025-02-23,5,MC033,EMP0056,48,142
PR012915,2025-02-23,5,MC030,EMP0101,43,142
PR012916,2025-02-23,6,MC037,EMP0100,122,325
PR012917,2025-02-23,6,MC038,EMP0171,127,325
PR012918,2025-02-23,6,MC036,EMP0085,118,325
PR012919,2025-02-24,1,MC008,EMP0037,168,181
PR012920,2025-02-24,1,MC005,EMP0141,186,181
PR012921,2025-02-24,1,MC003,EMP0107,169,181
PR012922,2025-02-24,1,MC001,EMP0017,173,181
PR012923,2025-02-24,1,MC006,EMP0037,165,181
PR012924,2025-02-24,1,MC004,EMP0038,171,181
PR012925,2025-02-24,1,MC002,EMP0177,165,181
PR012926,2025-02-24,2,MC018,EMP0098,117,120
PR012927,2025-02-24,2,MC015,EMP0135,128,120
PR012928,2025-02-24,2,MC017,EMP0105,110,120
PR012929,2025-02-24,2,MC014,EMP0004,118,120
PR012930,2025-02-24,2,MC012,EMP0077,120,120
PR012931,2025-02-24,2,MC016,EMP0012,108,120
PR012932,2025-02-24,2,MC013,EMP0170,128,120
PR012933,2025-02-24,3,MC021,EMP0122,141,158
PR012934,2025-02-24,3,MC020,EMP0099,165,158
PR012935,2025-02-24,3,MC024,EMP0143,147,158
PR012936,2025-02-24,3,MC019,EMP0134,146,158
PR012937,2025-02-24,3,MC022,EMP0134,126,158
PR012938,2025-02-24,4,MC028,EMP0131,178,200
PR012939,2025-02-24,4,MC029,EMP0174,218,200
PR012940,2025-02-24,4,MC025,EMP0132,214,200
PR012941,2025-02-24,4,MC027,EMP0087,222,200
PR012942,2025-02-24,5,MC033,EMP0165,136,142
PR012943,2025-02-24,5,MC030,EMP0058,134,142
PR012944,2025-02-24,5,MC035,EMP0060,131,142
PR012945,2025-02-24,5,MC034,EMP0164,131,142
PR012946,2025-02-24,5,MC031,EMP0101,111,142
PR012947,2025-02-24,6,MC039,EMP0085,302,325
PR012948,2025-02-24,6,MC038,EMP0100,293,325
PR012949,2025-02-24,6,MC037,EMP0046,333,325
PR012950,2025-02-25,1,MC007,EMP0097,195,181
PR012951,2025-02-25,1,MC001,EMP0007,188,181
PR012952,2025-02-25,1,MC003,EMP0072,173,181
PR012953,2025-02-25,1,MC004,EMP0032,175,181
PR012954,2025-02-25,1,MC005,EMP0119,151,181
PR012955,2025-02-25,1,MC008,EMP0072,174,181
PR012956,2025-02-25,2,MC014,EMP0035,118,120
PR012957,2025-02-25,2,MC016,EMP0147,102,120
PR012958,2025-02-25,2,MC013,EMP0083,109,120
PR012959,2025-02-25,2,MC012,EMP0070,108,120
PR012960,2025-02-25,2,MC018,EMP0117,99,120
PR012961,2025-02-25,2,MC010,EMP0103,107,120
PR012962,2025-02-25,2,MC009,EMP0106,107,120
PR012963,2025-02-25,2,MC015,EMP0105,121,120
PR012964,2025-02-25,3,MC019,EMP0111,161,158
PR012965,2025-02-25,3,MC021,EMP0010,165,158
PR012966,2025-02-25,3,MC020,EMP0055,155,158
PR012967,2025-02-25,3,MC024,EMP0180,169,158
PR012968,2025-02-25,3,MC022,EMP0039,145,158
PR012969,2025-02-25,4,MC029,EMP0062,198,200
PR012970,2025-02-25,4,MC028,EMP0043,226,200
PR012971,2025-02-25,4,MC027,EMP0174,189,200
PR012972,2025-02-25,4,MC026,EMP0019,210,200
PR012973,2025-02-25,5,MC031,EMP0060,141,142
PR012974,2025-02-25,5,MC033,EMP0096,103,142
PR012975,2025-02-25,5,MC035,EMP0060,134,142
PR012976,2025-02-25,5,MC034,EMP0096,130,142
PR012977,2025-02-25,5,MC032,EMP0165,132,142
PR012978,2025-02-25,6,MC038,EMP0120,343,325
PR012979,2025-02-25,6,MC037,EMP0152,316,325
PR012980,2025-02-25,6,MC039,EMP0085,274,325
PR012981,2025-02-26,1,MC005,EMP0075,175,181
PR012982,2025-02-26,1,MC006,EMP0119,169,181
PR012983,2025-02-26,1,MC008,EMP0104,173,181
PR012984,2025-02-26,1,MC001,EMP0092,179,181
PR012985,2025-02-26,1,MC007,EMP0008,160,181
PR012986,2025-02-26,1,MC004,EMP0151,197,181
PR012987,2025-02-26,1,MC003,EMP0151,176,181
PR012988,2025-02-26,2,MC011,EMP0106,105,120
PR012989,2025-02-26,2,MC010,EMP0009,120,120
PR012990,2025-02-26,2,MC015,EMP0048,110,120
PR012991,2025-02-26,2,MC017,EMP0004,107,120
PR012992,2025-02-26,2,MC012,EMP0106,115,120
PR012993,2025-02-26,2,MC013,EMP0148,109,120
PR012994,2025-02-26,2,MC009,EMP0083,103,120
PR012995,2025-02-26,2,MC018,EMP0129,112,120
PR012996,2025-02-26,2,MC016,EMP0135,110,120
PR012997,2025-02-26,3,MC024,EMP0039,149,158
PR012998,2025-02-26,3,MC019,EMP0013,147,158
PR012999,2025-02-26,3,MC023,EMP0069,137,158
PR013000,2025-02-26,3,MC022,EMP0172,143,158
PR013001,2025-02-26,4,MC028,EMP0127,224,200
PR013002,2025-02-26,4,MC027,EMP0174,199,200
PR013003,2025-02-26,4,MC029,EMP0175,216,200
PR013004,2025-02-26,4,MC025,EMP0121,181,200
PR013005,2025-02-26,5,MC034,EMP0145,125,142
PR013006,2025-02-26,5,MC035,EMP0003,102,142
PR013007,2025-02-26,5,MC033,EMP0003,134,142
PR013008,2025-02-26,5,MC030,EMP0003,139,142
PR013009,2025-02-26,6,MC037,EMP0065,340,325
PR013010,2025-02-26,6,MC038,EMP0046,312,325
PR013011,2025-02-26,6,MC039,EMP0142,305,325
PR013012,2025-02-27,1,MC005,EMP0005,191,181
PR013013,2025-02-27,1,MC002,EMP0073,185,181
PR013014,2025-02-27,1,MC004,EMP0038,174,181
PR013015,2025-02-27,1,MC001,EMP0057,173,181
PR013016,2025-02-27,1,MC008,EMP0052,191,181
PR013017,2025-02-27,1,MC007,EMP0094,183,181
PR013018,2025-02-27,1,MC006,EMP0118,201,181
PR013019,2025-02-27,2,MC018,EMP0090,117,120
PR013020,2025-02-27,2,MC012,EMP0026,109,120
PR013021,2025-02-27,2,MC016,EMP0024,119,120
PR013022,2025-02-27,2,MC014,EMP0173,121,120
PR013023,2025-02-27,2,MC010,EMP0012,119,120
PR013024,2025-02-27,2,MC011,EMP0051,132,120
PR013025,2025-02-27,2,MC013,EMP0123,123,120
PR013026,2025-02-27,2,MC017,EMP0089,114,120
PR013027,2025-02-27,3,MC020,EMP0006,145,158
PR013028,2025-02-27,3,MC023,EMP0006,149,158
PR013029,2025-02-27,3,MC019,EMP0122,157,158
PR013030,2025-02-27,3,MC024,EMP0172,139,158
PR013031,2025-02-27,3,MC022,EMP0064,150,158
PR013032,2025-02-27,4,MC027,EMP0154,184,200
PR013033,2025-02-27,4,MC028,EMP0121,200,200
PR013034,2025-02-27,4,MC026,EMP0093,195,200
PR013035,2025-02-27,5,MC030,EMP0080,134,142
PR013036,2025-02-27,5,MC034,EMP0164,138,142
PR013037,2025-02-27,5,MC031,EMP0096,133,142
PR013038,2025-02-27,5,MC032,EMP0060,125,142
PR013039,2025-02-27,6,MC037,EMP0155,343,325
PR013040,2025-02-27,6,MC036,EMP0171,325,325
PR013041,2025-02-27,6,MC038,EMP0142,325,325
PR013042,2025-02-28,1,MC002,EMP0025,145,181
PR013043,2025-02-28,1,MC004,EMP0137,120,181
PR013044,2025-02-28,1,MC007,EMP0008,158,181
PR013045,2025-02-28,1,MC006,EMP0088,158,181
PR013046,2025-02-28,1,MC008,EMP0162,146,181
PR013047,2025-02-28,1,MC003,EMP0017,138,181
PR013048,2025-02-28,1,MC001,EMP0166,143,181
PR013049,2025-02-28,2,MC012,EMP0074,97,120
PR013050,2025-02-28,2,MC013,EMP0024,85,120
PR013051,2025-02-28,2,MC014,EMP0115,92,120
PR013052,2025-02-28,2,MC018,EMP0114,110,120
PR013053,2025-02-28,2,MC009,EMP0009,92,120
PR013054,2025-02-28,2,MC017,EMP0178,102,120
PR013055,2025-02-28,2,MC010,EMP0170,78,120
PR013056,2025-02-28,2,MC011,EMP0035,99,120
PR013057,2025-02-28,3,MC019,EMP0124,147,158
PR013058,2025-02-28,3,MC024,EMP0179,124,158
PR013059,2025-02-28,3,MC020,EMP0069,128,158
PR013060,2025-02-28,3,MC022,EMP0125,144,158
PR013061,2025-02-28,3,MC021,EMP0099,114,158
PR013062,2025-02-28,4,MC026,EMP0109,168,200
PR013063,2025-02-28,4,MC029,EMP0109,183,200
PR013064,2025-02-28,4,MC028,EMP0153,165,200
PR013065,2025-02-28,4,MC025,EMP0121,166,200
PR013066,2025-02-28,5,MC033,EMP0101,123,142
PR013067,2025-02-28,5,MC034,EMP0068,107,142
PR013068,2025-02-28,5,MC032,EMP0101,112,142
PR013069,2025-02-28,5,MC031,EMP0164,122,142
PR013070,2025-02-28,6,MC038,EMP0120,276,325
PR013071,2025-02-28,6,MC036,EMP0053,337,325
PR013072,2025-02-28,6,MC039,EMP0100,263,325
PR013073,2025-03-01,1,MC008,EMP0005,144,181
PR013074,2025-03-01,1,MC004,EMP0088,186,181
PR013075,2025-03-01,1,MC001,EMP0025,175,181
PR013076,2025-03-01,1,MC005,EMP0030,158,181
PR013077,2025-03-01,1,MC002,EMP0137,176,181
PR013078,2025-03-01,1,MC006,EMP0037,181,181
PR013079,2025-03-01,2,MC012,EMP0147,118,120
PR013080,2025-03-01,2,MC010,EMP0113,120,120
PR013081,2025-03-01,2,MC018,EMP0009,103,120
PR013082,2025-03-01,2,MC015,EMP0035,103,120
PR013083,2025-03-01,2,MC017,EMP0123,105,120
PR013084,2025-03-01,2,MC014,EMP0128,130,120
PR013085,2025-03-01,2,MC009,EMP0133,120,120
PR013086,2025-03-01,2,MC013,EMP0036,129,120
PR013087,2025-03-01,2,MC011,EMP0135,116,120
PR013088,2025-03-01,3,MC023,EMP0179,158,158
PR013089,2025-03-01,3,MC024,EMP0034,139,158
PR013090,2025-03-01,3,MC019,EMP0082,133,158
PR013091,2025-03-01,3,MC020,EMP0006,138,158
PR013092,2025-03-01,3,MC022,EMP0039,151,158
PR013093,2025-03-01,4,MC028,EMP0050,219,200
PR013094,2025-03-01,4,MC025,EMP0087,227,200
PR013095,2025-03-01,4,MC029,EMP0087,212,200
PR013096,2025-03-01,4,MC026,EMP0109,189,200
PR013097,2025-03-01,5,MC035,EMP0150,127,142
PR013098,2025-03-01,5,MC030,EMP0165,137,142
PR013099,2025-03-01,5,MC031,EMP0164,137,142
PR013100,2025-03-01,5,MC034,EMP0068,125,142
PR013101,2025-03-01,5,MC033,EMP0096,126,142
PR013102,2025-03-01,6,MC036,EMP0100,322,325
PR013103,2025-03-01,6,MC039,EMP0065,311,325
PR013104,2025-03-01,6,MC038,EMP0065,315,325
PR013105,2025-03-02,1,MC005,EMP0167,72,181
PR013106,2025-03-02,1,MC008,EMP0018,62,181
PR013107,2025-03-02,1,MC004,EMP0092,55,181
PR013108,2025-03-02,1,MC001,EMP0130,62,181
PR013109,2025-03-02,1,MC003,EMP0119,61,181
PR013110,2025-03-02,1,MC002,EMP0007,54,181
PR013111,2025-03-02,2,MC016,EMP0020,49,120
PR013112,2025-03-02,2,MC011,EMP0076,44,120
PR013113,2025-03-02,2,MC013,EMP0089,40,120
PR013114,2025-03-02,2,MC010,EMP0157,36,120
PR013115,2025-03-02,2,MC015,EMP0113,43,120
PR013116,2025-03-02,2,MC009,EMP0128,42,120
PR013117,2025-03-02,2,MC014,EMP0001,35,120
PR013118,2025-03-02,2,MC017,EMP0031,44,120
PR013119,2025-03-02,3,MC023,EMP0125,50,158
PR013120,2025-03-02,3,MC021,EMP0111,53,158
PR013121,2025-03-02,3,MC019,EMP0055,53,158
PR013122,2025-03-02,3,MC020,EMP0159,52,158
PR013123,2025-03-02,3,MC024,EMP0078,45,158
PR013124,2025-03-02,4,MC028,EMP0062,82,200
PR013125,2025-03-02,4,MC026,EMP0156,76,200
PR013126,2025-03-02,4,MC029,EMP0059,66,200
PR013127,2025-03-02,4,MC027,EMP0154,74,200
PR013128,2025-03-02,5,MC034,EMP0165,47,142
PR013129,2025-03-02,5,MC031,EMP0096,53,142
PR013130,2025-03-02,5,MC033,EMP0165,40,142
PR013131,2025-03-02,5,MC032,EMP0060,42,142
PR013132,2025-03-02,5,MC035,EMP0068,43,142
PR013133,2025-03-02,6,MC038,EMP0171,101,325
PR013134,2025-03-02,6,MC037,EMP0171,125,325
PR013135,2025-03-02,6,MC036,EMP0152,102,325
PR013136,2025-03-03,1,MC001,EMP0025,194,181
PR013137,2025-03-03,1,MC006,EMP0119,179,181
PR013138,2025-03-03,1,MC002,EMP0119,187,181
PR013139,2025-03-03,1,MC004,EMP0088,181,181
PR013140,2025-03-03,1,MC005,EMP0037,155,181
PR013141,2025-03-03,1,MC007,EMP0092,174,181
PR013142,2025-03-03,2,MC010,EMP0009,103,120
PR013143,2025-03-03,2,MC012,EMP0035,116,120
PR013144,2025-03-03,2,MC015,EMP0129,121,120
PR013145,2025-03-03,2,MC016,EMP0063,119,120
PR013146,2025-03-03,2,MC013,EMP0146,97,120
PR013147,2025-03-03,2,MC009,EMP0170,107,120
PR013148,2025-03-03,2,MC018,EMP0012,128,120
PR013149,2025-03-03,2,MC011,EMP0004,126,120
PR013150,2025-03-03,3,MC020,EMP0055,141,158
PR013151,2025-03-03,3,MC023,EMP0064,150,158
PR013152,2025-03-03,3,MC019,EMP0159,165,158
PR013153,2025-03-03,3,MC024,EMP0143,140,158
PR013154,2025-03-03,3,MC021,EMP0078,143,158
PR013155,2025-03-03,4,MC025,EMP0108,202,200
PR013156,2025-03-03,4,MC029,EMP0059,228,200
PR013157,2025-03-03,4,MC026,EMP0023,200,200
PR013158,2025-03-03,4,MC027,EMP0059,219,200
PR013159,2025-03-03,5,MC031,EMP0150,129,142
PR013160,2025-03-03,5,MC032,EMP0150,127,142
PR013161,2025-03-03,5,MC034,EMP0150,125,142
PR013162,2025-03-03,5,MC035,EMP0003,111,142
PR013163,2025-03-03,5,MC033,EMP0068,137,142
PR013164,2025-03-03,6,MC038,EMP0120,280,325
PR013165,2025-03-03,6,MC037,EMP0142,316,325
PR013166,2025-03-03,6,MC039,EMP0085,321,325
PR013167,2025-03-04,1,MC005,EMP0097,172,181
PR013168,2025-03-04,1,MC006,EMP0104,171,181
PR013169,2025-03-04,1,MC002,EMP0176,175,181
PR013170,2025-03-04,1,MC007,EMP0177,163,181
PR013171,2025-03-04,1,MC004,EMP0158,178,181
PR013172,2025-03-04,1,MC008,EMP0176,170,181
PR013173,2025-03-04,1,MC003,EMP0118,162,181
PR013174,2025-03-04,2,MC009,EMP0036,121,120
PR013175,2025-03-04,2,MC012,EMP0083,112,120
PR013176,2025-03-04,2,MC011,EMP0178,105,120
PR013177,2025-03-04,2,MC010,EMP0001,112,120
PR013178,2025-03-04,2,MC015,EMP0089,112,120
PR013179,2025-03-04,2,MC016,EMP0079,108,120
PR013180,2025-03-04,2,MC014,EMP0081,121,120
PR013181,2025-03-04,2,MC013,EMP0041,111,120
PR013182,2025-03-04,2,MC018,EMP0074,113,120
PR013183,2025-03-04,3,MC023,EMP0082,150,158
PR013184,2025-03-04,3,MC020,EMP0029,163,158
PR013185,2025-03-04,3,MC019,EMP0069,148,158
PR013186,2025-03-04,3,MC021,EMP0180,156,158
PR013187,2025-03-04,3,MC024,EMP0179,144,158
PR013188,2025-03-04,4,MC026,EMP0131,215,200
PR013189,2025-03-04,4,MC027,EMP0154,213,200
PR013190,2025-03-04,4,MC028,EMP0062,218,200
PR013191,2025-03-04,5,MC030,EMP0028,139,142
PR013192,2025-03-04,5,MC031,EMP0101,141,142
PR013193,2025-03-04,5,MC034,EMP0150,126,142
PR013194,2025-03-04,5,MC033,EMP0150,136,142
PR013195,2025-03-04,5,MC032,EMP0058,160,142
PR013196,2025-03-04,6,MC037,EMP0152,352,325
PR013197,2025-03-04,6,MC039,EMP0142,310,325
PR013198,2025-03-04,6,MC038,EMP0120,339,325
PR013199,2025-03-05,1,MC005,EMP0091,173,181
PR013200,2025-03-05,1,MC006,EMP0061,163,181
PR013201,2025-03-05,1,MC001,EMP0025,184,181
PR013202,2025-03-05,1,MC002,EMP0097,183,181
PR013203,2025-03-05,1,MC003,EMP0166,191,181
PR013204,2025-03-05,1,MC007,EMP0137,160,181
PR013205,2025-03-05,1,MC008,EMP0163,187,181
PR013206,2025-03-05,2,MC009,EMP0024,118,120
PR013207,2025-03-05,2,MC013,EMP0170,110,120
PR013208,2025-03-05,2,MC011,EMP0129,116,120
PR013209,2025-03-05,2,MC015,EMP0139,114,120
PR013210,2025-03-05,2,MC010,EMP0076,108,120
PR013211,2025-03-05,2,MC014,EMP0095,123,120
PR013212,2025-03-05,2,MC016,EMP0083,116,120
PR013213,2025-03-05,2,MC017,EMP0090,118,120
PR013214,2025-03-05,2,MC018,EMP0012,111,120
PR013215,2025-03-05,3,MC021,EMP0082,137,158
PR013216,2025-03-05,3,MC023,EMP0010,148,158
PR013217,2025-03-05,3,MC019,EMP0033,144,158
PR013218,2025-03-05,3,MC020,EMP0125,178,158
PR013219,2025-03-05,4,MC027,EMP0109,220,200
PR013220,2025-03-05,4,MC025,EMP0002,189,200
PR013221,2025-03-05,4,MC029,EMP0131,185,200
PR013222,2025-03-05,4,MC028,EMP0121,203,200
PR013223,2025-03-05,5,MC034,EMP0150,127,142
PR013224,2025-03-05,5,MC033,EMP0060,133,142
PR013225,2025-03-05,5,MC031,EMP0164,148,142
PR013226,2025-03-05,5,MC032,EMP0056,121,142
PR013227,2025-03-05,5,MC030,EMP0165,130,142
PR013228,2025-03-05,6,MC039,EMP0144,336,325
PR013229,2025-03-05,6,MC036,EMP0152,280,325
PR013230,2025-03-05,6,MC037,EMP0065,312,325
PR013231,2025-03-06,1,MC003,EMP0017,182,181
PR013232,2025-03-06,1,MC001,EMP0018,154,181
PR013233,2025-03-06,1,MC006,EMP0025,176,181
PR013234,2025-03-06,1,MC004,EMP0094,188,181
PR013235,2025-03-06,1,MC007,EMP0032,190,181
PR013236,2025-03-06,1,MC005,EMP0057,172,181
PR013237,2025-03-06,1,MC002,EMP0130,163,181
PR013238,2025-03-06,2,MC012,EMP0169,104,120
PR013239,2025-03-06,2,MC016,EMP0115,107,120
PR013240,2025-03-06,2,MC011,EMP0098,129,120
PR013241,2025-03-06,2,MC014,EMP0115,108,120
PR013242,2025-03-06,2,MC018,EMP0090,130,120
PR013243,2025-03-06,2,MC015,EMP0031,101,120
PR013244,2025-03-06,2,MC013,EMP0169,119,120
PR013245,2025-03-06,2,MC010,EMP0051,110,120
PR013246,2025-03-06,2,MC017,EMP0098,124,120
PR013247,2025-03-06,3,MC019,EMP0122,159,158
PR013248,2025-03-06,3,MC020,EMP0084,126,158
PR013249,2025-03-06,3,MC021,EMP0084,136,158
PR013250,2025-03-06,3,MC023,EMP0055,155,158
PR013251,2025-03-06,4,MC028,EMP0131,214,200
PR013252,2025-03-06,4,MC025,EMP0109,219,200
PR013253,2025-03-06,4,MC026,EMP0175,213,200
PR013254,2025-03-06,5,MC032,EMP0164,117,142
PR013255,2025-03-06,5,MC034,EMP0058,146,142
PR013256,2025-03-06,5,MC031,EMP0101,148,142
PR013257,2025-03-06,5,MC033,EMP0080,124,142
PR013258,2025-03-06,5,MC035,EMP0150,140,142
PR013259,2025-03-06,6,MC038,EMP0046,326,325
PR013260,2025-03-06,6,MC039,EMP0085,346,325
PR013261,2025-03-06,6,MC036,EMP0053,260,325
PR013262,2025-03-07,1,MC004,EMP0073,159,181
PR013263,2025-03-07,1,MC007,EMP0007,144,181
PR013264,2025-03-07,1,MC003,EMP0008,137,181
PR013265,2025-03-07,1,MC005,EMP0158,155,181
PR013266,2025-03-07,1,MC001,EMP0168,142,181
PR013267,2025-03-07,1,MC008,EMP0161,165,181
PR013268,2025-03-07,2,MC012,EMP0089,96,120
PR013269,2025-03-07,2,MC011,EMP0020,95,120
PR013270,2025-03-07,2,MC013,EMP0149,88,120
PR013271,2025-03-07,2,MC010,EMP0106,90,120
PR013272,2025-03-07,2,MC015,EMP0079,111,120
PR013273,2025-03-07,2,MC017,EMP0106,114,120
PR013274,2025-03-07,2,MC009,EMP0140,100,120
PR013275,2025-03-07,2,MC016,EMP0020,93,120
PR013276,2025-03-07,3,MC020,EMP0029,133,158
PR013277,2025-03-07,3,MC024,EMP0082,130,158
PR013278,2025-03-07,3,MC023,EMP0136,119,158
PR013279,2025-03-07,3,MC021,EMP0172,112,158
PR013280,2025-03-07,3,MC019,EMP0082,137,158
PR013281,2025-03-07,4,MC025,EMP0153,172,200
PR013282,2025-03-07,4,MC028,EMP0127,165,200
PR013283,2025-03-07,4,MC029,EMP0062,160,200
PR013284,2025-03-07,4,MC026,EMP0022,185,200
PR013285,2025-03-07,5,MC031,EMP0028,107,142
PR013286,2025-03-07,5,MC030,EMP0058,120,142
PR013287,2025-03-07,5,MC035,EMP0150,100,142
PR013288,2025-03-07,5,MC033,EMP0101,107,142
PR013289,2025-03-07,5,MC034,EMP0003,120,142
PR013290,2025-03-07,6,MC036,EMP0046,279,325
PR013291,2025-03-07,6,MC039,EMP0120,252,325
PR013292,2025-03-07,6,MC037,EMP0171,291,325
PR013293,2025-03-08,1,MC007,EMP0160,181,181
PR013294,2025-03-08,1,MC008,EMP0161,177,181
PR013295,2025-03-08,1,MC005,EMP0137,174,181
PR013296,2025-03-08,1,MC002,EMP0032,155,181
PR013297,2025-03-08,1,MC006,EMP0110,145,181
PR013298,2025-03-08,1,MC001,EMP0168,184,181
PR013299,2025-03-08,2,MC014,EMP0045,100,120
PR013300,2025-03-08,2,MC017,EMP0079,104,120
PR013301,2025-03-08,2,MC018,EMP0135,119,120
PR013302,2025-03-08,2,MC012,EMP0040,112,120
PR013303,2025-03-08,2,MC009,EMP0173,116,120
PR013304,2025-03-08,2,MC015,EMP0045,122,120
PR013305,2025-03-08,2,MC011,EMP0040,123,120
PR013306,2025-03-08,2,MC013,EMP0170,123,120
PR013307,2025-03-08,2,MC016,EMP0063,106,120
PR013308,2025-03-08,3,MC023,EMP0180,160,158
PR013309,2025-03-08,3,MC024,EMP0159,138,158
PR013310,2025-03-08,3,MC019,EMP0134,149,158
PR013311,2025-03-08,3,MC020,EMP0013,132,158
PR013312,2025-03-08,3,MC022,EMP0078,162,158
PR013313,2025-03-08,4,MC025,EMP0109,231,200
PR013314,2025-03-08,4,MC029,EMP0131,182,200
PR013315,2025-03-08,4,MC028,EMP0002,231,200
PR013316,2025-03-08,5,MC032,EMP0145,139,142
PR013317,2025-03-08,5,MC034,EMP0145,150,142
PR013318,2025-03-08,5,MC033,EMP0164,142,142
PR013319,2025-03-08,5,MC035,EMP0068,119,142
PR013320,2025-03-08,6,MC037,EMP0085,341,325
PR013321,2025-03-08,6,MC039,EMP0144,355,325
PR013322,2025-03-08,6,MC036,EMP0085,326,325
PR013323,2025-03-09,1,MC005,EMP0038,62,181
PR013324,2025-03-09,1,MC003,EMP0141,64,181
PR013325,2025-03-09,1,MC007,EMP0037,56,181
PR013326,2025-03-09,1,MC004,EMP0037,56,181
PR013327,2025-03-09,1,MC001,EMP0130,60,181
PR013328,2025-03-09,1,MC008,EMP0032,63,181
PR013329,2025-03-09,1,MC006,EMP0112,54,181
PR013330,2025-03-09,2,MC017,EMP0009,37,120
PR013331,2025-03-09,2,MC011,EMP0157,44,120
PR013332,2025-03-09,2,MC010,EMP0113,38,120
PR013333,2025-03-09,2,MC016,EMP0098,44,120
PR013334,2025-03-09,2,MC012,EMP0035,43,120
PR013335,2025-03-09,2,MC009,EMP0027,45,120
PR013336,2025-03-09,2,MC013,EMP0020,38,120
PR013337,2025-03-09,2,MC015,EMP0089,39,120
PR013338,2025-03-09,3,MC022,EMP0033,57,158
PR013339,2025-03-09,3,MC019,EMP0099,58,158
PR013340,2025-03-09,3,MC023,EMP0078,52,158
PR013341,2025-03-09,3,MC021,EMP0016,49,158
PR013342,2025-03-09,4,MC028,EMP0050,91,200
PR013343,2025-03-09,4,MC026,EMP0011,75,200
PR013344,2025-03-09,4,MC029,EMP0154,82,200
PR013345,2025-03-09,5,MC032,EMP0056,46,142
PR013346,2025-03-09,5,MC035,EMP0150,41,142
PR013347,2025-03-09,5,MC031,EMP0058,47,142
PR013348,2025-03-09,5,MC034,EMP0056,44,142
PR013349,2025-03-09,5,MC033,EMP0150,45,142
PR013350,2025-03-09,6,MC038,EMP0053,124,325
PR013351,2025-03-09,6,MC039,EMP0046,117,325
PR013352,2025-03-09,6,MC036,EMP0144,110,325
PR013353,2025-03-10,1,MC003,EMP0037,179,181
PR013354,2025-03-10,1,MC006,EMP0176,190,181
PR013355,2025-03-10,1,MC001,EMP0038,177,181
PR013356,2025-03-10,1,MC008,EMP0018,184,181
PR013357,2025-03-10,1,MC002,EMP0119,166,181
PR013358,2025-03-10,1,MC005,EMP0072,182,181
PR013359,2025-03-10,2,MC011,EMP0024,118,120
PR013360,2025-03-10,2,MC018,EMP0128,120,120
PR013361,2025-03-10,2,MC012,EMP0133,104,120
PR013362,2025-03-10,2,MC017,EMP0117,121,120
PR013363,2025-03-10,2,MC010,EMP0157,124,120
PR013364,2025-03-10,2,MC014,EMP0135,120,120
PR013365,2025-03-10,2,MC016,EMP0146,120,120
PR013366,2025-03-10,2,MC009,EMP0047,93,120
PR013367,2025-03-10,2,MC015,EMP0041,128,120
PR013368,2025-03-10,3,MC020,EMP0084,155,158
PR013369,2025-03-10,3,MC024,EMP0172,158,158
PR013370,2025-03-10,3,MC022,EMP0064,146,158
PR013371,2025-03-10,3,MC023,EMP0172,155,158
PR013372,2025-03-10,3,MC021,EMP0172,146,158
PR013373,2025-03-10,4,MC028,EMP0011,220,200
PR013374,2025-03-10,4,MC029,EMP0043,206,200
PR013375,2025-03-10,4,MC027,EMP0153,184,200
PR013376,2025-03-10,4,MC026,EMP0014,235,200
PR013377,2025-03-10,5,MC032,EMP0165,117,142
PR013378,2025-03-10,5,MC030,EMP0096,129,142
PR013379,2025-03-10,5,MC034,EMP0096,130,142
PR013380,2025-03-10,5,MC031,EMP0150,139,142
PR013381,2025-03-10,5,MC035,EMP0165,116,142
PR013382,2025-03-10,6,MC038,EMP0171,349,325
PR013383,2025-03-10,6,MC039,EMP0171,297,325
PR013384,2025-03-10,6,MC036,EMP0144,334,325
PR013385,2025-03-11,1,MC002,EMP0126,173,181
PR013386,2025-03-11,1,MC003,EMP0094,171,181
PR013387,2025-03-11,1,MC004,EMP0130,170,181
PR013388,2025-03-11,1,MC005,EMP0052,183,181
PR013389,2025-03-11,1,MC006,EMP0102,159,181
PR013390,2025-03-11,1,MC001,EMP0119,164,181
PR013391,2025-03-11,2,MC018,EMP0106,110,120
PR013392,2025-03-11,2,MC011,EMP0117,106,120
PR013393,2025-03-11,2,MC016,EMP0170,112,120
PR013394,2025-03-11,2,MC009,EMP0128,109,120
PR013395,2025-03-11,2,MC010,EMP0067,107,120
PR013396,2025-03-11,2,MC013,EMP0178,98,120
PR013397,2025-03-11,2,MC012,EMP0036,117,120
PR013398,2025-03-11,2,MC017,EMP0004,133,120
PR013399,2025-03-11,2,MC014,EMP0128,111,120
PR013400,2025-03-11,3,MC019,EMP0029,151,158
PR013401,2025-03-11,3,MC024,EMP0180,136,158
PR013402,2025-03-11,3,MC023,EMP0013,157,158
PR013403,2025-03-11,3,MC021,EMP0180,149,158
PR013404,2025-03-11,3,MC020,EMP0010,152,158
PR013405,2025-03-11,4,MC028,EMP0132,229,200
PR013406,2025-03-11,4,MC027,EMP0023,212,200
PR013407,2025-03-11,4,MC025,EMP0156,202,200
PR013408,2025-03-11,4,MC029,EMP0050,198,200
PR013409,2025-03-11,5,MC031,EMP0101,124,142
PR013410,2025-03-11,5,MC034,EMP0058,124,142
PR013411,2025-03-11,5,MC032,EMP0080,134,142
PR013412,2025-03-11,5,MC035,EMP0164,125,142
PR013413,2025-03-11,5,MC030,EMP0056,129,142
PR013414,2025-03-11,6,MC039,EMP0065,291,325
PR013415,2025-03-11,6,MC036,EMP0142,325,325
PR013416,2025-03-11,6,MC037,EMP0120,306,325
PR013417,2025-03-12,1,MC001,EMP0102,187,181
PR013418,2025-03-12,1,MC005,EMP0038,164,181
PR013419,2025-03-12,1,MC006,EMP0044,145,181
PR013420,2025-03-12,1,MC004,EMP0075,166,181
PR013421,2025-03-12,1,MC003,EMP0107,171,181
PR013422,2025-03-12,1,MC002,EMP0072,151,181
PR013423,2025-03-12,1,MC007,EMP0166,172,181
PR013424,2025-03-12,2,MC013,EMP0173,111,120
PR013425,2025-03-12,2,MC014,EMP0133,112,120
PR013426,2025-03-12,2,MC016,EMP0067,107,120
PR013427,2025-03-12,2,MC012,EMP0105,133,120
PR013428,2025-03-12,2,MC018,EMP0139,131,120
PR013429,2025-03-12,2,MC009,EMP0040,114,120
PR013430,2025-03-12,2,MC011,EMP0113,107,120
PR013431,2025-03-12,2,MC017,EMP0083,110,120
PR013432,2025-03-12,2,MC015,EMP0020,110,120
PR013433,2025-03-12,3,MC022,EMP0039,155,158
PR013434,2025-03-12,3,MC019,EMP0134,129,158
PR013435,2025-03-12,3,MC024,EMP0125,162,158
PR013436,2025-03-12,3,MC021,EMP0124,133,158
PR013437,2025-03-12,3,MC023,EMP0125,148,158
PR013438,2025-03-12,4,MC025,EMP0175,229,200
PR013439,2025-03-12,4,MC029,EMP0071,218,200
PR013440,2025-03-12,4,MC027,EMP0002,224,200
PR013441,2025-03-12,4,MC028,EMP0043,213,200
PR013442,2025-03-12,5,MC032,EMP0096,129,142
PR013443,2025-03-12,5,MC035,EMP0058,154,142
PR013444,2025-03-12,5,MC033,EMP0056,138,142
PR013445,2025-03-12,5,MC034,EMP0028,124,142
PR013446,2025-03-12,6,MC039,EMP0144,329,325
PR013447,2025-03-12,6,MC038,EMP0100,322,325
PR013448,2025-03-12,6,MC036,EMP0120,345,325
PR013449,2025-03-13,1,MC001,EMP0066,149,181
PR013450,2025-03-13,1,MC005,EMP0161,169,181
PR013451,2025-03-13,1,MC002,EMP0118,162,181
PR013452,2025-03-13,1,MC007,EMP0061,151,181
PR013453,2025-03-13,1,MC003,EMP0073,162,181
PR013454,2025-03-13,1,MC008,EMP0119,184,181
PR013455,2025-03-13,1,MC006,EMP0066,160,181
PR013456,2025-03-13,2,MC013,EMP0117,133,120
PR013457,2025-03-13,2,MC014,EMP0178,98,120
PR013458,2025-03-13,2,MC018,EMP0169,107,120
PR013459,2025-03-13,2,MC012,EMP0063,116,120
PR013460,2025-03-13,2,MC015,EMP0117,111,120
PR013461,2025-03-13,2,MC010,EMP0106,126,120
PR013462,2025-03-13,2,MC009,EMP0027,115,120
PR013463,2025-03-13,2,MC017,EMP0081,119,120
PR013464,2025-03-13,3,MC023,EMP0082,134,158
PR013465,2025-03-13,3,MC022,EMP0039,139,158
PR013466,2025-03-13,3,MC021,EMP0034,151,158
PR013467,2025-03-13,3,MC019,EMP0111,150,158
PR013468,2025-03-13,3,MC024,EMP0111,161,158
PR013469,2025-03-13,4,MC028,EMP0071,220,200
PR013470,2025-03-13,4,MC025,EMP0043,194,200
PR013471,2025-03-13,4,MC029,EMP0050,195,200
PR013472,2025-03-13,4,MC026,EMP0049,184,200
PR013473,2025-03-13,5,MC034,EMP0080,122,142
PR013474,2025-03-13,5,MC031,EMP0101,130,142
PR013475,2025-03-13,5,MC033,EMP0096,129,142
PR013476,2025-03-13,5,MC035,EMP0096,139,142
PR013477,2025-03-13,5,MC030,EMP0101,140,142
PR013478,2025-03-13,6,MC038,EMP0085,351,325
PR013479,2025-03-13,6,MC037,EMP0100,303,325
PR013480,2025-03-13,6,MC039,EMP0144,329,325
PR013481,2025-03-14,1,MC002,EMP0168,128,181
PR013482,2025-03-14,1,MC008,EMP0112,145,181
PR013483,2025-03-14,1,MC006,EMP0091,146,181
PR013484,2025-03-14,1,MC007,EMP0008,142,181
PR013485,2025-03-14,1,MC005,EMP0092,150,181
PR013486,2025-03-14,1,MC004,EMP0052,157,181
PR013487,2025-03-14,1,MC001,EMP0160,163,181
PR013488,2025-03-14,2,MC012,EMP0105,102,120
PR013489,2025-03-14,2,MC009,EMP0036,95,120
PR013490,2025-03-14,2,MC018,EMP0031,109,120
PR013491,2025-03-14,2,MC010,EMP0067,94,120
PR013492,2025-03-14,2,MC015,EMP0004,93,120
PR013493,2025-03-14,2,MC017,EMP0036,108,120
PR013494,2025-03-14,2,MC011,EMP0129,100,120
PR013495,2025-03-14,3,MC021,EMP0069,130,158
PR013496,2025-03-14,3,MC022,EMP0136,121,158
PR013497,2025-03-14,3,MC024,EMP0033,125,158
PR013498,2025-03-14,3,MC023,EMP0124,133,158
PR013499,2025-03-14,3,MC020,EMP0078,137,158
PR013500,2025-03-14,4,MC026,EMP0121,175,200
PR013501,2025-03-14,4,MC027,EMP0108,170,200
PR013502,2025-03-14,4,MC025,EMP0156,178,200
PR013503,2025-03-14,4,MC029,EMP0108,205,200
PR013504,2025-03-14,5,MC035,EMP0080,122,142
PR013505,2025-03-14,5,MC032,EMP0145,111,142
PR013506,2025-03-14,5,MC034,EMP0086,101,142
PR013507,2025-03-14,5,MC033,EMP0145,105,142
PR013508,2025-03-14,5,MC031,EMP0101,117,142
PR013509,2025-03-14,6,MC037,EMP0171,231,325
PR013510,2025-03-14,6,MC038,EMP0155,253,325
PR013511,2025-03-14,6,MC036,EMP0120,232,325
PR013512,2025-03-15,1,MC001,EMP0176,185,181
PR013513,2025-03-15,1,MC003,EMP0158,168,181
PR013514,2025-03-15,1,MC005,EMP0118,198,181
PR013515,2025-03-15,1,MC007,EMP0158,172,181
PR013516,2025-03-15,1,MC002,EMP0054,178,181
PR013517,2025-03-15,1,MC004,EMP0073,176,181
PR013518,2025-03-15,1,MC006,EMP0166,167,181
PR013519,2025-03-15,2,MC012,EMP0009,110,120
PR013520,2025-03-15,2,MC009,EMP0178,100,120
PR013521,2025-03-15,2,MC013,EMP0115,113,120
PR013522,2025-03-15,2,MC014,EMP0012,119,120
PR013523,2025-03-15,2,MC015,EMP0148,118,120
PR013524,2025-03-15,2,MC011,EMP0067,111,120
PR013525,2025-03-15,2,MC016,EMP0024,130,120
PR013526,2025-03-15,2,MC017,EMP0045,124,120
PR013527,2025-03-15,2,MC010,EMP0063,117,120
PR013528,2025-03-15,3,MC023,EMP0122,148,158
PR013529,2025-03-15,3,MC020,EMP0172,141,158
PR013530,2025-03-15,3,MC024,EMP0180,142,158
PR013531,2025-03-15,3,MC022,EMP0143,124,158
PR013532,2025-03-15,3,MC019,EMP0134,150,158
PR013533,2025-03-15,4,MC027,EMP0153,163,200
PR013534,2025-03-15,4,MC028,EMP0131,222,200
PR013535,2025-03-15,4,MC026,EMP0022,217,200
PR013536,2025-03-15,5,MC034,EMP0145,134,142
PR013537,2025-03-15,5,MC032,EMP0060,137,142
PR013538,2025-03-15,5,MC031,EMP0056,137,142
PR013539,2025-03-15,5,MC030,EMP0068,145,142
PR013540,2025-03-15,5,MC035,EMP0058,125,142
PR013541,2025-03-15,6,MC037,EMP0120,338,325
PR013542,2025-03-15,6,MC036,EMP0171,315,325
PR013543,2025-03-15,6,MC039,EMP0053,341,325
PR013544,2025-03-16,1,MC008,EMP0104,58,181
PR013545,2025-03-16,1,MC005,EMP0166,60,181
PR013546,2025-03-16,1,MC001,EMP0177,61,181
PR013547,2025-03-16,1,MC006,EMP0162,59,181
PR013548,2025-03-16,1,MC004,EMP0110,58,181
PR013549,2025-03-16,1,MC003,EMP0166,59,181
PR013550,2025-03-16,1,MC007,EMP0137,59,181
PR013551,2025-03-16,2,MC012,EMP0040,49,120
PR013552,2025-03-16,2,MC010,EMP0169,40,120
PR013553,2025-03-16,2,MC015,EMP0139,42,120
PR013554,2025-03-16,2,MC017,EMP0001,43,120
PR013555,2025-03-16,2,MC009,EMP0051,36,120
PR013556,2025-03-16,2,MC014,EMP0035,41,120
PR013557,2025-03-16,2,MC018,EMP0157,42,120
PR013558,2025-03-16,2,MC013,EMP0083,42,120
PR013559,2025-03-16,3,MC019,EMP0029,50,158
PR013560,2025-03-16,3,MC020,EMP0111,44,158
PR013561,2025-03-16,3,MC023,EMP0136,52,158
PR013562,2025-03-16,3,MC022,EMP0033,53,158
PR013563,2025-03-16,3,MC024,EMP0099,55,158
PR013564,2025-03-16,4,MC028,EMP0132,75,200
PR013565,2025-03-16,4,MC025,EMP0050,82,200
PR013566,2025-03-16,4,MC027,EMP0174,83,200
PR013567,2025-03-16,4,MC029,EMP0062,74,200
PR013568,2025-03-16,5,MC034,EMP0003,44,142
PR013569,2025-03-16,5,MC032,EMP0060,51,142
PR013570,2025-03-16,5,MC031,EMP0058,52,142
PR013571,2025-03-16,5,MC035,EMP0101,40,142
PR013572,2025-03-16,5,MC033,EMP0101,49,142
PR013573,2025-03-16,6,MC038,EMP0155,115,325
PR013574,2025-03-16,6,MC039,EMP0046,106,325
PR013575,2025-03-16,6,MC037,EMP0100,106,325
PR013576,2025-03-17,1,MC008,EMP0075,151,181
PR013577,2025-03-17,1,MC003,EMP0112,189,181
PR013578,2025-03-17,1,MC005,EMP0107,186,181
PR013579,2025-03-17,1,MC001,EMP0094,159,181
PR013580,2025-03-17,1,MC004,EMP0088,183,181
PR013581,2025-03-17,1,MC006,EMP0018,200,181
PR013582,2025-03-17,2,MC009,EMP0036,121,120
PR013583,2025-03-17,2,MC014,EMP0090,107,120
PR013584,2025-03-17,2,MC013,EMP0031,125,120
PR013585,2025-03-17,2,MC018,EMP0098,113,120
PR013586,2025-03-17,2,MC011,EMP0004,119,120
PR013587,2025-03-17,2,MC012,EMP0042,110,120
PR013588,2025-03-17,2,MC010,EMP0076,111,120
PR013589,2025-03-17,2,MC015,EMP0074,119,120
PR013590,2025-03-17,2,MC017,EMP0074,121,120
PR013591,2025-03-17,3,MC023,EMP0069,169,158
PR013592,2025-03-17,3,MC019,EMP0069,152,158
PR013593,2025-03-17,3,MC020,EMP0122,166,158
PR013594,2025-03-17,3,MC022,EMP0064,148,158
PR013595,2025-03-17,3,MC021,EMP0111,146,158
PR013596,2025-03-17,4,MC026,EMP0071,197,200
PR013597,2025-03-17,4,MC029,EMP0062,232,200
PR013598,2025-03-17,4,MC025,EMP0087,216,200
PR013599,2025-03-17,4,MC028,EMP0174,222,200
PR013600,2025-03-17,5,MC035,EMP0101,124,142
PR013601,2025-03-17,5,MC034,EMP0060,135,142
PR013602,2025-03-17,5,MC031,EMP0164,124,142
PR013603,2025-03-17,5,MC033,EMP0145,118,142
PR013604,2025-03-17,5,MC032,EMP0058,135,142
PR013605,2025-03-17,6,MC039,EMP0046,347,325
PR013606,2025-03-17,6,MC037,EMP0171,291,325
PR013607,2025-03-17,6,MC036,EMP0142,327,325
PR013608,2025-03-18,1,MC004,EMP0025,179,181
PR013609,2025-03-18,1,MC006,EMP0168,157,181
PR013610,2025-03-18,1,MC007,EMP0126,192,181
PR013611,2025-03-18,1,MC001,EMP0161,184,181
PR013612,2025-03-18,1,MC005,EMP0092,176,181
PR013613,2025-03-18,1,MC008,EMP0141,183,181
PR013614,2025-03-18,2,MC012,EMP0045,108,120
PR013615,2025-03-18,2,MC009,EMP0178,108,120
PR013616,2025-03-18,2,MC010,EMP0095,117,120
PR013617,2025-03-18,2,MC014,EMP0063,114,120
PR013618,2025-03-18,2,MC016,EMP0178,100,120
PR013619,2025-03-18,2,MC017,EMP0114,110,120
PR013620,2025-03-18,2,MC015,EMP0027,111,120
PR013621,2025-03-18,3,MC022,EMP0064,157,158
PR013622,2025-03-18,3,MC021,EMP0010,153,158
PR013623,2025-03-18,3,MC019,EMP0034,135,158
PR013624,2025-03-18,3,MC020,EMP0064,156,158
PR013625,2025-03-18,3,MC023,EMP0082,162,158
PR013626,2025-03-18,4,MC025,EMP0175,216,200
PR013627,2025-03-18,4,MC026,EMP0154,198,200
PR013628,2025-03-18,4,MC029,EMP0014,227,200
PR013629,2025-03-18,5,MC032,EMP0058,123,142
PR013630,2025-03-18,5,MC035,EMP0145,121,142
PR013631,2025-03-18,5,MC030,EMP0086,131,142
PR013632,2025-03-18,5,MC031,EMP0058,136,142
PR013633,2025-03-18,5,MC034,EMP0028,99,142
PR013634,2025-03-18,6,MC039,EMP0171,314,325
PR013635,2025-03-18,6,MC038,EMP0065,336,325
PR013636,2025-03-18,6,MC036,EMP0120,323,325
PR013637,2025-03-19,1,MC003,EMP0168,168,181
PR013638,2025-03-19,1,MC002,EMP0102,187,181
PR013639,2025-03-19,1,MC004,EMP0088,151,181
PR013640,2025-03-19,1,MC007,EMP0097,162,181
PR013641,2025-03-19,1,MC008,EMP0066,173,181
PR013642,2025-03-19,1,MC001,EMP0097,177,181
PR013643,2025-03-19,1,MC006,EMP0110,189,181
PR013644,2025-03-19,2,MC018,EMP0031,113,120
PR013645,2025-03-19,2,MC012,EMP0079,114,120
PR013646,2025-03-19,2,MC014,EMP0139,113,120
PR013647,2025-03-19,2,MC009,EMP0123,112,120
PR013648,2025-03-19,2,MC013,EMP0149,127,120
PR013649,2025-03-19,2,MC010,EMP0128,107,120
PR013650,2025-03-19,2,MC016,EMP0098,108,120
PR013651,2025-03-19,3,MC022,EMP0134,140,158
PR013652,2025-03-19,3,MC024,EMP0111,169,158
PR013653,2025-03-19,3,MC020,EMP0122,150,158
PR013654,2025-03-19,3,MC021,EMP0013,141,158
PR013655,2025-03-19,3,MC019,EMP0039,131,158
PR013656,2025-03-19,4,MC028,EMP0154,193,200
PR013657,2025-03-19,4,MC025,EMP0062,218,200
PR013658,2025-03-19,4,MC029,EMP0071,216,200
PR013659,2025-03-19,4,MC027,EMP0127,184,200
PR013660,2025-03-19,5,MC035,EMP0003,131,142
PR013661,2025-03-19,5,MC034,EMP0086,119,142
PR013662,2025-03-19,5,MC033,EMP0056,136,142
PR013663,2025-03-19,5,MC031,EMP0028,144,142
PR013664,2025-03-19,5,MC030,EMP0096,142,142
PR013665,2025-03-19,6,MC038,EMP0120,319,325
PR013666,2025-03-19,6,MC036,EMP0100,317,325
PR013667,2025-03-19,6,MC037,EMP0142,350,325
PR013668,2025-03-20,1,MC005,EMP0054,170,181
PR013669,2025-03-20,1,MC008,EMP0162,169,181
PR013670,2025-03-20,1,MC007,EMP0025,192,181
PR013671,2025-03-20,1,MC003,EMP0073,191,181
PR013672,2025-03-20,1,MC001,EMP0025,172,181
PR013673,2025-03-20,1,MC006,EMP0158,194,181
PR013674,2025-03-20,2,MC016,EMP0090,109,120
PR013675,2025-03-20,2,MC017,EMP0169,101,120
PR013676,2025-03-20,2,MC015,EMP0140,128,120
PR013677,2025-03-20,2,MC010,EMP0105,113,120
PR013678,2025-03-20,2,MC013,EMP0117,100,120
PR013679,2025-03-20,2,MC012,EMP0140,104,120
PR013680,2025-03-20,2,MC014,EMP0024,127,120
PR013681,2025-03-20,2,MC011,EMP0076,114,120
PR013682,2025-03-20,3,MC023,EMP0111,152,158
PR013683,2025-03-20,3,MC020,EMP0069,148,158
PR013684,2025-03-20,3,MC022,EMP0033,146,158
PR013685,2025-03-20,3,MC021,EMP0082,145,158
PR013686,2025-03-20,4,MC029,EMP0174,175,200
PR013687,2025-03-20,4,MC025,EMP0014,210,200
PR013688,2025-03-20,4,MC026,EMP0121,208,200
PR013689,2025-03-20,4,MC027,EMP0011,249,200
PR013690,2025-03-20,5,MC034,EMP0096,120,142
PR013691,2025-03-20,5,MC031,EMP0150,132,142
PR013692,2025-03-20,5,MC035,EMP0086,128,142
PR013693,2025-03-20,5,MC030,EMP0060,124,142
PR013694,2025-03-20,5,MC033,EMP0028,131,142
PR013695,2025-03-20,6,MC036,EMP0100,298,325
PR013696,2025-03-20,6,MC037,EMP0046,346,325
PR013697,2025-03-20,6,MC038,EMP0171,325,325
PR013698,2025-03-21,1,MC008,EMP0073,147,181
PR013699,2025-03-21,1,MC006,EMP0166,153,181
PR013700,2025-03-21,1,MC001,EMP0097,189,181
PR013701,2025-03-21,1,MC002,EMP0057,166,181
PR013702,2025-03-21,1,MC007,EMP0161,131,181
PR013703,2025-03-21,1,MC005,EMP0102,147,181
PR013704,2025-03-21,1,MC003,EMP0107,137,181
PR013705,2025-03-21,2,MC009,EMP0040,96,120
PR013706,2025-03-21,2,MC013,EMP0047,97,120
PR013707,2025-03-21,2,MC011,EMP0083,97,120
PR013708,2025-03-21,2,MC012,EMP0041,105,120
PR013709,2025-03-21,2,MC017,EMP0026,106,120
PR013710,2025-03-21,2,MC014,EMP0098,86,120
PR013711,2025-03-21,2,MC016,EMP0103,94,120
PR013712,2025-03-21,2,MC010,EMP0077,99,120
PR013713,2025-03-21,2,MC015,EMP0117,103,120
PR013714,2025-03-21,3,MC022,EMP0172,121,158
PR013715,2025-03-21,3,MC023,EMP0143,134,158
PR013716,2025-03-21,3,MC024,EMP0010,131,158
PR013717,2025-03-21,3,MC020,EMP0134,132,158
PR013718,2025-03-21,3,MC019,EMP0078,134,158
PR013719,2025-03-21,4,MC029,EMP0131,184,200
PR013720,2025-03-21,4,MC028,EMP0131,160,200
PR013721,2025-03-21,4,MC027,EMP0156,166,200
PR013722,2025-03-21,4,MC026,EMP0174,185,200
PR013723,2025-03-21,5,MC030,EMP0028,110,142
PR013724,2025-03-21,5,MC035,EMP0058,99,142
PR013725,2025-03-21,5,MC033,EMP0003,116,142
PR013726,2025-03-21,5,MC034,EMP0056,123,142
PR013727,2025-03-21,5,MC031,EMP0145,111,142
PR013728,2025-03-21,6,MC039,EMP0171,261,325
PR013729,2025-03-21,6,MC038,EMP0142,262,325
PR013730,2025-03-21,6,MC037,EMP0142,274,325
PR013731,2025-03-22,1,MC005,EMP0057,201,181
PR013732,2025-03-22,1,MC008,EMP0112,189,181
PR013733,2025-03-22,1,MC003,EMP0038,172,181
PR013734,2025-03-22,1,MC004,EMP0141,189,181
PR013735,2025-03-22,1,MC006,EMP0097,176,181
PR013736,2025-03-22,1,MC001,EMP0072,160,181
PR013737,2025-03-22,1,MC007,EMP0118,160,181
PR013738,2025-03-22,2,MC015,EMP0103,126,120
PR013739,2025-03-22,2,MC012,EMP0067,117,120
PR013740,2025-03-22,2,MC014,EMP0170,118,120
PR013741,2025-03-22,2,MC011,EMP0098,118,120
PR013742,2025-03-22,2,MC010,EMP0067,120,120
PR013743,2025-03-22,2,MC013,EMP0133,115,120
PR013744,2025-03-22,2,MC009,EMP0138,113,120
PR013745,2025-03-22,2,MC018,EMP0004,130,120
PR013746,2025-03-22,2,MC016,EMP0157,116,120
PR013747,2025-03-22,3,MC021,EMP0122,137,158
PR013748,2025-03-22,3,MC024,EMP0029,143,158
PR013749,2025-03-22,3,MC023,EMP0084,154,158
PR013750,2025-03-22,3,MC020,EMP0082,146,158
PR013751,2025-03-22,4,MC028,EMP0121,205,200
PR013752,2025-03-22,4,MC027,EMP0049,206,200
PR013753,2025-03-22,4,MC029,EMP0011,204,200
PR013754,2025-03-22,4,MC025,EMP0154,214,200
PR013755,2025-03-22,5,MC034,EMP0145,121,142
PR013756,2025-03-22,5,MC033,EMP0145,146,142
PR013757,2025-03-22,5,MC030,EMP0028,134,142
PR013758,2025-03-22,5,MC035,EMP0164,134,142
PR013759,2025-03-22,5,MC032,EMP0086,127,142
PR013760,2025-03-22,6,MC039,EMP0046,334,325
PR013761,2025-03-22,6,MC036,EMP0046,345,325
PR013762,2025-03-22,6,MC038,EMP0100,343,325
PR013763,2025-03-23,1,MC005,EMP0160,65,181
PR013764,2025-03-23,1,MC004,EMP0094,61,181
PR013765,2025-03-23,1,MC002,EMP0038,63,181
PR013766,2025-03-23,1,MC003,EMP0160,57,181
PR013767,2025-03-23,1,MC006,EMP0110,62,181
PR013768,2025-03-23,1,MC008,EMP0162,61,181
PR013769,2025-03-23,2,MC016,EMP0001,44,120
PR013770,2025-03-23,2,MC013,EMP0147,46,120
PR013771,2025-03-23,2,MC018,EMP0026,43,120
PR013772,2025-03-23,2,MC017,EMP0147,44,120
PR013773,2025-03-23,2,MC015,EMP0117,47,120
PR013774,2025-03-23,2,MC010,EMP0138,35,120
PR013775,2025-03-23,2,MC014,EMP0140,43,120
PR013776,2025-03-23,2,MC009,EMP0004,39,120
PR013777,2025-03-23,3,MC020,EMP0172,59,158
PR013778,2025-03-23,3,MC019,EMP0143,60,158
PR013779,2025-03-23,3,MC021,EMP0016,57,158
PR013780,2025-03-23,3,MC022,EMP0034,59,158
PR013781,2025-03-23,3,MC023,EMP0078,58,158
PR013782,2025-03-23,4,MC025,EMP0153,73,200
PR013783,2025-03-23,4,MC026,EMP0121,68,200
PR013784,2025-03-23,4,MC027,EMP0022,72,200
PR013785,2025-03-23,4,MC028,EMP0023,78,200
PR013786,2025-03-23,5,MC032,EMP0003,48,142
PR013787,2025-03-23,5,MC035,EMP0164,45,142
PR013788,2025-03-23,5,MC031,EMP0145,43,142
PR013789,2025-03-23,5,MC030,EMP0056,45,142
PR013790,2025-03-23,6,MC037,EMP0144,113,325
PR013791,2025-03-23,6,MC036,EMP0065,104,325
PR013792,2025-03-23,6,MC038,EMP0065,120,325
PR013793,2025-03-24,1,MC004,EMP0061,156,181
PR013794,2025-03-24,1,MC008,EMP0167,178,181
PR013795,2025-03-24,1,MC006,EMP0137,184,181
PR013796,2025-03-24,1,MC005,EMP0037,172,181
PR013797,2025-03-24,1,MC007,EMP0118,147,181
PR013798,2025-03-24,1,MC001,EMP0025,179,181
PR013799,2025-03-24,2,MC013,EMP0074,109,120
PR013800,2025-03-24,2,MC015,EMP0079,133,120
PR013801,2025-03-24,2,MC016,EMP0036,126,120
PR013802,2025-03-24,2,MC010,EMP0076,112,120
PR013803,2025-03-24,2,MC009,EMP0024,114,120
PR013804,2025-03-24,2,MC014,EMP0035,109,120
PR013805,2025-03-24,2,MC018,EMP0081,115,120
PR013806,2025-03-24,3,MC019,EMP0172,155,158
PR013807,2025-03-24,3,MC024,EMP0180,138,158
PR013808,2025-03-24,3,MC021,EMP0006,152,158
PR013809,2025-03-24,3,MC023,EMP0033,139,158
PR013810,2025-03-24,4,MC026,EMP0014,211,200
PR013811,2025-03-24,4,MC028,EMP0011,213,200
PR013812,2025-03-24,4,MC025,EMP0022,205,200
PR013813,2025-03-24,5,MC030,EMP0150,141,142
PR013814,2025-03-24,5,MC031,EMP0060,106,142
PR013815,2025-03-24,5,MC032,EMP0058,144,142
PR013816,2025-03-24,5,MC033,EMP0003,116,142
PR013817,2025-03-24,5,MC034,EMP0028,131,142
PR013818,2025-03-24,6,MC039,EMP0085,341,325
PR013819,2025-03-24,6,MC036,EMP0065,349,325
PR013820,2025-03-24,6,MC038,EMP0142,360,325
PR013821,2025-03-25,1,MC005,EMP0025,186,181
PR013822,2025-03-25,1,MC002,EMP0032,173,181
PR013823,2025-03-25,1,MC007,EMP0066,170,181
PR013824,2025-03-25,1,MC008,EMP0104,173,181
PR013825,2025-03-25,1,MC006,EMP0054,169,181
PR013826,2025-03-25,1,MC004,EMP0061,164,181
PR013827,2025-03-25,2,MC009,EMP0009,104,120
PR013828,2025-03-25,2,MC011,EMP0036,130,120
PR013829,2025-03-25,2,MC012,EMP0103,130,120
PR013830,2025-03-25,2,MC014,EMP0021,111,120
PR013831,2025-03-25,2,MC016,EMP0149,130,120
PR013832,2025-03-25,2,MC017,EMP0115,110,120
PR013833,2025-03-25,2,MC018,EMP0146,128,120
PR013834,2025-03-25,3,MC024,EMP0064,144,158
PR013835,2025-03-25,3,MC020,EMP0134,140,158
PR013836,2025-03-25,3,MC023,EMP0033,131,158
PR013837,2025-03-25,3,MC021,EMP0099,145,158
PR013838,2025-03-25,3,MC022,EMP0082,152,158
PR013839,2025-03-25,4,MC028,EMP0093,219,200
PR013840,2025-03-25,4,MC025,EMP0062,235,200
PR013841,2025-03-25,4,MC029,EMP0087,199,200
PR013842,2025-03-25,4,MC026,EMP0131,214,200
PR013843,2025-03-25,5,MC033,EMP0028,135,142
PR013844,2025-03-25,5,MC031,EMP0028,138,142
PR013845,2025-03-25,5,MC032,EMP0056,130,142
PR013846,2025-03-25,5,MC035,EMP0068,120,142
PR013847,2025-03-25,5,MC034,EMP0058,149,142
PR013848,2025-03-25,6,MC038,EMP0142,296,325
PR013849,2025-03-25,6,MC037,EMP0142,287,325
PR013850,2025-03-25,6,MC036,EMP0144,319,325
PR013851,2025-03-26,1,MC005,EMP0061,191,181
PR013852,2025-03-26,1,MC008,EMP0168,134,181
PR013853,2025-03-26,1,MC004,EMP0177,192,181
PR013854,2025-03-26,1,MC006,EMP0061,176,181
PR013855,2025-03-26,1,MC003,EMP0066,157,181
PR013856,2025-03-26,1,MC002,EMP0088,177,181
PR013857,2025-03-26,1,MC001,EMP0018,178,181
PR013858,2025-03-26,2,MC010,EMP0178,112,120
PR013859,2025-03-26,2,MC014,EMP0041,128,120
PR013860,2025-03-26,2,MC018,EMP0173,117,120
PR013861,2025-03-26,2,MC012,EMP0042,116,120
PR013862,2025-03-26,2,MC016,EMP0027,112,120
PR013863,2025-03-26,2,MC011,EMP0117,119,120
PR013864,2025-03-26,2,MC017,EMP0048,118,120
PR013865,2025-03-26,2,MC013,EMP0117,117,120
PR013866,2025-03-26,2,MC015,EMP0095,101,120
PR013867,2025-03-26,3,MC022,EMP0055,155,158
PR013868,2025-03-26,3,MC021,EMP0134,164,158
PR013869,2025-03-26,3,MC019,EMP0039,163,158
PR013870,2025-03-26,3,MC023,EMP0180,153,158
PR013871,2025-03-26,3,MC020,EMP0124,138,158
PR013872,2025-03-26,4,MC025,EMP0019,231,200
PR013873,2025-03-26,4,MC026,EMP0131,222,200
PR013874,2025-03-26,4,MC028,EMP0049,168,200
PR013875,2025-03-26,5,MC032,EMP0060,117,142
PR013876,2025-03-26,5,MC034,EMP0101,125,142
PR013877,2025-03-26,5,MC031,EMP0080,141,142
PR013878,2025-03-26,5,MC033,EMP0080,137,142
PR013879,2025-03-26,6,MC037,EMP0120,345,325
PR013880,2025-03-26,6,MC036,EMP0144,309,325
PR013881,2025-03-26,6,MC038,EMP0152,330,325
PR013882,2025-03-27,1,MC008,EMP0166,163,181
PR013883,2025-03-27,1,MC003,EMP0025,194,181
PR013884,2025-03-27,1,MC002,EMP0162,165,181
PR013885,2025-03-27,1,MC006,EMP0118,198,181
PR013886,2025-03-27,1,MC001,EMP0162,178,181
PR013887,2025-03-27,1,MC005,EMP0168,172,181
PR013888,2025-03-27,2,MC015,EMP0077,114,120
PR013889,2025-03-27,2,MC010,EMP0063,114,120
PR013890,2025-03-27,2,MC017,EMP0079,123,120
PR013891,2025-03-27,2,MC012,EMP0095,127,120
PR013892,2025-03-27,2,MC014,EMP0090,112,120
PR013893,2025-03-27,2,MC018,EMP0070,111,120
PR013894,2025-03-27,2,MC011,EMP0113,97,120
PR013895,2025-03-27,2,MC016,EMP0027,106,120
PR013896,2025-03-27,2,MC013,EMP0045,126,120
PR013897,2025-03-27,3,MC019,EMP0159,151,158
PR013898,2025-03-27,3,MC021,EMP0006,134,158
PR013899,2025-03-27,3,MC022,EMP0034,154,158
PR013900,2025-03-27,3,MC024,EMP0033,150,158
PR013901,2025-03-27,3,MC023,EMP0084,151,158
PR013902,2025-03-27,4,MC029,EMP0023,174,200
PR013903,2025-03-27,4,MC028,EMP0011,212,200
PR013904,2025-03-27,4,MC027,EMP0154,213,200
PR013905,2025-03-27,4,MC026,EMP0043,175,200
PR013906,2025-03-27,5,MC032,EMP0145,132,142
PR013907,2025-03-27,5,MC033,EMP0101,119,142
PR013908,2025-03-27,5,MC034,EMP0080,123,142
PR013909,2025-03-27,5,MC031,EMP0164,116,142
PR013910,2025-03-27,5,MC030,EMP0060,121,142
PR013911,2025-03-27,6,MC037,EMP0085,325,325
PR013912,2025-03-27,6,MC036,EMP0120,348,325
PR013913,2025-03-27,6,MC038,EMP0171,299,325
PR013914,2025-03-28,1,MC008,EMP0005,148,181
PR013915,2025-03-28,1,MC007,EMP0075,147,181
PR013916,2025-03-28,1,MC006,EMP0052,150,181
PR013917,2025-03-28,1,MC004,EMP0061,164,181
PR013918,2025-03-28,1,MC003,EMP0073,168,181
PR013919,2025-03-28,1,MC005,EMP0158,148,181
PR013920,2025-03-28,2,MC012,EMP0098,96,120
PR013921,2025-03-28,2,MC014,EMP0021,107,120
PR013922,2025-03-28,2,MC013,EMP0042,89,120
PR013923,2025-03-28,2,MC015,EMP0067,107,120
PR013924,2025-03-28,2,MC011,EMP0079,106,120
PR013925,2025-03-28,2,MC017,EMP0083,105,120
PR013926,2025-03-28,2,MC018,EMP0001,86,120
PR013927,2025-03-28,3,MC021,EMP0179,147,158
PR013928,2025-03-28,3,MC020,EMP0064,144,158
PR013929,2025-03-28,3,MC024,EMP0172,116,158
PR013930,2025-03-28,3,MC019,EMP0143,139,158
PR013931,2025-03-28,4,MC028,EMP0014,169,200
PR013932,2025-03-28,4,MC029,EMP0132,171,200
PR013933,2025-03-28,4,MC027,EMP0131,194,200
PR013934,2025-03-28,4,MC026,EMP0127,182,200
PR013935,2025-03-28,5,MC031,EMP0068,109,142
PR013936,2025-03-28,5,MC034,EMP0080,102,142
PR013937,2025-03-28,5,MC035,EMP0060,114,142
PR013938,2025-03-28,5,MC030,EMP0056,122,142
PR013939,2025-03-28,5,MC033,EMP0056,119,142
PR013940,2025-03-28,6,MC037,EMP0085,265,325
PR013941,2025-03-28,6,MC038,EMP0120,260,325
PR013942,2025-03-28,6,MC039,EMP0046,299,325
PR013943,2025-03-29,1,MC003,EMP0160,186,181
PR013944,2025-03-29,1,MC008,EMP0097,178,181
PR013945,2025-03-29,1,MC006,EMP0018,192,181
PR013946,2025-03-29,1,MC007,EMP0030,183,181
PR013947,2025-03-29,1,MC002,EMP0017,181,181
PR013948,2025-03-29,1,MC005,EMP0176,180,181
PR013949,2025-03-29,2,MC017,EMP0042,124,120
PR013950,2025-03-29,2,MC016,EMP0123,129,120
PR013951,2025-03-29,2,MC011,EMP0070,128,120
PR013952,2025-03-29,2,MC015,EMP0036,107,120
PR013953,2025-03-29,2,MC013,EMP0009,111,120
PR013954,2025-03-29,2,MC012,EMP0105,105,120
PR013955,2025-03-29,2,MC009,EMP0012,123,120
PR013956,2025-03-29,2,MC014,EMP0076,114,120
PR013957,2025-03-29,2,MC010,EMP0140,106,120
PR013958,2025-03-29,3,MC020,EMP0084,147,158
PR013959,2025-03-29,3,MC019,EMP0159,141,158
PR013960,2025-03-29,3,MC024,EMP0084,154,158
PR013961,2025-03-29,3,MC021,EMP0111,159,158
PR013962,2025-03-29,3,MC022,EMP0033,167,158
PR013963,2025-03-29,4,MC026,EMP0127,205,200
PR013964,2025-03-29,4,MC028,EMP0043,204,200
PR013965,2025-03-29,4,MC027,EMP0131,216,200
PR013966,2025-03-29,4,MC029,EMP0014,200,200
PR013967,2025-03-29,5,MC033,EMP0003,139,142
PR013968,2025-03-29,5,MC035,EMP0080,138,142
PR013969,2025-03-29,5,MC031,EMP0165,126,142
PR013970,2025-03-29,5,MC034,EMP0056,129,142
PR013971,2025-03-29,6,MC039,EMP0046,311,325
PR013972,2025-03-29,6,MC036,EMP0046,361,325
PR013973,2025-03-29,6,MC037,EMP0120,315,325
PR013974,2025-03-30,1,MC004,EMP0162,61,181
PR013975,2025-03-30,1,MC008,EMP0091,62,181
PR013976,2025-03-30,1,MC003,EMP0110,57,181
PR013977,2025-03-30,1,MC006,EMP0104,72,181
PR013978,2025-03-30,1,MC007,EMP0091,47,181
PR013979,2025-03-30,1,MC002,EMP0091,55,181
PR013980,2025-03-30,2,MC009,EMP0095,40,120
PR013981,2025-03-30,2,MC012,EMP0048,42,120
PR013982,2025-03-30,2,MC016,EMP0106,35,120
PR013983,2025-03-30,2,MC013,EMP0024,43,120
PR013984,2025-03-30,2,MC011,EMP0083,37,120
PR013985,2025-03-30,2,MC010,EMP0178,39,120
PR013986,2025-03-30,2,MC018,EMP0012,41,120
PR013987,2025-03-30,3,MC019,EMP0069,50,158
PR013988,2025-03-30,3,MC020,EMP0055,57,158
PR013989,2025-03-30,3,MC021,EMP0055,50,158
PR013990,2025-03-30,3,MC024,EMP0069,52,158
PR013991,2025-03-30,3,MC023,EMP0179,52,158
PR013992,2025-03-30,4,MC025,EMP0059,70,200
PR013993,2025-03-30,4,MC029,EMP0174,71,200
PR013994,2025-03-30,4,MC026,EMP0050,71,200
PR013995,2025-03-30,5,MC031,EMP0060,51,142
PR013996,2025-03-30,5,MC034,EMP0068,50,142
PR013997,2025-03-30,5,MC032,EMP0068,46,142
PR013998,2025-03-30,5,MC033,EMP0028,49,142
PR013999,2025-03-30,5,MC030,EMP0101,47,142
PR014000,2025-03-30,6,MC037,EMP0144,116,325
PR014001,2025-03-30,6,MC036,EMP0144,124,325
PR014002,2025-03-30,6,MC038,EMP0046,114,325
PR014003,2025-03-31,1,MC005,EMP0073,186,181
PR014004,2025-03-31,1,MC003,EMP0168,161,181
PR014005,2025-03-31,1,MC008,EMP0018,168,181
PR014006,2025-03-31,1,MC001,EMP0018,165,181
PR014007,2025-03-31,1,MC002,EMP0177,187,181
PR014008,2025-03-31,1,MC007,EMP0097,143,181
PR014009,2025-03-31,2,MC017,EMP0031,110,120
PR014010,2025-03-31,2,MC009,EMP0169,117,120
PR014011,2025-03-31,2,MC016,EMP0149,113,120
PR014012,2025-03-31,2,MC015,EMP0067,109,120
PR014013,2025-03-31,2,MC012,EMP0026,120,120
PR014014,2025-03-31,2,MC014,EMP0098,113,120
PR014015,2025-03-31,2,MC013,EMP0147,118,120
PR014016,2025-03-31,3,MC020,EMP0172,164,158
PR014017,2025-03-31,3,MC023,EMP0064,149,158
PR014018,2025-03-31,3,MC019,EMP0013,137,158
PR014019,2025-03-31,3,MC022,EMP0006,138,158
PR014020,2025-03-31,4,MC028,EMP0175,222,200
PR014021,2025-03-31,4,MC025,EMP0109,221,200
PR014022,2025-03-31,4,MC026,EMP0049,209,200
PR014023,2025-03-31,4,MC027,EMP0071,237,200
PR014024,2025-03-31,5,MC034,EMP0101,132,142
PR014025,2025-03-31,5,MC032,EMP0056,134,142
PR014026,2025-03-31,5,MC035,EMP0150,126,142
PR014027,2025-03-31,5,MC033,EMP0145,113,142
PR014028,2025-03-31,6,MC038,EMP0142,346,325
PR014029,2025-03-31,6,MC036,EMP0085,299,325
PR014030,2025-03-31,6,MC039,EMP0085,319,325
PR014031,2025-04-01,1,MC005,EMP0075,172,181
PR014032,2025-04-01,1,MC003,EMP0005,191,181
PR014033,2025-04-01,1,MC007,EMP0007,163,181
PR014034,2025-04-01,1,MC008,EMP0018,185,181
PR014035,2025-04-01,1,MC002,EMP0094,205,181
PR014036,2025-04-01,1,MC004,EMP0177,166,181
PR014037,2025-04-01,1,MC006,EMP0137,156,181
PR014038,2025-04-01,2,MC011,EMP0114,116,120
PR014039,2025-04-01,2,MC009,EMP0074,125,120
PR014040,2025-04-01,2,MC015,EMP0031,102,120
PR014041,2025-04-01,2,MC012,EMP0012,107,120
PR014042,2025-04-01,2,MC013,EMP0115,132,120
PR014043,2025-04-01,2,MC016,EMP0009,121,120
PR014044,2025-04-01,2,MC010,EMP0138,116,120
PR014045,2025-04-01,3,MC020,EMP0034,145,158
PR014046,2025-04-01,3,MC023,EMP0016,159,158
PR014047,2025-04-01,3,MC019,EMP0143,145,158
PR014048,2025-04-01,3,MC022,EMP0029,129,158
PR014049,2025-04-01,3,MC024,EMP0111,169,158
PR014050,2025-04-01,4,MC028,EMP0109,197,200
PR014051,2025-04-01,4,MC029,EMP0093,192,200
PR014052,2025-04-01,4,MC027,EMP0059,183,200
PR014053,2025-04-01,4,MC025,EMP0093,200,200
PR014054,2025-04-01,5,MC031,EMP0101,141,142
PR014055,2025-04-01,5,MC033,EMP0165,127,142
PR014056,2025-04-01,5,MC035,EMP0164,120,142
PR014057,2025-04-01,5,MC032,EMP0080,122,142
PR014058,2025-04-01,5,MC034,EMP0003,149,142
PR014059,2025-04-01,6,MC037,EMP0100,320,325
PR014060,2025-04-01,6,MC036,EMP0152,371,325
PR014061,2025-04-01,6,MC038,EMP0152,325,325
PR014062,2025-04-02,1,MC006,EMP0130,171,181
PR014063,2025-04-02,1,MC004,EMP0052,197,181
PR014064,2025-04-02,1,MC005,EMP0151,181,181
PR014065,2025-04-02,1,MC002,EMP0112,183,181
PR014066,2025-04-02,1,MC008,EMP0102,168,181
PR014067,2025-04-02,1,MC007,EMP0166,172,181
PR014068,2025-04-02,1,MC003,EMP0104,156,181
PR014069,2025-04-02,2,MC014,EMP0103,107,120
PR014070,2025-04-02,2,MC009,EMP0147,129,120
PR014071,2025-04-02,2,MC018,EMP0090,123,120
PR014072,2025-04-02,2,MC013,EMP0139,97,120
PR014073,2025-04-02,2,MC011,EMP0129,118,120
PR014074,2025-04-02,2,MC015,EMP0083,127,120
PR014075,2025-04-02,2,MC016,EMP0001,122,120
PR014076,2025-04-02,2,MC010,EMP0116,110,120
PR014077,2025-04-02,2,MC017,EMP0098,98,120
PR014078,2025-04-02,3,MC019,EMP0111,160,158
PR014079,2025-04-02,3,MC023,EMP0069,132,158
PR014080,2025-04-02,3,MC022,EMP0124,159,158
PR014081,2025-04-02,3,MC021,EMP0172,127,158
PR014082,2025-04-02,4,MC027,EMP0050,209,200
PR014083,2025-04-02,4,MC029,EMP0093,184,200
PR014084,2025-04-02,4,MC028,EMP0071,203,200
PR014085,2025-04-02,4,MC025,EMP0011,184,200
PR014086,2025-04-02,5,MC032,EMP0101,145,142
PR014087,2025-04-02,5,MC033,EMP0058,108,142
PR014088,2025-04-02,5,MC035,EMP0060,126,142
PR014089,2025-04-02,5,MC031,EMP0101,132,142
PR014090,2025-04-02,5,MC030,EMP0150,120,142
PR014091,2025-04-02,6,MC037,EMP0065,298,325
PR014092,2025-04-02,6,MC038,EMP0152,296,325
PR014093,2025-04-02,6,MC036,EMP0065,356,325
PR014094,2025-04-03,1,MC008,EMP0005,183,181
PR014095,2025-04-03,1,MC004,EMP0072,153,181
PR014096,2025-04-03,1,MC007,EMP0018,173,181
PR014097,2025-04-03,1,MC006,EMP0167,173,181
PR014098,2025-04-03,1,MC003,EMP0094,172,181
PR014099,2025-04-03,1,MC001,EMP0044,176,181
PR014100,2025-04-03,2,MC015,EMP0135,114,120
PR014101,2025-04-03,2,MC016,EMP0170,129,120
PR014102,2025-04-03,2,MC012,EMP0070,121,120
PR014103,2025-04-03,2,MC010,EMP0139,120,120
PR014104,2025-04-03,2,MC009,EMP0047,112,120
PR014105,2025-04-03,2,MC013,EMP0020,131,120
PR014106,2025-04-03,2,MC018,EMP0051,121,120
PR014107,2025-04-03,3,MC024,EMP0082,155,158
PR014108,2025-04-03,3,MC022,EMP0006,155,158
PR014109,2025-04-03,3,MC023,EMP0034,131,158
PR014110,2025-04-03,3,MC020,EMP0134,175,158
PR014111,2025-04-03,3,MC019,EMP0006,145,158
PR014112,2025-04-03,4,MC027,EMP0156,231,200
PR014113,2025-04-03,4,MC025,EMP0011,203,200
PR014114,2025-04-03,4,MC026,EMP0127,211,200
PR014115,2025-04-03,4,MC028,EMP0023,202,200
PR014116,2025-04-03,5,MC032,EMP0150,120,142
PR014117,2025-04-03,5,MC030,EMP0080,129,142
PR014118,2025-04-03,5,MC034,EMP0150,139,142
PR014119,2025-04-03,5,MC031,EMP0086,127,142
PR014120,2025-04-03,6,MC038,EMP0053,351,325
PR014121,2025-04-03,6,MC037,EMP0100,317,325
PR014122,2025-04-03,6,MC039,EMP0065,251,325
PR014123,2025-04-04,1,MC004,EMP0162,129,181
PR014124,2025-04-04,1,MC006,EMP0038,146,181
PR014125,2025-04-04,1,MC008,EMP0162,153,181
PR014126,2025-04-04,1,MC003,EMP0054,136,181
PR014127,2025-04-04,1,MC007,EMP0038,166,181
PR014128,2025-04-04,1,MC001,EMP0044,156,181
PR014129,2025-04-04,1,MC002,EMP0118,141,181
PR014130,2025-04-04,2,MC011,EMP0063,94,120
PR014131,2025-04-04,2,MC017,EMP0090,95,120
PR014132,2025-04-04,2,MC015,EMP0135,97,120
PR014133,2025-04-04,2,MC012,EMP0114,95,120
PR014134,2025-04-04,2,MC018,EMP0027,99,120
PR014135,2025-04-04,2,MC010,EMP0012,99,120
PR014136,2025-04-04,2,MC016,EMP0020,89,120
PR014137,2025-04-04,2,MC014,EMP0128,89,120
PR014138,2025-04-04,2,MC013,EMP0077,90,120
PR014139,2025-04-04,3,MC024,EMP0172,129,158
PR014140,2025-04-04,3,MC021,EMP0034,122,158
PR014141,2025-04-04,3,MC019,EMP0039,119,158
PR014142,2025-04-04,3,MC023,EMP0125,140,158
PR014143,2025-04-04,3,MC022,EMP0006,123,158
PR014144,2025-04-04,4,MC026,EMP0156,186,200
PR014145,2025-04-04,4,MC027,EMP0156,178,200
PR014146,2025-04-04,4,MC025,EMP0154,165,200
PR014147,2025-04-04,4,MC029,EMP0109,185,200
PR014148,2025-04-04,5,MC035,EMP0096,104,142
PR014149,2025-04-04,5,MC031,EMP0164,119,142
PR014150,2025-04-04,5,MC033,EMP0096,114,142
PR014151,2025-04-04,5,MC034,EMP0145,126,142
PR014152,2025-04-04,5,MC032,EMP0056,104,142
PR014153,2025-04-04,6,MC038,EMP0142,256,325
PR014154,2025-04-04,6,MC036,EMP0085,295,325
PR014155,2025-04-04,6,MC039,EMP0142,289,325
PR014156,2025-04-05,1,MC004,EMP0177,189,181
PR014157,2025-04-05,1,MC006,EMP0072,185,181
PR014158,2025-04-05,1,MC003,EMP0061,171,181
PR014159,2025-04-05,1,MC001,EMP0032,142,181
PR014160,2025-04-05,1,MC005,EMP0054,179,181
PR014161,2025-04-05,1,MC008,EMP0107,162,181
PR014162,2025-04-05,2,MC010,EMP0117,132,120
PR014163,2025-04-05,2,MC017,EMP0116,106,120
PR014164,2025-04-05,2,MC011,EMP0169,120,120
PR014165,2025-04-05,2,MC014,EMP0095,116,120
PR014166,2025-04-05,2,MC013,EMP0081,112,120
PR014167,2025-04-05,2,MC018,EMP0115,106,120
PR014168,2025-04-05,2,MC016,EMP0041,114,120
PR014169,2025-04-05,2,MC012,EMP0035,137,120
PR014170,2025-04-05,3,MC020,EMP0125,150,158
PR014171,2025-04-05,3,MC021,EMP0055,132,158
PR014172,2025-04-05,3,MC024,EMP0143,168,158
PR014173,2025-04-05,3,MC019,EMP0172,154,158
PR014174,2025-04-05,3,MC023,EMP0111,155,158
PR014175,2025-04-05,4,MC029,EMP0154,194,200
PR014176,2025-04-05,4,MC027,EMP0174,200,200
PR014177,2025-04-05,4,MC025,EMP0109,211,200
PR014178,2025-04-05,5,MC035,EMP0068,142,142
PR014179,2025-04-05,5,MC032,EMP0086,138,142
PR014180,2025-04-05,5,MC030,EMP0056,134,142
PR014181,2025-04-05,5,MC031,EMP0164,114,142
PR014182,2025-04-05,5,MC034,EMP0028,137,142
PR014183,2025-04-05,6,MC039,EMP0142,315,325
PR014184,2025-04-05,6,MC036,EMP0142,321,325
PR014185,2025-04-05,6,MC038,EMP0171,324,325
PR014186,2025-04-06,1,MC006,EMP0066,60,181
PR014187,2025-04-06,1,MC004,EMP0018,54,181
PR014188,2025-04-06,1,MC005,EMP0137,55,181
PR014189,2025-04-06,1,MC003,EMP0107,65,181
PR014190,2025-04-06,1,MC007,EMP0112,64,181
PR014191,2025-04-06,1,MC002,EMP0017,53,181
PR014192,2025-04-06,2,MC014,EMP0140,40,120
PR014193,2025-04-06,2,MC013,EMP0116,40,120
PR014194,2025-04-06,2,MC012,EMP0067,37,120
PR014195,2025-04-06,2,MC016,EMP0170,44,120
PR014196,2025-04-06,2,MC017,EMP0129,40,120
PR014197,2025-04-06,2,MC009,EMP0009,37,120
PR014198,2025-04-06,2,MC010,EMP0047,38,120
PR014199,2025-04-06,2,MC011,EMP0148,40,120
PR014200,2025-04-06,3,MC022,EMP0039,49,158
PR014201,2025-04-06,3,MC024,EMP0099,50,158
PR014202,2025-04-06,3,MC020,EMP0069,45,158
PR014203,2025-04-06,3,MC023,EMP0084,62,158
PR014204,2025-04-06,4,MC026,EMP0043,77,200
PR014205,2025-04-06,4,MC028,EMP0175,83,200
PR014206,2025-04-06,4,MC027,EMP0109,66,200
PR014207,2025-04-06,4,MC025,EMP0014,81,200
PR014208,2025-04-06,5,MC033,EMP0165,45,142
PR014209,2025-04-06,5,MC030,EMP0164,45,142
PR014210,2025-04-06,5,MC034,EMP0058,47,142
PR014211,2025-04-06,5,MC035,EMP0164,49,142
PR014212,2025-04-06,5,MC032,EMP0164,44,142
PR014213,2025-04-06,6,MC038,EMP0065,111,325
PR014214,2025-04-06,6,MC037,EMP0120,106,325
PR014215,2025-04-06,6,MC039,EMP0120,115,325
PR014216,2025-04-07,1,MC002,EMP0151,178,181
PR014217,2025-04-07,1,MC006,EMP0158,183,181
PR014218,2025-04-07,1,MC005,EMP0073,178,181
PR014219,2025-04-07,1,MC007,EMP0017,167,181
PR014220,2025-04-07,1,MC008,EMP0054,203,181
PR014221,2025-04-07,1,MC001,EMP0141,169,181
PR014222,2025-04-07,2,MC016,EMP0113,108,120
PR014223,2025-04-07,2,MC017,EMP0083,126,120
PR014224,2025-04-07,2,MC014,EMP0026,106,120
PR014225,2025-04-07,2,MC013,EMP0074,114,120
PR014226,2025-04-07,2,MC010,EMP0015,119,120
PR014227,2025-04-07,2,MC012,EMP0105,126,120
PR014228,2025-04-07,2,MC011,EMP0074,122,120
PR014229,2025-04-07,2,MC015,EMP0105,112,120
PR014230,2025-04-07,2,MC018,EMP0103,122,120
PR014231,2025-04-07,3,MC022,EMP0082,154,158
PR014232,2025-04-07,3,MC021,EMP0069,144,158
PR014233,2025-04-07,3,MC019,EMP0034,132,158
PR014234,2025-04-07,3,MC023,EMP0029,156,158
PR014235,2025-04-07,4,MC029,EMP0002,203,200
PR014236,2025-04-07,4,MC026,EMP0108,200,200
PR014237,2025-04-07,4,MC027,EMP0022,233,200
PR014238,2025-04-07,4,MC028,EMP0043,211,200
PR014239,2025-04-07,5,MC032,EMP0080,141,142
PR014240,2025-04-07,5,MC033,EMP0028,161,142
PR014241,2025-04-07,5,MC034,EMP0101,136,142
PR014242,2025-04-07,5,MC031,EMP0056,129,142
PR014243,2025-04-07,6,MC039,EMP0085,330,325
PR014244,2025-04-07,6,MC037,EMP0152,278,325
PR014245,2025-04-07,6,MC036,EMP0065,318,325
PR014246,2025-04-08,1,MC007,EMP0037,168,181
PR014247,2025-04-08,1,MC003,EMP0107,156,181
PR014248,2025-04-08,1,MC001,EMP0005,177,181
PR014249,2025-04-08,1,MC005,EMP0141,216,181
PR014250,2025-04-08,1,MC004,EMP0066,170,181
PR014251,2025-04-08,1,MC008,EMP0130,166,181
PR014252,2025-04-08,1,MC002,EMP0066,194,181
PR014253,2025-04-08,2,MC009,EMP0024,108,120
PR014254,2025-04-08,2,MC017,EMP0170,97,120
PR014255,2025-04-08,2,MC010,EMP0147,119,120
PR014256,2025-04-08,2,MC016,EMP0170,107,120
PR014257,2025-04-08,2,MC013,EMP0074,114,120
PR014258,2025-04-08,2,MC014,EMP0090,117,120
PR014259,2025-04-08,2,MC011,EMP0048,113,120
PR014260,2025-04-08,3,MC023,EMP0179,152,158
PR014261,2025-04-08,3,MC024,EMP0099,143,158
PR014262,2025-04-08,3,MC019,EMP0069,159,158
PR014263,2025-04-08,3,MC021,EMP0055,145,158
PR014264,2025-04-08,4,MC028,EMP0121,218,200
PR014265,2025-04-08,4,MC027,EMP0109,206,200
PR014266,2025-04-08,4,MC025,EMP0121,208,200
PR014267,2025-04-08,4,MC026,EMP0022,210,200
PR014268,2025-04-08,5,MC031,EMP0150,133,142
PR014269,2025-04-08,5,MC034,EMP0068,145,142
PR014270,2025-04-08,5,MC032,EMP0056,121,142
PR014271,2025-04-08,5,MC033,EMP0068,133,142
PR014272,2025-04-08,5,MC035,EMP0145,121,142
PR014273,2025-04-08,6,MC037,EMP0053,369,325
PR014274,2025-04-08,6,MC038,EMP0065,323,325
PR014275,2025-04-08,6,MC039,EMP0120,314,325
PR014276,2025-04-09,1,MC008,EMP0141,178,181
PR014277,2025-04-09,1,MC001,EMP0161,190,181
PR014278,2025-04-09,1,MC004,EMP0052,198,181
PR014279,2025-04-09,1,MC006,EMP0161,180,181
PR014280,2025-04-09,1,MC003,EMP0025,171,181
PR014281,2025-04-09,1,MC002,EMP0008,170,181
PR014282,2025-04-09,2,MC018,EMP0047,115,120
PR014283,2025-04-09,2,MC012,EMP0026,114,120
PR014284,2025-04-09,2,MC011,EMP0178,110,120
PR014285,2025-04-09,2,MC013,EMP0063,118,120
PR014286,2025-04-09,2,MC017,EMP0116,117,120
PR014287,2025-04-09,2,MC009,EMP0135,112,120
PR014288,2025-04-09,2,MC014,EMP0138,98,120
PR014289,2025-04-09,3,MC019,EMP0013,155,158
PR014290,2025-04-09,3,MC024,EMP0143,145,158
PR014291,2025-04-09,3,MC021,EMP0082,139,158
PR014292,2025-04-09,3,MC020,EMP0125,147,158
PR014293,2025-04-09,3,MC022,EMP0143,152,158
PR014294,2025-04-09,4,MC025,EMP0023,236,200
PR014295,2025-04-09,4,MC029,EMP0002,231,200
PR014296,2025-04-09,4,MC027,EMP0071,214,200
PR014297,2025-04-09,4,MC028,EMP0174,206,200
PR014298,2025-04-09,5,MC031,EMP0068,145,142
PR014299,2025-04-09,5,MC035,EMP0068,126,142
PR014300,2025-04-09,5,MC033,EMP0003,141,142
PR014301,2025-04-09,5,MC030,EMP0164,128,142
PR014302,2025-04-09,6,MC039,EMP0100,286,325
PR014303,2025-04-09,6,MC037,EMP0065,307,325
PR014304,2025-04-09,6,MC036,EMP0142,368,325
PR014305,2025-04-10,1,MC005,EMP0167,145,181
PR014306,2025-04-10,1,MC008,EMP0126,156,181
PR014307,2025-04-10,1,MC006,EMP0094,174,181
PR014308,2025-04-10,1,MC004,EMP0104,182,181
PR014309,2025-04-10,1,MC007,EMP0163,174,181
PR014310,2025-04-10,1,MC001,EMP0130,183,181
PR014311,2025-04-10,2,MC010,EMP0170,119,120
PR014312,2025-04-10,2,MC014,EMP0095,112,120
PR014313,2025-04-10,2,MC017,EMP0026,117,120
PR014314,2025-04-10,2,MC011,EMP0157,131,120
PR014315,2025-04-10,2,MC012,EMP0123,114,120
PR014316,2025-04-10,2,MC013,EMP0047,126,120
PR014317,2025-04-10,2,MC009,EMP0115,110,120
PR014318,2025-04-10,2,MC015,EMP0045,112,120
PR014319,2025-04-10,3,MC020,EMP0039,163,158
PR014320,2025-04-10,3,MC023,EMP0136,158,158
PR014321,2025-04-10,3,MC021,EMP0099,147,158
PR014322,2025-04-10,3,MC022,EMP0180,130,158
PR014323,2025-04-10,4,MC025,EMP0049,208,200
PR014324,2025-04-10,4,MC029,EMP0019,208,200
PR014325,2025-04-10,4,MC026,EMP0156,219,200
PR014326,2025-04-10,4,MC027,EMP0121,213,200
PR014327,2025-04-10,5,MC032,EMP0080,150,142
PR014328,2025-04-10,5,MC035,EMP0058,137,142
PR014329,2025-04-10,5,MC033,EMP0101,120,142
PR014330,2025-04-10,5,MC031,EMP0080,123,142
PR014331,2025-04-10,5,MC034,EMP0164,147,142
PR014332,2025-04-10,6,MC038,EMP0155,358,325
PR014333,2025-04-10,6,MC036,EMP0085,307,325
PR014334,2025-04-10,6,MC037,EMP0152,281,325
PR014335,2025-04-11,1,MC008,EMP0072,166,181
PR014336,2025-04-11,1,MC001,EMP0141,146,181
PR014337,2025-04-11,1,MC004,EMP0061,154,181
PR014338,2025-04-11,1,MC006,EMP0017,154,181
PR014339,2025-04-11,1,MC005,EMP0112,150,181
PR014340,2025-04-11,1,MC003,EMP0038,138,181
PR014341,2025-04-11,1,MC007,EMP0075,149,181
PR014342,2025-04-11,2,MC016,EMP0116,113,120
PR014343,2025-04-11,2,MC018,EMP0077,103,120
PR014344,2025-04-11,2,MC017,EMP0009,103,120
PR014345,2025-04-11,2,MC014,EMP0024,101,120
PR014346,2025-04-11,2,MC013,EMP0095,82,120
PR014347,2025-04-11,2,MC012,EMP0036,82,120
PR014348,2025-04-11,2,MC011,EMP0149,92,120
PR014349,2025-04-11,2,MC009,EMP0074,106,120
PR014350,2025-04-11,3,MC022,EMP0016,130,158
PR014351,2025-04-11,3,MC024,EMP0039,120,158
PR014352,2025-04-11,3,MC023,EMP0099,137,158
PR014353,2025-04-11,3,MC021,EMP0084,124,158
PR014354,2025-04-11,3,MC019,EMP0013,136,158
PR014355,2025-04-11,4,MC029,EMP0121,185,200
PR014356,2025-04-11,4,MC025,EMP0019,193,200
PR014357,2025-04-11,4,MC028,EMP0121,193,200
PR014358,2025-04-11,4,MC027,EMP0059,175,200
PR014359,2025-04-11,5,MC034,EMP0101,119,142
PR014360,2025-04-11,5,MC035,EMP0060,135,142
PR014361,2025-04-11,5,MC031,EMP0003,104,142
PR014362,2025-04-11,5,MC033,EMP0165,108,142
PR014363,2025-04-11,5,MC030,EMP0060,104,142
PR014364,2025-04-11,6,MC038,EMP0144,282,325
PR014365,2025-04-11,6,MC039,EMP0065,224,325
PR014366,2025-04-11,6,MC037,EMP0142,288,325
PR014367,2025-04-12,1,MC004,EMP0052,227,181
PR014368,2025-04-12,1,MC003,EMP0166,139,181
PR014369,2025-04-12,1,MC006,EMP0119,177,181
PR014370,2025-04-12,1,MC002,EMP0066,141,181
PR014371,2025-04-12,1,MC001,EMP0017,178,181
PR014372,2025-04-12,1,MC008,EMP0158,180,181
PR014373,2025-04-12,1,MC005,EMP0017,184,181
PR014374,2025-04-12,2,MC010,EMP0015,104,120
PR014375,2025-04-12,2,MC012,EMP0070,115,120
PR014376,2025-04-12,2,MC018,EMP0035,115,120
PR014377,2025-04-12,2,MC009,EMP0027,110,120
PR014378,2025-04-12,2,MC015,EMP0009,114,120
PR014379,2025-04-12,2,MC011,EMP0114,108,120
PR014380,2025-04-12,2,MC016,EMP0047,104,120
PR014381,2025-04-12,3,MC023,EMP0111,147,158
PR014382,2025-04-12,3,MC024,EMP0055,140,158
PR014383,2025-04-12,3,MC020,EMP0180,128,158
PR014384,2025-04-12,3,MC019,EMP0078,156,158
PR014385,2025-04-12,4,MC027,EMP0059,210,200
PR014386,2025-04-12,4,MC025,EMP0023,205,200
PR014387,2025-04-12,4,MC029,EMP0108,224,200
PR014388,2025-04-12,4,MC026,EMP0132,226,200
PR014389,2025-04-12,5,MC034,EMP0003,132,142
PR014390,2025-04-12,5,MC032,EMP0068,136,142
PR014391,2025-04-12,5,MC033,EMP0056,129,142
PR014392,2025-04-12,5,MC030,EMP0101,127,142
PR014393,2025-04-12,6,MC038,EMP0171,298,325
PR014394,2025-04-12,6,MC039,EMP0120,307,325
PR014395,2025-04-12,6,MC037,EMP0142,328,325
PR014396,2025-04-13,1,MC008,EMP0104,61,181
PR014397,2025-04-13,1,MC003,EMP0161,56,181
PR014398,2025-04-13,1,MC007,EMP0104,61,181
PR014399,2025-04-13,1,MC005,EMP0141,67,181
PR014400,2025-04-13,1,MC004,EMP0176,59,181
PR014401,2025-04-13,1,MC006,EMP0167,65,181
PR014402,2025-04-13,1,MC001,EMP0119,57,181
PR014403,2025-04-13,2,MC010,EMP0105,39,120
PR014404,2025-04-13,2,MC013,EMP0095,49,120
PR014405,2025-04-13,2,MC012,EMP0103,41,120
PR014406,2025-04-13,2,MC009,EMP0040,39,120
PR014407,2025-04-13,2,MC018,EMP0079,44,120
PR014408,2025-04-13,2,MC011,EMP0031,44,120
PR014409,2025-04-13,2,MC016,EMP0067,37,120
PR014410,2025-04-13,2,MC014,EMP0051,38,120
PR014411,2025-04-13,2,MC015,EMP0105,44,120
PR014412,2025-04-13,3,MC023,EMP0143,53,158
PR014413,2025-04-13,3,MC022,EMP0143,51,158
PR014414,2025-04-13,3,MC019,EMP0180,51,158
PR014415,2025-04-13,3,MC020,EMP0099,57,158
PR014416,2025-04-13,4,MC026,EMP0153,69,200
PR014417,2025-04-13,4,MC028,EMP0153,70,200
PR014418,2025-04-13,4,MC029,EMP0014,76,200
PR014419,2025-04-13,5,MC033,EMP0003,51,142
PR014420,2025-04-13,5,MC032,EMP0096,50,142
PR014421,2025-04-13,5,MC034,EMP0096,40,142
PR014422,2025-04-13,5,MC031,EMP0150,45,142
PR014423,2025-04-13,5,MC035,EMP0086,48,142
PR014424,2025-04-13,6,MC036,EMP0142,123,325
PR014425,2025-04-13,6,MC038,EMP0171,118,325
PR014426,2025-04-13,6,MC039,EMP0144,117,325
PR014427,2025-04-14,1,MC008,EMP0163,179,181
PR014428,2025-04-14,1,MC003,EMP0052,187,181
PR014429,2025-04-14,1,MC004,EMP0176,178,181
PR014430,2025-04-14,1,MC007,EMP0054,180,181
PR014431,2025-04-14,1,MC006,EMP0118,163,181
PR014432,2025-04-14,1,MC001,EMP0066,143,181
PR014433,2025-04-14,1,MC002,EMP0005,195,181
PR014434,2025-04-14,2,MC014,EMP0063,103,120
PR014435,2025-04-14,2,MC016,EMP0009,126,120
PR014436,2025-04-14,2,MC009,EMP0020,116,120
PR014437,2025-04-14,2,MC013,EMP0149,99,120
PR014438,2025-04-14,2,MC018,EMP0077,110,120
PR014439,2025-04-14,2,MC012,EMP0146,96,120
PR014440,2025-04-14,2,MC017,EMP0147,121,120
PR014441,2025-04-14,3,MC021,EMP0159,151,158
PR014442,2025-04-14,3,MC019,EMP0125,151,158
PR014443,2025-04-14,3,MC024,EMP0006,146,158
PR014444,2025-04-14,3,MC023,EMP0055,169,158
PR014445,2025-04-14,3,MC022,EMP0084,151,158
PR014446,2025-04-14,4,MC029,EMP0154,211,200
PR014447,2025-04-14,4,MC026,EMP0062,210,200
PR014448,2025-04-14,4,MC025,EMP0174,221,200
PR014449,2025-04-14,4,MC027,EMP0049,224,200
PR014450,2025-04-14,5,MC031,EMP0003,125,142
PR014451,2025-04-14,5,MC030,EMP0068,137,142
PR014452,2025-04-14,5,MC035,EMP0058,112,142
PR014453,2025-04-14,5,MC033,EMP0003,135,142
PR014454,2025-04-14,5,MC032,EMP0056,108,142
PR014455,2025-04-14,6,MC039,EMP0065,365,325
PR014456,2025-04-14,6,MC037,EMP0085,346,325
PR014457,2025-04-14,6,MC036,EMP0120,305,325
PR014458,2025-04-15,1,MC003,EMP0091,173,181
PR014459,2025-04-15,1,MC008,EMP0007,177,181
PR014460,2025-04-15,1,MC001,EMP0104,163,181
PR014461,2025-04-15,1,MC005,EMP0162,177,181
PR014462,2025-04-15,1,MC007,EMP0054,205,181
PR014463,2025-04-15,1,MC004,EMP0005,189,181
PR014464,2025-04-15,1,MC002,EMP0094,190,181
PR014465,2025-04-15,2,MC011,EMP0027,93,120
PR014466,2025-04-15,2,MC009,EMP0135,130,120
PR014467,2025-04-15,2,MC013,EMP0116,101,120
PR014468,2025-04-15,2,MC012,EMP0027,120,120
PR014469,2025-04-15,2,MC017,EMP0031,110,120
PR014470,2025-04-15,2,MC014,EMP0020,113,120
PR014471,2025-04-15,2,MC010,EMP0128,100,120
PR014472,2025-04-15,3,MC019,EMP0006,163,158
PR014473,2025-04-15,3,MC024,EMP0029,159,158
PR014474,2025-04-15,3,MC023,EMP0029,128,158
PR014475,2025-04-15,3,MC022,EMP0159,154,158
PR014476,2025-04-15,3,MC020,EMP0125,170,158
PR014477,2025-04-15,4,MC025,EMP0131,200,200
PR014478,2025-04-15,4,MC026,EMP0022,215,200
PR014479,2025-04-15,4,MC029,EMP0043,236,200
PR014480,2025-04-15,4,MC027,EMP0174,218,200
PR014481,2025-04-15,5,MC035,EMP0058,137,142
PR014482,2025-04-15,5,MC032,EMP0068,139,142
PR014483,2025-04-15,5,MC033,EMP0060,121,142
PR014484,2025-04-15,5,MC030,EMP0096,109,142
PR014485,2025-04-15,5,MC034,EMP0165,127,142
PR014486,2025-04-15,6,MC036,EMP0155,325,325
PR014487,2025-04-15,6,MC037,EMP0046,314,325
PR014488,2025-04-15,6,MC038,EMP0065,290,325
PR014489,2025-04-16,1,MC001,EMP0037,194,181
PR014490,2025-04-16,1,MC006,EMP0038,162,181
PR014491,2025-04-16,1,MC004,EMP0110,160,181
PR014492,2025-04-16,1,MC005,EMP0118,160,181
PR014493,2025-04-16,1,MC002,EMP0112,180,181
PR014494,2025-04-16,1,MC007,EMP0141,168,181
PR014495,2025-04-16,2,MC009,EMP0095,118,120
PR014496,2025-04-16,2,MC018,EMP0117,112,120
PR014497,2025-04-16,2,MC010,EMP0048,111,120
PR014498,2025-04-16,2,MC014,EMP0115,113,120
PR014499,2025-04-16,2,MC013,EMP0041,113,120
PR014500,2025-04-16,2,MC011,EMP0105,119,120
PR014501,2025-04-16,2,MC016,EMP0114,107,120
PR014502,2025-04-16,2,MC015,EMP0015,121,120
PR014503,2025-04-16,2,MC017,EMP0147,124,120
PR014504,2025-04-16,3,MC024,EMP0179,150,158
PR014505,2025-04-16,3,MC022,EMP0006,160,158
PR014506,2025-04-16,3,MC021,EMP0078,145,158
PR014507,2025-04-16,3,MC019,EMP0055,166,158
PR014508,2025-04-16,3,MC020,EMP0082,160,158
PR014509,2025-04-16,4,MC028,EMP0174,221,200
PR014510,2025-04-16,4,MC027,EMP0011,201,200
PR014511,2025-04-16,4,MC029,EMP0022,189,200
PR014512,2025-04-16,4,MC025,EMP0019,222,200
PR014513,2025-04-16,5,MC033,EMP0080,129,142
PR014514,2025-04-16,5,MC034,EMP0080,145,142
PR014515,2025-04-16,5,MC031,EMP0056,125,142
PR014516,2025-04-16,5,MC030,EMP0086,134,142
PR014517,2025-04-16,5,MC032,EMP0145,116,142
PR014518,2025-04-16,6,MC037,EMP0142,306,325
PR014519,2025-04-16,6,MC038,EMP0046,345,325
PR014520,2025-04-16,6,MC039,EMP0053,376,325
PR014521,2025-04-17,1,MC006,EMP0177,174,181
PR014522,2025-04-17,1,MC003,EMP0126,157,181
PR014523,2025-04-17,1,MC001,EMP0110,186,181
PR014524,2025-04-17,1,MC007,EMP0161,176,181
PR014525,2025-04-17,1,MC002,EMP0017,144,181
PR014526,2025-04-17,1,MC004,EMP0163,168,181
PR014527,2025-04-17,2,MC010,EMP0027,127,120
PR014528,2025-04-17,2,MC014,EMP0083,103,120
PR014529,2025-04-17,2,MC018,EMP0113,102,120
PR014530,2025-04-17,2,MC013,EMP0114,119,120
PR014531,2025-04-17,2,MC016,EMP0114,117,120
PR014532,2025-04-17,2,MC009,EMP0015,116,120
PR014533,2025-04-17,2,MC012,EMP0114,124,120
PR014534,2025-04-17,2,MC011,EMP0041,121,120
PR014535,2025-04-17,2,MC017,EMP0079,119,120
PR014536,2025-04-17,3,MC022,EMP0010,169,158
PR014537,2025-04-17,3,MC020,EMP0034,114,158
PR014538,2025-04-17,3,MC021,EMP0099,158,158
PR014539,2025-04-17,3,MC019,EMP0136,126,158
PR014540,2025-04-17,3,MC024,EMP0064,157,158
PR014541,2025-04-17,4,MC027,EMP0011,228,200
PR014542,2025-04-17,4,MC028,EMP0132,227,200
PR014543,2025-04-17,4,MC026,EMP0049,188,200
PR014544,2025-04-17,4,MC029,EMP0121,194,200
PR014545,2025-04-17,5,MC030,EMP0003,118,142
PR014546,2025-04-17,5,MC033,EMP0150,135,142
PR014547,2025-04-17,5,MC035,EMP0164,140,142
PR014548,2025-04-17,5,MC031,EMP0028,135,142
PR014549,2025-04-17,6,MC037,EMP0152,357,325
PR014550,2025-04-17,6,MC036,EMP0155,318,325
PR014551,2025-04-17,6,MC039,EMP0100,366,325
PR014552,2025-04-18,1,MC006,EMP0162,142,181
PR014553,2025-04-18,1,MC008,EMP0176,147,181
PR014554,2025-04-18,1,MC003,EMP0007,147,181
PR014555,2025-04-18,1,MC001,EMP0030,141,181
PR014556,2025-04-18,1,MC007,EMP0176,146,181
PR014557,2025-04-18,1,MC004,EMP0061,162,181
PR014558,2025-04-18,1,MC005,EMP0072,152,181
PR014559,2025-04-18,2,MC010,EMP0041,92,120
PR014560,2025-04-18,2,MC015,EMP0113,113,120
PR014561,2025-04-18,2,MC018,EMP0012,91,120
PR014562,2025-04-18,2,MC016,EMP0036,96,120
PR014563,2025-04-18,2,MC012,EMP0146,90,120
PR014564,2025-04-18,2,MC014,EMP0115,119,120
PR014565,2025-04-18,2,MC011,EMP0083,102,120
PR014566,2025-04-18,2,MC009,EMP0139,90,120
PR014567,2025-04-18,3,MC024,EMP0134,136,158
PR014568,2025-04-18,3,MC021,EMP0136,140,158
PR014569,2025-04-18,3,MC020,EMP0084,132,158
PR014570,2025-04-18,3,MC022,EMP0084,107,158
PR014571,2025-04-18,3,MC023,EMP0034,136,158
PR014572,2025-04-18,4,MC025,EMP0153,191,200
PR014573,2025-04-18,4,MC029,EMP0002,175,200
PR014574,2025-04-18,4,MC028,EMP0049,176,200
PR014575,2025-04-18,4,MC026,EMP0087,178,200
PR014576,2025-04-18,5,MC034,EMP0101,110,142
PR014577,2025-04-18,5,MC033,EMP0003,114,142
PR014578,2025-04-18,5,MC031,EMP0058,119,142
PR014579,2025-04-18,5,MC032,EMP0165,106,142
PR014580,2025-04-18,6,MC039,EMP0085,277,325
PR014581,2025-04-18,6,MC037,EMP0144,262,325
PR014582,2025-04-18,6,MC038,EMP0053,309,325
PR014583,2025-04-19,1,MC006,EMP0177,186,181
PR014584,2025-04-19,1,MC002,EMP0177,190,181
PR014585,2025-04-19,1,MC008,EMP0072,167,181
PR014586,2025-04-19,1,MC001,EMP0162,148,181
PR014587,2025-04-19,1,MC007,EMP0162,171,181
PR014588,2025-04-19,1,MC003,EMP0119,152,181
PR014589,2025-04-19,1,MC005,EMP0176,179,181
PR014590,2025-04-19,2,MC014,EMP0135,134,120
PR014591,2025-04-19,2,MC009,EMP0021,122,120
PR014592,2025-04-19,2,MC012,EMP0079,118,120
PR014593,2025-04-19,2,MC018,EMP0079,118,120
PR014594,2025-04-19,2,MC016,EMP0147,119,120
PR014595,2025-04-19,2,MC017,EMP0076,119,120
PR014596,2025-04-19,2,MC013,EMP0146,106,120
PR014597,2025-04-19,2,MC010,EMP0031,135,120
PR014598,2025-04-19,2,MC015,EMP0178,104,120
PR014599,2025-04-19,3,MC021,EMP0010,153,158
PR014600,2025-04-19,3,MC020,EMP0125,167,158
PR014601,2025-04-19,3,MC024,EMP0013,161,158
PR014602,2025-04-19,3,MC022,EMP0143,138,158
PR014603,2025-04-19,3,MC023,EMP0099,158,158
PR014604,2025-04-19,4,MC027,EMP0014,213,200
PR014605,2025-04-19,4,MC029,EMP0062,248,200
PR014606,2025-04-19,4,MC025,EMP0062,180,200
PR014607,2025-04-19,5,MC030,EMP0096,134,142
PR014608,2025-04-19,5,MC032,EMP0060,135,142
PR014609,2025-04-19,5,MC035,EMP0096,116,142
PR014610,2025-04-19,5,MC033,EMP0056,147,142
PR014611,2025-04-19,6,MC039,EMP0085,315,325
PR014612,2025-04-19,6,MC038,EMP0085,315,325
PR014613,2025-04-19,6,MC036,EMP0065,378,325
PR014614,2025-04-20,1,MC005,EMP0118,63,181
PR014615,2025-04-20,1,MC004,EMP0168,62,181
PR014616,2025-04-20,1,MC002,EMP0066,55,181
PR014617,2025-04-20,1,MC007,EMP0088,58,181
PR014618,2025-04-20,1,MC003,EMP0110,59,181
PR014619,2025-04-20,1,MC001,EMP0110,63,181
PR014620,2025-04-20,1,MC006,EMP0005,65,181
PR014621,2025-04-20,2,MC010,EMP0147,39,120
PR014622,2025-04-20,2,MC015,EMP0036,41,120
PR014623,2025-04-20,2,MC013,EMP0090,35,120
PR014624,2025-04-20,2,MC011,EMP0138,42,120
PR014625,2025-04-20,2,MC017,EMP0135,41,120
PR014626,2025-04-20,2,MC018,EMP0089,41,120
PR014627,2025-04-20,2,MC016,EMP0051,40,120
PR014628,2025-04-20,2,MC012,EMP0041,39,120
PR014629,2025-04-20,2,MC009,EMP0114,38,120
PR014630,2025-04-20,3,MC022,EMP0124,53,158
PR014631,2025-04-20,3,MC023,EMP0034,48,158
PR014632,2025-04-20,3,MC020,EMP0159,52,158
PR014633,2025-04-20,3,MC021,EMP0122,57,158
PR014634,2025-04-20,3,MC024,EMP0179,53,158
PR014635,2025-04-20,4,MC025,EMP0156,79,200
PR014636,2025-04-20,4,MC026,EMP0153,81,200
PR014637,2025-04-20,4,MC028,EMP0022,66,200
PR014638,2025-04-20,4,MC029,EMP0175,74,200
PR014639,2025-04-20,5,MC035,EMP0080,48,142
PR014640,2025-04-20,5,MC032,EMP0101,47,142
PR014641,2025-04-20,5,MC034,EMP0096,46,142
PR014642,2025-04-20,5,MC033,EMP0080,50,142
PR014643,2025-04-20,6,MC036,EMP0144,89,325
PR014644,2025-04-20,6,MC039,EMP0171,116,325
PR014645,2025-04-20,6,MC038,EMP0144,94,325
PR014646,2025-04-21,1,MC004,EMP0030,172,181
PR014647,2025-04-21,1,MC002,EMP0057,169,181
PR014648,2025-04-21,1,MC003,EMP0163,180,181
PR014649,2025-04-21,1,MC006,EMP0057,169,181
PR014650,2025-04-21,1,MC001,EMP0162,179,181
PR014651,2025-04-21,1,MC007,EMP0017,157,181
PR014652,2025-04-21,2,MC018,EMP0148,120,120
PR014653,2025-04-21,2,MC014,EMP0090,111,120
PR014654,2025-04-21,2,MC017,EMP0079,118,120
PR014655,2025-04-21,2,MC010,EMP0123,111,120
PR014656,2025-04-21,2,MC016,EMP0079,113,120
PR014657,2025-04-21,2,MC013,EMP0079,108,120
PR014658,2025-04-21,2,MC015,EMP0090,127,120
PR014659,2025-04-21,2,MC011,EMP0031,100,120
PR014660,2025-04-21,2,MC009,EMP0133,120,120
PR014661,2025-04-21,3,MC024,EMP0179,152,158
PR014662,2025-04-21,3,MC020,EMP0099,143,158
PR014663,2025-04-21,3,MC022,EMP0179,154,158
PR014664,2025-04-21,3,MC021,EMP0016,183,158
PR014665,2025-04-21,4,MC029,EMP0109,224,200
PR014666,2025-04-21,4,MC026,EMP0154,224,200
PR014667,2025-04-21,4,MC025,EMP0132,231,200
PR014668,2025-04-21,4,MC027,EMP0156,185,200
PR014669,2025-04-21,5,MC033,EMP0068,126,142
PR014670,2025-04-21,5,MC031,EMP0101,133,142
PR014671,2025-04-21,5,MC035,EMP0150,155,142
PR014672,2025-04-21,5,MC030,EMP0068,141,142
PR014673,2025-04-21,5,MC034,EMP0150,124,142
PR014674,2025-04-21,6,MC037,EMP0144,290,325
PR014675,2025-04-21,6,MC036,EMP0120,334,325
PR014676,2025-04-21,6,MC039,EMP0171,314,325
PR014677,2025-04-22,1,MC005,EMP0119,177,181
PR014678,2025-04-22,1,MC008,EMP0102,164,181
PR014679,2025-04-22,1,MC007,EMP0167,180,181
PR014680,2025-04-22,1,MC001,EMP0094,166,181
PR014681,2025-04-22,1,MC004,EMP0017,187,181
PR014682,2025-04-22,1,MC003,EMP0112,176,181
PR014683,2025-04-22,1,MC002,EMP0161,180,181
PR014684,2025-04-22,2,MC015,EMP0123,118,120
PR014685,2025-04-22,2,MC016,EMP0027,130,120
PR014686,2025-04-22,2,MC012,EMP0135,116,120
PR014687,2025-04-22,2,MC011,EMP0036,107,120
PR014688,2025-04-22,2,MC013,EMP0035,110,120
PR014689,2025-04-22,2,MC009,EMP0040,120,120
PR014690,2025-04-22,2,MC018,EMP0077,126,120
PR014691,2025-04-22,2,MC017,EMP0021,120,120
PR014692,2025-04-22,3,MC023,EMP0172,162,158
PR014693,2025-04-22,3,MC022,EMP0084,146,158
PR014694,2025-04-22,3,MC020,EMP0111,150,158
PR014695,2025-04-22,3,MC024,EMP0069,177,158
PR014696,2025-04-22,3,MC021,EMP0124,171,158
PR014697,2025-04-22,4,MC028,EMP0011,224,200
PR014698,2025-04-22,4,MC029,EMP0023,211,200
PR014699,2025-04-22,4,MC026,EMP0131,211,200
PR014700,2025-04-22,4,MC025,EMP0050,213,200
PR014701,2025-04-22,5,MC034,EMP0028,129,142
PR014702,2025-04-22,5,MC030,EMP0096,145,142
PR014703,2025-04-22,5,MC035,EMP0080,130,142
PR014704,2025-04-22,5,MC033,EMP0080,121,142
PR014705,2025-04-22,5,MC031,EMP0150,144,142
PR014706,2025-04-22,6,MC039,EMP0171,316,325
PR014707,2025-04-22,6,MC036,EMP0053,350,325
PR014708,2025-04-22,6,MC037,EMP0100,297,325
PR014709,2025-04-23,1,MC003,EMP0161,158,181
PR014710,2025-04-23,1,MC005,EMP0176,184,181
PR014711,2025-04-23,1,MC004,EMP0177,180,181
PR014712,2025-04-23,1,MC007,EMP0052,169,181
PR014713,2025-04-23,1,MC002,EMP0160,189,181
PR014714,2025-04-23,1,MC008,EMP0151,164,181
PR014715,2025-04-23,1,MC006,EMP0163,182,181
PR014716,2025-04-23,2,MC015,EMP0012,118,120
PR014717,2025-04-23,2,MC013,EMP0178,99,120
PR014718,2025-04-23,2,MC018,EMP0169,107,120
PR014719,2025-04-23,2,MC017,EMP0040,113,120
PR014720,2025-04-23,2,MC009,EMP0140,122,120
PR014721,2025-04-23,2,MC014,EMP0116,122,120
PR014722,2025-04-23,2,MC011,EMP0040,106,120
PR014723,2025-04-23,2,MC016,EMP0098,127,120
PR014724,2025-04-23,2,MC012,EMP0079,101,120
PR014725,2025-04-23,3,MC020,EMP0069,154,158
PR014726,2025-04-23,3,MC022,EMP0122,163,158
PR014727,2025-04-23,3,MC021,EMP0111,138,158
PR014728,2025-04-23,3,MC024,EMP0078,164,158
PR014729,2025-04-23,4,MC029,EMP0121,193,200
PR014730,2025-04-23,4,MC027,EMP0109,223,200
PR014731,2025-04-23,4,MC025,EMP0014,200,200
PR014732,2025-04-23,5,MC035,EMP0068,132,142
PR014733,2025-04-23,5,MC033,EMP0101,142,142
PR014734,2025-04-23,5,MC031,EMP0086,128,142
PR014735,2025-04-23,5,MC032,EMP0058,114,142
PR014736,2025-04-23,6,MC039,EMP0120,316,325
PR014737,2025-04-23,6,MC037,EMP0100,348,325
PR014738,2025-04-23,6,MC036,EMP0065,329,325
PR014739,2025-04-24,1,MC008,EMP0005,183,181
PR014740,2025-04-24,1,MC007,EMP0037,159,181
PR014741,2025-04-24,1,MC001,EMP0107,176,181
PR014742,2025-04-24,1,MC006,EMP0102,175,181
PR014743,2025-04-24,1,MC005,EMP0052,152,181
PR014744,2025-04-24,1,MC003,EMP0018,205,181
PR014745,2025-04-24,2,MC014,EMP0140,104,120
PR014746,2025-04-24,2,MC017,EMP0133,108,120
PR014747,2025-04-24,2,MC016,EMP0178,109,120
PR014748,2025-04-24,2,MC013,EMP0047,116,120
PR014749,2025-04-24,2,MC009,EMP0070,116,120
PR014750,2025-04-24,2,MC010,EMP0021,119,120
PR014751,2025-04-24,2,MC011,EMP0106,117,120
PR014752,2025-04-24,2,MC012,EMP0098,105,120
PR014753,2025-04-24,2,MC015,EMP0149,130,120
PR014754,2025-04-24,3,MC020,EMP0069,162,158
PR014755,2025-04-24,3,MC023,EMP0084,143,158
PR014756,2025-04-24,3,MC021,EMP0159,125,158
PR014757,2025-04-24,3,MC022,EMP0006,151,158
PR014758,2025-04-24,3,MC019,EMP0006,135,158
PR014759,2025-04-24,4,MC027,EMP0043,249,200
PR014760,2025-04-24,4,MC028,EMP0127,214,200
PR014761,2025-04-24,4,MC025,EMP0014,212,200
PR014762,2025-04-24,4,MC026,EMP0087,239,200
PR014763,2025-04-24,5,MC035,EMP0056,132,142
PR014764,2025-04-24,5,MC033,EMP0165,138,142
PR014765,2025-04-24,5,MC030,EMP0164,133,142
PR014766,2025-04-24,5,MC032,EMP0101,129,142
PR014767,2025-04-24,6,MC039,EMP0085,352,325
PR014768,2025-04-24,6,MC038,EMP0142,341,325
PR014769,2025-04-24,6,MC037,EMP0120,311,325
PR014770,2025-04-25,1,MC001,EMP0066,143,181
PR014771,2025-04-25,1,MC004,EMP0037,148,181
PR014772,2025-04-25,1,MC005,EMP0158,159,181
PR014773,2025-04-25,1,MC007,EMP0112,131,181
PR014774,2025-04-25,1,MC006,EMP0044,152,181
PR014775,2025-04-25,1,MC008,EMP0032,142,181
PR014776,2025-04-25,1,MC003,EMP0160,138,181
PR014777,2025-04-25,2,MC017,EMP0063,103,120
PR014778,2025-04-25,2,MC010,EMP0129,97,120
PR014779,2025-04-25,2,MC011,EMP0020,96,120
PR014780,2025-04-25,2,MC016,EMP0115,99,120
PR014781,2025-04-25,2,MC013,EMP0036,98,120
PR014782,2025-04-25,2,MC018,EMP0079,84,120
PR014783,2025-04-25,2,MC014,EMP0076,98,120
PR014784,2025-04-25,2,MC012,EMP0103,104,120
PR014785,2025-04-25,2,MC009,EMP0047,103,120
PR014786,2025-04-25,3,MC024,EMP0055,126,158
PR014787,2025-04-25,3,MC019,EMP0122,138,158
PR014788,2025-04-25,3,MC020,EMP0180,123,158
PR014789,2025-04-25,3,MC022,EMP0172,120,158
PR014790,2025-04-25,3,MC021,EMP0069,136,158
PR014791,2025-04-25,4,MC028,EMP0019,168,200
PR014792,2025-04-25,4,MC029,EMP0093,197,200
PR014793,2025-04-25,4,MC026,EMP0050,157,200
PR014794,2025-04-25,4,MC027,EMP0023,198,200
PR014795,2025-04-25,5,MC035,EMP0165,119,142
PR014796,2025-04-25,5,MC030,EMP0003,113,142
PR014797,2025-04-25,5,MC034,EMP0068,124,142
PR014798,2025-04-25,5,MC032,EMP0165,117,142
PR014799,2025-04-25,5,MC033,EMP0165,107,142
PR014800,2025-04-25,6,MC036,EMP0046,258,325
PR014801,2025-04-25,6,MC037,EMP0046,250,325
PR014802,2025-04-25,6,MC038,EMP0065,291,325
PR014803,2025-04-26,1,MC008,EMP0162,181,181
PR014804,2025-04-26,1,MC001,EMP0160,164,181
PR014805,2025-04-26,1,MC004,EMP0104,177,181
PR014806,2025-04-26,1,MC006,EMP0107,185,181
PR014807,2025-04-26,1,MC002,EMP0037,142,181
PR014808,2025-04-26,1,MC005,EMP0160,171,181
PR014809,2025-04-26,2,MC011,EMP0133,118,120
PR014810,2025-04-26,2,MC017,EMP0027,121,120
PR014811,2025-04-26,2,MC018,EMP0083,114,120
PR014812,2025-04-26,2,MC016,EMP0113,110,120
PR014813,2025-04-26,2,MC015,EMP0036,124,120
PR014814,2025-04-26,2,MC014,EMP0035,100,120
PR014815,2025-04-26,2,MC013,EMP0077,115,120
PR014816,2025-04-26,2,MC012,EMP0051,111,120
PR014817,2025-04-26,2,MC010,EMP0045,102,120
PR014818,2025-04-26,3,MC021,EMP0016,167,158
PR014819,2025-04-26,3,MC023,EMP0111,141,158
PR014820,2025-04-26,3,MC024,EMP0010,159,158
PR014821,2025-04-26,3,MC019,EMP0082,143,158
PR014822,2025-04-26,3,MC022,EMP0010,118,158
PR014823,2025-04-26,4,MC027,EMP0023,223,200
PR014824,2025-04-26,4,MC028,EMP0109,244,200
PR014825,2025-04-26,4,MC026,EMP0050,218,200
PR014826,2025-04-26,4,MC029,EMP0019,203,200
PR014827,2025-04-26,5,MC032,EMP0060,136,142
PR014828,2025-04-26,5,MC035,EMP0068,131,142
PR014829,2025-04-26,5,MC030,EMP0086,121,142
PR014830,2025-04-26,5,MC033,EMP0150,151,142
PR014831,2025-04-26,5,MC034,EMP0056,144,142
PR014832,2025-04-26,6,MC037,EMP0100,298,325
PR014833,2025-04-26,6,MC038,EMP0100,289,325
PR014834,2025-04-26,6,MC039,EMP0171,331,325
PR014835,2025-04-27,1,MC005,EMP0097,61,181
PR014836,2025-04-27,1,MC004,EMP0025,62,181
PR014837,2025-04-27,1,MC003,EMP0007,63,181
PR014838,2025-04-27,1,MC008,EMP0151,53,181
PR014839,2025-04-27,1,MC006,EMP0057,64,181
PR014840,2025-04-27,1,MC002,EMP0118,58,181
PR014841,2025-04-27,1,MC001,EMP0030,62,181
PR014842,2025-04-27,2,MC013,EMP0169,38,120
PR014843,2025-04-27,2,MC011,EMP0063,40,120
PR014844,2025-04-27,2,MC009,EMP0129,34,120
PR014845,2025-04-27,2,MC017,EMP0140,44,120
PR014846,2025-04-27,2,MC014,EMP0114,36,120
PR014847,2025-04-27,2,MC015,EMP0095,39,120
PR014848,2025-04-27,2,MC010,EMP0128,35,120
PR014849,2025-04-27,2,MC016,EMP0035,40,120
PR014850,2025-04-27,2,MC018,EMP0114,44,120
PR014851,2025-04-27,3,MC020,EMP0029,51,158
PR014852,2025-04-27,3,MC023,EMP0124,52,158
PR014853,2025-04-27,3,MC024,EMP0125,55,158
PR014854,2025-04-27,3,MC022,EMP0124,49,158
PR014855,2025-04-27,3,MC019,EMP0069,50,158
PR014856,2025-04-27,4,MC029,EMP0002,69,200
PR014857,2025-04-27,4,MC026,EMP0071,71,200
PR014858,2025-04-27,4,MC028,EMP0087,76,200
PR014859,2025-04-27,4,MC027,EMP0049,76,200
PR014860,2025-04-27,5,MC033,EMP0080,42,142
PR014861,2025-04-27,5,MC031,EMP0165,43,142
PR014862,2025-04-27,5,MC030,EMP0086,44,142
PR014863,2025-04-27,5,MC032,EMP0165,48,142
PR014864,2025-04-27,6,MC039,EMP0085,107,325
PR014865,2025-04-27,6,MC036,EMP0171,131,325
PR014866,2025-04-27,6,MC038,EMP0144,112,325
PR014867,2025-04-28,1,MC003,EMP0073,182,181
PR014868,2025-04-28,1,MC004,EMP0094,170,181
PR014869,2025-04-28,1,MC007,EMP0072,191,181
PR014870,2025-04-28,1,MC005,EMP0176,180,181
PR014871,2025-04-28,1,MC001,EMP0005,169,181
PR014872,2025-04-28,1,MC002,EMP0158,163,181
PR014873,2025-04-28,1,MC006,EMP0005,171,181
PR014874,2025-04-28,2,MC011,EMP0138,104,120
PR014875,2025-04-28,2,MC010,EMP0020,103,120
PR014876,2025-04-28,2,MC017,EMP0105,121,120
PR014877,2025-04-28,2,MC009,EMP0113,109,120
PR014878,2025-04-28,2,MC018,EMP0147,97,120
PR014879,2025-04-28,2,MC016,EMP0140,109,120
PR014880,2025-04-28,2,MC013,EMP0026,95,120
PR014881,2025-04-28,3,MC024,EMP0159,155,158
PR014882,2025-04-28,3,MC022,EMP0064,155,158
PR014883,2025-04-28,3,MC021,EMP0078,159,158
PR014884,2025-04-28,3,MC020,EMP0134,144,158
PR014885,2025-04-28,3,MC023,EMP0122,136,158
PR014886,2025-04-28,4,MC028,EMP0109,203,200
PR014887,2025-04-28,4,MC026,EMP0087,217,200
PR014888,2025-04-28,4,MC029,EMP0156,192,200
PR014889,2025-04-28,4,MC025,EMP0121,210,200
PR014890,2025-04-28,5,MC033,EMP0080,129,142
PR014891,2025-04-28,5,MC030,EMP0028,132,142
PR014892,2025-04-28,5,MC032,EMP0056,142,142
PR014893,2025-04-28,5,MC031,EMP0060,153,142
PR014894,2025-04-28,5,MC035,EMP0150,133,142
PR014895,2025-04-28,6,MC038,EMP0053,325,325
PR014896,2025-04-28,6,MC039,EMP0142,291,325
PR014897,2025-04-28,6,MC036,EMP0152,334,325
PR014898,2025-04-29,1,MC008,EMP0030,174,181
PR014899,2025-04-29,1,MC003,EMP0162,183,181
PR014900,2025-04-29,1,MC004,EMP0102,164,181
PR014901,2025-04-29,1,MC006,EMP0032,177,181
PR014902,2025-04-29,1,MC002,EMP0167,184,181
PR014903,2025-04-29,1,MC007,EMP0005,164,181
PR014904,2025-04-29,1,MC005,EMP0162,196,181
PR014905,2025-04-29,2,MC018,EMP0012,108,120
PR014906,2025-04-29,2,MC016,EMP0117,113,120
PR014907,2025-04-29,2,MC010,EMP0090,126,120
PR014908,2025-04-29,2,MC014,EMP0139,130,120
PR014909,2025-04-29,2,MC015,EMP0074,123,120
PR014910,2025-04-29,2,MC017,EMP0106,113,120
PR014911,2025-04-29,2,MC012,EMP0106,132,120
PR014912,2025-04-29,2,MC011,EMP0098,106,120
PR014913,2025-04-29,3,MC019,EMP0136,147,158
PR014914,2025-04-29,3,MC022,EMP0016,141,158
PR014915,2025-04-29,3,MC021,EMP0069,148,158
PR014916,2025-04-29,3,MC024,EMP0010,147,158
PR014917,2025-04-29,3,MC023,EMP0124,157,158
PR014918,2025-04-29,4,MC028,EMP0154,188,200
PR014919,2025-04-29,4,MC026,EMP0071,194,200
PR014920,2025-04-29,4,MC025,EMP0175,201,200
PR014921,2025-04-29,4,MC027,EMP0002,230,200
PR014922,2025-04-29,5,MC030,EMP0101,142,142
PR014923,2025-04-29,5,MC031,EMP0068,136,142
PR014924,2025-04-29,5,MC032,EMP0028,137,142
PR014925,2025-04-29,5,MC034,EMP0101,119,142
PR014926,2025-04-29,5,MC035,EMP0150,120,142
PR014927,2025-04-29,6,MC038,EMP0155,294,325
PR014928,2025-04-29,6,MC036,EMP0053,317,325
PR014929,2025-04-29,6,MC037,EMP0152,336,325
PR014930,2025-04-30,1,MC008,EMP0054,172,181
PR014931,2025-04-30,1,MC002,EMP0168,148,181
PR014932,2025-04-30,1,MC003,EMP0057,188,181
PR014933,2025-04-30,1,MC004,EMP0052,167,181
PR014934,2025-04-30,1,MC005,EMP0061,156,181
PR014935,2025-04-30,1,MC001,EMP0057,163,181
PR014936,2025-04-30,1,MC007,EMP0151,172,181
PR014937,2025-04-30,2,MC015,EMP0027,124,120
PR014938,2025-04-30,2,MC011,EMP0113,112,120
PR014939,2025-04-30,2,MC016,EMP0147,112,120
PR014940,2025-04-30,2,MC014,EMP0015,111,120
PR014941,2025-04-30,2,MC009,EMP0135,118,120
PR014942,2025-04-30,2,MC013,EMP0147,103,120
PR014943,2025-04-30,2,MC012,EMP0116,116,120
PR014944,2025-04-30,3,MC023,EMP0159,147,158
PR014945,2025-04-30,3,MC019,EMP0029,145,158
PR014946,2025-04-30,3,MC024,EMP0143,136,158
PR014947,2025-04-30,3,MC021,EMP0179,156,158
PR014948,2025-04-30,3,MC020,EMP0010,154,158
PR014949,2025-04-30,4,MC027,EMP0131,228,200
PR014950,2025-04-30,4,MC028,EMP0154,239,200
PR014951,2025-04-30,4,MC029,EMP0023,189,200
PR014952,2025-04-30,4,MC026,EMP0127,218,200
PR014953,2025-04-30,5,MC032,EMP0086,144,142
PR014954,2025-04-30,5,MC035,EMP0060,144,142
PR014955,2025-04-30,5,MC030,EMP0145,114,142
PR014956,2025-04-30,5,MC031,EMP0060,99,142
PR014957,2025-04-30,5,MC034,EMP0080,152,142
PR014958,2025-04-30,6,MC038,EMP0152,331,325
PR014959,2025-04-30,6,MC039,EMP0100,356,325
PR014960,2025-04-30,6,MC036,EMP0120,329,325
PR014961,2025-05-01,1,MC004,EMP0091,162,181
PR014962,2025-05-01,1,MC002,EMP0057,188,181
PR014963,2025-05-01,1,MC006,EMP0141,176,181
PR014964,2025-05-01,1,MC003,EMP0044,166,181
PR014965,2025-05-01,1,MC005,EMP0137,177,181
PR014966,2025-05-01,1,MC001,EMP0008,169,181
PR014967,2025-05-01,1,MC007,EMP0025,185,181
PR014968,2025-05-01,2,MC013,EMP0026,117,120
PR014969,2025-05-01,2,MC010,EMP0114,127,120
PR014970,2025-05-01,2,MC009,EMP0089,111,120
PR014971,2025-05-01,2,MC017,EMP0095,97,120
PR014972,2025-05-01,2,MC011,EMP0036,106,120
PR014973,2025-05-01,2,MC012,EMP0169,110,120
PR014974,2025-05-01,2,MC014,EMP0024,129,120
PR014975,2025-05-01,2,MC015,EMP0004,130,120
PR014976,2025-05-01,3,MC022,EMP0143,158,158
PR014977,2025-05-01,3,MC020,EMP0134,141,158
PR014978,2025-05-01,3,MC024,EMP0179,161,158
PR014979,2025-05-01,3,MC023,EMP0124,170,158
PR014980,2025-05-01,3,MC019,EMP0039,152,158
PR014981,2025-05-01,4,MC026,EMP0108,216,200
PR014982,2025-05-01,4,MC025,EMP0093,183,200
PR014983,2025-05-01,4,MC029,EMP0109,211,200
PR014984,2025-05-01,4,MC028,EMP0174,184,200
PR014985,2025-05-01,5,MC034,EMP0165,123,142
PR014986,2025-05-01,5,MC032,EMP0028,137,142
PR014987,2025-05-01,5,MC031,EMP0150,151,142
PR014988,2025-05-01,5,MC035,EMP0164,141,142
PR014989,2025-05-01,5,MC030,EMP0058,127,142
PR014990,2025-05-01,6,MC037,EMP0100,293,325
PR014991,2025-05-01,6,MC039,EMP0085,331,325
PR014992,2025-05-01,6,MC038,EMP0053,337,325
PR014993,2025-05-02,1,MC003,EMP0066,151,181
PR014994,2025-05-02,1,MC002,EMP0088,162,181
PR014995,2025-05-02,1,MC005,EMP0075,148,181
PR014996,2025-05-02,1,MC007,EMP0110,172,181
PR014997,2025-05-02,1,MC008,EMP0088,133,181
PR014998,2025-05-02,1,MC004,EMP0075,128,181
PR014999,2025-05-02,2,MC012,EMP0103,102,120
PR015000,2025-05-02,2,MC017,EMP0040,83,120
PR015001,2025-05-02,2,MC011,EMP0035,90,120
PR015002,2025-05-02,2,MC014,EMP0001,93,120
PR015003,2025-05-02,2,MC009,EMP0035,98,120
PR015004,2025-05-02,2,MC010,EMP0147,112,120
PR015005,2025-05-02,2,MC018,EMP0106,101,120
PR015006,2025-05-02,2,MC013,EMP0140,99,120
PR015007,2025-05-02,2,MC015,EMP0115,93,120
PR015008,2025-05-02,3,MC021,EMP0069,125,158
PR015009,2025-05-02,3,MC023,EMP0179,126,158
PR015010,2025-05-02,3,MC019,EMP0122,135,158
PR015011,2025-05-02,3,MC022,EMP0179,135,158
PR015012,2025-05-02,3,MC020,EMP0172,112,158
PR015013,2025-05-02,4,MC025,EMP0132,179,200
PR015014,2025-05-02,4,MC029,EMP0121,204,200
PR015015,2025-05-02,4,MC027,EMP0093,162,200
PR015016,2025-05-02,4,MC028,EMP0093,152,200
PR015017,2025-05-02,5,MC030,EMP0028,129,142
PR015018,2025-05-02,5,MC031,EMP0068,114,142
PR015019,2025-05-02,5,MC032,EMP0080,136,142
PR015020,2025-05-02,5,MC034,EMP0101,115,142
PR015021,2025-05-02,6,MC038,EMP0144,243,325
PR015022,2025-05-02,6,MC039,EMP0065,256,325
PR015023,2025-05-02,6,MC036,EMP0144,301,325
PR015024,2025-05-03,1,MC007,EMP0017,163,181
PR015025,2025-05-03,1,MC004,EMP0177,168,181
PR015026,2025-05-03,1,MC005,EMP0005,184,181
PR015027,2025-05-03,1,MC008,EMP0091,160,181
PR015028,2025-05-03,1,MC002,EMP0075,171,181
PR015029,2025-05-03,1,MC001,EMP0052,164,181
PR015030,2025-05-03,1,MC006,EMP0158,166,181
PR015031,2025-05-03,2,MC009,EMP0095,101,120
PR015032,2025-05-03,2,MC015,EMP0148,100,120
PR015033,2025-05-03,2,MC014,EMP0148,125,120
PR015034,2025-05-03,2,MC016,EMP0081,110,120
PR015035,2025-05-03,2,MC012,EMP0098,126,120
PR015036,2025-05-03,2,MC010,EMP0133,124,120
PR015037,2025-05-03,2,MC013,EMP0004,120,120
PR015038,2025-05-03,2,MC011,EMP0076,102,120
PR015039,2025-05-03,2,MC018,EMP0170,123,120
PR015040,2025-05-03,3,MC022,EMP0179,141,158
PR015041,2025-05-03,3,MC021,EMP0143,160,158
PR015042,2025-05-03,3,MC020,EMP0013,137,158
PR015043,2025-05-03,3,MC024,EMP0099,170,158
PR015044,2025-05-03,3,MC019,EMP0033,141,158
PR015045,2025-05-03,4,MC027,EMP0019,217,200
PR015046,2025-05-03,4,MC026,EMP0109,212,200
PR015047,2025-05-03,4,MC025,EMP0014,205,200
PR015048,2025-05-03,4,MC028,EMP0174,206,200
PR015049,2025-05-03,5,MC031,EMP0028,133,142
PR015050,2025-05-03,5,MC034,EMP0080,138,142
PR015051,2025-05-03,5,MC035,EMP0150,154,142
PR015052,2025-05-03,5,MC032,EMP0101,143,142
PR015053,2025-05-03,6,MC039,EMP0155,300,325
PR015054,2025-05-03,6,MC037,EMP0152,321,325
PR015055,2025-05-03,6,MC038,EMP0155,347,325
PR015056,2025-05-04,1,MC008,EMP0166,70,181
PR015057,2025-05-04,1,MC002,EMP0162,62,181
PR015058,2025-05-04,1,MC004,EMP0075,59,181
PR015059,2025-05-04,1,MC001,EMP0160,62,181
PR015060,2025-05-04,1,MC007,EMP0118,64,181
PR015061,2025-05-04,1,MC003,EMP0030,62,181
PR015062,2025-05-04,2,MC018,EMP0081,38,120
PR015063,2025-05-04,2,MC013,EMP0051,39,120
PR015064,2025-05-04,2,MC017,EMP0095,44,120
PR015065,2025-05-04,2,MC009,EMP0128,40,120
PR015066,2025-05-04,2,MC011,EMP0012,46,120
PR015067,2025-05-04,2,MC016,EMP0178,41,120
PR015068,2025-05-04,2,MC015,EMP0106,39,120
PR015069,2025-05-04,2,MC010,EMP0090,40,120
PR015070,2025-05-04,3,MC022,EMP0006,57,158
PR015071,2025-05-04,3,MC019,EMP0125,57,158
PR015072,2025-05-04,3,MC024,EMP0099,57,158
PR015073,2025-05-04,3,MC021,EMP0082,43,158
PR015074,2025-05-04,3,MC020,EMP0033,44,158
PR015075,2025-05-04,4,MC028,EMP0127,76,200
PR015076,2025-05-04,4,MC025,EMP0049,81,200
PR015077,2025-05-04,4,MC027,EMP0062,70,200
PR015078,2025-05-04,5,MC032,EMP0003,48,142
PR015079,2025-05-04,5,MC035,EMP0080,42,142
PR015080,2025-05-04,5,MC030,EMP0058,48,142
PR015081,2025-05-04,5,MC031,EMP0096,48,142
PR015082,2025-05-04,6,MC037,EMP0085,126,325
PR015083,2025-05-04,6,MC036,EMP0152,120,325
PR015084,2025-05-04,6,MC038,EMP0100,123,325
PR015085,2025-05-05,1,MC004,EMP0073,173,181
PR015086,2025-05-05,1,MC006,EMP0102,196,181
PR015087,2025-05-05,1,MC003,EMP0005,169,181
PR015088,2025-05-05,1,MC001,EMP0176,158,181
PR015089,2025-05-05,1,MC002,EMP0061,147,181
PR015090,2025-05-05,1,MC005,EMP0104,181,181
PR015091,2025-05-05,1,MC008,EMP0107,156,181
PR015092,2025-05-05,2,MC014,EMP0106,113,120
PR015093,2025-05-05,2,MC017,EMP0045,110,120
PR015094,2025-05-05,2,MC010,EMP0117,94,120
PR015095,2025-05-05,2,MC012,EMP0140,108,120
PR015096,2025-05-05,2,MC016,EMP0041,124,120
PR015097,2025-05-05,2,MC011,EMP0001,113,120
PR015098,2025-05-05,2,MC013,EMP0026,117,120
PR015099,2025-05-05,3,MC023,EMP0136,149,158
PR015100,2025-05-05,3,MC022,EMP0010,139,158
PR015101,2025-05-05,3,MC019,EMP0125,152,158
PR015102,2025-05-05,3,MC024,EMP0034,155,158
PR015103,2025-05-05,4,MC027,EMP0121,222,200
PR015104,2025-05-05,4,MC026,EMP0023,211,200
PR015105,2025-05-05,4,MC025,EMP0059,209,200
PR015106,2025-05-05,5,MC034,EMP0086,137,142
PR015107,2025-05-05,5,MC031,EMP0056,133,142
PR015108,2025-05-05,5,MC030,EMP0058,126,142
PR015109,2025-05-05,5,MC033,EMP0086,126,142
PR015110,2025-05-05,5,MC032,EMP0096,129,142
PR015111,2025-05-05,6,MC039,EMP0144,344,325
PR015112,2025-05-05,6,MC038,EMP0144,313,325
PR015113,2025-05-05,6,MC037,EMP0144,339,325
PR015114,2025-05-06,1,MC002,EMP0163,192,181
PR015115,2025-05-06,1,MC004,EMP0018,169,181
PR015116,2025-05-06,1,MC003,EMP0104,192,181
PR015117,2025-05-06,1,MC005,EMP0130,164,181
PR015118,2025-05-06,1,MC008,EMP0160,190,181
PR015119,2025-05-06,1,MC007,EMP0097,158,181
PR015120,2025-05-06,1,MC006,EMP0025,171,181
PR015121,2025-05-06,2,MC010,EMP0076,117,120
PR015122,2025-05-06,2,MC013,EMP0170,115,120
PR015123,2025-05-06,2,MC016,EMP0077,108,120
PR015124,2025-05-06,2,MC014,EMP0051,117,120
PR015125,2025-05-06,2,MC009,EMP0157,109,120
PR015126,2025-05-06,2,MC011,EMP0129,114,120
PR015127,2025-05-06,2,MC012,EMP0138,117,120
PR015128,2025-05-06,3,MC022,EMP0122,155,158
PR015129,2025-05-06,3,MC020,EMP0143,152,158
PR015130,2025-05-06,3,MC024,EMP0143,150,158
PR015131,2025-05-06,3,MC021,EMP0122,151,158
PR015132,2025-05-06,4,MC028,EMP0022,187,200
PR015133,2025-05-06,4,MC025,EMP0087,218,200
PR015134,2025-05-06,4,MC029,EMP0127,221,200
PR015135,2025-05-06,4,MC026,EMP0093,215,200
PR015136,2025-05-06,5,MC032,EMP0028,137,142
PR015137,2025-05-06,5,MC030,EMP0080,130,142
PR015138,2025-05-06,5,MC033,EMP0164,145,142
PR015139,2025-05-06,5,MC035,EMP0165,129,142
PR015140,2025-05-06,5,MC034,EMP0060,157,142
PR015141,2025-05-06,6,MC036,EMP0100,293,325
PR015142,2025-05-06,6,MC037,EMP0171,312,325
PR015143,2025-05-06,6,MC038,EMP0144,351,325
PR015144,2025-05-07,1,MC002,EMP0097,178,181
PR015145,2025-05-07,1,MC005,EMP0162,161,181
PR015146,2025-05-07,1,MC007,EMP0163,171,181
PR015147,2025-05-07,1,MC008,EMP0119,204,181
PR015148,2025-05-07,1,MC004,EMP0017,179,181
PR015149,2025-05-07,1,MC003,EMP0163,182,181
PR015150,2025-05-07,1,MC001,EMP0091,193,181
PR015151,2025-05-07,2,MC016,EMP0103,123,120
PR015152,2025-05-07,2,MC011,EMP0045,114,120
PR015153,2025-05-07,2,MC013,EMP0138,120,120
PR015154,2025-05-07,2,MC012,EMP0169,107,120
PR015155,2025-05-07,2,MC010,EMP0070,122,120
PR015156,2025-05-07,2,MC017,EMP0070,107,120
PR015157,2025-05-07,2,MC014,EMP0009,128,120
PR015158,2025-05-07,2,MC015,EMP0001,119,120
PR015159,2025-05-07,3,MC024,EMP0006,132,158
PR015160,2025-05-07,3,MC019,EMP0055,146,158
PR015161,2025-05-07,3,MC020,EMP0082,141,158
PR015162,2025-05-07,3,MC021,EMP0033,122,158
PR015163,2025-05-07,3,MC023,EMP0013,137,158
PR015164,2025-05-07,4,MC027,EMP0132,213,200
PR015165,2025-05-07,4,MC028,EMP0108,197,200
PR015166,2025-05-07,4,MC029,EMP0131,195,200
PR015167,2025-05-07,4,MC026,EMP0132,201,200
PR015168,2025-05-07,5,MC030,EMP0058,123,142
PR015169,2025-05-07,5,MC034,EMP0068,131,142
PR015170,2025-05-07,5,MC031,EMP0060,151,142
PR015171,2025-05-07,5,MC032,EMP0165,136,142
PR015172,2025-05-07,5,MC035,EMP0060,131,142
PR015173,2025-05-07,6,MC038,EMP0171,338,325
PR015174,2025-05-07,6,MC039,EMP0100,288,325
PR015175,2025-05-07,6,MC037,EMP0053,377,325
PR015176,2025-05-08,1,MC008,EMP0054,181,181
PR015177,2025-05-08,1,MC004,EMP0130,168,181
PR015178,2025-05-08,1,MC006,EMP0151,173,181
PR015179,2025-05-08,1,MC003,EMP0151,186,181
PR015180,2025-05-08,1,MC001,EMP0007,188,181
PR015181,2025-05-08,1,MC005,EMP0177,182,181
PR015182,2025-05-08,2,MC015,EMP0041,103,120
PR015183,2025-05-08,2,MC013,EMP0041,122,120
PR015184,2025-05-08,2,MC011,EMP0067,104,120
PR015185,2025-05-08,2,MC017,EMP0139,104,120
PR015186,2025-05-08,2,MC010,EMP0135,129,120
PR015187,2025-05-08,2,MC012,EMP0129,115,120
PR015188,2025-05-08,2,MC016,EMP0098,136,120
PR015189,2025-05-08,2,MC018,EMP0074,100,120
PR015190,2025-05-08,2,MC009,EMP0042,112,120
PR015191,2025-05-08,3,MC024,EMP0034,149,158
PR015192,2025-05-08,3,MC021,EMP0122,133,158
PR015193,2025-05-08,3,MC020,EMP0069,138,158
PR015194,2025-05-08,3,MC022,EMP0013,144,158
PR015195,2025-05-08,4,MC025,EMP0131,209,200
PR015196,2025-05-08,4,MC027,EMP0019,202,200
PR015197,2025-05-08,4,MC026,EMP0132,219,200
PR015198,2025-05-08,4,MC029,EMP0175,212,200
PR015199,2025-05-08,5,MC035,EMP0165,148,142
PR015200,2025-05-08,5,MC030,EMP0068,136,142
PR015201,2025-05-08,5,MC034,EMP0165,119,142
PR015202,2025-05-08,5,MC032,EMP0150,139,142
PR015203,2025-05-08,5,MC033,EMP0003,139,142
PR015204,2025-05-08,6,MC037,EMP0085,314,325
PR015205,2025-05-08,6,MC038,EMP0171,329,325
PR015206,2025-05-08,6,MC036,EMP0120,314,325
PR015207,2025-05-09,1,MC002,EMP0094,147,181
PR015208,2025-05-09,1,MC006,EMP0037,137,181
PR015209,2025-05-09,1,MC004,EMP0162,162,181
PR015210,2025-05-09,1,MC007,EMP0092,134,181
PR015211,2025-05-09,1,MC001,EMP0104,139,181
PR015212,2025-05-09,1,MC003,EMP0008,161,181
PR015213,2025-05-09,1,MC008,EMP0044,136,181
PR015214,2025-05-09,2,MC010,EMP0146,95,120
PR015215,2025-05-09,2,MC014,EMP0114,100,120
PR015216,2025-05-09,2,MC009,EMP0129,96,120
PR015217,2025-05-09,2,MC015,EMP0138,104,120
PR015218,2025-05-09,2,MC012,EMP0146,100,120
PR015219,2025-05-09,2,MC016,EMP0135,107,120
PR015220,2025-05-09,2,MC018,EMP0103,95,120
PR015221,2025-05-09,2,MC017,EMP0077,99,120
PR015222,2025-05-09,2,MC013,EMP0051,99,120
PR015223,2025-05-09,3,MC020,EMP0033,116,158
PR015224,2025-05-09,3,MC023,EMP0055,108,158
PR015225,2025-05-09,3,MC024,EMP0111,115,158
PR015226,2025-05-09,3,MC019,EMP0084,120,158
PR015227,2025-05-09,3,MC021,EMP0078,123,158
PR015228,2025-05-09,4,MC025,EMP0131,152,200
PR015229,2025-05-09,4,MC026,EMP0108,171,200
PR015230,2025-05-09,4,MC029,EMP0059,170,200
PR015231,2025-05-09,4,MC028,EMP0043,214,200
PR015232,2025-05-09,5,MC032,EMP0086,98,142
PR015233,2025-05-09,5,MC033,EMP0145,108,142
PR015234,2025-05-09,5,MC030,EMP0058,116,142
PR015235,2025-05-09,5,MC035,EMP0165,127,142
PR015236,2025-05-09,6,MC039,EMP0120,281,325
PR015237,2025-05-09,6,MC036,EMP0152,269,325
PR015238,2025-05-09,6,MC038,EMP0065,255,325
PR015239,2025-05-10,1,MC006,EMP0073,187,181
PR015240,2025-05-10,1,MC007,EMP0130,183,181
PR015241,2025-05-10,1,MC005,EMP0057,173,181
PR015242,2025-05-10,1,MC008,EMP0018,151,181
PR015243,2025-05-10,1,MC003,EMP0061,167,181
PR015244,2025-05-10,1,MC002,EMP0025,183,181
PR015245,2025-05-10,2,MC015,EMP0031,101,120
PR015246,2025-05-10,2,MC016,EMP0024,124,120
PR015247,2025-05-10,2,MC017,EMP0083,130,120
PR015248,2025-05-10,2,MC018,EMP0140,112,120
PR015249,2025-05-10,2,MC013,EMP0090,128,120
PR015250,2025-05-10,2,MC010,EMP0116,111,120
PR015251,2025-05-10,2,MC009,EMP0105,120,120
PR015252,2025-05-10,2,MC014,EMP0117,133,120
PR015253,2025-05-10,3,MC020,EMP0082,167,158
PR015254,2025-05-10,3,MC024,EMP0006,129,158
PR015255,2025-05-10,3,MC022,EMP0069,139,158
PR015256,2025-05-10,3,MC019,EMP0124,153,158
PR015257,2025-05-10,3,MC021,EMP0179,153,158
PR015258,2025-05-10,4,MC027,EMP0002,237,200
PR015259,2025-05-10,4,MC028,EMP0108,245,200
PR015260,2025-05-10,4,MC026,EMP0071,217,200
PR015261,2025-05-10,4,MC025,EMP0108,212,200
PR015262,2025-05-10,5,MC033,EMP0164,121,142
PR015263,2025-05-10,5,MC030,EMP0086,124,142
PR015264,2025-05-10,5,MC031,EMP0058,129,142
PR015265,2025-05-10,5,MC032,EMP0145,136,142
PR015266,2025-05-10,5,MC035,EMP0003,133,142
PR015267,2025-05-10,6,MC037,EMP0171,351,325
PR015268,2025-05-10,6,MC036,EMP0065,332,325
PR015269,2025-05-10,6,MC038,EMP0065,351,325
PR015270,2025-05-11,1,MC003,EMP0094,58,181
PR015271,2025-05-11,1,MC006,EMP0073,56,181
PR015272,2025-05-11,1,MC004,EMP0008,66,181
PR015273,2025-05-11,1,MC002,EMP0044,56,181
PR015274,2025-05-11,1,MC007,EMP0094,61,181
PR015275,2025-05-11,1,MC005,EMP0007,63,181
PR015276,2025-05-11,2,MC018,EMP0128,46,120
PR015277,2025-05-11,2,MC016,EMP0140,44,120
PR015278,2025-05-11,2,MC010,EMP0133,44,120
PR015279,2025-05-11,2,MC015,EMP0026,38,120
PR015280,2025-05-11,2,MC014,EMP0114,46,120
PR015281,2025-05-11,2,MC012,EMP0114,38,120
PR015282,2025-05-11,2,MC017,EMP0047,45,120
PR015283,2025-05-11,2,MC009,EMP0178,39,120
PR015284,2025-05-11,3,MC021,EMP0099,59,158
PR015285,2025-05-11,3,MC019,EMP0010,56,158
PR015286,2025-05-11,3,MC020,EMP0006,54,158
PR015287,2025-05-11,3,MC022,EMP0179,45,158
PR015288,2025-05-11,3,MC024,EMP0055,61,158
PR015289,2025-05-11,4,MC025,EMP0002,71,200
PR015290,2025-05-11,4,MC026,EMP0156,78,200
PR015291,2025-05-11,4,MC027,EMP0132,73,200
PR015292,2025-05-11,4,MC028,EMP0059,72,200
PR015293,2025-05-11,5,MC030,EMP0058,42,142
PR015294,2025-05-11,5,MC034,EMP0058,52,142
PR015295,2025-05-11,5,MC031,EMP0086,51,142
PR015296,2025-05-11,5,MC033,EMP0056,44,142
PR015297,2025-05-11,6,MC038,EMP0155,108,325
PR015298,2025-05-11,6,MC036,EMP0152,123,325
PR015299,2025-05-11,6,MC039,EMP0046,107,325
PR015300,2025-05-12,1,MC004,EMP0044,199,181
PR015301,2025-05-12,1,MC007,EMP0092,171,181
PR015302,2025-05-12,1,MC005,EMP0094,150,181
PR015303,2025-05-12,1,MC003,EMP0066,168,181
PR015304,2025-05-12,1,MC001,EMP0097,187,181
PR015305,2025-05-12,1,MC002,EMP0166,184,181
PR015306,2025-05-12,2,MC011,EMP0040,119,120
PR015307,2025-05-12,2,MC010,EMP0036,113,120
PR015308,2025-05-12,2,MC015,EMP0095,121,120
PR015309,2025-05-12,2,MC017,EMP0012,120,120
PR015310,2025-05-12,2,MC018,EMP0178,123,120
PR015311,2025-05-12,2,MC012,EMP0040,100,120
PR015312,2025-05-12,2,MC009,EMP0114,115,120
PR015313,2025-05-12,2,MC014,EMP0021,99,120
PR015314,2025-05-12,2,MC013,EMP0147,117,120
PR015315,2025-05-12,3,MC021,EMP0143,160,158
PR015316,2025-05-12,3,MC022,EMP0143,134,158
PR015317,2025-05-12,3,MC023,EMP0125,160,158
PR015318,2025-05-12,3,MC020,EMP0013,164,158
PR015319,2025-05-12,3,MC019,EMP0143,140,158
PR015320,2025-05-12,4,MC029,EMP0059,198,200
PR015321,2025-05-12,4,MC027,EMP0043,202,200
PR015322,2025-05-12,4,MC025,EMP0011,216,200
PR015323,2025-05-12,4,MC026,EMP0071,204,200
PR015324,2025-05-12,5,MC032,EMP0056,118,142
PR015325,2025-05-12,5,MC030,EMP0058,148,142
PR015326,2025-05-12,5,MC033,EMP0165,119,142
PR015327,2025-05-12,5,MC035,EMP0080,138,142
PR015328,2025-05-12,5,MC031,EMP0080,134,142
PR015329,2025-05-12,6,MC038,EMP0100,331,325
PR015330,2025-05-12,6,MC036,EMP0085,351,325
PR015331,2025-05-12,6,MC039,EMP0120,337,325
PR015332,2025-05-13,1,MC008,EMP0137,173,181
PR015333,2025-05-13,1,MC006,EMP0176,168,181
PR015334,2025-05-13,1,MC004,EMP0092,181,181
PR015335,2025-05-13,1,MC003,EMP0166,193,181
PR015336,2025-05-13,1,MC002,EMP0030,182,181
PR015337,2025-05-13,1,MC005,EMP0118,173,181
PR015338,2025-05-13,2,MC014,EMP0123,114,120
PR015339,2025-05-13,2,MC018,EMP0089,111,120
PR015340,2025-05-13,2,MC012,EMP0026,113,120
PR015341,2025-05-13,2,MC016,EMP0135,115,120
PR015342,2025-05-13,2,MC009,EMP0157,111,120
PR015343,2025-05-13,2,MC017,EMP0004,109,120
PR015344,2025-05-13,2,MC011,EMP0079,109,120
PR015345,2025-05-13,2,MC010,EMP0138,103,120
PR015346,2025-05-13,2,MC015,EMP0138,122,120
PR015347,2025-05-13,3,MC020,EMP0010,175,158
PR015348,2025-05-13,3,MC021,EMP0136,137,158
PR015349,2025-05-13,3,MC019,EMP0172,182,158
PR015350,2025-05-13,3,MC024,EMP0082,173,158
PR015351,2025-05-13,3,MC022,EMP0055,149,158
PR015352,2025-05-13,4,MC025,EMP0154,213,200
PR015353,2025-05-13,4,MC028,EMP0127,248,200
PR015354,2025-05-13,4,MC027,EMP0002,220,200
PR015355,2025-05-13,4,MC026,EMP0014,216,200
PR015356,2025-05-13,5,MC031,EMP0003,140,142
PR015357,2025-05-13,5,MC033,EMP0056,105,142
PR015358,2025-05-13,5,MC032,EMP0056,120,142
PR015359,2025-05-13,5,MC034,EMP0164,126,142
PR015360,2025-05-13,5,MC035,EMP0058,132,142
PR015361,2025-05-13,6,MC036,EMP0053,322,325
PR015362,2025-05-13,6,MC038,EMP0053,317,325
PR015363,2025-05-13,6,MC037,EMP0144,345,325
PR015364,2025-05-14,1,MC005,EMP0167,202,181
PR015365,2025-05-14,1,MC008,EMP0162,173,181
PR015366,2025-05-14,1,MC002,EMP0072,161,181
PR015367,2025-05-14,1,MC003,EMP0126,189,181
PR015368,2025-05-14,1,MC004,EMP0158,188,181
PR015369,2025-05-14,1,MC001,EMP0030,185,181
PR015370,2025-05-14,1,MC006,EMP0161,204,181
PR015371,2025-05-14,2,MC010,EMP0114,114,120
PR015372,2025-05-14,2,MC017,EMP0041,107,120
PR015373,2025-05-14,2,MC012,EMP0105,128,120
PR015374,2025-05-14,2,MC013,EMP0027,120,120
PR015375,2025-05-14,2,MC016,EMP0103,96,120
PR015376,2025-05-14,2,MC018,EMP0024,121,120
PR015377,2025-05-14,2,MC011,EMP0138,127,120
PR015378,2025-05-14,2,MC009,EMP0113,106,120
PR015379,2025-05-14,2,MC014,EMP0105,117,120
PR015380,2025-05-14,3,MC019,EMP0033,160,158
PR015381,2025-05-14,3,MC022,EMP0099,151,158
PR015382,2025-05-14,3,MC023,EMP0034,140,158
PR015383,2025-05-14,3,MC021,EMP0033,167,158
PR015384,2025-05-14,3,MC020,EMP0034,151,158
PR015385,2025-05-14,4,MC028,EMP0156,218,200
PR015386,2025-05-14,4,MC026,EMP0121,215,200
PR015387,2025-05-14,4,MC029,EMP0109,218,200
PR015388,2025-05-14,4,MC027,EMP0019,230,200
PR015389,2025-05-14,5,MC035,EMP0150,147,142
PR015390,2025-05-14,5,MC031,EMP0028,137,142
PR015391,2025-05-14,5,MC034,EMP0150,142,142
PR015392,2025-05-14,5,MC033,EMP0056,138,142
PR015393,2025-05-14,5,MC030,EMP0080,150,142
PR015394,2025-05-14,6,MC036,EMP0142,312,325
PR015395,2025-05-14,6,MC037,EMP0142,350,325
PR015396,2025-05-14,6,MC038,EMP0100,292,325
PR015397,2025-05-15,1,MC001,EMP0052,164,181
PR015398,2025-05-15,1,MC005,EMP0102,173,181
PR015399,2025-05-15,1,MC004,EMP0017,176,181
PR015400,2025-05-15,1,MC008,EMP0007,165,181
PR015401,2025-05-15,1,MC003,EMP0151,184,181
PR015402,2025-05-15,1,MC007,EMP0032,168,181
PR015403,2025-05-15,2,MC010,EMP0115,119,120
PR015404,2025-05-15,2,MC013,EMP0128,116,120
PR015405,2025-05-15,2,MC011,EMP0021,114,120
PR015406,2025-05-15,2,MC014,EMP0105,104,120
PR015407,2025-05-15,2,MC016,EMP0139,122,120
PR015408,2025-05-15,2,MC012,EMP0173,111,120
PR015409,2025-05-15,2,MC018,EMP0040,116,120
PR015410,2025-05-15,2,MC015,EMP0067,121,120
PR015411,2025-05-15,3,MC022,EMP0122,171,158
PR015412,2025-05-15,3,MC021,EMP0069,154,158
PR015413,2025-05-15,3,MC020,EMP0055,134,158
PR015414,2025-05-15,3,MC019,EMP0122,166,158
PR015415,2025-05-15,3,MC024,EMP0033,165,158
PR015416,2025-05-15,4,MC026,EMP0059,241,200
PR015417,2025-05-15,4,MC025,EMP0174,209,200
PR015418,2025-05-15,4,MC028,EMP0019,192,200
PR015419,2025-05-15,5,MC030,EMP0056,146,142
PR015420,2025-05-15,5,MC034,EMP0145,109,142
PR015421,2025-05-15,5,MC031,EMP0028,131,142
PR015422,2025-05-15,5,MC032,EMP0145,152,142
PR015423,2025-05-15,5,MC035,EMP0028,148,142
PR015424,2025-05-15,6,MC038,EMP0046,288,325
PR015425,2025-05-15,6,MC037,EMP0053,336,325
PR015426,2025-05-15,6,MC036,EMP0065,320,325
PR015427,2025-05-16,1,MC008,EMP0057,160,181
PR015428,2025-05-16,1,MC003,EMP0160,175,181
PR015429,2025-05-16,1,MC006,EMP0037,157,181
PR015430,2025-05-16,1,MC004,EMP0160,156,181
PR015431,2025-05-16,1,MC001,EMP0112,143,181
PR015432,2025-05-16,1,MC005,EMP0091,153,181
PR015433,2025-05-16,1,MC007,EMP0032,166,181
PR015434,2025-05-16,2,MC015,EMP0012,94,120
PR015435,2025-05-16,2,MC009,EMP0024,97,120
PR015436,2025-05-16,2,MC016,EMP0113,86,120
PR015437,2025-05-16,2,MC010,EMP0114,103,120
PR015438,2025-05-16,2,MC018,EMP0004,96,120
PR015439,2025-05-16,2,MC013,EMP0170,100,120
PR015440,2025-05-16,2,MC014,EMP0115,111,120
PR015441,2025-05-16,2,MC011,EMP0113,91,120
PR015442,2025-05-16,2,MC017,EMP0098,98,120
PR015443,2025-05-16,3,MC019,EMP0099,116,158
PR015444,2025-05-16,3,MC020,EMP0078,113,158
PR015445,2025-05-16,3,MC022,EMP0136,124,158
PR015446,2025-05-16,3,MC024,EMP0159,112,158
PR015447,2025-05-16,3,MC023,EMP0111,107,158
PR015448,2025-05-16,4,MC026,EMP0023,184,200
PR015449,2025-05-16,4,MC025,EMP0127,175,200
PR015450,2025-05-16,4,MC028,EMP0071,186,200
PR015451,2025-05-16,4,MC029,EMP0153,210,200
PR015452,2025-05-16,5,MC034,EMP0068,123,142
PR015453,2025-05-16,5,MC033,EMP0028,121,142
PR015454,2025-05-16,5,MC031,EMP0150,106,142
PR015455,2025-05-16,5,MC030,EMP0056,115,142
PR015456,2025-05-16,6,MC039,EMP0046,248,325
PR015457,2025-05-16,6,MC036,EMP0152,286,325
PR015458,2025-05-16,6,MC038,EMP0144,252,325
PR015459,2025-05-17,1,MC004,EMP0167,167,181
PR015460,2025-05-17,1,MC002,EMP0126,168,181
PR015461,2025-05-17,1,MC001,EMP0176,205,181
PR015462,2025-05-17,1,MC006,EMP0005,170,181
PR015463,2025-05-17,1,MC007,EMP0176,213,181
PR015464,2025-05-17,1,MC005,EMP0094,168,181
PR015465,2025-05-17,2,MC016,EMP0040,112,120
PR015466,2025-05-17,2,MC018,EMP0009,143,120
PR015467,2025-05-17,2,MC013,EMP0148,116,120
PR015468,2025-05-17,2,MC017,EMP0149,131,120
PR015469,2025-05-17,2,MC009,EMP0040,124,120
PR015470,2025-05-17,2,MC011,EMP0076,128,120
PR015471,2025-05-17,2,MC010,EMP0040,119,120
PR015472,2025-05-17,2,MC014,EMP0031,115,120
PR015473,2025-05-17,3,MC020,EMP0111,139,158
PR015474,2025-05-17,3,MC024,EMP0082,173,158
PR015475,2025-05-17,3,MC022,EMP0084,134,158
PR015476,2025-05-17,3,MC021,EMP0078,151,158
PR015477,2025-05-17,3,MC019,EMP0099,149,158
PR015478,2025-05-17,4,MC028,EMP0071,195,200
PR015479,2025-05-17,4,MC025,EMP0156,187,200
PR015480,2025-05-17,4,MC026,EMP0011,243,200
PR015481,2025-05-17,4,MC029,EMP0019,211,200
PR015482,2025-05-17,5,MC033,EMP0080,143,142
PR015483,2025-05-17,5,MC035,EMP0101,120,142
PR015484,2025-05-17,5,MC031,EMP0101,141,142
PR015485,2025-05-17,5,MC030,EMP0080,129,142
PR015486,2025-05-17,5,MC034,EMP0028,152,142
PR015487,2025-05-17,6,MC038,EMP0120,279,325
PR015488,2025-05-17,6,MC039,EMP0046,361,325
PR015489,2025-05-17,6,MC037,EMP0065,313,325
PR015490,2025-05-18,1,MC002,EMP0158,60,181
PR015491,2025-05-18,1,MC004,EMP0102,61,181
PR015492,2025-05-18,1,MC003,EMP0018,59,181
PR015493,2025-05-18,1,MC008,EMP0073,60,181
PR015494,2025-05-18,1,MC005,EMP0110,59,181
PR015495,2025-05-18,1,MC001,EMP0030,64,181
PR015496,2025-05-18,2,MC017,EMP0083,41,120
PR015497,2025-05-18,2,MC014,EMP0115,36,120
PR015498,2025-05-18,2,MC015,EMP0116,40,120
PR015499,2025-05-18,2,MC009,EMP0178,41,120
PR015500,2025-05-18,2,MC013,EMP0024,40,120
PR015501,2025-05-18,2,MC016,EMP0146,41,120
PR015502,2025-05-18,2,MC018,EMP0138,42,120
PR015503,2025-05-18,2,MC012,EMP0114,33,120
PR015504,2025-05-18,2,MC011,EMP0103,40,120
PR015505,2025-05-18,3,MC020,EMP0180,58,158
PR015506,2025-05-18,3,MC024,EMP0136,59,158
PR015507,2025-05-18,3,MC023,EMP0016,55,158
PR015508,2025-05-18,3,MC022,EMP0006,51,158
PR015509,2025-05-18,3,MC019,EMP0064,45,158
PR015510,2025-05-18,4,MC027,EMP0022,71,200
PR015511,2025-05-18,4,MC029,EMP0023,80,200
PR015512,2025-05-18,4,MC025,EMP0174,65,200
PR015513,2025-05-18,4,MC028,EMP0062,79,200
PR015514,2025-05-18,5,MC035,EMP0150,44,142
PR015515,2025-05-18,5,MC034,EMP0164,46,142
PR015516,2025-05-18,5,MC033,EMP0145,45,142
PR015517,2025-05-18,5,MC030,EMP0164,44,142
PR015518,2025-05-18,5,MC032,EMP0101,48,142
PR015519,2025-05-18,6,MC038,EMP0120,104,325
PR015520,2025-05-18,6,MC039,EMP0171,113,325
PR015521,2025-05-18,6,MC036,EMP0100,120,325
PR015522,2025-05-19,1,MC008,EMP0032,202,181
PR015523,2025-05-19,1,MC007,EMP0094,178,181
PR015524,2025-05-19,1,MC005,EMP0091,176,181
PR015525,2025-05-19,1,MC003,EMP0110,167,181
PR015526,2025-05-19,1,MC004,EMP0163,138,181
PR015527,2025-05-19,1,MC002,EMP0061,181,181
PR015528,2025-05-19,2,MC018,EMP0026,120,120
PR015529,2025-05-19,2,MC012,EMP0012,122,120
PR015530,2025-05-19,2,MC011,EMP0095,107,120
PR015531,2025-05-19,2,MC015,EMP0077,113,120
PR015532,2025-05-19,2,MC016,EMP0040,119,120
PR015533,2025-05-19,2,MC017,EMP0042,129,120
PR015534,2025-05-19,2,MC014,EMP0169,121,120
PR015535,2025-05-19,2,MC010,EMP0004,135,120
PR015536,2025-05-19,2,MC009,EMP0001,119,120
PR015537,2025-05-19,3,MC021,EMP0179,160,158
PR015538,2025-05-19,3,MC024,EMP0084,166,158
PR015539,2025-05-19,3,MC022,EMP0111,144,158
PR015540,2025-05-19,3,MC019,EMP0039,155,158
PR015541,2025-05-19,4,MC027,EMP0175,241,200
PR015542,2025-05-19,4,MC029,EMP0108,228,200
PR015543,2025-05-19,4,MC028,EMP0087,213,200
PR015544,2025-05-19,4,MC025,EMP0093,161,200
PR015545,2025-05-19,5,MC033,EMP0003,122,142
PR015546,2025-05-19,5,MC034,EMP0028,135,142
PR015547,2025-05-19,5,MC032,EMP0150,125,142
PR015548,2025-05-19,5,MC031,EMP0096,124,142
PR015549,2025-05-19,5,MC035,EMP0003,112,142
PR015550,2025-05-19,6,MC036,EMP0144,336,325
PR015551,2025-05-19,6,MC037,EMP0142,353,325
PR015552,2025-05-19,6,MC039,EMP0053,339,325
PR015553,2025-05-20,1,MC008,EMP0162,189,181
PR015554,2025-05-20,1,MC006,EMP0005,171,181
PR015555,2025-05-20,1,MC007,EMP0168,174,181
PR015556,2025-05-20,1,MC002,EMP0038,176,181
PR015557,2025-05-20,1,MC005,EMP0161,186,181
PR015558,2025-05-20,1,MC004,EMP0166,198,181
PR015559,2025-05-20,1,MC001,EMP0091,141,181
PR015560,2025-05-20,2,MC013,EMP0081,109,120
PR015561,2025-05-20,2,MC014,EMP0081,112,120
PR015562,2025-05-20,2,MC011,EMP0149,117,120
PR015563,2025-05-20,2,MC009,EMP0001,107,120
PR015564,2025-05-20,2,MC015,EMP0067,102,120
PR015565,2025-05-20,2,MC018,EMP0170,115,120
PR015566,2025-05-20,2,MC010,EMP0169,112,120
PR015567,2025-05-20,3,MC022,EMP0016,165,158
PR015568,2025-05-20,3,MC019,EMP0078,164,158
PR015569,2025-05-20,3,MC020,EMP0078,142,158
PR015570,2025-05-20,3,MC024,EMP0136,148,158
PR015571,2025-05-20,4,MC029,EMP0050,227,200
PR015572,2025-05-20,4,MC027,EMP0059,245,200
PR015573,2025-05-20,4,MC025,EMP0109,215,200
PR015574,2025-05-20,5,MC032,EMP0165,135,142
PR015575,2025-05-20,5,MC034,EMP0145,125,142
PR015576,2025-05-20,5,MC035,EMP0165,119,142
PR015577,2025-05-20,5,MC031,EMP0164,129,142
PR015578,2025-05-20,6,MC036,EMP0120,285,325
PR015579,2025-05-20,6,MC039,EMP0142,310,325
PR015580,2025-05-20,6,MC038,EMP0053,335,325
PR015581,2025-05-21,1,MC007,EMP0141,142,181
PR015582,2025-05-21,1,MC006,EMP0037,189,181
PR015583,2025-05-21,1,MC004,EMP0119,189,181
PR015584,2025-05-21,1,MC008,EMP0141,173,181
PR015585,2025-05-21,1,MC002,EMP0161,208,181
PR015586,2025-05-21,1,MC001,EMP0017,160,181
PR015587,2025-05-21,1,MC005,EMP0162,144,181
PR015588,2025-05-21,2,MC013,EMP0098,113,120
PR015589,2025-05-21,2,MC016,EMP0146,113,120
PR015590,2025-05-21,2,MC012,EMP0149,117,120
PR015591,2025-05-21,2,MC014,EMP0042,116,120
PR015592,2025-05-21,2,MC018,EMP0063,127,120
PR015593,2025-05-21,2,MC017,EMP0026,107,120
PR015594,2025-05-21,2,MC015,EMP0074,113,120
PR015595,2025-05-21,2,MC010,EMP0070,99,120
PR015596,2025-05-21,2,MC011,EMP0135,116,120
PR015597,2025-05-21,3,MC019,EMP0069,148,158
PR015598,2025-05-21,3,MC022,EMP0055,119,158
PR015599,2025-05-21,3,MC024,EMP0064,159,158
PR015600,2025-05-21,3,MC020,EMP0055,148,158
PR015601,2025-05-21,3,MC023,EMP0039,137,158
PR015602,2025-05-21,4,MC028,EMP0087,195,200
PR015603,2025-05-21,4,MC029,EMP0174,190,200
PR015604,2025-05-21,4,MC026,EMP0002,217,200
PR015605,2025-05-21,4,MC027,EMP0071,205,200
PR015606,2025-05-21,5,MC032,EMP0096,145,142
PR015607,2025-05-21,5,MC034,EMP0165,139,142
PR015608,2025-05-21,5,MC031,EMP0056,138,142
PR015609,2025-05-21,5,MC035,EMP0068,152,142
PR015610,2025-05-21,5,MC033,EMP0060,134,142
PR015611,2025-05-21,6,MC039,EMP0065,299,325
PR015612,2025-05-21,6,MC037,EMP0046,340,325
PR015613,2025-05-21,6,MC036,EMP0120,381,325
PR015614,2025-05-22,1,MC004,EMP0141,159,181
PR015615,2025-05-22,1,MC006,EMP0168,186,181
PR015616,2025-05-22,1,MC005,EMP0151,199,181
PR015617,2025-05-22,1,MC001,EMP0092,192,181
PR015618,2025-05-22,1,MC003,EMP0072,180,181
PR015619,2025-05-22,1,MC002,EMP0018,192,181
PR015620,2025-05-22,1,MC008,EMP0054,167,181
PR015621,2025-05-22,2,MC009,EMP0020,112,120
PR015622,2025-05-22,2,MC011,EMP0128,115,120
PR015623,2025-05-22,2,MC014,EMP0040,110,120
PR015624,2025-05-22,2,MC016,EMP0051,116,120
PR015625,2025-05-22,2,MC018,EMP0079,110,120
PR015626,2025-05-22,2,MC015,EMP0114,112,120
PR015627,2025-05-22,2,MC013,EMP0090,112,120
PR015628,2025-05-22,2,MC012,EMP0027,118,120
PR015629,2025-05-22,3,MC024,EMP0078,153,158
PR015630,2025-05-22,3,MC022,EMP0006,141,158
PR015631,2025-05-22,3,MC023,EMP0143,152,158
PR015632,2025-05-22,3,MC020,EMP0016,152,158
PR015633,2025-05-22,3,MC019,EMP0134,134,158
PR015634,2025-05-22,4,MC029,EMP0062,225,200
PR015635,2025-05-22,4,MC025,EMP0174,179,200
PR015636,2025-05-22,4,MC028,EMP0154,200,200
PR015637,2025-05-22,4,MC027,EMP0156,229,200
PR015638,2025-05-22,5,MC031,EMP0145,132,142
PR015639,2025-05-22,5,MC033,EMP0086,124,142
PR015640,2025-05-22,5,MC032,EMP0096,116,142
PR015641,2025-05-22,5,MC034,EMP0101,147,142
PR015642,2025-05-22,5,MC035,EMP0145,130,142
PR015643,2025-05-22,6,MC037,EMP0100,298,325
PR015644,2025-05-22,6,MC036,EMP0144,323,325
PR015645,2025-05-22,6,MC039,EMP0100,314,325
PR015646,2025-05-23,1,MC001,EMP0038,131,181
PR015647,2025-05-23,1,MC004,EMP0168,150,181
PR015648,2025-05-23,1,MC008,EMP0130,143,181
PR015649,2025-05-23,1,MC003,EMP0161,158,181
PR015650,2025-05-23,1,MC005,EMP0032,143,181
PR015651,2025-05-23,1,MC006,EMP0008,165,181
PR015652,2025-05-23,2,MC011,EMP0135,99,120
PR015653,2025-05-23,2,MC016,EMP0041,78,120
PR015654,2025-05-23,2,MC009,EMP0063,111,120
PR015655,2025-05-23,2,MC013,EMP0051,94,120
PR015656,2025-05-23,2,MC015,EMP0103,101,120
PR015657,2025-05-23,2,MC014,EMP0012,93,120
PR015658,2025-05-23,2,MC010,EMP0021,93,120
PR015659,2025-05-23,2,MC012,EMP0083,77,120
PR015660,2025-05-23,2,MC018,EMP0081,113,120
PR015661,2025-05-23,3,MC019,EMP0084,120,158
PR015662,2025-05-23,3,MC024,EMP0039,131,158
PR015663,2025-05-23,3,MC021,EMP0055,134,158
PR015664,2025-05-23,3,MC022,EMP0122,114,158
PR015665,2025-05-23,4,MC029,EMP0043,158,200
PR015666,2025-05-23,4,MC026,EMP0109,182,200
PR015667,2025-05-23,4,MC028,EMP0023,197,200
PR015668,2025-05-23,5,MC031,EMP0056,111,142
PR015669,2025-05-23,5,MC035,EMP0058,115,142
PR015670,2025-05-23,5,MC033,EMP0096,121,142
PR015671,2025-05-23,5,MC032,EMP0096,125,142
PR015672,2025-05-23,5,MC034,EMP0058,114,142
PR015673,2025-05-23,6,MC038,EMP0152,295,325
PR015674,2025-05-23,6,MC039,EMP0152,255,325
PR015675,2025-05-23,6,MC037,EMP0120,293,325
PR015676,2025-05-24,1,MC003,EMP0092,187,181
PR015677,2025-05-24,1,MC005,EMP0091,167,181
PR015678,2025-05-24,1,MC008,EMP0130,199,181
PR015679,2025-05-24,1,MC006,EMP0005,173,181
PR015680,2025-05-24,1,MC007,EMP0044,177,181
PR015681,2025-05-24,1,MC004,EMP0119,185,181
PR015682,2025-05-24,1,MC001,EMP0118,179,181
PR015683,2025-05-24,2,MC014,EMP0020,121,120
PR015684,2025-05-24,2,MC012,EMP0041,103,120
PR015685,2025-05-24,2,MC013,EMP0114,120,120
PR015686,2025-05-24,2,MC017,EMP0083,135,120
PR015687,2025-05-24,2,MC018,EMP0133,109,120
PR015688,2025-05-24,2,MC015,EMP0140,112,120
PR015689,2025-05-24,2,MC009,EMP0041,129,120
PR015690,2025-05-24,2,MC016,EMP0026,124,120
PR015691,2025-05-24,3,MC021,EMP0124,160,158
PR015692,2025-05-24,3,MC022,EMP0136,128,158
PR015693,2025-05-24,3,MC019,EMP0078,151,158
PR015694,2025-05-24,3,MC024,EMP0124,157,158
PR015695,2025-05-24,3,MC020,EMP0055,156,158
PR015696,2025-05-24,4,MC027,EMP0059,184,200
PR015697,2025-05-24,4,MC029,EMP0059,211,200
PR015698,2025-05-24,4,MC026,EMP0108,222,200
PR015699,2025-05-24,4,MC028,EMP0019,214,200
PR015700,2025-05-24,5,MC035,EMP0068,141,142
PR015701,2025-05-24,5,MC031,EMP0028,128,142
PR015702,2025-05-24,5,MC030,EMP0096,139,142
PR015703,2025-05-24,5,MC032,EMP0165,116,142
PR015704,2025-05-24,5,MC033,EMP0145,138,142
PR015705,2025-05-24,6,MC038,EMP0155,324,325
PR015706,2025-05-24,6,MC037,EMP0155,334,325
PR015707,2025-05-24,6,MC039,EMP0065,351,325
PR015708,2025-05-25,1,MC002,EMP0158,59,181
PR015709,2025-05-25,1,MC006,EMP0166,61,181
PR015710,2025-05-25,1,MC007,EMP0158,59,181
PR015711,2025-05-25,1,MC001,EMP0167,64,181
PR015712,2025-05-25,1,MC005,EMP0112,64,181
PR015713,2025-05-25,1,MC004,EMP0044,61,181
PR015714,2025-05-25,1,MC008,EMP0162,72,181
PR015715,2025-05-25,2,MC016,EMP0027,37,120
PR015716,2025-05-25,2,MC013,EMP0095,45,120
PR015717,2025-05-25,2,MC018,EMP0081,37,120
PR015718,2025-05-25,2,MC011,EMP0015,37,120
PR015719,2025-05-25,2,MC010,EMP0026,45,120
PR015720,2025-05-25,2,MC015,EMP0106,42,120
PR015721,2025-05-25,2,MC009,EMP0020,40,120
PR015722,2025-05-25,2,MC017,EMP0070,38,120
PR015723,2025-05-25,2,MC014,EMP0170,42,120
PR015724,2025-05-25,3,MC022,EMP0034,49,158
PR015725,2025-05-25,3,MC021,EMP0006,49,158
PR015726,2025-05-25,3,MC019,EMP0034,51,158
PR015727,2025-05-25,3,MC024,EMP0006,47,158
PR015728,2025-05-25,3,MC020,EMP0125,52,158
PR015729,2025-05-25,4,MC027,EMP0002,67,200
PR015730,2025-05-25,4,MC029,EMP0127,86,200
PR015731,2025-05-25,4,MC026,EMP0108,70,200
PR015732,2025-05-25,4,MC025,EMP0014,77,200
PR015733,2025-05-25,5,MC034,EMP0145,47,142
PR015734,2025-05-25,5,MC032,EMP0165,51,142
PR015735,2025-05-25,5,MC031,EMP0101,43,142
PR015736,2025-05-25,5,MC035,EMP0028,47,142
PR015737,2025-05-25,5,MC033,EMP0165,48,142
PR015738,2025-05-25,6,MC038,EMP0155,113,325
PR015739,2025-05-25,6,MC037,EMP0155,111,325
PR015740,2025-05-25,6,MC036,EMP0144,107,325
PR015741,2025-05-26,1,MC008,EMP0061,169,181
PR015742,2025-05-26,1,MC001,EMP0094,166,181
PR015743,2025-05-26,1,MC005,EMP0176,200,181
PR015744,2025-05-26,1,MC002,EMP0025,171,181
PR015745,2025-05-26,1,MC006,EMP0168,183,181
PR015746,2025-05-26,1,MC004,EMP0052,140,181
PR015747,2025-05-26,1,MC003,EMP0110,154,181
PR015748,2025-05-26,2,MC011,EMP0147,117,120
PR015749,2025-05-26,2,MC009,EMP0090,117,120
PR015750,2025-05-26,2,MC014,EMP0040,115,120
PR015751,2025-05-26,2,MC017,EMP0090,118,120
PR015752,2025-05-26,2,MC010,EMP0012,131,120
PR015753,2025-05-26,2,MC013,EMP0041,134,120
PR015754,2025-05-26,2,MC018,EMP0170,99,120
PR015755,2025-05-26,2,MC012,EMP0089,113,120
PR015756,2025-05-26,2,MC016,EMP0139,108,120
PR015757,2025-05-26,3,MC019,EMP0172,169,158
PR015758,2025-05-26,3,MC021,EMP0136,175,158
PR015759,2025-05-26,3,MC020,EMP0069,152,158
PR015760,2025-05-26,3,MC022,EMP0180,138,158
PR015761,2025-05-26,3,MC023,EMP0180,142,158
PR015762,2025-05-26,4,MC025,EMP0002,222,200
PR015763,2025-05-26,4,MC029,EMP0131,204,200
PR015764,2025-05-26,4,MC028,EMP0023,186,200
PR015765,2025-05-26,4,MC027,EMP0154,186,200
PR015766,2025-05-26,5,MC034,EMP0165,136,142
PR015767,2025-05-26,5,MC030,EMP0165,149,142
PR015768,2025-05-26,5,MC031,EMP0086,134,142
PR015769,2025-05-26,5,MC035,EMP0150,124,142
PR015770,2025-05-26,5,MC033,EMP0060,139,142
PR015771,2025-05-26,6,MC038,EMP0152,328,325
PR015772,2025-05-26,6,MC039,EMP0053,364,325
PR015773,2025-05-26,6,MC036,EMP0155,312,325
PR015774,2025-05-27,1,MC007,EMP0072,182,181
PR015775,2025-05-27,1,MC001,EMP0075,179,181
PR015776,2025-05-27,1,MC008,EMP0161,178,181
PR015777,2025-05-27,1,MC006,EMP0005,209,181
PR015778,2025-05-27,1,MC003,EMP0126,170,181
PR015779,2025-05-27,1,MC002,EMP0032,176,181
PR015780,2025-05-27,1,MC005,EMP0005,159,181
PR015781,2025-05-27,2,MC010,EMP0098,134,120
PR015782,2025-05-27,2,MC017,EMP0139,128,120
PR015783,2025-05-27,2,MC018,EMP0048,101,120
PR015784,2025-05-27,2,MC009,EMP0170,133,120
PR015785,2025-05-27,2,MC015,EMP0117,99,120
PR015786,2025-05-27,2,MC013,EMP0076,112,120
PR015787,2025-05-27,2,MC012,EMP0042,122,120
PR015788,2025-05-27,3,MC020,EMP0078,145,158
PR015789,2025-05-27,3,MC021,EMP0136,132,158
PR015790,2025-05-27,3,MC022,EMP0034,140,158
PR015791,2025-05-27,3,MC024,EMP0099,166,158
PR015792,2025-05-27,3,MC019,EMP0006,148,158
PR015793,2025-05-27,4,MC027,EMP0002,206,200
PR015794,2025-05-27,4,MC026,EMP0049,219,200
PR015795,2025-05-27,4,MC028,EMP0062,232,200
PR015796,2025-05-27,4,MC025,EMP0050,192,200
PR015797,2025-05-27,5,MC031,EMP0164,104,142
PR015798,2025-05-27,5,MC033,EMP0150,124,142
PR015799,2025-05-27,5,MC035,EMP0060,130,142
PR015800,2025-05-27,5,MC034,EMP0060,137,142
PR015801,2025-05-27,6,MC039,EMP0152,334,325
PR015802,2025-05-27,6,MC036,EMP0046,334,325
PR015803,2025-05-27,6,MC038,EMP0046,349,325
PR015804,2025-05-28,1,MC002,EMP0044,194,181
PR015805,2025-05-28,1,MC003,EMP0052,166,181
PR015806,2025-05-28,1,MC001,EMP0088,147,181
PR015807,2025-05-28,1,MC008,EMP0151,154,181
PR015808,2025-05-28,1,MC007,EMP0091,177,181
PR015809,2025-05-28,1,MC004,EMP0091,164,181
PR015810,2025-05-28,2,MC013,EMP0098,123,120
PR015811,2025-05-28,2,MC018,EMP0169,109,120
PR015812,2025-05-28,2,MC011,EMP0116,107,120
PR015813,2025-05-28,2,MC010,EMP0045,106,120
PR015814,2025-05-28,2,MC016,EMP0081,116,120
PR015815,2025-05-28,2,MC012,EMP0041,122,120
PR015816,2025-05-28,2,MC014,EMP0148,115,120
PR015817,2025-05-28,2,MC009,EMP0024,105,120
PR015818,2025-05-28,2,MC017,EMP0114,108,120
PR015819,2025-05-28,3,MC020,EMP0055,159,158
PR015820,2025-05-28,3,MC019,EMP0064,135,158
PR015821,2025-05-28,3,MC024,EMP0016,142,158
PR015822,2025-05-28,3,MC022,EMP0159,161,158
PR015823,2025-05-28,4,MC026,EMP0023,235,200
PR015824,2025-05-28,4,MC025,EMP0108,216,200
PR015825,2025-05-28,4,MC029,EMP0109,188,200
PR015826,2025-05-28,4,MC028,EMP0062,198,200
PR015827,2025-05-28,5,MC034,EMP0164,131,142
PR015828,2025-05-28,5,MC035,EMP0056,156,142
PR015829,2025-05-28,5,MC033,EMP0165,113,142
PR015830,2025-05-28,5,MC030,EMP0060,119,142
PR015831,2025-05-28,5,MC031,EMP0056,154,142
PR015832,2025-05-28,6,MC036,EMP0046,278,325
PR015833,2025-05-28,6,MC038,EMP0171,349,325
PR015834,2025-05-28,6,MC039,EMP0100,306,325
PR015835,2025-05-29,1,MC004,EMP0044,185,181
PR015836,2025-05-29,1,MC002,EMP0038,178,181
PR015837,2025-05-29,1,MC003,EMP0073,173,181
PR015838,2025-05-29,1,MC005,EMP0018,156,181
PR015839,2025-05-29,1,MC001,EMP0061,193,181
PR015840,2025-05-29,1,MC006,EMP0110,186,181
PR015841,2025-05-29,1,MC008,EMP0008,185,181
PR015842,2025-05-29,2,MC016,EMP0040,122,120
PR015843,2025-05-29,2,MC010,EMP0149,110,120
PR015844,2025-05-29,2,MC017,EMP0045,114,120
PR015845,2025-05-29,2,MC009,EMP0048,116,120
PR015846,2025-05-29,2,MC014,EMP0020,108,120
PR015847,2025-05-29,2,MC012,EMP0178,113,120
PR015848,2025-05-29,2,MC011,EMP0128,120,120
PR015849,2025-05-29,2,MC015,EMP0147,85,120
PR015850,2025-05-29,3,MC022,EMP0034,153,158
PR015851,2025-05-29,3,MC019,EMP0143,143,158
PR015852,2025-05-29,3,MC024,EMP0078,171,158
PR015853,2025-05-29,3,MC021,EMP0143,164,158
PR015854,2025-05-29,3,MC020,EMP0055,143,158
PR015855,2025-05-29,4,MC026,EMP0023,187,200
PR015856,2025-05-29,4,MC025,EMP0011,185,200
PR015857,2025-05-29,4,MC029,EMP0175,203,200
PR015858,2025-05-29,4,MC028,EMP0154,194,200
PR015859,2025-05-29,5,MC034,EMP0028,123,142
PR015860,2025-05-29,5,MC033,EMP0058,126,142
PR015861,2025-05-29,5,MC035,EMP0028,136,142
PR015862,2025-05-29,5,MC030,EMP0058,124,142
PR015863,2025-05-29,6,MC039,EMP0171,342,325
PR015864,2025-05-29,6,MC038,EMP0085,325,325
PR015865,2025-05-29,6,MC037,EMP0065,286,325
PR015866,2025-05-30,1,MC004,EMP0168,150,181
PR015867,2025-05-30,1,MC002,EMP0091,139,181
PR015868,2025-05-30,1,MC007,EMP0044,172,181
PR015869,2025-05-30,1,MC005,EMP0054,162,181
PR015870,2025-05-30,1,MC008,EMP0107,133,181
PR015871,2025-05-30,1,MC006,EMP0167,142,181
PR015872,2025-05-30,1,MC003,EMP0118,161,181
PR015873,2025-05-30,2,MC010,EMP0042,101,120
PR015874,2025-05-30,2,MC016,EMP0031,93,120
PR015875,2025-05-30,2,MC014,EMP0173,117,120
PR015876,2025-05-30,2,MC017,EMP0027,102,120
PR015877,2025-05-30,2,MC015,EMP0089,92,120
PR015878,2025-05-30,2,MC012,EMP0004,110,120
PR015879,2025-05-30,2,MC018,EMP0139,93,120
PR015880,2025-05-30,2,MC013,EMP0021,98,120
PR015881,2025-05-30,2,MC011,EMP0149,98,120
PR015882,2025-05-30,3,MC024,EMP0136,118,158
PR015883,2025-05-30,3,MC021,EMP0084,117,158
PR015884,2025-05-30,3,MC020,EMP0033,121,158
PR015885,2025-05-30,3,MC023,EMP0039,126,158
PR015886,2025-05-30,3,MC022,EMP0159,125,158
PR015887,2025-05-30,4,MC029,EMP0043,146,200
PR015888,2025-05-30,4,MC025,EMP0087,163,200
PR015889,2025-05-30,4,MC027,EMP0022,200,200
PR015890,2025-05-30,4,MC026,EMP0131,156,200
PR015891,2025-05-30,5,MC033,EMP0164,112,142
PR015892,2025-05-30,5,MC031,EMP0068,112,142
PR015893,2025-05-30,5,MC035,EMP0068,126,142
PR015894,2025-05-30,5,MC034,EMP0086,113,142
PR015895,2025-05-30,6,MC038,EMP0053,303,325
PR015896,2025-05-30,6,MC036,EMP0065,251,325
PR015897,2025-05-30,6,MC039,EMP0152,285,325
PR015898,2025-05-31,1,MC003,EMP0126,191,181
PR015899,2025-05-31,1,MC004,EMP0119,189,181
PR015900,2025-05-31,1,MC001,EMP0072,188,181
PR015901,2025-05-31,1,MC007,EMP0163,167,181
PR015902,2025-05-31,1,MC005,EMP0094,173,181
PR015903,2025-05-31,1,MC006,EMP0037,165,181
PR015904,2025-05-31,2,MC018,EMP0089,122,120
PR015905,2025-05-31,2,MC014,EMP0123,107,120
PR015906,2025-05-31,2,MC016,EMP0070,109,120
PR015907,2025-05-31,2,MC011,EMP0001,121,120
PR015908,2025-05-31,2,MC017,EMP0015,107,120
PR015909,2025-05-31,2,MC013,EMP0114,105,120
PR015910,2025-05-31,2,MC010,EMP0040,108,120
PR015911,2025-05-31,2,MC012,EMP0083,108,120
PR015912,2025-05-31,2,MC015,EMP0149,115,120
PR015913,2025-05-31,3,MC020,EMP0010,152,158
PR015914,2025-05-31,3,MC023,EMP0010,167,158
PR015915,2025-05-31,3,MC019,EMP0034,145,158
PR015916,2025-05-31,3,MC021,EMP0125,155,158
PR015917,2025-05-31,3,MC022,EMP0029,152,158
PR015918,2025-05-31,4,MC027,EMP0109,222,200
PR015919,2025-05-31,4,MC025,EMP0131,219,200
PR015920,2025-05-31,4,MC029,EMP0156,208,200
PR015921,2025-05-31,4,MC026,EMP0002,200,200
PR015922,2025-05-31,5,MC034,EMP0096,116,142
PR015923,2025-05-31,5,MC030,EMP0080,135,142
PR015924,2025-05-31,5,MC031,EMP0068,103,142
PR015925,2025-05-31,5,MC033,EMP0068,129,142
PR015926,2025-05-31,5,MC032,EMP0003,162,142
PR015927,2025-05-31,6,MC039,EMP0120,336,325
PR015928,2025-05-31,6,MC037,EMP0046,330,325
PR015929,2025-05-31,6,MC038,EMP0085,353,325
PR015930,2025-06-01,1,MC003,EMP0088,56,181
PR015931,2025-06-01,1,MC004,EMP0052,45,181
PR015932,2025-06-01,1,MC001,EMP0176,55,181
PR015933,2025-06-01,1,MC002,EMP0107,60,181
PR015934,2025-06-01,1,MC007,EMP0073,55,181
PR015935,2025-06-01,1,MC008,EMP0177,46,181
PR015936,2025-06-01,2,MC016,EMP0139,35,120
PR015937,2025-06-01,2,MC010,EMP0081,38,120
PR015938,2025-06-01,2,MC012,EMP0063,36,120
PR015939,2025-06-01,2,MC009,EMP0048,36,120
PR015940,2025-06-01,2,MC011,EMP0149,35,120
PR015941,2025-06-01,2,MC017,EMP0090,37,120
PR015942,2025-06-01,2,MC015,EMP0106,35,120
PR015943,2025-06-01,2,MC014,EMP0123,36,120
PR015944,2025-06-01,3,MC022,EMP0016,44,158
PR015945,2025-06-01,3,MC024,EMP0078,46,158
PR015946,2025-06-01,3,MC020,EMP0006,37,158
PR015947,2025-06-01,3,MC021,EMP0172,40,158
PR015948,2025-06-01,4,MC025,EMP0062,68,200
PR015949,2025-06-01,4,MC029,EMP0153,66,200
PR015950,2025-06-01,4,MC027,EMP0002,64,200
PR015951,2025-06-01,4,MC026,EMP0131,67,200
PR015952,2025-06-01,5,MC030,EMP0028,37,142
PR015953,2025-06-01,5,MC031,EMP0145,39,142
PR015954,2025-06-01,5,MC033,EMP0060,43,142
PR015955,2025-06-01,5,MC035,EMP0068,42,142
PR015956,2025-06-01,5,MC034,EMP0058,43,142
PR015957,2025-06-01,6,MC036,EMP0171,102,325
PR015958,2025-06-01,6,MC039,EMP0046,96,325
PR015959,2025-06-01,6,MC037,EMP0142,102,325
PR015960,2025-06-02,1,MC008,EMP0072,134,181
PR015961,2025-06-02,1,MC007,EMP0037,145,181
PR015962,2025-06-02,1,MC002,EMP0018,154,181
PR015963,2025-06-02,1,MC006,EMP0094,147,181
PR015964,2025-06-02,1,MC001,EMP0107,140,181
PR015965,2025-06-02,1,MC003,EMP0007,149,181
PR015966,2025-06-02,2,MC012,EMP0098,101,120
PR015967,2025-06-02,2,MC014,EMP0077,94,120
PR015968,2025-06-02,2,MC011,EMP0004,98,120
PR015969,2025-06-02,2,MC016,EMP0105,97,120
PR015970,2025-06-02,2,MC009,EMP0063,107,120
PR015971,2025-06-02,2,MC010,EMP0116,91,120
PR015972,2025-06-02,2,MC018,EMP0113,98,120
PR015973,2025-06-02,2,MC017,EMP0012,101,120
PR015974,2025-06-02,2,MC015,EMP0098,91,120
PR015975,2025-06-02,3,MC024,EMP0180,116,158
PR015976,2025-06-02,3,MC023,EMP0125,132,158
PR015977,2025-06-02,3,MC019,EMP0006,150,158
PR015978,2025-06-02,3,MC022,EMP0064,125,158
PR015979,2025-06-02,3,MC020,EMP0180,135,158
PR015980,2025-06-02,4,MC026,EMP0175,179,200
PR015981,2025-06-02,4,MC029,EMP0011,183,200
PR015982,2025-06-02,4,MC028,EMP0174,178,200
PR015983,2025-06-02,4,MC027,EMP0093,180,200
PR015984,2025-06-02,5,MC031,EMP0164,120,142
PR015985,2025-06-02,5,MC030,EMP0003,118,142
PR015986,2025-06-02,5,MC032,EMP0068,135,142
PR015987,2025-06-02,5,MC034,EMP0096,108,142
PR015988,2025-06-02,5,MC035,EMP0056,112,142
PR015989,2025-06-02,6,MC037,EMP0152,256,325
PR015990,2025-06-02,6,MC036,EMP0144,266,325
PR015991,2025-06-02,6,MC038,EMP0155,273,325
PR015992,2025-06-03,1,MC002,EMP0018,148,181
PR015993,2025-06-03,1,MC007,EMP0092,169,181
PR015994,2025-06-03,1,MC004,EMP0030,160,181
PR015995,2025-06-03,1,MC008,EMP0008,149,181
PR015996,2025-06-03,1,MC005,EMP0037,159,181
PR015997,2025-06-03,1,MC001,EMP0037,157,181
PR015998,2025-06-03,2,MC012,EMP0170,87,120
PR015999,2025-06-03,2,MC014,EMP0103,104,120
PR016000,2025-06-03,2,MC010,EMP0103,110,120
PR016001,2025-06-03,2,MC011,EMP0138,93,120
PR016002,2025-06-03,2,MC013,EMP0128,102,120
PR016003,2025-06-03,2,MC018,EMP0147,93,120
PR016004,2025-06-03,2,MC017,EMP0095,93,120
PR016005,2025-06-03,2,MC009,EMP0103,91,120
PR016006,2025-06-03,2,MC016,EMP0042,100,120
PR016007,2025-06-03,3,MC021,EMP0006,122,158
PR016008,2025-06-03,3,MC019,EMP0180,106,158
PR016009,2025-06-03,3,MC022,EMP0122,137,158
PR016010,2025-06-03,3,MC020,EMP0006,129,158
PR016011,2025-06-03,4,MC028,EMP0175,169,200
PR016012,2025-06-03,4,MC027,EMP0132,196,200
PR016013,2025-06-03,4,MC029,EMP0156,191,200
PR016014,2025-06-03,4,MC025,EMP0071,146,200
PR016015,2025-06-03,5,MC034,EMP0096,112,142
PR016016,2025-06-03,5,MC032,EMP0165,122,142
PR016017,2025-06-03,5,MC031,EMP0058,111,142
PR016018,2025-06-03,5,MC033,EMP0080,120,142
PR016019,2025-06-03,5,MC035,EMP0145,111,142
PR016020,2025-06-03,6,MC039,EMP0065,278,325
PR016021,2025-06-03,6,MC037,EMP0142,303,325
PR016022,2025-06-03,6,MC038,EMP0171,270,325
PR016023,2025-06-04,1,MC002,EMP0037,169,181
PR016024,2025-06-04,1,MC006,EMP0112,118,181
PR016025,2025-06-04,1,MC005,EMP0091,160,181
PR016026,2025-06-04,1,MC007,EMP0008,138,181
PR016027,2025-06-04,1,MC004,EMP0162,158,181
PR016028,2025-06-04,1,MC003,EMP0008,135,181
PR016029,2025-06-04,2,MC009,EMP0135,94,120
PR016030,2025-06-04,2,MC013,EMP0040,95,120
PR016031,2025-06-04,2,MC017,EMP0135,102,120
PR016032,2025-06-04,2,MC015,EMP0128,93,120
PR016033,2025-06-04,2,MC010,EMP0045,101,120
PR016034,2025-06-04,2,MC011,EMP0042,81,120
PR016035,2025-06-04,2,MC014,EMP0129,112,120
PR016036,2025-06-04,2,MC016,EMP0147,85,120
PR016037,2025-06-04,2,MC012,EMP0148,101,120
PR016038,2025-06-04,3,MC024,EMP0136,130,158
PR016039,2025-06-04,3,MC022,EMP0084,147,158
PR016040,2025-06-04,3,MC021,EMP0082,126,158
PR016041,2025-06-04,3,MC020,EMP0029,126,158
PR016042,2025-06-04,3,MC019,EMP0034,117,158
PR016043,2025-06-04,4,MC028,EMP0121,194,200
PR016044,2025-06-04,4,MC025,EMP0050,159,200
PR016045,2025-06-04,4,MC029,EMP0108,170,200
PR016046,2025-06-04,5,MC033,EMP0003,114,142
PR016047,2025-06-04,5,MC032,EMP0150,109,142
PR016048,2025-06-04,5,MC031,EMP0086,119,142
PR016049,2025-06-04,5,MC030,EMP0060,114,142
PR016050,2025-06-04,5,MC035,EMP0028,118,142
PR016051,2025-06-04,6,MC039,EMP0085,270,325
PR016052,2025-06-04,6,MC036,EMP0120,283,325
PR016053,2025-06-04,6,MC038,EMP0155,302,325
PR016054,2025-06-05,1,MC004,EMP0054,150,181
PR016055,2025-06-05,1,MC008,EMP0088,154,181
PR016056,2025-06-05,1,MC002,EMP0160,144,181
PR016057,2025-06-05,1,MC007,EMP0110,159,181
PR016058,2025-06-05,1,MC003,EMP0091,150,181
PR016059,2025-06-05,1,MC006,EMP0052,151,181
PR016060,2025-06-05,1,MC005,EMP0162,154,181
PR016061,2025-06-05,2,MC011,EMP0026,94,120
PR016062,2025-06-05,2,MC013,EMP0040,101,120
PR016063,2025-06-05,2,MC017,EMP0170,108,120
PR016064,2025-06-05,2,MC010,EMP0031,93,120
PR016065,2025-06-05,2,MC009,EMP0040,89,120
PR016066,2025-06-05,2,MC014,EMP0149,98,120
PR016067,2025-06-05,2,MC012,EMP0021,99,120
PR016068,2025-06-05,2,MC016,EMP0095,99,120
PR016069,2025-06-05,2,MC015,EMP0105,95,120
PR016070,2025-06-05,3,MC019,EMP0033,153,158
PR016071,2025-06-05,3,MC024,EMP0078,131,158
PR016072,2025-06-05,3,MC023,EMP0010,133,158
PR016073,2025-06-05,3,MC020,EMP0064,115,158
PR016074,2025-06-05,3,MC021,EMP0078,118,158
PR016075,2025-06-05,4,MC026,EMP0109,205,200
PR016076,2025-06-05,4,MC027,EMP0043,175,200
PR016077,2025-06-05,4,MC029,EMP0059,192,200
PR016078,2025-06-05,4,MC028,EMP0127,176,200
PR016079,2025-06-05,5,MC034,EMP0058,114,142
PR016080,2025-06-05,5,MC032,EMP0101,113,142
PR016081,2025-06-05,5,MC035,EMP0145,103,142
PR016082,2025-06-05,5,MC031,EMP0145,114,142
PR016083,2025-06-05,5,MC033,EMP0164,107,142
PR016084,2025-06-05,6,MC039,EMP0046,299,325
PR016085,2025-06-05,6,MC037,EMP0155,289,325
PR016086,2025-06-05,6,MC038,EMP0142,258,325
PR016087,2025-06-06,1,MC007,EMP0017,132,181
PR016088,2025-06-06,1,MC003,EMP0119,132,181
PR016089,2025-06-06,1,MC004,EMP0104,119,181
PR016090,2025-06-06,1,MC008,EMP0176,129,181
PR016091,2025-06-06,1,MC002,EMP0030,144,181
PR016092,2025-06-06,1,MC006,EMP0167,119,181
PR016093,2025-06-06,2,MC011,EMP0106,87,120
PR016094,2025-06-06,2,MC016,EMP0148,86,120
PR016095,2025-06-06,2,MC017,EMP0009,73,120
PR016096,2025-06-06,2,MC013,EMP0123,79,120
PR016097,2025-06-06,2,MC018,EMP0140,86,120
PR016098,2025-06-06,2,MC015,EMP0117,70,120
PR016099,2025-06-06,2,MC012,EMP0095,80,120
PR016100,2025-06-06,3,MC021,EMP0013,121,158
PR016101,2025-06-06,3,MC024,EMP0134,111,158
PR016102,2025-06-06,3,MC022,EMP0143,126,158
PR016103,2025-06-06,3,MC023,EMP0172,104,158
PR016104,2025-06-06,4,MC027,EMP0011,150,200
PR016105,2025-06-06,4,MC028,EMP0023,145,200
PR016106,2025-06-06,4,MC025,EMP0156,154,200
PR016107,2025-06-06,4,MC026,EMP0011,146,200
PR016108,2025-06-06,5,MC033,EMP0150,97,142
PR016109,2025-06-06,5,MC032,EMP0080,102,142
PR016110,2025-06-06,5,MC034,EMP0150,107,142
PR016111,2025-06-06,5,MC035,EMP0086,90,142
PR016112,2025-06-06,6,MC039,EMP0065,203,325
PR016113,2025-06-06,6,MC036,EMP0142,239,325
PR016114,2025-06-06,6,MC038,EMP0144,252,325
PR016115,2025-06-07,1,MC008,EMP0137,148,181
PR016116,2025-06-07,1,MC005,EMP0162,145,181
PR016117,2025-06-07,1,MC003,EMP0161,150,181
PR016118,2025-06-07,1,MC002,EMP0160,142,181
PR016119,2025-06-07,1,MC006,EMP0130,150,181
PR016120,2025-06-07,1,MC007,EMP0032,147,181
PR016121,2025-06-07,2,MC011,EMP0140,98,120
PR016122,2025-06-07,2,MC013,EMP0079,95,120
PR016123,2025-06-07,2,MC012,EMP0063,100,120
PR016124,2025-06-07,2,MC016,EMP0036,97,120
PR016125,2025-06-07,2,MC015,EMP0129,111,120
PR016126,2025-06-07,2,MC017,EMP0140,93,120
PR016127,2025-06-07,2,MC009,EMP0133,105,120
PR016128,2025-06-07,2,MC010,EMP0105,101,120
PR016129,2025-06-07,2,MC014,EMP0128,101,120
PR016130,2025-06-07,3,MC020,EMP0078,107,158
PR016131,2025-06-07,3,MC022,EMP0159,120,158
PR016132,2025-06-07,3,MC023,EMP0136,126,158
PR016133,2025-06-07,3,MC021,EMP0069,138,158
PR016134,2025-06-07,3,MC019,EMP0159,116,158
PR016135,2025-06-07,4,MC026,EMP0050,203,200
PR016136,2025-06-07,4,MC029,EMP0011,182,200
PR016137,2025-06-07,4,MC027,EMP0153,188,200
PR016138,2025-06-07,5,MC030,EMP0058,104,142
PR016139,2025-06-07,5,MC032,EMP0060,120,142
PR016140,2025-06-07,5,MC035,EMP0086,123,142
PR016141,2025-06-07,5,MC033,EMP0058,123,142
PR016142,2025-06-07,5,MC031,EMP0058,100,142
PR016143,2025-06-07,6,MC038,EMP0142,279,325
PR016144,2025-06-07,6,MC036,EMP0142,234,325
PR016145,2025-06-07,6,MC039,EMP0100,305,325
PR016146,2025-06-08,1,MC002,EMP0166,52,181
PR016147,2025-06-08,1,MC001,EMP0005,48,181
PR016148,2025-06-08,1,MC003,EMP0030,49,181
PR016149,2025-06-08,1,MC008,EMP0091,55,181
PR016150,2025-06-08,1,MC004,EMP0166,51,181
PR016151,2025-06-08,1,MC007,EMP0166,54,181
PR016152,2025-06-08,2,MC014,EMP0070,35,120
PR016153,2025-06-08,2,MC010,EMP0105,35,120
PR016154,2025-06-08,2,MC018,EMP0041,36,120
PR016155,2025-06-08,2,MC016,EMP0070,32,120
PR016156,2025-06-08,2,MC011,EMP0138,35,120
PR016157,2025-06-08,2,MC013,EMP0089,36,120
PR016158,2025-06-08,2,MC009,EMP0027,35,120
PR016159,2025-06-08,3,MC020,EMP0134,47,158
PR016160,2025-06-08,3,MC021,EMP0180,43,158
PR016161,2025-06-08,3,MC023,EMP0069,43,158
PR016162,2025-06-08,3,MC022,EMP0029,45,158
PR016163,2025-06-08,3,MC024,EMP0064,50,158
PR016164,2025-06-08,4,MC027,EMP0014,67,200
PR016165,2025-06-08,4,MC026,EMP0108,59,200
PR016166,2025-06-08,4,MC029,EMP0131,60,200
PR016167,2025-06-08,4,MC028,EMP0121,68,200
PR016168,2025-06-08,5,MC034,EMP0068,47,142
PR016169,2025-06-08,5,MC035,EMP0056,38,142
PR016170,2025-06-08,5,MC031,EMP0058,41,142
PR016171,2025-06-08,5,MC032,EMP0003,37,142
PR016172,2025-06-08,6,MC038,EMP0046,107,325
PR016173,2025-06-08,6,MC036,EMP0142,107,325
PR016174,2025-06-08,6,MC039,EMP0085,92,325
PR016175,2025-06-09,1,MC007,EMP0141,151,181
PR016176,2025-06-09,1,MC008,EMP0177,149,181
PR016177,2025-06-09,1,MC003,EMP0025,138,181
PR016178,2025-06-09,1,MC005,EMP0130,143,181
PR016179,2025-06-09,1,MC002,EMP0110,152,181
PR016180,2025-06-09,1,MC004,EMP0102,140,181
PR016181,2025-06-09,1,MC006,EMP0025,161,181
PR016182,2025-06-09,2,MC012,EMP0114,101,120
PR016183,2025-06-09,2,MC014,EMP0063,93,120
PR016184,2025-06-09,2,MC011,EMP0040,102,120
PR016185,2025-06-09,2,MC015,EMP0048,100,120
PR016186,2025-06-09,2,MC009,EMP0117,104,120
PR016187,2025-06-09,2,MC013,EMP0035,105,120
PR016188,2025-06-09,2,MC016,EMP0095,106,120
PR016189,2025-06-09,2,MC018,EMP0135,99,120
PR016190,2025-06-09,2,MC017,EMP0021,107,120
PR016191,2025-06-09,3,MC022,EMP0029,142,158
PR016192,2025-06-09,3,MC019,EMP0082,123,158
PR016193,2025-06-09,3,MC020,EMP0124,133,158
PR016194,2025-06-09,3,MC023,EMP0039,129,158
PR016195,2025-06-09,3,MC024,EMP0082,134,158
PR016196,2025-06-09,4,MC028,EMP0154,202,200
PR016197,2025-06-09,4,MC025,EMP0108,151,200
PR016198,2025-06-09,4,MC029,EMP0131,186,200
PR016199,2025-06-09,4,MC027,EMP0108,174,200
PR016200,2025-06-09,5,MC032,EMP0096,111,142
PR016201,2025-06-09,5,MC034,EMP0058,111,142
PR016202,2025-06-09,5,MC035,EMP0096,122,142
PR016203,2025-06-09,5,MC030,EMP0096,113,142
PR016204,2025-06-09,6,MC037,EMP0144,321,325
PR016205,2025-06-09,6,MC039,EMP0152,259,325
PR016206,2025-06-09,6,MC038,EMP0046,256,325
PR016207,2025-06-10,1,MC006,EMP0137,140,181
PR016208,2025-06-10,1,MC002,EMP0032,154,181
PR016209,2025-06-10,1,MC004,EMP0118,156,181
PR016210,2025-06-10,1,MC005,EMP0168,140,181
PR016211,2025-06-10,1,MC001,EMP0176,149,181
PR016212,2025-06-10,1,MC003,EMP0030,133,181
PR016213,2025-06-10,2,MC016,EMP0048,82,120
PR016214,2025-06-10,2,MC012,EMP0138,116,120
PR016215,2025-06-10,2,MC017,EMP0113,94,120
PR016216,2025-06-10,2,MC014,EMP0169,89,120
PR016217,2025-06-10,2,MC009,EMP0047,96,120
PR016218,2025-06-10,2,MC010,EMP0048,109,120
PR016219,2025-06-10,2,MC013,EMP0148,102,120
PR016220,2025-06-10,2,MC011,EMP0041,93,120
PR016221,2025-06-10,2,MC015,EMP0067,87,120
PR016222,2025-06-10,3,MC024,EMP0013,138,158
PR016223,2025-06-10,3,MC020,EMP0084,139,158
PR016224,2025-06-10,3,MC022,EMP0006,128,158
PR016225,2025-06-10,3,MC023,EMP0125,121,158
PR016226,2025-06-10,4,MC028,EMP0109,195,200
PR016227,2025-06-10,4,MC027,EMP0154,176,200
PR016228,2025-06-10,4,MC029,EMP0062,184,200
PR016229,2025-06-10,5,MC032,EMP0028,109,142
PR016230,2025-06-10,5,MC033,EMP0145,114,142
PR016231,2025-06-10,5,MC035,EMP0003,115,142
PR016232,2025-06-10,5,MC031,EMP0096,123,142
PR016233,2025-06-10,6,MC039,EMP0100,302,325
PR016234,2025-06-10,6,MC036,EMP0171,303,325
PR016235,2025-06-10,6,MC038,EMP0120,295,325
PR016236,2025-06-11,1,MC004,EMP0118,164,181
PR016237,2025-06-11,1,MC008,EMP0119,151,181
PR016238,2025-06-11,1,MC001,EMP0007,164,181
PR016239,2025-06-11,1,MC002,EMP0057,145,181
PR016240,2025-06-11,1,MC006,EMP0007,139,181
PR016241,2025-06-11,1,MC005,EMP0160,151,181
PR016242,2025-06-11,2,MC010,EMP0079,101,120
PR016243,2025-06-11,2,MC015,EMP0106,103,120
PR016244,2025-06-11,2,MC014,EMP0045,106,120
PR016245,2025-06-11,2,MC009,EMP0128,103,120
PR016246,2025-06-11,2,MC018,EMP0040,93,120
PR016247,2025-06-11,2,MC013,EMP0129,98,120
PR016248,2025-06-11,2,MC011,EMP0004,99,120
PR016249,2025-06-11,2,MC017,EMP0021,100,120
PR016250,2025-06-11,2,MC012,EMP0114,99,120
PR016251,2025-06-11,3,MC020,EMP0084,122,158
PR016252,2025-06-11,3,MC021,EMP0179,117,158
PR016253,2025-06-11,3,MC019,EMP0099,119,158
PR016254,2025-06-11,3,MC022,EMP0159,126,158
PR016255,2025-06-11,3,MC024,EMP0029,133,158
PR016256,2025-06-11,4,MC028,EMP0121,190,200
PR016257,2025-06-11,4,MC027,EMP0154,162,200
PR016258,2025-06-11,4,MC026,EMP0050,186,200
PR016259,2025-06-11,4,MC025,EMP0154,203,200
PR016260,2025-06-11,5,MC035,EMP0080,102,142
PR016261,2025-06-11,5,MC031,EMP0165,116,142
PR016262,2025-06-11,5,MC033,EMP0068,99,142
PR016263,2025-06-11,5,MC034,EMP0080,102,142
PR016264,2025-06-11,5,MC032,EMP0145,101,142
PR016265,2025-06-11,6,MC038,EMP0152,287,325
PR016266,2025-06-11,6,MC036,EMP0053,266,325
PR016267,2025-06-11,6,MC039,EMP0065,255,325
PR016268,2025-06-12,1,MC007,EMP0007,147,181
PR016269,2025-06-12,1,MC006,EMP0044,144,181
PR016270,2025-06-12,1,MC002,EMP0088,143,181
PR016271,2025-06-12,1,MC005,EMP0163,144,181
PR016272,2025-06-12,1,MC001,EMP0126,153,181
PR016273,2025-06-12,1,MC008,EMP0158,154,181
PR016274,2025-06-12,2,MC009,EMP0173,87,120
PR016275,2025-06-12,2,MC018,EMP0015,96,120
PR016276,2025-06-12,2,MC011,EMP0020,97,120
PR016277,2025-06-12,2,MC014,EMP0027,106,120
PR016278,2025-06-12,2,MC010,EMP0031,86,120
PR016279,2025-06-12,2,MC012,EMP0081,90,120
PR016280,2025-06-12,2,MC013,EMP0027,96,120
PR016281,2025-06-12,2,MC017,EMP0089,90,120
PR016282,2025-06-12,3,MC021,EMP0122,118,158
PR016283,2025-06-12,3,MC019,EMP0039,131,158
PR016284,2025-06-12,3,MC023,EMP0016,150,158
PR016285,2025-06-12,3,MC020,EMP0180,142,158
PR016286,2025-06-12,4,MC027,EMP0156,177,200
PR016287,2025-06-12,4,MC025,EMP0153,189,200
PR016288,2025-06-12,4,MC028,EMP0049,166,200
PR016289,2025-06-12,5,MC033,EMP0058,117,142
PR016290,2025-06-12,5,MC032,EMP0086,116,142
PR016291,2025-06-12,5,MC034,EMP0150,120,142
PR016292,2025-06-12,5,MC030,EMP0101,106,142
PR016293,2025-06-12,5,MC031,EMP0056,95,142
PR016294,2025-06-12,6,MC038,EMP0142,281,325
PR016295,2025-06-12,6,MC037,EMP0171,276,325
PR016296,2025-06-12,6,MC036,EMP0152,257,325
PR016297,2025-06-13,1,MC003,EMP0073,119,181
PR016298,2025-06-13,1,MC002,EMP0044,138,181
PR016299,2025-06-13,1,MC007,EMP0177,137,181
PR016300,2025-06-13,1,MC004,EMP0052,124,181
PR016301,2025-06-13,1,MC001,EMP0110,133,181
PR016302,2025-06-13,1,MC006,EMP0075,107,181
PR016303,2025-06-13,2,MC009,EMP0009,75,120
PR016304,2025-06-13,2,MC013,EMP0081,85,120
PR016305,2025-06-13,2,MC014,EMP0113,91,120
PR016306,2025-06-13,2,MC010,EMP0036,83,120
PR016307,2025-06-13,2,MC017,EMP0081,79,120
PR016308,2025-06-13,2,MC012,EMP0021,83,120
PR016309,2025-06-13,2,MC011,EMP0035,77,120
PR016310,2025-06-13,2,MC018,EMP0081,87,120
PR016311,2025-06-13,2,MC015,EMP0113,81,120
PR016312,2025-06-13,3,MC022,EMP0172,111,158
PR016313,2025-06-13,3,MC020,EMP0159,111,158
PR016314,2025-06-13,3,MC024,EMP0180,114,158
PR016315,2025-06-13,3,MC021,EMP0179,94,158
PR016316,2025-06-13,3,MC019,EMP0136,105,158
PR016317,2025-06-13,4,MC026,EMP0153,156,200
PR016318,2025-06-13,4,MC025,EMP0043,174,200
PR016319,2025-06-13,4,MC027,EMP0156,143,200
PR016320,2025-06-13,4,MC028,EMP0087,151,200
PR016321,2025-06-13,5,MC031,EMP0150,101,142
PR016322,2025-06-13,5,MC034,EMP0068,91,142
PR016323,2025-06-13,5,MC032,EMP0150,97,142
PR016324,2025-06-13,5,MC035,EMP0086,105,142
PR016325,2025-06-13,5,MC030,EMP0164,104,142
PR016326,2025-06-13,6,MC039,EMP0171,260,325
PR016327,2025-06-13,6,MC036,EMP0120,213,325
PR016328,2025-06-13,6,MC037,EMP0100,242,325
PR016329,2025-06-14,1,MC007,EMP0166,146,181
PR016330,2025-06-14,1,MC001,EMP0088,171,181
PR016331,2025-06-14,1,MC005,EMP0130,148,181
PR016332,2025-06-14,1,MC008,EMP0112,141,181
PR016333,2025-06-14,1,MC006,EMP0141,151,181
PR016334,2025-06-14,1,MC003,EMP0141,158,181
PR016335,2025-06-14,2,MC016,EMP0048,101,120
PR016336,2025-06-14,2,MC017,EMP0063,96,120
PR016337,2025-06-14,2,MC009,EMP0089,100,120
PR016338,2025-06-14,2,MC014,EMP0123,93,120
PR016339,2025-06-14,2,MC015,EMP0026,96,120
PR016340,2025-06-14,2,MC012,EMP0135,113,120
PR016341,2025-06-14,2,MC011,EMP0070,108,120
PR016342,2025-06-14,2,MC018,EMP0079,91,120
PR016343,2025-06-14,3,MC019,EMP0122,122,158
PR016344,2025-06-14,3,MC023,EMP0125,138,158
PR016345,2025-06-14,3,MC020,EMP0010,129,158
PR016346,2025-06-14,3,MC021,EMP0078,121,158
PR016347,2025-06-14,3,MC022,EMP0010,129,158
PR016348,2025-06-14,4,MC029,EMP0062,160,200
PR016349,2025-06-14,4,MC027,EMP0022,180,200
PR016350,2025-06-14,4,MC028,EMP0131,166,200
PR016351,2025-06-14,4,MC026,EMP0093,172,200
PR016352,2025-06-14,5,MC035,EMP0028,97,142
PR016353,2025-06-14,5,MC032,EMP0028,105,142
PR016354,2025-06-14,5,MC031,EMP0028,108,142
PR016355,2025-06-14,5,MC030,EMP0165,98,142
PR016356,2025-06-14,6,MC038,EMP0085,276,325
PR016357,2025-06-14,6,MC037,EMP0144,287,325
PR016358,2025-06-14,6,MC039,EMP0065,292,325
PR016359,2025-06-15,1,MC004,EMP0007,56,181
PR016360,2025-06-15,1,MC007,EMP0030,45,181
PR016361,2025-06-15,1,MC008,EMP0025,54,181
PR016362,2025-06-15,1,MC005,EMP0119,51,181
PR016363,2025-06-15,1,MC001,EMP0168,53,181
PR016364,2025-06-15,1,MC003,EMP0094,57,181
PR016365,2025-06-15,1,MC002,EMP0130,55,181
PR016366,2025-06-15,2,MC014,EMP0020,35,120
PR016367,2025-06-15,2,MC017,EMP0089,34,120
PR016368,2025-06-15,2,MC016,EMP0041,31,120
PR016369,2025-06-15,2,MC013,EMP0095,34,120
PR016370,2025-06-15,2,MC011,EMP0001,33,120
PR016371,2025-06-15,2,MC010,EMP0140,31,120
PR016372,2025-06-15,2,MC009,EMP0031,37,120
PR016373,2025-06-15,2,MC018,EMP0040,33,120
PR016374,2025-06-15,3,MC023,EMP0134,41,158
PR016375,2025-06-15,3,MC022,EMP0172,47,158
PR016376,2025-06-15,3,MC021,EMP0055,45,158
PR016377,2025-06-15,3,MC019,EMP0033,33,158
PR016378,2025-06-15,3,MC020,EMP0172,43,158
PR016379,2025-06-15,4,MC026,EMP0071,70,200
PR016380,2025-06-15,4,MC029,EMP0049,65,200
PR016381,2025-06-15,4,MC028,EMP0049,53,200
PR016382,2025-06-15,4,MC025,EMP0153,62,200
PR016383,2025-06-15,5,MC031,EMP0068,42,142
PR016384,2025-06-15,5,MC034,EMP0058,36,142
PR016385,2025-06-15,5,MC033,EMP0165,39,142
PR016386,2025-06-15,5,MC035,EMP0028,43,142
PR016387,2025-06-15,5,MC030,EMP0058,43,142
PR016388,2025-06-15,6,MC037,EMP0053,81,325
PR016389,2025-06-15,6,MC039,EMP0155,93,325
PR016390,2025-06-15,6,MC038,EMP0152,99,325
PR016391,2025-06-16,1,MC006,EMP0061,153,181
PR016392,2025-06-16,1,MC002,EMP0073,160,181
PR016393,2025-06-16,1,MC004,EMP0130,139,181
PR016394,2025-06-16,1,MC001,EMP0151,143,181
PR016395,2025-06-16,1,MC005,EMP0054,162,181
PR016396,2025-06-16,1,MC003,EMP0162,150,181
PR016397,2025-06-16,2,MC014,EMP0117,83,120
PR016398,2025-06-16,2,MC017,EMP0148,103,120
PR016399,2025-06-16,2,MC009,EMP0146,78,120
PR016400,2025-06-16,2,MC012,EMP0139,101,120
PR016401,2025-06-16,2,MC016,EMP0026,101,120
PR016402,2025-06-16,2,MC018,EMP0074,98,120
PR016403,2025-06-16,2,MC011,EMP0067,93,120
PR016404,2025-06-16,2,MC013,EMP0133,99,120
PR016405,2025-06-16,3,MC023,EMP0179,130,158
PR016406,2025-06-16,3,MC019,EMP0010,140,158
PR016407,2025-06-16,3,MC022,EMP0180,123,158
PR016408,2025-06-16,3,MC020,EMP0033,129,158
PR016409,2025-06-16,4,MC026,EMP0087,179,200
PR016410,2025-06-16,4,MC028,EMP0050,160,200
PR016411,2025-06-16,4,MC025,EMP0011,162,200
PR016412,2025-06-16,4,MC027,EMP0153,180,200
PR016413,2025-06-16,5,MC035,EMP0145,116,142
PR016414,2025-06-16,5,MC032,EMP0150,118,142
PR016415,2025-06-16,5,MC030,EMP0164,105,142
PR016416,2025-06-16,5,MC031,EMP0150,125,142
PR016417,2025-06-16,5,MC033,EMP0086,107,142
PR016418,2025-06-16,6,MC037,EMP0171,286,325
PR016419,2025-06-16,6,MC039,EMP0120,275,325
PR016420,2025-06-16,6,MC038,EMP0046,290,325
PR016421,2025-06-17,1,MC002,EMP0057,157,181
PR016422,2025-06-17,1,MC005,EMP0094,136,181
PR016423,2025-06-17,1,MC003,EMP0057,138,181
PR016424,2025-06-17,1,MC006,EMP0160,158,181
PR016425,2025-06-17,1,MC001,EMP0107,150,181
PR016426,2025-06-17,1,MC007,EMP0118,143,181
PR016427,2025-06-17,1,MC004,EMP0061,136,181
PR016428,2025-06-17,2,MC015,EMP0015,93,120
PR016429,2025-06-17,2,MC014,EMP0095,89,120
PR016430,2025-06-17,2,MC017,EMP0103,85,120
PR016431,2025-06-17,2,MC018,EMP0116,99,120
PR016432,2025-06-17,2,MC012,EMP0173,107,120
PR016433,2025-06-17,2,MC013,EMP0031,95,120
PR016434,2025-06-17,2,MC009,EMP0170,96,120
PR016435,2025-06-17,2,MC011,EMP0026,95,120
PR016436,2025-06-17,3,MC024,EMP0039,135,158
PR016437,2025-06-17,3,MC019,EMP0111,128,158
PR016438,2025-06-17,3,MC022,EMP0034,133,158
PR016439,2025-06-17,3,MC020,EMP0125,131,158
PR016440,2025-06-17,4,MC026,EMP0059,162,200
PR016441,2025-06-17,4,MC025,EMP0153,184,200
PR016442,2025-06-17,4,MC028,EMP0014,202,200
PR016443,2025-06-17,5,MC032,EMP0150,121,142
PR016444,2025-06-17,5,MC030,EMP0150,93,142
PR016445,2025-06-17,5,MC034,EMP0150,114,142
PR016446,2025-06-17,5,MC035,EMP0086,121,142
PR016447,2025-06-17,5,MC031,EMP0101,127,142
PR016448,2025-06-17,6,MC037,EMP0046,311,325
PR016449,2025-06-17,6,MC039,EMP0120,243,325
PR016450,2025-06-17,6,MC036,EMP0155,303,325
PR016451,2025-06-18,1,MC003,EMP0066,151,181
PR016452,2025-06-18,1,MC002,EMP0110,142,181
PR016453,2025-06-18,1,MC008,EMP0057,142,181
PR016454,2025-06-18,1,MC001,EMP0005,136,181
PR016455,2025-06-18,1,MC007,EMP0030,140,181
PR016456,2025-06-18,1,MC004,EMP0032,151,181
PR016457,2025-06-18,1,MC006,EMP0005,141,181
PR016458,2025-06-18,2,MC010,EMP0012,103,120
PR016459,2025-06-18,2,MC011,EMP0081,97,120
PR016460,2025-06-18,2,MC016,EMP0089,109,120
PR016461,2025-06-18,2,MC009,EMP0089,114,120
PR016462,2025-06-18,2,MC012,EMP0004,99,120
PR016463,2025-06-18,2,MC014,EMP0089,89,120
PR016464,2025-06-18,2,MC017,EMP0035,92,120
PR016465,2025-06-18,3,MC022,EMP0159,136,158
PR016466,2025-06-18,3,MC019,EMP0111,142,158
PR016467,2025-06-18,3,MC020,EMP0084,126,158
PR016468,2025-06-18,3,MC023,EMP0039,139,158
PR016469,2025-06-18,3,MC021,EMP0082,134,158
PR016470,2025-06-18,4,MC029,EMP0050,177,200
PR016471,2025-06-18,4,MC027,EMP0154,157,200
PR016472,2025-06-18,4,MC026,EMP0087,192,200
PR016473,2025-06-18,4,MC028,EMP0062,179,200
PR016474,2025-06-18,5,MC033,EMP0086,115,142
PR016475,2025-06-18,5,MC035,EMP0096,119,142
PR016476,2025-06-18,5,MC032,EMP0028,122,142
PR016477,2025-06-18,5,MC034,EMP0080,101,142
PR016478,2025-06-18,5,MC030,EMP0150,111,142
PR016479,2025-06-18,6,MC037,EMP0100,288,325
PR016480,2025-06-18,6,MC038,EMP0120,284,325
PR016481,2025-06-18,6,MC036,EMP0155,247,325
PR016482,2025-06-19,1,MC006,EMP0118,144,181
PR016483,2025-06-19,1,MC001,EMP0017,144,181
PR016484,2025-06-19,1,MC008,EMP0018,127,181
PR016485,2025-06-19,1,MC003,EMP0075,146,181
PR016486,2025-06-19,1,MC002,EMP0151,159,181
PR016487,2025-06-19,1,MC007,EMP0177,146,181
PR016488,2025-06-19,2,MC014,EMP0095,113,120
PR016489,2025-06-19,2,MC013,EMP0148,97,120
PR016490,2025-06-19,2,MC015,EMP0146,93,120
PR016491,2025-06-19,2,MC012,EMP0169,92,120
PR016492,2025-06-19,2,MC011,EMP0027,104,120
PR016493,2025-06-19,2,MC010,EMP0012,109,120
PR016494,2025-06-19,2,MC009,EMP0138,99,120
PR016495,2025-06-19,2,MC018,EMP0114,117,120
PR016496,2025-06-19,3,MC024,EMP0159,114,158
PR016497,2025-06-19,3,MC019,EMP0179,127,158
PR016498,2025-06-19,3,MC021,EMP0069,133,158
PR016499,2025-06-19,3,MC020,EMP0029,119,158
PR016500,2025-06-19,3,MC022,EMP0134,110,158
PR016501,2025-06-19,4,MC026,EMP0121,173,200
PR016502,2025-06-19,4,MC029,EMP0002,185,200
PR016503,2025-06-19,4,MC027,EMP0174,169,200
PR016504,2025-06-19,4,MC025,EMP0121,187,200
PR016505,2025-06-19,5,MC031,EMP0068,128,142
PR016506,2025-06-19,5,MC035,EMP0068,103,142
PR016507,2025-06-19,5,MC034,EMP0101,118,142
PR016508,2025-06-19,5,MC032,EMP0150,98,142
PR016509,2025-06-19,6,MC036,EMP0046,279,325
PR016510,2025-06-19,6,MC038,EMP0085,269,325
PR016511,2025-06-19,6,MC037,EMP0053,301,325
PR016512,2025-06-20,1,MC005,EMP0018,125,181
PR016513,2025-06-20,1,MC001,EMP0102,111,181
PR016514,2025-06-20,1,MC006,EMP0073,135,181
PR016515,2025-06-20,1,MC002,EMP0167,137,181
PR016516,2025-06-20,1,MC003,EMP0176,135,181
PR016517,2025-06-20,1,MC008,EMP0130,124,181
PR016518,2025-06-20,2,MC016,EMP0051,76,120
PR016519,2025-06-20,2,MC010,EMP0146,81,120
PR016520,2025-06-20,2,MC013,EMP0138,66,120
PR016521,2025-06-20,2,MC018,EMP0031,78,120
PR016522,2025-06-20,2,MC014,EMP0133,73,120
PR016523,2025-06-20,2,MC015,EMP0147,90,120
PR016524,2025-06-20,2,MC012,EMP0012,84,120
PR016525,2025-06-20,2,MC011,EMP0024,91,120
PR016526,2025-06-20,3,MC020,EMP0039,96,158
PR016527,2025-06-20,3,MC021,EMP0069,113,158
PR016528,2025-06-20,3,MC019,EMP0180,111,158
PR016529,2025-06-20,3,MC023,EMP0084,105,158
PR016530,2025-06-20,3,MC022,EMP0078,115,158
PR016531,2025-06-20,4,MC025,EMP0132,159,200
PR016532,2025-06-20,4,MC026,EMP0156,135,200
PR016533,2025-06-20,4,MC029,EMP0049,161,200
PR016534,2025-06-20,4,MC027,EMP0011,170,200
PR016535,2025-06-20,5,MC030,EMP0060,107,142
PR016536,2025-06-20,5,MC032,EMP0164,95,142
PR016537,2025-06-20,5,MC035,EMP0150,102,142
PR016538,2025-06-20,5,MC031,EMP0165,90,142
PR016539,2025-06-20,6,MC039,EMP0155,256,325
PR016540,2025-06-20,6,MC038,EMP0065,247,325
PR016541,2025-06-20,6,MC037,EMP0142,216,325
PR016542,2025-06-21,1,MC004,EMP0092,150,181
PR016543,2025-06-21,1,MC007,EMP0168,148,181
PR016544,2025-06-21,1,MC006,EMP0151,137,181
PR016545,2025-06-21,1,MC002,EMP0017,146,181
PR016546,2025-06-21,1,MC003,EMP0030,140,181
PR016547,2025-06-21,1,MC008,EMP0007,163,181
PR016548,2025-06-21,1,MC005,EMP0075,147,181
PR016549,2025-06-21,2,MC010,EMP0009,103,120
PR016550,2025-06-21,2,MC011,EMP0105,92,120
PR016551,2025-06-21,2,MC015,EMP0021,102,120
PR016552,2025-06-21,2,MC014,EMP0135,97,120
PR016553,2025-06-21,2,MC018,EMP0027,105,120
PR016554,2025-06-21,2,MC012,EMP0115,97,120
PR016555,2025-06-21,2,MC013,EMP0004,83,120
PR016556,2025-06-21,3,MC024,EMP0033,135,158
PR016557,2025-06-21,3,MC022,EMP0172,118,158
PR016558,2025-06-21,3,MC023,EMP0134,136,158
PR016559,2025-06-21,3,MC021,EMP0029,102,158
PR016560,2025-06-21,4,MC028,EMP0022,183,200
PR016561,2025-06-21,4,MC025,EMP0019,184,200
PR016562,2025-06-21,4,MC027,EMP0019,199,200
PR016563,2025-06-21,5,MC032,EMP0086,100,142
PR016564,2025-06-21,5,MC030,EMP0003,112,142
PR016565,2025-06-21,5,MC033,EMP0086,126,142
PR016566,2025-06-21,5,MC031,EMP0080,111,142
PR016567,2025-06-21,5,MC035,EMP0164,118,142
PR016568,2025-06-21,6,MC036,EMP0152,284,325
PR016569,2025-06-21,6,MC038,EMP0142,312,325
PR016570,2025-06-21,6,MC039,EMP0065,275,325
PR016571,2025-06-22,1,MC005,EMP0075,49,181
PR016572,2025-06-22,1,MC003,EMP0073,52,181
PR016573,2025-06-22,1,MC002,EMP0008,45,181
PR016574,2025-06-22,1,MC006,EMP0092,51,181
PR016575,2025-06-22,1,MC001,EMP0177,48,181
PR016576,2025-06-22,1,MC008,EMP0104,46,181
PR016577,2025-06-22,2,MC013,EMP0036,28,120
PR016578,2025-06-22,2,MC010,EMP0083,37,120
PR016579,2025-06-22,2,MC017,EMP0035,30,120
PR016580,2025-06-22,2,MC014,EMP0114,31,120
PR016581,2025-06-22,2,MC012,EMP0129,37,120
PR016582,2025-06-22,2,MC016,EMP0170,33,120
PR016583,2025-06-22,2,MC015,EMP0115,33,120
PR016584,2025-06-22,2,MC011,EMP0146,38,120
PR016585,2025-06-22,3,MC024,EMP0124,45,158
PR016586,2025-06-22,3,MC019,EMP0111,47,158
PR016587,2025-06-22,3,MC020,EMP0125,41,158
PR016588,2025-06-22,3,MC022,EMP0016,50,158
PR016589,2025-06-22,4,MC027,EMP0108,69,200
PR016590,2025-06-22,4,MC026,EMP0014,71,200
PR016591,2025-06-22,4,MC029,EMP0050,66,200
PR016592,2025-06-22,4,MC025,EMP0127,58,200
PR016593,2025-06-22,5,MC035,EMP0096,39,142
PR016594,2025-06-22,5,MC031,EMP0101,44,142
PR016595,2025-06-22,5,MC030,EMP0101,34,142
PR016596,2025-06-22,5,MC033,EMP0164,39,142
PR016597,2025-06-22,5,MC032,EMP0028,39,142
PR016598,2025-06-22,6,MC038,EMP0152,96,325
PR016599,2025-06-22,6,MC036,EMP0142,82,325
PR016600,2025-06-22,6,MC039,EMP0152,87,325
PR016601,2025-06-23,1,MC005,EMP0054,137,181
PR016602,2025-06-23,1,MC001,EMP0030,151,181
PR016603,2025-06-23,1,MC006,EMP0126,150,181
PR016604,2025-06-23,1,MC007,EMP0030,149,181
PR016605,2025-06-23,1,MC008,EMP0107,143,181
PR016606,2025-06-23,1,MC003,EMP0118,157,181
PR016607,2025-06-23,1,MC004,EMP0037,143,181
PR016608,2025-06-23,2,MC009,EMP0148,97,120
PR016609,2025-06-23,2,MC014,EMP0079,93,120
PR016610,2025-06-23,2,MC013,EMP0128,102,120
PR016611,2025-06-23,2,MC011,EMP0148,85,120
PR016612,2025-06-23,2,MC012,EMP0045,101,120
PR016613,2025-06-23,2,MC018,EMP0105,96,120
PR016614,2025-06-23,2,MC010,EMP0106,101,120
PR016615,2025-06-23,2,MC016,EMP0169,94,120
PR016616,2025-06-23,3,MC021,EMP0034,129,158
PR016617,2025-06-23,3,MC019,EMP0159,128,158
PR016618,2025-06-23,3,MC022,EMP0084,99,158
PR016619,2025-06-23,3,MC024,EMP0013,137,158
PR016620,2025-06-23,4,MC025,EMP0109,147,200
PR016621,2025-06-23,4,MC029,EMP0087,175,200
PR016622,2025-06-23,4,MC026,EMP0002,176,200
PR016623,2025-06-23,4,MC028,EMP0011,177,200
PR016624,2025-06-23,5,MC031,EMP0068,123,142
PR016625,2025-06-23,5,MC034,EMP0068,111,142
PR016626,2025-06-23,5,MC035,EMP0060,121,142
PR016627,2025-06-23,5,MC030,EMP0058,125,142
PR016628,2025-06-23,6,MC038,EMP0065,268,325
PR016629,2025-06-23,6,MC039,EMP0142,283,325
PR016630,2025-06-23,6,MC037,EMP0085,303,325
PR016631,2025-06-24,1,MC001,EMP0126,147,181
PR016632,2025-06-24,1,MC008,EMP0160,134,181
PR016633,2025-06-24,1,MC005,EMP0130,146,181
PR016634,2025-06-24,1,MC002,EMP0130,147,181
PR016635,2025-06-24,1,MC006,EMP0163,152,181
PR016636,2025-06-24,1,MC004,EMP0054,145,181
PR016637,2025-06-24,2,MC015,EMP0067,92,120
PR016638,2025-06-24,2,MC013,EMP0157,97,120
PR016639,2025-06-24,2,MC009,EMP0095,104,120
PR016640,2025-06-24,2,MC012,EMP0116,104,120
PR016641,2025-06-24,2,MC014,EMP0114,107,120
PR016642,2025-06-24,2,MC018,EMP0098,84,120
PR016643,2025-06-24,2,MC010,EMP0035,95,120
PR016644,2025-06-24,3,MC021,EMP0125,119,158
PR016645,2025-06-24,3,MC023,EMP0082,131,158
PR016646,2025-06-24,3,MC024,EMP0134,133,158
PR016647,2025-06-24,3,MC020,EMP0010,124,158
PR016648,2025-06-24,3,MC022,EMP0010,114,158
PR016649,2025-06-24,4,MC026,EMP0002,170,200
PR016650,2025-06-24,4,MC028,EMP0093,204,200
PR016651,2025-06-24,4,MC027,EMP0059,151,200
PR016652,2025-06-24,4,MC025,EMP0174,187,200
PR016653,2025-06-24,5,MC033,EMP0150,116,142
PR016654,2025-06-24,5,MC031,EMP0150,105,142
PR016655,2025-06-24,5,MC035,EMP0101,120,142
PR016656,2025-06-24,5,MC032,EMP0150,113,142
PR016657,2025-06-24,5,MC030,EMP0003,111,142
PR016658,2025-06-24,6,MC039,EMP0142,264,325
PR016659,2025-06-24,6,MC037,EMP0053,262,325
PR016660,2025-06-24,6,MC038,EMP0152,273,325
PR016661,2025-06-25,1,MC007,EMP0073,140,181
PR016662,2025-06-25,1,MC003,EMP0107,179,181
PR016663,2025-06-25,1,MC004,EMP0075,160,181
PR016664,2025-06-25,1,MC002,EMP0119,151,181
PR016665,2025-06-25,1,MC008,EMP0104,160,181
PR016666,2025-06-25,1,MC005,EMP0141,148,181
PR016667,2025-06-25,1,MC001,EMP0163,135,181
PR016668,2025-06-25,2,MC011,EMP0035,92,120
PR016669,2025-06-25,2,MC016,EMP0076,104,120
PR016670,2025-06-25,2,MC010,EMP0117,102,120
PR016671,2025-06-25,2,MC014,EMP0114,99,120
PR016672,2025-06-25,2,MC013,EMP0012,100,120
PR016673,2025-06-25,2,MC009,EMP0035,100,120
PR016674,2025-06-25,2,MC015,EMP0173,92,120
PR016675,2025-06-25,2,MC018,EMP0113,100,120
PR016676,2025-06-25,3,MC020,EMP0134,117,158
PR016677,2025-06-25,3,MC022,EMP0029,132,158
PR016678,2025-06-25,3,MC019,EMP0122,119,158
PR016679,2025-06-25,3,MC021,EMP0069,136,158
PR016680,2025-06-25,4,MC027,EMP0087,199,200
PR016681,2025-06-25,4,MC026,EMP0127,166,200
PR016682,2025-06-25,4,MC029,EMP0121,175,200
PR016683,2025-06-25,4,MC025,EMP0049,143,200
PR016684,2025-06-25,5,MC035,EMP0080,134,142
PR016685,2025-06-25,5,MC031,EMP0101,122,142
PR016686,2025-06-25,5,MC034,EMP0080,112,142
PR016687,2025-06-25,5,MC032,EMP0056,107,142
PR016688,2025-06-25,5,MC030,EMP0056,108,142
PR016689,2025-06-25,6,MC036,EMP0120,290,325
PR016690,2025-06-25,6,MC039,EMP0065,273,325
PR016691,2025-06-25,6,MC037,EMP0142,261,325
PR016692,2025-06-26,1,MC008,EMP0092,156,181
PR016693,2025-06-26,1,MC007,EMP0044,127,181
PR016694,2025-06-26,1,MC006,EMP0054,150,181
PR016695,2025-06-26,1,MC003,EMP0168,137,181
PR016696,2025-06-26,1,MC002,EMP0037,140,181
PR016697,2025-06-26,1,MC001,EMP0052,150,181
PR016698,2025-06-26,2,MC009,EMP0123,95,120
PR016699,2025-06-26,2,MC012,EMP0012,87,120
PR016700,2025-06-26,2,MC018,EMP0157,90,120
PR016701,2025-06-26,2,MC014,EMP0040,100,120
PR016702,2025-06-26,2,MC013,EMP0036,101,120
PR016703,2025-06-26,2,MC016,EMP0009,87,120
PR016704,2025-06-26,2,MC010,EMP0135,94,120
PR016705,2025-06-26,2,MC015,EMP0026,102,120
PR016706,2025-06-26,2,MC011,EMP0041,100,120
PR016707,2025-06-26,3,MC020,EMP0016,128,158
PR016708,2025-06-26,3,MC023,EMP0136,124,158
PR016709,2025-06-26,3,MC022,EMP0143,134,158
PR016710,2025-06-26,3,MC024,EMP0172,108,158
PR016711,2025-06-26,3,MC019,EMP0006,138,158
PR016712,2025-06-26,4,MC025,EMP0071,193,200
PR016713,2025-06-26,4,MC026,EMP0043,172,200
PR016714,2025-06-26,4,MC027,EMP0049,182,200
PR016715,2025-06-26,4,MC028,EMP0043,177,200
PR016716,2025-06-26,5,MC031,EMP0086,117,142
PR016717,2025-06-26,5,MC030,EMP0086,106,142
PR016718,2025-06-26,5,MC033,EMP0086,117,142
PR016719,2025-06-26,5,MC035,EMP0096,103,142
PR016720,2025-06-26,5,MC032,EMP0028,106,142
PR016721,2025-06-26,6,MC038,EMP0120,283,325
PR016722,2025-06-26,6,MC039,EMP0171,270,325
PR016723,2025-06-26,6,MC037,EMP0171,271,325
PR016724,2025-06-27,1,MC006,EMP0005,134,181
PR016725,2025-06-27,1,MC007,EMP0030,128,181
PR016726,2025-06-27,1,MC005,EMP0162,116,181
PR016727,2025-06-27,1,MC008,EMP0018,140,181
PR016728,2025-06-27,1,MC001,EMP0176,104,181
PR016729,2025-06-27,1,MC004,EMP0052,132,181
PR016730,2025-06-27,1,MC002,EMP0017,118,181
PR016731,2025-06-27,2,MC010,EMP0070,88,120
PR016732,2025-06-27,2,MC017,EMP0147,89,120
PR016733,2025-06-27,2,MC015,EMP0139,80,120
PR016734,2025-06-27,2,MC011,EMP0076,78,120
PR016735,2025-06-27,2,MC012,EMP0116,84,120
PR016736,2025-06-27,2,MC014,EMP0035,82,120
PR016737,2025-06-27,2,MC016,EMP0024,91,120
PR016738,2025-06-27,3,MC019,EMP0055,99,158
PR016739,2025-06-27,3,MC022,EMP0124,112,158
PR016740,2025-06-27,3,MC020,EMP0055,103,158
PR016741,2025-06-27,3,MC023,EMP0125,101,158
PR016742,2025-06-27,4,MC029,EMP0131,152,200
PR016743,2025-06-27,4,MC026,EMP0011,160,200
PR016744,2025-06-27,4,MC025,EMP0071,158,200
PR016745,2025-06-27,4,MC027,EMP0062,153,200
PR016746,2025-06-27,5,MC033,EMP0068,101,142
PR016747,2025-06-27,5,MC032,EMP0028,84,142
PR016748,2025-06-27,5,MC035,EMP0056,107,142
PR016749,2025-06-27,5,MC030,EMP0058,90,142
PR016750,2025-06-27,5,MC034,EMP0060,98,142
PR016751,2025-06-27,6,MC037,EMP0100,225,325
PR016752,2025-06-27,6,MC039,EMP0144,208,325
PR016753,2025-06-27,6,MC038,EMP0120,228,325
PR016754,2025-06-28,1,MC006,EMP0161,177,181
PR016755,2025-06-28,1,MC004,EMP0176,140,181
PR016756,2025-06-28,1,MC007,EMP0162,176,181
PR016757,2025-06-28,1,MC008,EMP0160,149,181
PR016758,2025-06-28,1,MC005,EMP0161,162,181
PR016759,2025-06-28,1,MC002,EMP0075,161,181
PR016760,2025-06-28,1,MC003,EMP0160,166,181
PR016761,2025-06-28,2,MC012,EMP0148,98,120
PR016762,2025-06-28,2,MC015,EMP0116,95,120
PR016763,2025-06-28,2,MC010,EMP0129,105,120
PR016764,2025-06-28,2,MC014,EMP0115,103,120
PR016765,2025-06-28,2,MC009,EMP0147,100,120
PR016766,2025-06-28,2,MC016,EMP0105,95,120
PR016767,2025-06-28,2,MC017,EMP0031,86,120
PR016768,2025-06-28,2,MC018,EMP0031,92,120
PR016769,2025-06-28,3,MC019,EMP0064,125,158
PR016770,2025-06-28,3,MC020,EMP0034,116,158
PR016771,2025-06-28,3,MC023,EMP0033,129,158
PR016772,2025-06-28,3,MC021,EMP0179,137,158
PR016773,2025-06-28,3,MC024,EMP0099,136,158
PR016774,2025-06-28,4,MC025,EMP0109,176,200
PR016775,2025-06-28,4,MC028,EMP0108,186,200
PR016776,2025-06-28,4,MC029,EMP0071,154,200
PR016777,2025-06-28,4,MC026,EMP0175,176,200
PR016778,2025-06-28,5,MC030,EMP0164,97,142
PR016779,2025-06-28,5,MC035,EMP0058,119,142
PR016780,2025-06-28,5,MC033,EMP0060,112,142
PR016781,2025-06-28,5,MC031,EMP0058,113,142
PR016782,2025-06-28,5,MC034,EMP0086,118,142
PR016783,2025-06-28,6,MC037,EMP0142,284,325
PR016784,2025-06-28,6,MC038,EMP0053,295,325
PR016785,2025-06-28,6,MC039,EMP0144,262,325
PR016786,2025-06-29,1,MC006,EMP0168,45,181
PR016787,2025-06-29,1,MC005,EMP0075,54,181
PR016788,2025-06-29,1,MC007,EMP0160,54,181
PR016789,2025-06-29,1,MC008,EMP0107,51,181
PR016790,2025-06-29,1,MC002,EMP0088,60,181
PR016791,2025-06-29,1,MC003,EMP0072,52,181
PR016792,2025-06-29,2,MC009,EMP0138,34,120
PR016793,2025-06-29,2,MC012,EMP0015,37,120
PR016794,2025-06-29,2,MC017,EMP0079,32,120
PR016795,2025-06-29,2,MC015,EMP0133,34,120
PR016796,2025-06-29,2,MC016,EMP0157,35,120
PR016797,2025-06-29,2,MC018,EMP0170,37,120
PR016798,2025-06-29,2,MC010,EMP0031,32,120
PR016799,2025-06-29,2,MC011,EMP0001,36,120
PR016800,2025-06-29,3,MC024,EMP0034,46,158
PR016801,2025-06-29,3,MC022,EMP0172,44,158
PR016802,2025-06-29,3,MC021,EMP0159,45,158
PR016803,2025-06-29,3,MC020,EMP0029,42,158
PR016804,2025-06-29,3,MC023,EMP0111,39,158
PR016805,2025-06-29,4,MC026,EMP0174,56,200
PR016806,2025-06-29,4,MC028,EMP0175,58,200
PR016807,2025-06-29,4,MC027,EMP0156,62,200
PR016808,2025-06-29,4,MC025,EMP0132,67,200
PR016809,2025-06-29,5,MC033,EMP0086,36,142
PR016810,2025-06-29,5,MC035,EMP0145,43,142
PR016811,2025-06-29,5,MC034,EMP0096,38,142
PR016812,2025-06-29,5,MC030,EMP0150,42,142
PR016813,2025-06-29,6,MC036,EMP0144,99,325
PR016814,2025-06-29,6,MC038,EMP0155,92,325
PR016815,2025-06-29,6,MC037,EMP0053,94,325
PR016816,2025-06-30,1,MC003,EMP0137,140,181
PR016817,2025-06-30,1,MC002,EMP0037,149,181
PR016818,2025-06-30,1,MC006,EMP0162,138,181
PR016819,2025-06-30,1,MC001,EMP0160,153,181
PR016820,2025-06-30,1,MC008,EMP0007,140,181
PR016821,2025-06-30,1,MC004,EMP0061,163,181
PR016822,2025-06-30,1,MC007,EMP0052,170,181
PR016823,2025-06-30,2,MC015,EMP0148,99,120
PR016824,2025-06-30,2,MC018,EMP0133,101,120
PR016825,2025-06-30,2,MC017,EMP0146,95,120
PR016826,2025-06-30,2,MC009,EMP0063,99,120
PR016827,2025-06-30,2,MC011,EMP0021,99,120
PR016828,2025-06-30,2,MC010,EMP0027,88,120
PR016829,2025-06-30,2,MC016,EMP0129,100,120
PR016830,2025-06-30,2,MC013,EMP0123,101,120
PR016831,2025-06-30,2,MC014,EMP0103,104,120
PR016832,2025-06-30,3,MC024,EMP0033,130,158
PR016833,2025-06-30,3,MC019,EMP0055,137,158
PR016834,2025-06-30,3,MC022,EMP0016,137,158
PR016835,2025-06-30,3,MC023,EMP0111,133,158
PR016836,2025-06-30,3,MC021,EMP0016,134,158
PR016837,2025-06-30,4,MC026,EMP0002,188,200
PR016838,2025-06-30,4,MC028,EMP0153,183,200
PR016839,2025-06-30,4,MC027,EMP0109,190,200
PR016840,2025-06-30,5,MC034,EMP0150,114,142
PR016841,2025-06-30,5,MC030,EMP0080,106,142
PR016842,2025-06-30,5,MC035,EMP0068,116,142
PR016843,2025-06-30,5,MC031,EMP0058,117,142
PR016844,2025-06-30,5,MC032,EMP0086,93,142
PR016845,2025-06-30,6,MC036,EMP0144,305,325
PR016846,2025-06-30,6,MC038,EMP0053,287,325
PR016847,2025-06-30,6,MC039,EMP0144,286,325
PR016848,2025-07-01,1,MC002,EMP0032,164,181
PR016849,2025-07-01,1,MC006,EMP0005,172,181
PR016850,2025-07-01,1,MC004,EMP0163,149,181
PR016851,2025-07-01,1,MC003,EMP0018,135,181
PR016852,2025-07-01,1,MC005,EMP0052,176,181
PR016853,2025-07-01,1,MC008,EMP0037,149,181
PR016854,2025-07-01,1,MC007,EMP0110,151,181
PR016855,2025-07-01,2,MC018,EMP0139,98,120
PR016856,2025-07-01,2,MC017,EMP0012,99,120
PR016857,2025-07-01,2,MC015,EMP0027,117,120
PR016858,2025-07-01,2,MC009,EMP0106,108,120
PR016859,2025-07-01,2,MC016,EMP0123,101,120
PR016860,2025-07-01,2,MC013,EMP0114,94,120
PR016861,2025-07-01,2,MC012,EMP0036,99,120
PR016862,2025-07-01,2,MC011,EMP0139,89,120
PR016863,2025-07-01,2,MC010,EMP0077,98,120
PR016864,2025-07-01,3,MC023,EMP0084,136,158
PR016865,2025-07-01,3,MC019,EMP0179,132,158
PR016866,2025-07-01,3,MC020,EMP0099,113,158
PR016867,2025-07-01,3,MC021,EMP0006,130,158
PR016868,2025-07-01,3,MC022,EMP0124,131,158
PR016869,2025-07-01,4,MC027,EMP0043,175,200
PR016870,2025-07-01,4,MC025,EMP0050,191,200
PR016871,2025-07-01,4,MC029,EMP0023,179,200
PR016872,2025-07-01,4,MC026,EMP0059,198,200
PR016873,2025-07-01,5,MC030,EMP0165,110,142
PR016874,2025-07-01,5,MC035,EMP0145,132,142
PR016875,2025-07-01,5,MC034,EMP0164,106,142
PR016876,2025-07-01,5,MC033,EMP0145,96,142
PR016877,2025-07-01,5,MC031,EMP0101,124,142
PR016878,2025-07-01,6,MC039,EMP0053,268,325
PR016879,2025-07-01,6,MC037,EMP0120,276,325
PR016880,2025-07-01,6,MC038,EMP0144,264,325
PR016881,2025-07-02,1,MC008,EMP0118,174,181
PR016882,2025-07-02,1,MC003,EMP0107,147,181
PR016883,2025-07-02,1,MC006,EMP0161,161,181
PR016884,2025-07-02,1,MC005,EMP0054,141,181
PR016885,2025-07-02,1,MC004,EMP0160,146,181
PR016886,2025-07-02,1,MC007,EMP0073,131,181
PR016887,2025-07-02,2,MC014,EMP0135,103,120
PR016888,2025-07-02,2,MC011,EMP0149,92,120
PR016889,2025-07-02,2,MC016,EMP0074,102,120
PR016890,2025-07-02,2,MC017,EMP0083,88,120
PR016891,2025-07-02,2,MC010,EMP0133,103,120
PR016892,2025-07-02,2,MC009,EMP0133,87,120
PR016893,2025-07-02,2,MC013,EMP0012,97,120
PR016894,2025-07-02,2,MC018,EMP0063,100,120
PR016895,2025-07-02,3,MC021,EMP0013,130,158
PR016896,2025-07-02,3,MC023,EMP0013,134,158
PR016897,2025-07-02,3,MC019,EMP0055,118,158
PR016898,2025-07-02,3,MC020,EMP0084,131,158
PR016899,2025-07-02,3,MC022,EMP0111,140,158
PR016900,2025-07-02,4,MC029,EMP0002,186,200
PR016901,2025-07-02,4,MC028,EMP0023,183,200
PR016902,2025-07-02,4,MC025,EMP0156,190,200
PR016903,2025-07-02,4,MC026,EMP0023,199,200
PR016904,2025-07-02,5,MC033,EMP0056,122,142
PR016905,2025-07-02,5,MC034,EMP0058,111,142
PR016906,2025-07-02,5,MC031,EMP0080,128,142
PR016907,2025-07-02,5,MC035,EMP0165,109,142
PR016908,2025-07-02,5,MC032,EMP0150,98,142
PR016909,2025-07-02,6,MC038,EMP0085,286,325
PR016910,2025-07-02,6,MC039,EMP0053,293,325
PR016911,2025-07-02,6,MC037,EMP0155,300,325
PR016912,2025-07-03,1,MC007,EMP0061,153,181
PR016913,2025-07-03,1,MC006,EMP0007,136,181
PR016914,2025-07-03,1,MC004,EMP0104,136,181
PR016915,2025-07-03,1,MC003,EMP0102,146,181
PR016916,2025-07-03,1,MC001,EMP0107,122,181
PR016917,2025-07-03,1,MC008,EMP0176,156,181
PR016918,2025-07-03,2,MC013,EMP0138,99,120
PR016919,2025-07-03,2,MC012,EMP0021,80,120
PR016920,2025-07-03,2,MC015,EMP0048,107,120
PR016921,2025-07-03,2,MC018,EMP0147,92,120
PR016922,2025-07-03,2,MC014,EMP0103,90,120
PR016923,2025-07-03,2,MC017,EMP0067,96,120
PR016924,2025-07-03,2,MC016,EMP0170,92,120
PR016925,2025-07-03,3,MC021,EMP0099,128,158
PR016926,2025-07-03,3,MC023,EMP0082,113,158
PR016927,2025-07-03,3,MC019,EMP0179,142,158
PR016928,2025-07-03,3,MC024,EMP0033,116,158
PR016929,2025-07-03,4,MC028,EMP0175,183,200
PR016930,2025-07-03,4,MC027,EMP0011,165,200
PR016931,2025-07-03,4,MC026,EMP0050,184,200
PR016932,2025-07-03,4,MC025,EMP0049,190,200
PR016933,2025-07-03,5,MC031,EMP0068,119,142
PR016934,2025-07-03,5,MC033,EMP0164,120,142
PR016935,2025-07-03,5,MC030,EMP0060,128,142
PR016936,2025-07-03,5,MC034,EMP0150,114,142
PR016937,2025-07-03,5,MC032,EMP0096,100,142
PR016938,2025-07-03,6,MC039,EMP0100,279,325
PR016939,2025-07-03,6,MC037,EMP0144,259,325
PR016940,2025-07-03,6,MC038,EMP0046,294,325
PR016941,2025-07-04,1,MC005,EMP0037,134,181
PR016942,2025-07-04,1,MC001,EMP0092,135,181
PR016943,2025-07-04,1,MC007,EMP0166,137,181
PR016944,2025-07-04,1,MC006,EMP0162,135,181
PR016945,2025-07-04,1,MC003,EMP0091,133,181
PR016946,2025-07-04,1,MC008,EMP0168,122,181
PR016947,2025-07-04,2,MC010,EMP0095,89,120
PR016948,2025-07-04,2,MC013,EMP0157,79,120
PR016949,2025-07-04,2,MC018,EMP0070,86,120
PR016950,2025-07-04,2,MC014,EMP0083,76,120
PR016951,2025-07-04,2,MC011,EMP0026,86,120
PR016952,2025-07-04,2,MC012,EMP0070,91,120
PR016953,2025-07-04,2,MC017,EMP0026,77,120
PR016954,2025-07-04,2,MC016,EMP0024,93,120
PR016955,2025-07-04,2,MC015,EMP0076,77,120
PR016956,2025-07-04,3,MC022,EMP0055,114,158
PR016957,2025-07-04,3,MC023,EMP0006,115,158
PR016958,2025-07-04,3,MC021,EMP0064,107,158
PR016959,2025-07-04,3,MC024,EMP0010,99,158
PR016960,2025-07-04,3,MC019,EMP0180,108,158
PR016961,2025-07-04,4,MC029,EMP0059,148,200
PR016962,2025-07-04,4,MC025,EMP0154,155,200
PR016963,2025-07-04,4,MC028,EMP0014,173,200
PR016964,2025-07-04,4,MC026,EMP0049,166,200
PR016965,2025-07-04,5,MC034,EMP0028,95,142
PR016966,2025-07-04,5,MC031,EMP0164,103,142
PR016967,2025-07-04,5,MC035,EMP0145,96,142
PR016968,2025-07-04,5,MC032,EMP0086,100,142
PR016969,2025-07-04,5,MC030,EMP0003,93,142
PR016970,2025-07-04,6,MC039,EMP0171,253,325
PR016971,2025-07-04,6,MC036,EMP0100,227,325
PR016972,2025-07-04,6,MC037,EMP0142,261,325
PR016973,2025-07-05,1,MC003,EMP0130,140,181
PR016974,2025-07-05,1,MC002,EMP0044,140,181
PR016975,2025-07-05,1,MC006,EMP0025,125,181
PR016976,2025-07-05,1,MC004,EMP0137,128,181
PR016977,2025-07-05,1,MC007,EMP0161,176,181
PR016978,2025-07-05,1,MC005,EMP0166,152,181
PR016979,2025-07-05,2,MC018,EMP0035,107,120
PR016980,2025-07-05,2,MC016,EMP0090,115,120
PR016981,2025-07-05,2,MC017,EMP0105,105,120
PR016982,2025-07-05,2,MC009,EMP0146,79,120
PR016983,2025-07-05,2,MC015,EMP0036,108,120
PR016984,2025-07-05,2,MC010,EMP0106,106,120
PR016985,2025-07-05,2,MC012,EMP0015,88,120
PR016986,2025-07-05,2,MC013,EMP0128,109,120
PR016987,2025-07-05,3,MC019,EMP0084,134,158
PR016988,2025-07-05,3,MC020,EMP0084,135,158
PR016989,2025-07-05,3,MC022,EMP0033,111,158
PR016990,2025-07-05,3,MC023,EMP0016,120,158
PR016991,2025-07-05,4,MC025,EMP0071,166,200
PR016992,2025-07-05,4,MC026,EMP0174,190,200
PR016993,2025-07-05,4,MC027,EMP0087,190,200
PR016994,2025-07-05,5,MC031,EMP0003,112,142
PR016995,2025-07-05,5,MC035,EMP0101,97,142
PR016996,2025-07-05,5,MC033,EMP0003,103,142
PR016997,2025-07-05,5,MC034,EMP0150,111,142
PR016998,2025-07-05,6,MC038,EMP0120,247,325
PR016999,2025-07-05,6,MC037,EMP0046,285,325
PR017000,2025-07-05,6,MC039,EMP0144,252,325
PR017001,2025-07-06,1,MC006,EMP0119,49,181
PR017002,2025-07-06,1,MC005,EMP0161,46,181
PR017003,2025-07-06,1,MC002,EMP0073,55,181
PR017004,2025-07-06,1,MC008,EMP0032,64,181
PR017005,2025-07-06,1,MC001,EMP0057,45,181
PR017006,2025-07-06,1,MC004,EMP0088,50,181
PR017007,2025-07-06,2,MC011,EMP0147,30,120
PR017008,2025-07-06,2,MC010,EMP0157,33,120
PR017009,2025-07-06,2,MC013,EMP0048,34,120
PR017010,2025-07-06,2,MC017,EMP0074,31,120
PR017011,2025-07-06,2,MC015,EMP0035,37,120
PR017012,2025-07-06,2,MC009,EMP0009,36,120
PR017013,2025-07-06,2,MC018,EMP0036,34,120
PR017014,2025-07-06,3,MC022,EMP0078,46,158
PR017015,2025-07-06,3,MC021,EMP0111,42,158
PR017016,2025-07-06,3,MC019,EMP0064,44,158
PR017017,2025-07-06,3,MC024,EMP0134,43,158
PR017018,2025-07-06,3,MC020,EMP0078,50,158
PR017019,2025-07-06,4,MC025,EMP0156,68,200
PR017020,2025-07-06,4,MC029,EMP0022,60,200
PR017021,2025-07-06,4,MC028,EMP0071,59,200
PR017022,2025-07-06,4,MC027,EMP0109,63,200
PR017023,2025-07-06,5,MC034,EMP0086,42,142
PR017024,2025-07-06,5,MC030,EMP0003,39,142
PR017025,2025-07-06,5,MC031,EMP0165,42,142
PR017026,2025-07-06,5,MC033,EMP0068,38,142
PR017027,2025-07-06,6,MC036,EMP0142,97,325
PR017028,2025-07-06,6,MC038,EMP0171,114,325
PR017029,2025-07-06,6,MC037,EMP0046,89,325
PR017030,2025-07-07,1,MC006,EMP0054,151,181
PR017031,2025-07-07,1,MC005,EMP0110,156,181
PR017032,2025-07-07,1,MC001,EMP0137,145,181
PR017033,2025-07-07,1,MC003,EMP0126,144,181
PR017034,2025-07-07,1,MC008,EMP0102,145,181
PR017035,2025-07-07,1,MC002,EMP0102,150,181
PR017036,2025-07-07,2,MC018,EMP0139,106,120
PR017037,2025-07-07,2,MC009,EMP0106,100,120
PR017038,2025-07-07,2,MC016,EMP0090,90,120
PR017039,2025-07-07,2,MC011,EMP0041,112,120
PR017040,2025-07-07,2,MC015,EMP0048,103,120
PR017041,2025-07-07,2,MC014,EMP0089,85,120
PR017042,2025-07-07,2,MC017,EMP0063,117,120
PR017043,2025-07-07,2,MC013,EMP0045,96,120
PR017044,2025-07-07,3,MC020,EMP0069,125,158
PR017045,2025-07-07,3,MC023,EMP0143,132,158
PR017046,2025-07-07,3,MC024,EMP0111,126,158
PR017047,2025-07-07,3,MC021,EMP0124,121,158
PR017048,2025-07-07,4,MC029,EMP0121,164,200
PR017049,2025-07-07,4,MC026,EMP0121,202,200
PR017050,2025-07-07,4,MC025,EMP0059,163,200
PR017051,2025-07-07,5,MC030,EMP0003,102,142
PR017052,2025-07-07,5,MC033,EMP0086,108,142
PR017053,2025-07-07,5,MC034,EMP0003,121,142
PR017054,2025-07-07,5,MC031,EMP0165,114,142
PR017055,2025-07-07,5,MC035,EMP0096,112,142
PR017056,2025-07-07,6,MC037,EMP0144,257,325
PR017057,2025-07-07,6,MC039,EMP0100,265,325
PR017058,2025-07-07,6,MC038,EMP0065,261,325
PR017059,2025-07-08,1,MC005,EMP0102,127,181
PR017060,2025-07-08,1,MC006,EMP0141,144,181
PR017061,2025-07-08,1,MC002,EMP0110,137,181
PR017062,2025-07-08,1,MC001,EMP0030,134,181
PR017063,2025-07-08,1,MC007,EMP0118,170,181
PR017064,2025-07-08,1,MC004,EMP0052,162,181
PR017065,2025-07-08,2,MC015,EMP0026,108,120
PR017066,2025-07-08,2,MC018,EMP0117,102,120
PR017067,2025-07-08,2,MC011,EMP0116,101,120
PR017068,2025-07-08,2,MC012,EMP0115,93,120
PR017069,2025-07-08,2,MC009,EMP0117,101,120
PR017070,2025-07-08,2,MC017,EMP0149,114,120
PR017071,2025-07-08,2,MC016,EMP0105,96,120
PR017072,2025-07-08,2,MC010,EMP0063,87,120
PR017073,2025-07-08,2,MC013,EMP0089,96,120
PR017074,2025-07-08,3,MC024,EMP0069,127,158
PR017075,2025-07-08,3,MC019,EMP0159,116,158
PR017076,2025-07-08,3,MC023,EMP0055,145,158
PR017077,2025-07-08,3,MC020,EMP0124,120,158
PR017078,2025-07-08,3,MC022,EMP0010,104,158
PR017079,2025-07-08,4,MC028,EMP0071,167,200
PR017080,2025-07-08,4,MC026,EMP0014,180,200
PR017081,2025-07-08,4,MC025,EMP0043,180,200
PR017082,2025-07-08,4,MC029,EMP0062,175,200
PR017083,2025-07-08,5,MC030,EMP0028,124,142
PR017084,2025-07-08,5,MC033,EMP0096,112,142
PR017085,2025-07-08,5,MC034,EMP0028,104,142
PR017086,2025-07-08,5,MC032,EMP0165,120,142
PR017087,2025-07-08,5,MC031,EMP0150,102,142
PR017088,2025-07-08,6,MC036,EMP0155,237,325
PR017089,2025-07-08,6,MC039,EMP0053,290,325
PR017090,2025-07-08,6,MC037,EMP0155,248,325
PR017091,2025-07-09,1,MC003,EMP0061,144,181
PR017092,2025-07-09,1,MC004,EMP0066,140,181
PR017093,2025-07-09,1,MC002,EMP0162,156,181
PR017094,2025-07-09,1,MC006,EMP0162,139,181
PR017095,2025-07-09,1,MC005,EMP0037,151,181
PR017096,2025-07-09,1,MC008,EMP0102,163,181
PR017097,2025-07-09,2,MC016,EMP0004,104,120
PR017098,2025-07-09,2,MC011,EMP0036,102,120
PR017099,2025-07-09,2,MC014,EMP0157,93,120
PR017100,2025-07-09,2,MC012,EMP0042,110,120
PR017101,2025-07-09,2,MC010,EMP0083,103,120
PR017102,2025-07-09,2,MC013,EMP0076,96,120
PR017103,2025-07-09,2,MC015,EMP0169,95,120
PR017104,2025-07-09,2,MC017,EMP0128,105,120
PR017105,2025-07-09,2,MC009,EMP0051,111,120
PR017106,2025-07-09,3,MC020,EMP0084,132,158
PR017107,2025-07-09,3,MC019,EMP0124,124,158
PR017108,2025-07-09,3,MC021,EMP0029,117,158
PR017109,2025-07-09,3,MC024,EMP0084,117,158
PR017110,2025-07-09,4,MC025,EMP0087,160,200
PR017111,2025-07-09,4,MC026,EMP0127,169,200
PR017112,2025-07-09,4,MC028,EMP0132,196,200
PR017113,2025-07-09,4,MC029,EMP0175,186,200
PR017114,2025-07-09,5,MC034,EMP0056,119,142
PR017115,2025-07-09,5,MC035,EMP0060,121,142
PR017116,2025-07-09,5,MC032,EMP0165,114,142
PR017117,2025-07-09,5,MC033,EMP0165,123,142
PR017118,2025-07-09,5,MC031,EMP0165,116,142
PR017119,2025-07-09,6,MC039,EMP0155,286,325
PR017120,2025-07-09,6,MC037,EMP0152,265,325
PR017121,2025-07-09,6,MC036,EMP0053,266,325
PR017122,2025-07-10,1,MC007,EMP0008,150,181
PR017123,2025-07-10,1,MC008,EMP0037,163,181
PR017124,2025-07-10,1,MC003,EMP0061,143,181
PR017125,2025-07-10,1,MC004,EMP0073,153,181
PR017126,2025-07-10,1,MC005,EMP0072,137,181
PR017127,2025-07-10,1,MC006,EMP0166,152,181
PR017128,2025-07-10,1,MC001,EMP0118,138,181
PR017129,2025-07-10,2,MC017,EMP0146,89,120
PR017130,2025-07-10,2,MC013,EMP0148,99,120
PR017131,2025-07-10,2,MC010,EMP0045,91,120
PR017132,2025-07-10,2,MC014,EMP0083,94,120
PR017133,2025-07-10,2,MC015,EMP0001,107,120
PR017134,2025-07-10,2,MC009,EMP0149,92,120
PR017135,2025-07-10,2,MC011,EMP0140,97,120
PR017136,2025-07-10,2,MC016,EMP0128,112,120
PR017137,2025-07-10,2,MC012,EMP0079,103,120
PR017138,2025-07-10,3,MC022,EMP0069,120,158
PR017139,2025-07-10,3,MC023,EMP0034,134,158
PR017140,2025-07-10,3,MC019,EMP0039,139,158
PR017141,2025-07-10,3,MC020,EMP0039,141,158
PR017142,2025-07-10,4,MC025,EMP0049,173,200
PR017143,2025-07-10,4,MC027,EMP0011,177,200
PR017144,2025-07-10,4,MC028,EMP0050,203,200
PR017145,2025-07-10,4,MC029,EMP0156,191,200
PR017146,2025-07-10,5,MC031,EMP0165,110,142
PR017147,2025-07-10,5,MC035,EMP0164,111,142
PR017148,2025-07-10,5,MC032,EMP0080,113,142
PR017149,2025-07-10,5,MC033,EMP0058,102,142
PR017150,2025-07-10,6,MC038,EMP0085,238,325
PR017151,2025-07-10,6,MC039,EMP0085,256,325
PR017152,2025-07-10,6,MC036,EMP0046,297,325
PR017153,2025-07-11,1,MC003,EMP0005,124,181
PR017154,2025-07-11,1,MC006,EMP0032,113,181
PR017155,2025-07-11,1,MC002,EMP0088,126,181
PR017156,2025-07-11,1,MC005,EMP0038,139,181
PR017157,2025-07-11,1,MC007,EMP0054,100,181
PR017158,2025-07-11,1,MC004,EMP0017,128,181
PR017159,2025-07-11,1,MC008,EMP0054,112,181
PR017160,2025-07-11,2,MC016,EMP0009,84,120
PR017161,2025-07-11,2,MC014,EMP0147,91,120
PR017162,2025-07-11,2,MC009,EMP0123,92,120
PR017163,2025-07-11,2,MC010,EMP0077,94,120
PR017164,2025-07-11,2,MC012,EMP0021,80,120
PR017165,2025-07-11,2,MC013,EMP0001,76,120
PR017166,2025-07-11,2,MC017,EMP0103,80,120
PR017167,2025-07-11,2,MC011,EMP0148,78,120
PR017168,2025-07-11,3,MC021,EMP0069,102,158
PR017169,2025-07-11,3,MC022,EMP0099,119,158
PR017170,2025-07-11,3,MC019,EMP0078,124,158
PR017171,2025-07-11,3,MC023,EMP0099,96,158
PR017172,2025-07-11,3,MC020,EMP0039,111,158
PR017173,2025-07-11,4,MC029,EMP0059,154,200
PR017174,2025-07-11,4,MC027,EMP0011,141,200
PR017175,2025-07-11,4,MC025,EMP0156,149,200
PR017176,2025-07-11,5,MC032,EMP0003,108,142
PR017177,2025-07-11,5,MC033,EMP0164,96,142
PR017178,2025-07-11,5,MC031,EMP0068,102,142
PR017179,2025-07-11,5,MC030,EMP0096,83,142
PR017180,2025-07-11,6,MC036,EMP0085,251,325
PR017181,2025-07-11,6,MC039,EMP0120,223,325
PR017182,2025-07-11,6,MC038,EMP0142,235,325
PR017183,2025-07-12,1,MC006,EMP0176,147,181
PR017184,2025-07-12,1,MC002,EMP0158,135,181
PR017185,2025-07-12,1,MC005,EMP0030,127,181
PR017186,2025-07-12,1,MC008,EMP0054,143,181
PR017187,2025-07-12,1,MC007,EMP0151,156,181
PR017188,2025-07-12,1,MC003,EMP0130,165,181
PR017189,2025-07-12,2,MC015,EMP0098,87,120
PR017190,2025-07-12,2,MC017,EMP0077,86,120
PR017191,2025-07-12,2,MC011,EMP0001,98,120
PR017192,2025-07-12,2,MC012,EMP0067,104,120
PR017193,2025-07-12,2,MC014,EMP0009,83,120
PR017194,2025-07-12,2,MC009,EMP0026,87,120
PR017195,2025-07-12,2,MC010,EMP0106,85,120
PR017196,2025-07-12,2,MC016,EMP0070,95,120
PR017197,2025-07-12,3,MC022,EMP0111,122,158
PR017198,2025-07-12,3,MC020,EMP0099,131,158
PR017199,2025-07-12,3,MC021,EMP0159,133,158
PR017200,2025-07-12,3,MC019,EMP0134,127,158
PR017201,2025-07-12,4,MC026,EMP0156,200,200
PR017202,2025-07-12,4,MC028,EMP0002,174,200
PR017203,2025-07-12,4,MC027,EMP0071,180,200
PR017204,2025-07-12,4,MC029,EMP0050,178,200
PR017205,2025-07-12,5,MC032,EMP0150,122,142
PR017206,2025-07-12,5,MC030,EMP0060,99,142
PR017207,2025-07-12,5,MC033,EMP0145,139,142
PR017208,2025-07-12,5,MC034,EMP0068,109,142
PR017209,2025-07-12,5,MC031,EMP0164,126,142
PR017210,2025-07-12,6,MC037,EMP0155,273,325
PR017211,2025-07-12,6,MC036,EMP0053,251,325
PR017212,2025-07-12,6,MC038,EMP0100,245,325
PR017213,2025-07-13,1,MC005,EMP0017,54,181
PR017214,2025-07-13,1,MC006,EMP0061,53,181
PR017215,2025-07-13,1,MC002,EMP0032,56,181
PR017216,2025-07-13,1,MC003,EMP0091,55,181
PR017217,2025-07-13,1,MC008,EMP0075,54,181
PR017218,2025-07-13,1,MC007,EMP0137,52,181
PR017219,2025-07-13,2,MC010,EMP0051,35,120
PR017220,2025-07-13,2,MC009,EMP0095,34,120
PR017221,2025-07-13,2,MC015,EMP0140,35,120
PR017222,2025-07-13,2,MC016,EMP0106,34,120
PR017223,2025-07-13,2,MC011,EMP0115,34,120
PR017224,2025-07-13,2,MC013,EMP0036,35,120
PR017225,2025-07-13,2,MC018,EMP0048,35,120
PR017226,2025-07-13,2,MC014,EMP0009,30,120
PR017227,2025-07-13,2,MC017,EMP0147,36,120
PR017228,2025-07-13,3,MC020,EMP0055,42,158
PR017229,2025-07-13,3,MC021,EMP0122,42,158
PR017230,2025-07-13,3,MC022,EMP0122,45,158
PR017231,2025-07-13,3,MC024,EMP0084,50,158
PR017232,2025-07-13,3,MC023,EMP0039,45,158
PR017233,2025-07-13,4,MC028,EMP0093,70,200
PR017234,2025-07-13,4,MC029,EMP0174,61,200
PR017235,2025-07-13,4,MC025,EMP0043,65,200
PR017236,2025-07-13,5,MC032,EMP0060,39,142
PR017237,2025-07-13,5,MC033,EMP0058,39,142
PR017238,2025-07-13,5,MC035,EMP0068,37,142
PR017239,2025-07-13,5,MC031,EMP0164,36,142
PR017240,2025-07-13,5,MC034,EMP0086,35,142
PR017241,2025-07-13,6,MC036,EMP0142,100,325
PR017242,2025-07-13,6,MC038,EMP0144,102,325
PR017243,2025-07-13,6,MC037,EMP0065,92,325
PR017244,2025-07-14,1,MC008,EMP0044,149,181
PR017245,2025-07-14,1,MC003,EMP0030,151,181
PR017246,2025-07-14,1,MC007,EMP0112,143,181
PR017247,2025-07-14,1,MC002,EMP0005,132,181
PR017248,2025-07-14,1,MC005,EMP0112,167,181
PR017249,2025-07-14,1,MC001,EMP0158,166,181
PR017250,2025-07-14,1,MC006,EMP0025,172,181
PR017251,2025-07-14,2,MC013,EMP0024,104,120
PR017252,2025-07-14,2,MC011,EMP0083,85,120
PR017253,2025-07-14,2,MC018,EMP0079,103,120
PR017254,2025-07-14,2,MC015,EMP0031,104,120
PR017255,2025-07-14,2,MC014,EMP0146,99,120
PR017256,2025-07-14,2,MC009,EMP0115,104,120
PR017257,2025-07-14,2,MC016,EMP0024,84,120
PR017258,2025-07-14,2,MC017,EMP0098,110,120
PR017259,2025-07-14,2,MC010,EMP0113,119,120
PR017260,2025-07-14,3,MC023,EMP0029,135,158
PR017261,2025-07-14,3,MC019,EMP0180,149,158
PR017262,2025-07-14,3,MC021,EMP0010,117,158
PR017263,2025-07-14,3,MC024,EMP0006,134,158
PR017264,2025-07-14,3,MC022,EMP0180,120,158
PR017265,2025-07-14,4,MC028,EMP0011,160,200
PR017266,2025-07-14,4,MC027,EMP0049,191,200
PR017267,2025-07-14,4,MC026,EMP0153,197,200
PR017268,2025-07-14,4,MC025,EMP0109,195,200
PR017269,2025-07-14,5,MC034,EMP0058,124,142
PR017270,2025-07-14,5,MC030,EMP0086,120,142
PR017271,2025-07-14,5,MC032,EMP0060,117,142
PR017272,2025-07-14,5,MC033,EMP0056,121,142
PR017273,2025-07-14,5,MC035,EMP0028,115,142
PR017274,2025-07-14,6,MC038,EMP0171,297,325
PR017275,2025-07-14,6,MC037,EMP0065,269,325
PR017276,2025-07-14,6,MC039,EMP0152,298,325
PR017277,2025-07-15,1,MC008,EMP0110,137,181
PR017278,2025-07-15,1,MC006,EMP0007,160,181
PR017279,2025-07-15,1,MC007,EMP0112,156,181
PR017280,2025-07-15,1,MC003,EMP0102,151,181
PR017281,2025-07-15,1,MC002,EMP0118,165,181
PR017282,2025-07-15,1,MC005,EMP0017,127,181
PR017283,2025-07-15,2,MC010,EMP0015,104,120
PR017284,2025-07-15,2,MC013,EMP0147,111,120
PR017285,2025-07-15,2,MC009,EMP0024,99,120
PR017286,2025-07-15,2,MC017,EMP0012,89,120
PR017287,2025-07-15,2,MC012,EMP0047,92,120
PR017288,2025-07-15,2,MC011,EMP0103,108,120
PR017289,2025-07-15,2,MC014,EMP0079,88,120
PR017290,2025-07-15,2,MC015,EMP0148,101,120
PR017291,2025-07-15,2,MC018,EMP0129,102,120
PR017292,2025-07-15,3,MC021,EMP0143,127,158
PR017293,2025-07-15,3,MC024,EMP0179,131,158
PR017294,2025-07-15,3,MC023,EMP0034,127,158
PR017295,2025-07-15,3,MC022,EMP0159,121,158
PR017296,2025-07-15,4,MC026,EMP0043,165,200
PR017297,2025-07-15,4,MC028,EMP0131,175,200
PR017298,2025-07-15,4,MC027,EMP0059,172,200
PR017299,2025-07-15,4,MC029,EMP0050,147,200
PR017300,2025-07-15,5,MC030,EMP0101,94,142
PR017301,2025-07-15,5,MC035,EMP0080,126,142
PR017302,2025-07-15,5,MC031,EMP0086,125,142
PR017303,2025-07-15,5,MC032,EMP0003,122,142
PR017304,2025-07-15,5,MC033,EMP0101,106,142
PR017305,2025-07-15,6,MC039,EMP0085,270,325
PR017306,2025-07-15,6,MC036,EMP0152,282,325
PR017307,2025-07-15,6,MC037,EMP0142,304,325
PR017308,2025-07-16,1,MC002,EMP0061,155,181
PR017309,2025-07-16,1,MC003,EMP0025,140,181
PR017310,2025-07-16,1,MC001,EMP0061,165,181
PR017311,2025-07-16,1,MC007,EMP0163,148,181
PR017312,2025-07-16,1,MC006,EMP0044,157,181
PR017313,2025-07-16,1,MC005,EMP0091,188,181
PR017314,2025-07-16,2,MC012,EMP0170,94,120
PR017315,2025-07-16,2,MC014,EMP0147,94,120
PR017316,2025-07-16,2,MC009,EMP0047,104,120
PR017317,2025-07-16,2,MC011,EMP0001,90,120
PR017318,2025-07-16,2,MC013,EMP0138,93,120
PR017319,2025-07-16,2,MC018,EMP0173,96,120
PR017320,2025-07-16,2,MC010,EMP0138,95,120
PR017321,2025-07-16,3,MC019,EMP0016,125,158
PR017322,2025-07-16,3,MC020,EMP0078,126,158
PR017323,2025-07-16,3,MC021,EMP0099,117,158
PR017324,2025-07-16,3,MC022,EMP0134,120,158
PR017325,2025-07-16,3,MC024,EMP0039,145,158
PR017326,2025-07-16,4,MC029,EMP0043,181,200
PR017327,2025-07-16,4,MC025,EMP0132,186,200
PR017328,2025-07-16,4,MC026,EMP0174,169,200
PR017329,2025-07-16,4,MC028,EMP0093,163,200
PR017330,2025-07-16,5,MC032,EMP0068,96,142
PR017331,2025-07-16,5,MC031,EMP0145,119,142
PR017332,2025-07-16,5,MC030,EMP0145,131,142
PR017333,2025-07-16,5,MC035,EMP0056,113,142
PR017334,2025-07-16,5,MC033,EMP0058,120,142
PR017335,2025-07-16,6,MC038,EMP0144,266,325
PR017336,2025-07-16,6,MC039,EMP0053,248,325
PR017337,2025-07-16,6,MC036,EMP0053,228,325
PR017338,2025-07-17,1,MC003,EMP0032,146,181
PR017339,2025-07-17,1,MC007,EMP0141,127,181
PR017340,2025-07-17,1,MC001,EMP0130,147,181
PR017341,2025-07-17,1,MC006,EMP0038,176,181
PR017342,2025-07-17,1,MC004,EMP0110,148,181
PR017343,2025-07-17,1,MC005,EMP0110,132,181
PR017344,2025-07-17,1,MC008,EMP0075,133,181
PR017345,2025-07-17,2,MC010,EMP0178,92,120
PR017346,2025-07-17,2,MC012,EMP0042,98,120
PR017347,2025-07-17,2,MC013,EMP0138,98,120
PR017348,2025-07-17,2,MC014,EMP0070,93,120
PR017349,2025-07-17,2,MC018,EMP0045,95,120
PR017350,2025-07-17,2,MC017,EMP0178,97,120
PR017351,2025-07-17,2,MC015,EMP0089,113,120
PR017352,2025-07-17,2,MC009,EMP0113,97,120
PR017353,2025-07-17,3,MC021,EMP0029,131,158
PR017354,2025-07-17,3,MC024,EMP0033,134,158
PR017355,2025-07-17,3,MC022,EMP0006,140,158
PR017356,2025-07-17,3,MC019,EMP0136,135,158
PR017357,2025-07-17,3,MC020,EMP0179,127,158
PR017358,2025-07-17,4,MC026,EMP0050,154,200
PR017359,2025-07-17,4,MC028,EMP0109,169,200
PR017360,2025-07-17,4,MC027,EMP0132,177,200
PR017361,2025-07-17,4,MC029,EMP0062,180,200
PR017362,2025-07-17,5,MC032,EMP0080,111,142
PR017363,2025-07-17,5,MC035,EMP0060,111,142
PR017364,2025-07-17,5,MC034,EMP0101,117,142
PR017365,2025-07-17,5,MC031,EMP0096,103,142
PR017366,2025-07-17,5,MC030,EMP0028,114,142
PR017367,2025-07-17,6,MC039,EMP0142,270,325
PR017368,2025-07-17,6,MC038,EMP0155,323,325
PR017369,2025-07-17,6,MC037,EMP0142,242,325
PR017370,2025-07-18,1,MC007,EMP0104,132,181
PR017371,2025-07-18,1,MC004,EMP0119,125,181
PR017372,2025-07-18,1,MC002,EMP0097,111,181
PR017373,2025-07-18,1,MC005,EMP0112,114,181
PR017374,2025-07-18,1,MC006,EMP0054,142,181
PR017375,2025-07-18,1,MC008,EMP0163,142,181
PR017376,2025-07-18,2,MC016,EMP0021,83,120
PR017377,2025-07-18,2,MC013,EMP0140,99,120
PR017378,2025-07-18,2,MC009,EMP0079,79,120
PR017379,2025-07-18,2,MC015,EMP0035,79,120
PR017380,2025-07-18,2,MC017,EMP0178,75,120
PR017381,2025-07-18,2,MC014,EMP0015,72,120
PR017382,2025-07-18,2,MC011,EMP0090,84,120
PR017383,2025-07-18,2,MC010,EMP0113,92,120
PR017384,2025-07-18,3,MC024,EMP0180,111,158
PR017385,2025-07-18,3,MC023,EMP0084,121,158
PR017386,2025-07-18,3,MC021,EMP0006,117,158
PR017387,2025-07-18,3,MC022,EMP0084,108,158
PR017388,2025-07-18,4,MC028,EMP0087,136,200
PR017389,2025-07-18,4,MC027,EMP0108,157,200
PR017390,2025-07-18,4,MC029,EMP0154,144,200
PR017391,2025-07-18,4,MC025,EMP0109,152,200
PR017392,2025-07-18,5,MC033,EMP0164,105,142
PR017393,2025-07-18,5,MC034,EMP0068,96,142
PR017394,2025-07-18,5,MC035,EMP0165,102,142
PR017395,2025-07-18,5,MC030,EMP0003,95,142
PR017396,2025-07-18,6,MC036,EMP0085,245,325
PR017397,2025-07-18,6,MC038,EMP0065,241,325
PR017398,2025-07-18,6,MC039,EMP0120,268,325
PR017399,2025-07-19,1,MC003,EMP0119,153,181
PR017400,2025-07-19,1,MC008,EMP0168,130,181
PR017401,2025-07-19,1,MC006,EMP0061,151,181
PR017402,2025-07-19,1,MC001,EMP0066,133,181
PR017403,2025-07-19,1,MC005,EMP0038,144,181
PR017404,2025-07-19,1,MC007,EMP0102,148,181
PR017405,2025-07-19,2,MC016,EMP0098,104,120
PR017406,2025-07-19,2,MC011,EMP0090,88,120
PR017407,2025-07-19,2,MC018,EMP0083,97,120
PR017408,2025-07-19,2,MC010,EMP0001,101,120
PR017409,2025-07-19,2,MC013,EMP0138,97,120
PR017410,2025-07-19,2,MC017,EMP0133,98,120
PR017411,2025-07-19,2,MC014,EMP0114,97,120
PR017412,2025-07-19,2,MC012,EMP0147,93,120
PR017413,2025-07-19,2,MC015,EMP0169,107,120
PR017414,2025-07-19,3,MC022,EMP0082,138,158
PR017415,2025-07-19,3,MC021,EMP0134,125,158
PR017416,2025-07-19,3,MC020,EMP0134,129,158
PR017417,2025-07-19,3,MC019,EMP0082,124,158
PR017418,2025-07-19,3,MC024,EMP0039,138,158
PR017419,2025-07-19,4,MC028,EMP0109,217,200
PR017420,2025-07-19,4,MC029,EMP0154,190,200
PR017421,2025-07-19,4,MC026,EMP0156,197,200
PR017422,2025-07-19,4,MC027,EMP0023,197,200
PR017423,2025-07-19,5,MC034,EMP0068,110,142
PR017424,2025-07-19,5,MC030,EMP0145,102,142
PR017425,2025-07-19,5,MC033,EMP0028,82,142
PR017426,2025-07-19,5,MC032,EMP0164,109,142
PR017427,2025-07-19,5,MC031,EMP0165,114,142
PR017428,2025-07-19,6,MC038,EMP0171,292,325
PR017429,2025-07-19,6,MC039,EMP0085,292,325
PR017430,2025-07-19,6,MC036,EMP0085,265,325
PR017431,2025-07-20,1,MC004,EMP0054,45,181
PR017432,2025-07-20,1,MC003,EMP0094,51,181
PR017433,2025-07-20,1,MC006,EMP0044,59,181
PR017434,2025-07-20,1,MC007,EMP0088,48,181
PR017435,2025-07-20,1,MC001,EMP0166,58,181
PR017436,2025-07-20,1,MC005,EMP0137,50,181
PR017437,2025-07-20,1,MC008,EMP0166,53,181
PR017438,2025-07-20,2,MC018,EMP0170,39,120
PR017439,2025-07-20,2,MC015,EMP0021,34,120
PR017440,2025-07-20,2,MC012,EMP0036,35,120
PR017441,2025-07-20,2,MC010,EMP0067,36,120
PR017442,2025-07-20,2,MC013,EMP0027,34,120
PR017443,2025-07-20,2,MC011,EMP0098,33,120
PR017444,2025-07-20,2,MC014,EMP0063,34,120
PR017445,2025-07-20,2,MC009,EMP0024,34,120
PR017446,2025-07-20,3,MC022,EMP0143,45,158
PR017447,2025-07-20,3,MC021,EMP0124,44,158
PR017448,2025-07-20,3,MC019,EMP0069,39,158
PR017449,2025-07-20,3,MC023,EMP0143,50,158
PR017450,2025-07-20,3,MC024,EMP0039,39,158
PR017451,2025-07-20,4,MC028,EMP0059,60,200
PR017452,2025-07-20,4,MC026,EMP0049,65,200
PR017453,2025-07-20,4,MC029,EMP0049,73,200
PR017454,2025-07-20,5,MC031,EMP0080,42,142
PR017455,2025-07-20,5,MC034,EMP0101,39,142
PR017456,2025-07-20,5,MC033,EMP0165,37,142
PR017457,2025-07-20,5,MC032,EMP0086,35,142
PR017458,2025-07-20,5,MC030,EMP0060,42,142
PR017459,2025-07-20,6,MC036,EMP0100,98,325
PR017460,2025-07-20,6,MC037,EMP0152,94,325
PR017461,2025-07-20,6,MC039,EMP0120,113,325
PR017462,2025-07-21,1,MC004,EMP0072,146,181
PR017463,2025-07-21,1,MC002,EMP0166,147,181
PR017464,2025-07-21,1,MC007,EMP0007,157,181
PR017465,2025-07-21,1,MC008,EMP0166,156,181
PR017466,2025-07-21,1,MC001,EMP0044,119,181
PR017467,2025-07-21,1,MC003,EMP0066,167,181
PR017468,2025-07-21,1,MC006,EMP0126,135,181
PR017469,2025-07-21,2,MC014,EMP0036,107,120
PR017470,2025-07-21,2,MC017,EMP0027,97,120
PR017471,2025-07-21,2,MC010,EMP0128,90,120
PR017472,2025-07-21,2,MC015,EMP0026,105,120
PR017473,2025-07-21,2,MC011,EMP0138,97,120
PR017474,2025-07-21,2,MC018,EMP0128,94,120
PR017475,2025-07-21,2,MC012,EMP0148,99,120
PR017476,2025-07-21,3,MC022,EMP0125,120,158
PR017477,2025-07-21,3,MC023,EMP0099,113,158
PR017478,2025-07-21,3,MC019,EMP0122,133,158
PR017479,2025-07-21,3,MC020,EMP0124,131,158
PR017480,2025-07-21,3,MC024,EMP0084,121,158
PR017481,2025-07-21,4,MC027,EMP0153,212,200
PR017482,2025-07-21,4,MC028,EMP0014,163,200
PR017483,2025-07-21,4,MC026,EMP0062,154,200
PR017484,2025-07-21,5,MC033,EMP0028,122,142
PR017485,2025-07-21,5,MC034,EMP0028,96,142
PR017486,2025-07-21,5,MC032,EMP0068,97,142
PR017487,2025-07-21,5,MC031,EMP0060,116,142
PR017488,2025-07-21,5,MC035,EMP0028,118,142
PR017489,2025-07-21,6,MC036,EMP0085,318,325
PR017490,2025-07-21,6,MC037,EMP0144,306,325
PR017491,2025-07-21,6,MC038,EMP0120,252,325
PR017492,2025-07-22,1,MC004,EMP0104,145,181
PR017493,2025-07-22,1,MC002,EMP0102,163,181
PR017494,2025-07-22,1,MC006,EMP0061,164,181
PR017495,2025-07-22,1,MC008,EMP0158,159,181
PR017496,2025-07-22,1,MC003,EMP0119,149,181
PR017497,2025-07-22,1,MC007,EMP0094,151,181
PR017498,2025-07-22,1,MC005,EMP0163,141,181
PR017499,2025-07-22,2,MC015,EMP0015,105,120
PR017500,2025-07-22,2,MC013,EMP0116,104,120
PR017501,2025-07-22,2,MC014,EMP0035,102,120
PR017502,2025-07-22,2,MC011,EMP0042,96,120
PR017503,2025-07-22,2,MC016,EMP0148,98,120
PR017504,2025-07-22,2,MC018,EMP0076,91,120
PR017505,2025-07-22,2,MC009,EMP0133,98,120
PR017506,2025-07-22,2,MC012,EMP0138,100,120
PR017507,2025-07-22,3,MC022,EMP0125,122,158
PR017508,2025-07-22,3,MC019,EMP0136,125,158
PR017509,2025-07-22,3,MC020,EMP0055,122,158
PR017510,2025-07-22,3,MC021,EMP0136,122,158
PR017511,2025-07-22,3,MC023,EMP0179,114,158
PR017512,2025-07-22,4,MC026,EMP0059,181,200
PR017513,2025-07-22,4,MC027,EMP0131,193,200
PR017514,2025-07-22,4,MC028,EMP0071,173,200
PR017515,2025-07-22,4,MC025,EMP0153,175,200
PR017516,2025-07-22,5,MC031,EMP0165,110,142
PR017517,2025-07-22,5,MC032,EMP0003,101,142
PR017518,2025-07-22,5,MC033,EMP0150,109,142
PR017519,2025-07-22,5,MC034,EMP0080,116,142
PR017520,2025-07-22,6,MC038,EMP0144,238,325
PR017521,2025-07-22,6,MC039,EMP0152,299,325
PR017522,2025-07-22,6,MC037,EMP0085,293,325
PR017523,2025-07-23,1,MC003,EMP0038,145,181
PR017524,2025-07-23,1,MC006,EMP0130,161,181
PR017525,2025-07-23,1,MC004,EMP0072,139,181
PR017526,2025-07-23,1,MC008,EMP0091,148,181
PR017527,2025-07-23,1,MC002,EMP0073,142,181
PR017528,2025-07-23,1,MC005,EMP0061,147,181
PR017529,2025-07-23,2,MC017,EMP0133,98,120
PR017530,2025-07-23,2,MC009,EMP0047,101,120
PR017531,2025-07-23,2,MC012,EMP0114,101,120
PR017532,2025-07-23,2,MC015,EMP0047,99,120
PR017533,2025-07-23,2,MC014,EMP0129,93,120
PR017534,2025-07-23,2,MC010,EMP0117,107,120
PR017535,2025-07-23,2,MC016,EMP0020,94,120
PR017536,2025-07-23,2,MC011,EMP0067,78,120
PR017537,2025-07-23,3,MC021,EMP0055,145,158
PR017538,2025-07-23,3,MC024,EMP0180,125,158
PR017539,2025-07-23,3,MC020,EMP0064,130,158
PR017540,2025-07-23,3,MC023,EMP0082,148,158
PR017541,2025-07-23,4,MC028,EMP0153,205,200
PR017542,2025-07-23,4,MC029,EMP0127,162,200
PR017543,2025-07-23,4,MC026,EMP0011,165,200
PR017544,2025-07-23,4,MC027,EMP0002,163,200
PR017545,2025-07-23,5,MC034,EMP0164,120,142
PR017546,2025-07-23,5,MC032,EMP0003,121,142
PR017547,2025-07-23,5,MC030,EMP0164,117,142
PR017548,2025-07-23,5,MC035,EMP0145,119,142
PR017549,2025-07-23,5,MC033,EMP0086,123,142
PR017550,2025-07-23,6,MC036,EMP0142,283,325
PR017551,2025-07-23,6,MC039,EMP0171,299,325
PR017552,2025-07-23,6,MC038,EMP0120,272,325
PR017553,2025-07-24,1,MC008,EMP0130,133,181
PR017554,2025-07-24,1,MC007,EMP0177,140,181
PR017555,2025-07-24,1,MC006,EMP0166,165,181
PR017556,2025-07-24,1,MC003,EMP0112,141,181
PR017557,2025-07-24,1,MC005,EMP0104,153,181
PR017558,2025-07-24,1,MC001,EMP0177,127,181
PR017559,2025-07-24,2,MC018,EMP0147,96,120
PR017560,2025-07-24,2,MC009,EMP0063,88,120
PR017561,2025-07-24,2,MC017,EMP0098,87,120
PR017562,2025-07-24,2,MC011,EMP0048,108,120
PR017563,2025-07-24,2,MC012,EMP0077,106,120
PR017564,2025-07-24,2,MC014,EMP0129,103,120
PR017565,2025-07-24,2,MC013,EMP0020,99,120
PR017566,2025-07-24,3,MC021,EMP0055,131,158
PR017567,2025-07-24,3,MC022,EMP0125,120,158
PR017568,2025-07-24,3,MC024,EMP0099,138,158
PR017569,2025-07-24,3,MC023,EMP0143,126,158
PR017570,2025-07-24,3,MC020,EMP0006,128,158
PR017571,2025-07-24,4,MC028,EMP0071,181,200
PR017572,2025-07-24,4,MC027,EMP0087,166,200
PR017573,2025-07-24,4,MC025,EMP0049,152,200
PR017574,2025-07-24,5,MC035,EMP0003,108,142
PR017575,2025-07-24,5,MC033,EMP0096,108,142
PR017576,2025-07-24,5,MC034,EMP0003,102,142
PR017577,2025-07-24,5,MC032,EMP0086,95,142
PR017578,2025-07-24,5,MC031,EMP0096,109,142
PR017579,2025-07-24,6,MC037,EMP0046,284,325
PR017580,2025-07-24,6,MC038,EMP0155,314,325
PR017581,2025-07-24,6,MC039,EMP0142,276,325
PR017582,2025-07-25,1,MC002,EMP0176,123,181
PR017583,2025-07-25,1,MC003,EMP0073,132,181
PR017584,2025-07-25,1,MC005,EMP0018,127,181
PR017585,2025-07-25,1,MC004,EMP0038,138,181
PR017586,2025-07-25,1,MC001,EMP0160,136,181
PR017587,2025-07-25,1,MC006,EMP0167,107,181
PR017588,2025-07-25,2,MC009,EMP0147,76,120
PR017589,2025-07-25,2,MC010,EMP0042,84,120
PR017590,2025-07-25,2,MC018,EMP0036,91,120
PR017591,2025-07-25,2,MC017,EMP0095,74,120
PR017592,2025-07-25,2,MC011,EMP0036,74,120
PR017593,2025-07-25,2,MC012,EMP0147,70,120
PR017594,2025-07-25,2,MC013,EMP0083,86,120
PR017595,2025-07-25,3,MC021,EMP0039,106,158
PR017596,2025-07-25,3,MC023,EMP0010,113,158
PR017597,2025-07-25,3,MC020,EMP0111,108,158
PR017598,2025-07-25,3,MC019,EMP0034,106,158
PR017599,2025-07-25,3,MC022,EMP0159,104,158
PR017600,2025-07-25,4,MC028,EMP0002,162,200
PR017601,2025-07-25,4,MC027,EMP0087,153,200
PR017602,2025-07-25,4,MC029,EMP0071,143,200
PR017603,2025-07-25,4,MC025,EMP0156,132,200
PR017604,2025-07-25,5,MC031,EMP0101,100,142
PR017605,2025-07-25,5,MC034,EMP0086,95,142
PR017606,2025-07-25,5,MC030,EMP0028,90,142
PR017607,2025-07-25,5,MC032,EMP0101,97,142
PR017608,2025-07-25,5,MC033,EMP0164,92,142
PR017609,2025-07-25,6,MC037,EMP0142,235,325
PR017610,2025-07-25,6,MC039,EMP0171,247,325
PR017611,2025-07-25,6,MC036,EMP0142,256,325
PR017612,2025-07-26,1,MC001,EMP0092,147,181
PR017613,2025-07-26,1,MC002,EMP0118,143,181
PR017614,2025-07-26,1,MC006,EMP0160,143,181
PR017615,2025-07-26,1,MC007,EMP0163,144,181
PR017616,2025-07-26,1,MC003,EMP0037,139,181
PR017617,2025-07-26,1,MC008,EMP0025,143,181
PR017618,2025-07-26,1,MC004,EMP0126,164,181
PR017619,2025-07-26,2,MC018,EMP0027,105,120
PR017620,2025-07-26,2,MC013,EMP0106,88,120
PR017621,2025-07-26,2,MC011,EMP0067,100,120
PR017622,2025-07-26,2,MC010,EMP0139,102,120
PR017623,2025-07-26,2,MC012,EMP0114,100,120
PR017624,2025-07-26,2,MC015,EMP0095,101,120
PR017625,2025-07-26,2,MC009,EMP0027,92,120
PR017626,2025-07-26,2,MC016,EMP0042,103,120
PR017627,2025-07-26,2,MC017,EMP0116,110,120
PR017628,2025-07-26,3,MC020,EMP0029,130,158
PR017629,2025-07-26,3,MC021,EMP0134,142,158
PR017630,2025-07-26,3,MC019,EMP0055,137,158
PR017631,2025-07-26,3,MC024,EMP0029,113,158
PR017632,2025-07-26,4,MC025,EMP0002,169,200
PR017633,2025-07-26,4,MC029,EMP0022,198,200
PR017634,2025-07-26,4,MC028,EMP0121,192,200
PR017635,2025-07-26,4,MC026,EMP0121,183,200
PR017636,2025-07-26,5,MC035,EMP0068,131,142
PR017637,2025-07-26,5,MC032,EMP0028,124,142
PR017638,2025-07-26,5,MC031,EMP0058,120,142
PR017639,2025-07-26,5,MC034,EMP0150,113,142
PR017640,2025-07-26,5,MC033,EMP0096,111,142
PR017641,2025-07-26,6,MC036,EMP0144,290,325
PR017642,2025-07-26,6,MC037,EMP0120,265,325
PR017643,2025-07-26,6,MC038,EMP0085,277,325
PR017644,2025-07-27,1,MC005,EMP0137,56,181
PR017645,2025-07-27,1,MC008,EMP0018,47,181
PR017646,2025-07-27,1,MC006,EMP0017,56,181
PR017647,2025-07-27,1,MC001,EMP0030,50,181
PR017648,2025-07-27,1,MC007,EMP0061,56,181
PR017649,2025-07-27,1,MC004,EMP0107,45,181
PR017650,2025-07-27,1,MC003,EMP0018,49,181
PR017651,2025-07-27,2,MC014,EMP0074,37,120
PR017652,2025-07-27,2,MC013,EMP0015,33,120
PR017653,2025-07-27,2,MC015,EMP0081,37,120
PR017654,2025-07-27,2,MC009,EMP0012,35,120
PR017655,2025-07-27,2,MC010,EMP0103,33,120
PR017656,2025-07-27,2,MC011,EMP0098,31,120
PR017657,2025-07-27,2,MC018,EMP0001,36,120
PR017658,2025-07-27,2,MC012,EMP0133,30,120
PR017659,2025-07-27,3,MC023,EMP0179,46,158
PR017660,2025-07-27,3,MC024,EMP0172,50,158
PR017661,2025-07-27,3,MC019,EMP0016,47,158
PR017662,2025-07-27,3,MC021,EMP0159,47,158
PR017663,2025-07-27,4,MC027,EMP0050,66,200
PR017664,2025-07-27,4,MC026,EMP0127,66,200
PR017665,2025-07-27,4,MC025,EMP0156,71,200
PR017666,2025-07-27,4,MC029,EMP0093,66,200
PR017667,2025-07-27,5,MC035,EMP0096,40,142
PR017668,2025-07-27,5,MC033,EMP0145,34,142
PR017669,2025-07-27,5,MC031,EMP0058,43,142
PR017670,2025-07-27,5,MC034,EMP0058,39,142
PR017671,2025-07-27,5,MC032,EMP0145,41,142
PR017672,2025-07-27,6,MC036,EMP0085,95,325
PR017673,2025-07-27,6,MC039,EMP0085,111,325
PR017674,2025-07-27,6,MC038,EMP0046,92,325
PR017675,2025-07-28,1,MC005,EMP0073,124,181
PR017676,2025-07-28,1,MC006,EMP0094,149,181
PR017677,2025-07-28,1,MC008,EMP0151,158,181
PR017678,2025-07-28,1,MC004,EMP0044,138,181
PR017679,2025-07-28,1,MC007,EMP0107,125,181
PR017680,2025-07-28,1,MC002,EMP0008,149,181
PR017681,2025-07-28,1,MC001,EMP0030,168,181
PR017682,2025-07-28,2,MC012,EMP0115,100,120
PR017683,2025-07-28,2,MC018,EMP0173,109,120
PR017684,2025-07-28,2,MC014,EMP0035,103,120
PR017685,2025-07-28,2,MC011,EMP0074,92,120
PR017686,2025-07-28,2,MC017,EMP0063,105,120
PR017687,2025-07-28,2,MC016,EMP0079,95,120
PR017688,2025-07-28,2,MC009,EMP0106,104,120
PR017689,2025-07-28,2,MC013,EMP0103,91,120
PR017690,2025-07-28,2,MC010,EMP0147,86,120
PR017691,2025-07-28,3,MC022,EMP0006,140,158
PR017692,2025-07-28,3,MC021,EMP0099,125,158
PR017693,2025-07-28,3,MC024,EMP0084,117,158
PR017694,2025-07-28,3,MC023,EMP0010,127,158
PR017695,2025-07-28,3,MC020,EMP0064,138,158
PR017696,2025-07-28,4,MC026,EMP0127,160,200
PR017697,2025-07-28,4,MC028,EMP0175,177,200
PR017698,2025-07-28,4,MC029,EMP0156,142,200
PR017699,2025-07-28,4,MC025,EMP0011,174,200
PR017700,2025-07-28,5,MC034,EMP0080,120,142
PR017701,2025-07-28,5,MC033,EMP0145,125,142
PR017702,2025-07-28,5,MC032,EMP0060,100,142
PR017703,2025-07-28,5,MC031,EMP0056,112,142
PR017704,2025-07-28,5,MC030,EMP0058,113,142
PR017705,2025-07-28,6,MC038,EMP0053,250,325
PR017706,2025-07-28,6,MC037,EMP0120,316,325
PR017707,2025-07-28,6,MC039,EMP0085,297,325
PR017708,2025-07-29,1,MC005,EMP0088,136,181
PR017709,2025-07-29,1,MC008,EMP0162,154,181
PR017710,2025-07-29,1,MC007,EMP0073,135,181
PR017711,2025-07-29,1,MC006,EMP0107,163,181
PR017712,2025-07-29,1,MC001,EMP0066,153,181
PR017713,2025-07-29,1,MC004,EMP0018,176,181
PR017714,2025-07-29,2,MC017,EMP0070,96,120
PR017715,2025-07-29,2,MC012,EMP0031,83,120
PR017716,2025-07-29,2,MC009,EMP0077,97,120
PR017717,2025-07-29,2,MC016,EMP0074,92,120
PR017718,2025-07-29,2,MC013,EMP0004,107,120
PR017719,2025-07-29,2,MC018,EMP0116,90,120
PR017720,2025-07-29,2,MC010,EMP0135,107,120
PR017721,2025-07-29,2,MC011,EMP0114,94,120
PR017722,2025-07-29,3,MC022,EMP0111,134,158
PR017723,2025-07-29,3,MC024,EMP0069,115,158
PR017724,2025-07-29,3,MC021,EMP0078,134,158
PR017725,2025-07-29,3,MC023,EMP0136,125,158
PR017726,2025-07-29,4,MC028,EMP0132,181,200
PR017727,2025-07-29,4,MC029,EMP0093,221,200
PR017728,2025-07-29,4,MC026,EMP0062,199,200
PR017729,2025-07-29,4,MC027,EMP0043,177,200
PR017730,2025-07-29,5,MC032,EMP0060,109,142
PR017731,2025-07-29,5,MC031,EMP0058,115,142
PR017732,2025-07-29,5,MC033,EMP0080,117,142
PR017733,2025-07-29,5,MC030,EMP0150,113,142
PR017734,2025-07-29,5,MC034,EMP0068,115,142
PR017735,2025-07-29,6,MC036,EMP0155,282,325
PR017736,2025-07-29,6,MC039,EMP0144,267,325
PR017737,2025-07-29,6,MC037,EMP0120,302,325
PR017738,2025-07-30,1,MC003,EMP0137,137,181
PR017739,2025-07-30,1,MC002,EMP0005,155,181
PR017740,2025-07-30,1,MC006,EMP0177,157,181
PR017741,2025-07-30,1,MC001,EMP0038,158,181
PR017742,2025-07-30,1,MC008,EMP0141,160,181
PR017743,2025-07-30,1,MC005,EMP0091,127,181
PR017744,2025-07-30,2,MC009,EMP0089,101,120
PR017745,2025-07-30,2,MC012,EMP0135,103,120
PR017746,2025-07-30,2,MC018,EMP0036,105,120
PR017747,2025-07-30,2,MC011,EMP0024,104,120
PR017748,2025-07-30,2,MC017,EMP0105,101,120
PR017749,2025-07-30,2,MC015,EMP0074,102,120
PR017750,2025-07-30,2,MC014,EMP0129,85,120
PR017751,2025-07-30,2,MC010,EMP0106,94,120
PR017752,2025-07-30,2,MC016,EMP0009,96,120
PR017753,2025-07-30,3,MC019,EMP0136,114,158
PR017754,2025-07-30,3,MC020,EMP0029,152,158
PR017755,2025-07-30,3,MC021,EMP0006,135,158
PR017756,2025-07-30,3,MC024,EMP0180,114,158
PR017757,2025-07-30,4,MC027,EMP0023,196,200
PR017758,2025-07-30,4,MC029,EMP0127,155,200
PR017759,2025-07-30,4,MC025,EMP0131,197,200
PR017760,2025-07-30,5,MC035,EMP0003,125,142
PR017761,2025-07-30,5,MC031,EMP0086,97,142
PR017762,2025-07-30,5,MC032,EMP0164,124,142
PR017763,2025-07-30,5,MC034,EMP0165,123,142
PR017764,2025-07-30,5,MC033,EMP0080,111,142
PR017765,2025-07-30,6,MC039,EMP0065,272,325
PR017766,2025-07-30,6,MC038,EMP0152,307,325
PR017767,2025-07-30,6,MC036,EMP0155,285,325
PR017768,2025-07-31,1,MC004,EMP0161,161,181
PR017769,2025-07-31,1,MC007,EMP0094,148,181
PR017770,2025-07-31,1,MC006,EMP0097,160,181
PR017771,2025-07-31,1,MC003,EMP0119,143,181
PR017772,2025-07-31,1,MC008,EMP0176,136,181
PR017773,2025-07-31,1,MC001,EMP0075,153,181
PR017774,2025-07-31,1,MC002,EMP0151,170,181
PR017775,2025-07-31,2,MC018,EMP0149,102,120
PR017776,2025-07-31,2,MC012,EMP0036,81,120
PR017777,2025-07-31,2,MC016,EMP0103,95,120
PR017778,2025-07-31,2,MC017,EMP0098,103,120
PR017779,2025-07-31,2,MC013,EMP0041,91,120
PR017780,2025-07-31,2,MC011,EMP0103,96,120
PR017781,2025-07-31,2,MC015,EMP0035,97,120
PR017782,2025-07-31,2,MC009,EMP0048,118,120
PR017783,2025-07-31,3,MC022,EMP0033,135,158
PR017784,2025-07-31,3,MC023,EMP0069,120,158
PR017785,2025-07-31,3,MC019,EMP0064,132,158
PR017786,2025-07-31,3,MC024,EMP0136,137,158
PR017787,2025-07-31,3,MC021,EMP0084,126,158
PR017788,2025-07-31,4,MC025,EMP0131,165,200
PR017789,2025-07-31,4,MC027,EMP0153,171,200
PR017790,2025-07-31,4,MC029,EMP0023,195,200
PR017791,2025-07-31,4,MC028,EMP0109,159,200
PR017792,2025-07-31,5,MC030,EMP0080,109,142
PR017793,2025-07-31,5,MC034,EMP0165,114,142
PR017794,2025-07-31,5,MC033,EMP0086,137,142
PR017795,2025-07-31,5,MC035,EMP0058,119,142
PR017796,2025-07-31,5,MC031,EMP0058,108,142
PR017797,2025-07-31,6,MC037,EMP0142,267,325
PR017798,2025-07-31,6,MC038,EMP0120,291,325
PR017799,2025-07-31,6,MC036,EMP0120,259,325
PR017800,2025-08-01,1,MC007,EMP0118,153,181
PR017801,2025-08-01,1,MC004,EMP0037,128,181
PR017802,2025-08-01,1,MC006,EMP0005,155,181
PR017803,2025-08-01,1,MC002,EMP0066,181,181
PR017804,2025-08-01,1,MC001,EMP0075,157,181
PR017805,2025-08-01,1,MC003,EMP0097,125,181
PR017806,2025-08-01,2,MC012,EMP0129,101,120
PR017807,2025-08-01,2,MC016,EMP0048,102,120
PR017808,2025-08-01,2,MC011,EMP0149,78,120
PR017809,2025-08-01,2,MC018,EMP0117,89,120
PR017810,2025-08-01,2,MC015,EMP0036,90,120
PR017811,2025-08-01,2,MC014,EMP0148,95,120
PR017812,2025-08-01,2,MC009,EMP0070,89,120
PR017813,2025-08-01,2,MC013,EMP0012,94,120
PR017814,2025-08-01,3,MC019,EMP0016,142,158
PR017815,2025-08-01,3,MC021,EMP0124,133,158
PR017816,2025-08-01,3,MC022,EMP0033,116,158
PR017817,2025-08-01,3,MC023,EMP0180,147,158
PR017818,2025-08-01,3,MC020,EMP0143,141,158
PR017819,2025-08-01,4,MC025,EMP0127,172,200
PR017820,2025-08-01,4,MC027,EMP0014,207,200
PR017821,2025-08-01,4,MC028,EMP0156,183,200
PR017822,2025-08-01,4,MC029,EMP0108,170,200
PR017823,2025-08-01,5,MC034,EMP0164,120,142
PR017824,2025-08-01,5,MC030,EMP0086,115,142
PR017825,2025-08-01,5,MC031,EMP0165,109,142
PR017826,2025-08-01,5,MC032,EMP0165,119,142
PR017827,2025-08-01,6,MC039,EMP0053,289,325
PR017828,2025-08-01,6,MC037,EMP0085,288,325
PR017829,2025-08-01,6,MC038,EMP0144,239,325
PR017830,2025-08-02,1,MC001,EMP0073,184,181
PR017831,2025-08-02,1,MC008,EMP0161,167,181
PR017832,2025-08-02,1,MC002,EMP0110,177,181
PR017833,2025-08-02,1,MC005,EMP0007,177,181
PR017834,2025-08-02,1,MC007,EMP0110,166,181
PR017835,2025-08-02,1,MC003,EMP0168,187,181
PR017836,2025-08-02,2,MC014,EMP0047,103,120
PR017837,2025-08-02,2,MC011,EMP0115,122,120
PR017838,2025-08-02,2,MC012,EMP0149,118,120
PR017839,2025-08-02,2,MC018,EMP0173,105,120
PR017840,2025-08-02,2,MC009,EMP0116,114,120
PR017841,2025-08-02,2,MC015,EMP0115,102,120
PR017842,2025-08-02,2,MC013,EMP0148,124,120
PR017843,2025-08-02,2,MC016,EMP0105,109,120
PR017844,2025-08-02,2,MC017,EMP0149,116,120
PR017845,2025-08-02,3,MC022,EMP0111,149,158
PR017846,2025-08-02,3,MC021,EMP0099,131,158
PR017847,2025-08-02,3,MC023,EMP0084,149,158
PR017848,2025-08-02,3,MC019,EMP0124,144,158
PR017849,2025-08-02,4,MC027,EMP0127,230,200
PR017850,2025-08-02,4,MC026,EMP0156,204,200
PR017851,2025-08-02,4,MC029,EMP0154,188,200
PR017852,2025-08-02,4,MC025,EMP0131,219,200
PR017853,2025-08-02,5,MC033,EMP0060,154,142
PR017854,2025-08-02,5,MC032,EMP0060,143,142
PR017855,2025-08-02,5,MC031,EMP0056,132,142
PR017856,2025-08-02,5,MC034,EMP0068,142,142
PR017857,2025-08-02,5,MC035,EMP0080,140,142
PR017858,2025-08-02,6,MC038,EMP0152,353,325
PR017859,2025-08-02,6,MC039,EMP0065,297,325
PR017860,2025-08-02,6,MC037,EMP0100,298,325
PR017861,2025-08-03,1,MC005,EMP0176,61,181
PR017862,2025-08-03,1,MC007,EMP0102,56,181
PR017863,2025-08-03,1,MC003,EMP0102,62,181
PR017864,2025-08-03,1,MC008,EMP0161,59,181
PR017865,2025-08-03,1,MC001,EMP0110,60,181
PR017866,2025-08-03,1,MC004,EMP0112,68,181
PR017867,2025-08-03,2,MC010,EMP0040,45,120
PR017868,2025-08-03,2,MC018,EMP0012,41,120
PR017869,2025-08-03,2,MC013,EMP0074,45,120
PR017870,2025-08-03,2,MC015,EMP0074,43,120
PR017871,2025-08-03,2,MC016,EMP0169,39,120
PR017872,2025-08-03,2,MC012,EMP0105,43,120
PR017873,2025-08-03,2,MC014,EMP0103,43,120
PR017874,2025-08-03,2,MC009,EMP0169,39,120
PR017875,2025-08-03,3,MC020,EMP0099,54,158
PR017876,2025-08-03,3,MC023,EMP0179,54,158
PR017877,2025-08-03,3,MC022,EMP0055,55,158
PR017878,2025-08-03,3,MC021,EMP0013,53,158
PR017879,2025-08-03,4,MC027,EMP0011,71,200
PR017880,2025-08-03,4,MC025,EMP0175,76,200
PR017881,2025-08-03,4,MC026,EMP0002,61,200
PR017882,2025-08-03,4,MC029,EMP0050,76,200
PR017883,2025-08-03,5,MC033,EMP0145,50,142
PR017884,2025-08-03,5,MC032,EMP0164,38,142
PR017885,2025-08-03,5,MC031,EMP0058,40,142
PR017886,2025-08-03,5,MC030,EMP0056,41,142
PR017887,2025-08-03,5,MC034,EMP0056,44,142
PR017888,2025-08-03,6,MC038,EMP0100,123,325
PR017889,2025-08-03,6,MC036,EMP0100,112,325
PR017890,2025-08-03,6,MC039,EMP0144,106,325
PR017891,2025-08-04,1,MC008,EMP0017,172,181
PR017892,2025-08-04,1,MC001,EMP0054,160,181
PR017893,2025-08-04,1,MC006,EMP0025,170,181
PR017894,2025-08-04,1,MC004,EMP0017,189,181
PR017895,2025-08-04,1,MC003,EMP0176,198,181
PR017896,2025-08-04,1,MC007,EMP0160,176,181
PR017897,2025-08-04,2,MC010,EMP0128,123,120
PR017898,2025-08-04,2,MC011,EMP0063,109,120
PR017899,2025-08-04,2,MC017,EMP0146,105,120
PR017900,2025-08-04,2,MC012,EMP0117,116,120
PR017901,2025-08-04,2,MC013,EMP0103,131,120
PR017902,2025-08-04,2,MC016,EMP0083,110,120
PR017903,2025-08-04,2,MC018,EMP0115,107,120
PR017904,2025-08-04,2,MC009,EMP0117,106,120
PR017905,2025-08-04,2,MC015,EMP0027,113,120
PR017906,2025-08-04,3,MC021,EMP0033,142,158
PR017907,2025-08-04,3,MC024,EMP0172,155,158
PR017908,2025-08-04,3,MC020,EMP0134,146,158
PR017909,2025-08-04,3,MC022,EMP0111,150,158
PR017910,2025-08-04,3,MC019,EMP0082,153,158
PR017911,2025-08-04,4,MC029,EMP0071,224,200
PR017912,2025-08-04,4,MC027,EMP0043,202,200
PR017913,2025-08-04,4,MC026,EMP0175,199,200
PR017914,2025-08-04,4,MC028,EMP0002,203,200
PR017915,2025-08-04,5,MC032,EMP0056,145,142
PR017916,2025-08-04,5,MC031,EMP0150,146,142
PR017917,2025-08-04,5,MC034,EMP0028,135,142
PR017918,2025-08-04,5,MC030,EMP0068,117,142
PR017919,2025-08-04,6,MC037,EMP0065,327,325
PR017920,2025-08-04,6,MC039,EMP0100,330,325
PR017921,2025-08-04,6,MC036,EMP0100,317,325
PR017922,2025-08-05,1,MC004,EMP0107,187,181
PR017923,2025-08-05,1,MC008,EMP0162,170,181
PR017924,2025-08-05,1,MC006,EMP0030,164,181
PR017925,2025-08-05,1,MC007,EMP0119,168,181
PR017926,2025-08-05,1,MC005,EMP0118,192,181
PR017927,2025-08-05,1,MC001,EMP0066,168,181
PR017928,2025-08-05,1,MC002,EMP0052,183,181
PR017929,2025-08-05,2,MC013,EMP0041,125,120
PR017930,2025-08-05,2,MC015,EMP0031,102,120
PR017931,2025-08-05,2,MC012,EMP0090,106,120
PR017932,2025-08-05,2,MC018,EMP0133,110,120
PR017933,2025-08-05,2,MC010,EMP0001,121,120
PR017934,2025-08-05,2,MC017,EMP0042,125,120
PR017935,2025-08-05,2,MC011,EMP0027,107,120
PR017936,2025-08-05,2,MC016,EMP0173,117,120
PR017937,2025-08-05,3,MC019,EMP0069,130,158
PR017938,2025-08-05,3,MC021,EMP0055,166,158
PR017939,2025-08-05,3,MC023,EMP0125,132,158
PR017940,2025-08-05,3,MC020,EMP0033,174,158
PR017941,2025-08-05,3,MC024,EMP0125,147,158
PR017942,2025-08-05,4,MC027,EMP0087,219,200
PR017943,2025-08-05,4,MC029,EMP0154,200,200
PR017944,2025-08-05,4,MC026,EMP0059,213,200
PR017945,2025-08-05,4,MC025,EMP0043,221,200
PR017946,2025-08-05,5,MC031,EMP0145,143,142
PR017947,2025-08-05,5,MC033,EMP0068,134,142
PR017948,2025-08-05,5,MC034,EMP0086,140,142
PR017949,2025-08-05,5,MC030,EMP0086,125,142
PR017950,2025-08-05,5,MC035,EMP0003,141,142
PR017951,2025-08-05,6,MC036,EMP0085,324,325
PR017952,2025-08-05,6,MC039,EMP0120,322,325
PR017953,2025-08-05,6,MC038,EMP0100,365,325
PR017954,2025-08-06,1,MC003,EMP0088,187,181
PR017955,2025-08-06,1,MC001,EMP0007,191,181
PR017956,2025-08-06,1,MC004,EMP0072,176,181
PR017957,2025-08-06,1,MC006,EMP0141,190,181
PR017958,2025-08-06,1,MC005,EMP0091,158,181
PR017959,2025-08-06,1,MC007,EMP0151,171,181
PR017960,2025-08-06,2,MC012,EMP0077,95,120
PR017961,2025-08-06,2,MC011,EMP0117,131,120
PR017962,2025-08-06,2,MC018,EMP0045,111,120
PR017963,2025-08-06,2,MC013,EMP0098,107,120
PR017964,2025-08-06,2,MC014,EMP0001,115,120
PR017965,2025-08-06,2,MC015,EMP0047,112,120
PR017966,2025-08-06,2,MC009,EMP0147,97,120
PR017967,2025-08-06,2,MC010,EMP0074,118,120
PR017968,2025-08-06,3,MC023,EMP0134,162,158
PR017969,2025-08-06,3,MC020,EMP0134,156,158
PR017970,2025-08-06,3,MC021,EMP0179,156,158
PR017971,2025-08-06,3,MC019,EMP0010,137,158
PR017972,2025-08-06,4,MC029,EMP0127,202,200
PR017973,2025-08-06,4,MC025,EMP0062,179,200
PR017974,2025-08-06,4,MC028,EMP0132,195,200
PR017975,2025-08-06,5,MC032,EMP0165,113,142
PR017976,2025-08-06,5,MC030,EMP0056,145,142
PR017977,2025-08-06,5,MC031,EMP0058,116,142
PR017978,2025-08-06,5,MC034,EMP0060,149,142
PR017979,2025-08-06,6,MC038,EMP0085,312,325
PR017980,2025-08-06,6,MC037,EMP0171,342,325
PR017981,2025-08-06,6,MC039,EMP0144,316,325
PR017982,2025-08-07,1,MC003,EMP0163,173,181
PR017983,2025-08-07,1,MC002,EMP0037,161,181
PR017984,2025-08-07,1,MC004,EMP0107,160,181
PR017985,2025-08-07,1,MC005,EMP0151,149,181
PR017986,2025-08-07,1,MC001,EMP0057,159,181
PR017987,2025-08-07,1,MC006,EMP0118,178,181
PR017988,2025-08-07,1,MC007,EMP0073,176,181
PR017989,2025-08-07,2,MC010,EMP0123,117,120
PR017990,2025-08-07,2,MC011,EMP0133,104,120
PR017991,2025-08-07,2,MC013,EMP0079,111,120
PR017992,2025-08-07,2,MC014,EMP0133,122,120
PR017993,2025-08-07,2,MC017,EMP0173,119,120
PR017994,2025-08-07,2,MC016,EMP0040,110,120
PR017995,2025-08-07,2,MC015,EMP0020,120,120
PR017996,2025-08-07,2,MC009,EMP0146,135,120
PR017997,2025-08-07,3,MC020,EMP0006,139,158
PR017998,2025-08-07,3,MC022,EMP0124,144,158
PR017999,2025-08-07,3,MC023,EMP0179,151,158
PR018000,2025-08-07,3,MC024,EMP0010,148,158
PR018001,2025-08-07,4,MC027,EMP0156,206,200
PR018002,2025-08-07,4,MC025,EMP0108,203,200
PR018003,2025-08-07,4,MC029,EMP0121,183,200
PR018004,2025-08-07,4,MC028,EMP0132,236,200
PR018005,2025-08-07,5,MC032,EMP0101,121,142
PR018006,2025-08-07,5,MC033,EMP0056,140,142
PR018007,2025-08-07,5,MC031,EMP0058,138,142
PR018008,2025-08-07,5,MC030,EMP0003,127,142
PR018009,2025-08-07,6,MC039,EMP0065,328,325
PR018010,2025-08-07,6,MC038,EMP0085,310,325
PR018011,2025-08-07,6,MC036,EMP0100,309,325
PR018012,2025-08-08,1,MC001,EMP0032,137,181
PR018013,2025-08-08,1,MC003,EMP0130,139,181
PR018014,2025-08-08,1,MC005,EMP0052,172,181
PR018015,2025-08-08,1,MC008,EMP0158,148,181
PR018016,2025-08-08,1,MC007,EMP0017,128,181
PR018017,2025-08-08,1,MC004,EMP0075,121,181
PR018018,2025-08-08,1,MC002,EMP0119,144,181
PR018019,2025-08-08,2,MC015,EMP0024,90,120
PR018020,2025-08-08,2,MC013,EMP0041,97,120
PR018021,2025-08-08,2,MC009,EMP0004,94,120
PR018022,2025-08-08,2,MC012,EMP0077,97,120
PR018023,2025-08-08,2,MC014,EMP0035,103,120
PR018024,2025-08-08,2,MC011,EMP0024,104,120
PR018025,2025-08-08,2,MC010,EMP0001,92,120
PR018026,2025-08-08,2,MC016,EMP0024,98,120
PR018027,2025-08-08,2,MC017,EMP0024,89,120
PR018028,2025-08-08,3,MC020,EMP0172,134,158
PR018029,2025-08-08,3,MC024,EMP0010,115,158
PR018030,2025-08-08,3,MC022,EMP0055,128,158
PR018031,2025-08-08,3,MC021,EMP0084,151,158
PR018032,2025-08-08,4,MC029,EMP0093,180,200
PR018033,2025-08-08,4,MC026,EMP0108,172,200
PR018034,2025-08-08,4,MC025,EMP0049,170,200
PR018035,2025-08-08,4,MC028,EMP0062,182,200
PR018036,2025-08-08,5,MC034,EMP0080,101,142
PR018037,2025-08-08,5,MC033,EMP0058,114,142
PR018038,2025-08-08,5,MC031,EMP0080,116,142
PR018039,2025-08-08,5,MC035,EMP0068,110,142
PR018040,2025-08-08,6,MC039,EMP0142,285,325
PR018041,2025-08-08,6,MC038,EMP0065,305,325
PR018042,2025-08-08,6,MC037,EMP0120,230,325
PR018043,2025-08-09,1,MC004,EMP0102,185,181
PR018044,2025-08-09,1,MC007,EMP0112,174,181
PR018045,2025-08-09,1,MC002,EMP0102,163,181
PR018046,2025-08-09,1,MC001,EMP0161,164,181
PR018047,2025-08-09,1,MC008,EMP0061,168,181
PR018048,2025-08-09,1,MC005,EMP0141,177,181
PR018049,2025-08-09,1,MC006,EMP0088,166,181
PR018050,2025-08-09,2,MC014,EMP0148,118,120
PR018051,2025-08-09,2,MC016,EMP0015,119,120
PR018052,2025-08-09,2,MC009,EMP0148,110,120
PR018053,2025-08-09,2,MC018,EMP0036,120,120
PR018054,2025-08-09,2,MC015,EMP0148,132,120
PR018055,2025-08-09,2,MC017,EMP0123,110,120
PR018056,2025-08-09,2,MC012,EMP0001,111,120
PR018057,2025-08-09,2,MC013,EMP0009,118,120
PR018058,2025-08-09,2,MC010,EMP0047,99,120
PR018059,2025-08-09,3,MC024,EMP0039,146,158
PR018060,2025-08-09,3,MC022,EMP0010,157,158
PR018061,2025-08-09,3,MC021,EMP0033,166,158
PR018062,2025-08-09,3,MC023,EMP0013,137,158
PR018063,2025-08-09,4,MC027,EMP0154,179,200
PR018064,2025-08-09,4,MC029,EMP0062,201,200
PR018065,2025-08-09,4,MC026,EMP0011,195,200
PR018066,2025-08-09,4,MC025,EMP0023,232,200
PR018067,2025-08-09,5,MC031,EMP0165,136,142
PR018068,2025-08-09,5,MC033,EMP0165,135,142
PR018069,2025-08-09,5,MC030,EMP0028,126,142
PR018070,2025-08-09,5,MC032,EMP0068,125,142
PR018071,2025-08-09,5,MC035,EMP0165,151,142
PR018072,2025-08-09,6,MC039,EMP0152,295,325
PR018073,2025-08-09,6,MC036,EMP0100,257,325
PR018074,2025-08-09,6,MC037,EMP0053,301,325
PR018075,2025-08-10,1,MC001,EMP0161,68,181
PR018076,2025-08-10,1,MC005,EMP0112,61,181
PR018077,2025-08-10,1,MC006,EMP0167,67,181
PR018078,2025-08-10,1,MC007,EMP0061,63,181
PR018079,2025-08-10,1,MC002,EMP0037,66,181
PR018080,2025-08-10,1,MC004,EMP0118,65,181
PR018081,2025-08-10,2,MC014,EMP0027,41,120
PR018082,2025-08-10,2,MC009,EMP0170,39,120
PR018083,2025-08-10,2,MC013,EMP0135,40,120
PR018084,2025-08-10,2,MC010,EMP0067,41,120
PR018085,2025-08-10,2,MC016,EMP0178,37,120
PR018086,2025-08-10,2,MC018,EMP0070,43,120
PR018087,2025-08-10,2,MC017,EMP0067,38,120
PR018088,2025-08-10,2,MC015,EMP0113,34,120
PR018089,2025-08-10,3,MC019,EMP0111,54,158
PR018090,2025-08-10,3,MC024,EMP0122,46,158
PR018091,2025-08-10,3,MC020,EMP0033,56,158
PR018092,2025-08-10,3,MC021,EMP0084,48,158
PR018093,2025-08-10,4,MC028,EMP0093,72,200
PR018094,2025-08-10,4,MC029,EMP0049,68,200
PR018095,2025-08-10,4,MC025,EMP0014,71,200
PR018096,2025-08-10,4,MC027,EMP0108,66,200
PR018097,2025-08-10,5,MC031,EMP0060,40,142
PR018098,2025-08-10,5,MC033,EMP0165,47,142
PR018099,2025-08-10,5,MC032,EMP0165,39,142
PR018100,2025-08-10,5,MC034,EMP0164,46,142
PR018101,2025-08-10,5,MC035,EMP0058,52,142
PR018102,2025-08-10,6,MC039,EMP0144,129,325
PR018103,2025-08-10,6,MC036,EMP0120,123,325
PR018104,2025-08-10,6,MC037,EMP0120,97,325
PR018105,2025-08-11,1,MC006,EMP0162,164,181
PR018106,2025-08-11,1,MC001,EMP0158,172,181
PR018107,2025-08-11,1,MC007,EMP0018,172,181
PR018108,2025-08-11,1,MC003,EMP0177,178,181
PR018109,2025-08-11,1,MC004,EMP0057,148,181
PR018110,2025-08-11,1,MC008,EMP0102,173,181
PR018111,2025-08-11,1,MC002,EMP0167,173,181
PR018112,2025-08-11,2,MC018,EMP0095,120,120
PR018113,2025-08-11,2,MC013,EMP0114,109,120
PR018114,2025-08-11,2,MC011,EMP0169,113,120
PR018115,2025-08-11,2,MC017,EMP0036,114,120
PR018116,2025-08-11,2,MC010,EMP0133,117,120
PR018117,2025-08-11,2,MC012,EMP0063,103,120
PR018118,2025-08-11,2,MC009,EMP0004,118,120
PR018119,2025-08-11,2,MC014,EMP0074,116,120
PR018120,2025-08-11,2,MC015,EMP0148,131,120
PR018121,2025-08-11,3,MC023,EMP0069,162,158
PR018122,2025-08-11,3,MC024,EMP0084,139,158
PR018123,2025-08-11,3,MC019,EMP0029,147,158
PR018124,2025-08-11,3,MC021,EMP0010,160,158
PR018125,2025-08-11,4,MC025,EMP0062,189,200
PR018126,2025-08-11,4,MC029,EMP0019,213,200
PR018127,2025-08-11,4,MC028,EMP0002,205,200
PR018128,2025-08-11,4,MC026,EMP0174,233,200
PR018129,2025-08-11,5,MC032,EMP0086,123,142
PR018130,2025-08-11,5,MC030,EMP0003,150,142
PR018131,2025-08-11,5,MC031,EMP0080,129,142
PR018132,2025-08-11,5,MC035,EMP0068,140,142
PR018133,2025-08-11,5,MC034,EMP0096,130,142
PR018134,2025-08-11,6,MC038,EMP0100,281,325
PR018135,2025-08-11,6,MC036,EMP0065,325,325
PR018136,2025-08-11,6,MC037,EMP0053,278,325
PR018137,2025-08-12,1,MC007,EMP0037,160,181
PR018138,2025-08-12,1,MC008,EMP0107,160,181
PR018139,2025-08-12,1,MC005,EMP0162,176,181
PR018140,2025-08-12,1,MC001,EMP0163,186,181
PR018141,2025-08-12,1,MC002,EMP0158,161,181
PR018142,2025-08-12,1,MC006,EMP0057,186,181
PR018143,2025-08-12,1,MC003,EMP0104,161,181
PR018144,2025-08-12,2,MC009,EMP0170,114,120
PR018145,2025-08-12,2,MC014,EMP0063,120,120
PR018146,2025-08-12,2,MC018,EMP0147,110,120
PR018147,2025-08-12,2,MC016,EMP0133,120,120
PR018148,2025-08-12,2,MC015,EMP0105,113,120
PR018149,2025-08-12,2,MC017,EMP0076,118,120
PR018150,2025-08-12,2,MC010,EMP0129,96,120
PR018151,2025-08-12,3,MC023,EMP0013,157,158
PR018152,2025-08-12,3,MC019,EMP0082,157,158
PR018153,2025-08-12,3,MC020,EMP0064,144,158
PR018154,2025-08-12,3,MC022,EMP0084,143,158
PR018155,2025-08-12,3,MC021,EMP0111,140,158
PR018156,2025-08-12,4,MC027,EMP0011,199,200
PR018157,2025-08-12,4,MC025,EMP0059,216,200
PR018158,2025-08-12,4,MC026,EMP0153,221,200
PR018159,2025-08-12,4,MC029,EMP0154,226,200
PR018160,2025-08-12,5,MC034,EMP0101,135,142
PR018161,2025-08-12,5,MC035,EMP0028,131,142
PR018162,2025-08-12,5,MC030,EMP0003,130,142
PR018163,2025-08-12,5,MC031,EMP0164,126,142
PR018164,2025-08-12,5,MC033,EMP0028,148,142
PR018165,2025-08-12,6,MC038,EMP0085,332,325
PR018166,2025-08-12,6,MC037,EMP0142,307,325
PR018167,2025-08-12,6,MC039,EMP0171,318,325
PR018168,2025-08-13,1,MC003,EMP0017,183,181
PR018169,2025-08-13,1,MC001,EMP0044,187,181
PR018170,2025-08-13,1,MC002,EMP0054,202,181
PR018171,2025-08-13,1,MC007,EMP0097,172,181
PR018172,2025-08-13,1,MC008,EMP0038,188,181
PR018173,2025-08-13,1,MC006,EMP0054,173,181
PR018174,2025-08-13,2,MC017,EMP0045,117,120
PR018175,2025-08-13,2,MC009,EMP0133,120,120
PR018176,2025-08-13,2,MC010,EMP0063,111,120
PR018177,2025-08-13,2,MC012,EMP0115,130,120
PR018178,2025-08-13,2,MC013,EMP0035,109,120
PR018179,2025-08-13,2,MC018,EMP0083,125,120
PR018180,2025-08-13,2,MC011,EMP0048,128,120
PR018181,2025-08-13,2,MC016,EMP0042,113,120
PR018182,2025-08-13,2,MC014,EMP0135,124,120
PR018183,2025-08-13,3,MC021,EMP0143,143,158
PR018184,2025-08-13,3,MC019,EMP0034,155,158
PR018185,2025-08-13,3,MC020,EMP0084,138,158
PR018186,2025-08-13,3,MC023,EMP0099,139,158
PR018187,2025-08-13,3,MC024,EMP0179,156,158
PR018188,2025-08-13,4,MC027,EMP0059,189,200
PR018189,2025-08-13,4,MC026,EMP0043,243,200
PR018190,2025-08-13,4,MC028,EMP0049,222,200
PR018191,2025-08-13,4,MC029,EMP0023,200,200
PR018192,2025-08-13,5,MC031,EMP0164,117,142
PR018193,2025-08-13,5,MC035,EMP0003,138,142
PR018194,2025-08-13,5,MC033,EMP0096,132,142
PR018195,2025-08-13,5,MC032,EMP0096,123,142
PR018196,2025-08-13,6,MC039,EMP0152,336,325
PR018197,2025-08-13,6,MC037,EMP0065,342,325
PR018198,2025-08-13,6,MC036,EMP0144,331,325
PR018199,2025-08-14,1,MC001,EMP0137,181,181
PR018200,2025-08-14,1,MC007,EMP0118,196,181
PR018201,2025-08-14,1,MC002,EMP0030,166,181
PR018202,2025-08-14,1,MC003,EMP0091,170,181
PR018203,2025-08-14,1,MC004,EMP0008,170,181
PR018204,2025-08-14,1,MC006,EMP0038,171,181
PR018205,2025-08-14,2,MC010,EMP0139,113,120
PR018206,2025-08-14,2,MC018,EMP0148,111,120
PR018207,2025-08-14,2,MC015,EMP0115,108,120
PR018208,2025-08-14,2,MC009,EMP0001,103,120
PR018209,2025-08-14,2,MC011,EMP0113,110,120
PR018210,2025-08-14,2,MC013,EMP0147,129,120
PR018211,2025-08-14,2,MC016,EMP0117,122,120
PR018212,2025-08-14,2,MC014,EMP0123,126,120
PR018213,2025-08-14,2,MC012,EMP0146,116,120
PR018214,2025-08-14,3,MC020,EMP0010,145,158
PR018215,2025-08-14,3,MC019,EMP0069,172,158
PR018216,2025-08-14,3,MC024,EMP0159,148,158
PR018217,2025-08-14,3,MC023,EMP0125,165,158
PR018218,2025-08-14,3,MC021,EMP0034,144,158
PR018219,2025-08-14,4,MC029,EMP0019,187,200
PR018220,2025-08-14,4,MC026,EMP0049,228,200
PR018221,2025-08-14,4,MC027,EMP0049,205,200
PR018222,2025-08-14,4,MC025,EMP0175,199,200
PR018223,2025-08-14,5,MC032,EMP0003,134,142
PR018224,2025-08-14,5,MC030,EMP0080,134,142
PR018225,2025-08-14,5,MC033,EMP0060,130,142
PR018226,2025-08-14,5,MC035,EMP0080,137,142
PR018227,2025-08-14,5,MC034,EMP0086,117,142
PR018228,2025-08-14,6,MC037,EMP0142,320,325
PR018229,2025-08-14,6,MC038,EMP0152,356,325
PR018230,2025-08-14,6,MC039,EMP0171,298,325
PR018231,2025-08-15,1,MC003,EMP0025,157,181
PR018232,2025-08-15,1,MC008,EMP0052,125,181
PR018233,2025-08-15,1,MC007,EMP0097,140,181
PR018234,2025-08-15,1,MC005,EMP0162,148,181
PR018235,2025-08-15,1,MC006,EMP0168,113,181
PR018236,2025-08-15,1,MC002,EMP0118,157,181
PR018237,2025-08-15,1,MC004,EMP0126,137,181
PR018238,2025-08-15,2,MC012,EMP0074,106,120
PR018239,2025-08-15,2,MC011,EMP0139,97,120
PR018240,2025-08-15,2,MC018,EMP0149,98,120
PR018241,2025-08-15,2,MC010,EMP0095,98,120
PR018242,2025-08-15,2,MC013,EMP0012,85,120
PR018243,2025-08-15,2,MC016,EMP0024,93,120
PR018244,2025-08-15,2,MC015,EMP0114,94,120
PR018245,2025-08-15,2,MC014,EMP0001,93,120
PR018246,2025-08-15,3,MC024,EMP0136,146,158
PR018247,2025-08-15,3,MC019,EMP0034,125,158
PR018248,2025-08-15,3,MC021,EMP0010,119,158
PR018249,2025-08-15,3,MC020,EMP0124,142,158
PR018250,2025-08-15,4,MC025,EMP0062,180,200
PR018251,2025-08-15,4,MC029,EMP0108,204,200
PR018252,2025-08-15,4,MC028,EMP0127,184,200
PR018253,2025-08-15,4,MC027,EMP0002,160,200
PR018254,2025-08-15,5,MC035,EMP0028,108,142
PR018255,2025-08-15,5,MC034,EMP0058,115,142
PR018256,2025-08-15,5,MC032,EMP0086,107,142
PR018257,2025-08-15,5,MC031,EMP0145,120,142
PR018258,2025-08-15,5,MC033,EMP0068,117,142
PR018259,2025-08-15,6,MC039,EMP0053,286,325
PR018260,2025-08-15,6,MC037,EMP0065,251,325
PR018261,2025-08-15,6,MC038,EMP0065,282,325
PR018262,2025-08-16,1,MC007,EMP0044,214,181
PR018263,2025-08-16,1,MC006,EMP0158,172,181
PR018264,2025-08-16,1,MC002,EMP0168,170,181
PR018265,2025-08-16,1,MC005,EMP0088,166,181
PR018266,2025-08-16,1,MC008,EMP0025,176,181
PR018267,2025-08-16,1,MC003,EMP0018,184,181
PR018268,2025-08-16,1,MC004,EMP0097,185,181
PR018269,2025-08-16,2,MC010,EMP0128,127,120
PR018270,2025-08-16,2,MC018,EMP0178,115,120
PR018271,2025-08-16,2,MC013,EMP0135,120,120
PR018272,2025-08-16,2,MC017,EMP0031,123,120
PR018273,2025-08-16,2,MC011,EMP0021,117,120
PR018274,2025-08-16,2,MC016,EMP0015,123,120
PR018275,2025-08-16,2,MC015,EMP0098,114,120
PR018276,2025-08-16,2,MC014,EMP0077,102,120
PR018277,2025-08-16,2,MC012,EMP0024,98,120
PR018278,2025-08-16,3,MC019,EMP0125,143,158
PR018279,2025-08-16,3,MC020,EMP0006,144,158
PR018280,2025-08-16,3,MC023,EMP0082,170,158
PR018281,2025-08-16,3,MC022,EMP0013,129,158
PR018282,2025-08-16,3,MC021,EMP0099,172,158
PR018283,2025-08-16,4,MC029,EMP0132,207,200
PR018284,2025-08-16,4,MC028,EMP0175,169,200
PR018285,2025-08-16,4,MC025,EMP0108,210,200
PR018286,2025-08-16,4,MC026,EMP0062,168,200
PR018287,2025-08-16,5,MC035,EMP0058,147,142
PR018288,2025-08-16,5,MC031,EMP0028,140,142
PR018289,2025-08-16,5,MC034,EMP0080,150,142
PR018290,2025-08-16,5,MC030,EMP0080,144,142
PR018291,2025-08-16,5,MC033,EMP0096,112,142
PR018292,2025-08-16,6,MC038,EMP0046,328,325
PR018293,2025-08-16,6,MC037,EMP0144,359,325
PR018294,2025-08-16,6,MC039,EMP0053,360,325
PR018295,2025-08-17,1,MC008,EMP0094,66,181
PR018296,2025-08-17,1,MC003,EMP0151,67,181
PR018297,2025-08-17,1,MC007,EMP0107,73,181
PR018298,2025-08-17,1,MC004,EMP0118,58,181
PR018299,2025-08-17,1,MC001,EMP0168,62,181
PR018300,2025-08-17,1,MC006,EMP0066,56,181
PR018301,2025-08-17,2,MC012,EMP0106,44,120
PR018302,2025-08-17,2,MC010,EMP0015,38,120
PR018303,2025-08-17,2,MC014,EMP0027,40,120
PR018304,2025-08-17,2,MC011,EMP0089,47,120
PR018305,2025-08-17,2,MC013,EMP0178,39,120
PR018306,2025-08-17,2,MC015,EMP0041,38,120
PR018307,2025-08-17,2,MC016,EMP0012,42,120
PR018308,2025-08-17,3,MC020,EMP0029,60,158
PR018309,2025-08-17,3,MC023,EMP0034,49,158
PR018310,2025-08-17,3,MC022,EMP0034,50,158
PR018311,2025-08-17,3,MC019,EMP0078,50,158
PR018312,2025-08-17,3,MC021,EMP0111,47,158
PR018313,2025-08-17,4,MC029,EMP0062,73,200
PR018314,2025-08-17,4,MC027,EMP0002,78,200
PR018315,2025-08-17,4,MC025,EMP0002,72,200
PR018316,2025-08-17,4,MC026,EMP0019,76,200
PR018317,2025-08-17,5,MC034,EMP0056,42,142
PR018318,2025-08-17,5,MC032,EMP0060,48,142
PR018319,2025-08-17,5,MC035,EMP0165,42,142
PR018320,2025-08-17,5,MC031,EMP0028,41,142
PR018321,2025-08-17,5,MC030,EMP0086,54,142
PR018322,2025-08-17,6,MC038,EMP0152,112,325
PR018323,2025-08-17,6,MC036,EMP0085,119,325
PR018324,2025-08-17,6,MC037,EMP0053,113,325
PR018325,2025-08-18,1,MC003,EMP0094,193,181
PR018326,2025-08-18,1,MC005,EMP0073,183,181
PR018327,2025-08-18,1,MC002,EMP0162,179,181
PR018328,2025-08-18,1,MC006,EMP0177,185,181
PR018329,2025-08-18,1,MC008,EMP0017,169,181
PR018330,2025-08-18,1,MC007,EMP0088,152,181
PR018331,2025-08-18,1,MC001,EMP0038,167,181
PR018332,2025-08-18,2,MC016,EMP0095,124,120
PR018333,2025-08-18,2,MC011,EMP0140,125,120
PR018334,2025-08-18,2,MC018,EMP0128,114,120
PR018335,2025-08-18,2,MC012,EMP0036,135,120
PR018336,2025-08-18,2,MC009,EMP0139,104,120
PR018337,2025-08-18,2,MC017,EMP0067,118,120
PR018338,2025-08-18,2,MC015,EMP0047,141,120
PR018339,2025-08-18,3,MC022,EMP0134,154,158
PR018340,2025-08-18,3,MC020,EMP0099,137,158
PR018341,2025-08-18,3,MC023,EMP0099,150,158
PR018342,2025-08-18,3,MC021,EMP0055,139,158
PR018343,2025-08-18,3,MC024,EMP0099,128,158
PR018344,2025-08-18,4,MC028,EMP0043,221,200
PR018345,2025-08-18,4,MC025,EMP0002,214,200
PR018346,2025-08-18,4,MC029,EMP0071,227,200
PR018347,2025-08-18,5,MC031,EMP0080,120,142
PR018348,2025-08-18,5,MC034,EMP0165,131,142
PR018349,2025-08-18,5,MC032,EMP0101,118,142
PR018350,2025-08-18,5,MC035,EMP0164,117,142
PR018351,2025-08-18,5,MC033,EMP0003,136,142
PR018352,2025-08-18,6,MC037,EMP0065,362,325
PR018353,2025-08-18,6,MC036,EMP0120,307,325
PR018354,2025-08-18,6,MC038,EMP0100,326,325
PR018355,2025-08-19,1,MC003,EMP0151,157,181
PR018356,2025-08-19,1,MC001,EMP0007,146,181
PR018357,2025-08-19,1,MC005,EMP0072,189,181
PR018358,2025-08-19,1,MC008,EMP0025,185,181
PR018359,2025-08-19,1,MC002,EMP0118,167,181
PR018360,2025-08-19,1,MC004,EMP0066,179,181
PR018361,2025-08-19,1,MC006,EMP0151,190,181
PR018362,2025-08-19,2,MC011,EMP0178,109,120
PR018363,2025-08-19,2,MC016,EMP0103,130,120
PR018364,2025-08-19,2,MC018,EMP0077,133,120
PR018365,2025-08-19,2,MC009,EMP0063,112,120
PR018366,2025-08-19,2,MC012,EMP0138,116,120
PR018367,2025-08-19,2,MC013,EMP0015,120,120
PR018368,2025-08-19,2,MC014,EMP0051,115,120
PR018369,2025-08-19,2,MC017,EMP0098,102,120
PR018370,2025-08-19,2,MC015,EMP0105,124,120
PR018371,2025-08-19,3,MC021,EMP0013,156,158
PR018372,2025-08-19,3,MC019,EMP0111,154,158
PR018373,2025-08-19,3,MC022,EMP0082,141,158
PR018374,2025-08-19,3,MC024,EMP0064,152,158
PR018375,2025-08-19,4,MC025,EMP0174,221,200
PR018376,2025-08-19,4,MC027,EMP0154,204,200
PR018377,2025-08-19,4,MC028,EMP0002,220,200
PR018378,2025-08-19,4,MC029,EMP0156,201,200
PR018379,2025-08-19,5,MC031,EMP0003,151,142
PR018380,2025-08-19,5,MC032,EMP0060,127,142
PR018381,2025-08-19,5,MC034,EMP0150,133,142
PR018382,2025-08-19,5,MC035,EMP0003,135,142
PR018383,2025-08-19,6,MC036,EMP0155,357,325
PR018384,2025-08-19,6,MC037,EMP0120,298,325
PR018385,2025-08-19,6,MC038,EMP0085,349,325
PR018386,2025-08-20,1,MC006,EMP0038,159,181
PR018387,2025-08-20,1,MC003,EMP0054,156,181
PR018388,2025-08-20,1,MC008,EMP0075,198,181
PR018389,2025-08-20,1,MC004,EMP0141,152,181
PR018390,2025-08-20,1,MC005,EMP0176,180,181
PR018391,2025-08-20,1,MC007,EMP0052,167,181
PR018392,2025-08-20,1,MC002,EMP0054,175,181
PR018393,2025-08-20,2,MC014,EMP0103,128,120
PR018394,2025-08-20,2,MC018,EMP0024,107,120
PR018395,2025-08-20,2,MC011,EMP0129,109,120
PR018396,2025-08-20,2,MC016,EMP0170,116,120
PR018397,2025-08-20,2,MC010,EMP0178,91,120
PR018398,2025-08-20,2,MC012,EMP0178,125,120
PR018399,2025-08-20,2,MC017,EMP0074,109,120
PR018400,2025-08-20,3,MC023,EMP0064,127,158
PR018401,2025-08-20,3,MC020,EMP0016,159,158
PR018402,2025-08-20,3,MC024,EMP0111,146,158
PR018403,2025-08-20,3,MC019,EMP0006,164,158
PR018404,2025-08-20,3,MC022,EMP0143,137,158
PR018405,2025-08-20,4,MC027,EMP0087,214,200
PR018406,2025-08-20,4,MC029,EMP0014,221,200
PR018407,2025-08-20,4,MC028,EMP0156,195,200
PR018408,2025-08-20,4,MC025,EMP0011,234,200
PR018409,2025-08-20,5,MC033,EMP0165,119,142
PR018410,2025-08-20,5,MC032,EMP0164,137,142
PR018411,2025-08-20,5,MC035,EMP0150,140,142
PR018412,2025-08-20,5,MC030,EMP0150,142,142
PR018413,2025-08-20,6,MC036,EMP0142,283,325
PR018414,2025-08-20,6,MC037,EMP0171,311,325
PR018415,2025-08-20,6,MC039,EMP0053,353,325
PR018416,2025-08-21,1,MC006,EMP0066,186,181
PR018417,2025-08-21,1,MC002,EMP0032,173,181
PR018418,2025-08-21,1,MC008,EMP0141,201,181
PR018419,2025-08-21,1,MC001,EMP0107,164,181
PR018420,2025-08-21,1,MC005,EMP0061,154,181
PR018421,2025-08-21,1,MC003,EMP0054,153,181
PR018422,2025-08-21,2,MC014,EMP0116,115,120
PR018423,2025-08-21,2,MC013,EMP0040,111,120
PR018424,2025-08-21,2,MC009,EMP0114,94,120
PR018425,2025-08-21,2,MC017,EMP0090,129,120
PR018426,2025-08-21,2,MC011,EMP0178,122,120
PR018427,2025-08-21,2,MC012,EMP0115,124,120
PR018428,2025-08-21,2,MC015,EMP0113,121,120
PR018429,2025-08-21,2,MC018,EMP0140,108,120
PR018430,2025-08-21,3,MC023,EMP0125,150,158
PR018431,2025-08-21,3,MC024,EMP0125,178,158
PR018432,2025-08-21,3,MC020,EMP0124,146,158
PR018433,2025-08-21,3,MC022,EMP0006,141,158
PR018434,2025-08-21,3,MC021,EMP0143,158,158
PR018435,2025-08-21,4,MC029,EMP0121,214,200
PR018436,2025-08-21,4,MC028,EMP0109,213,200
PR018437,2025-08-21,4,MC026,EMP0059,227,200
PR018438,2025-08-21,4,MC025,EMP0175,203,200
PR018439,2025-08-21,5,MC035,EMP0056,148,142
PR018440,2025-08-21,5,MC030,EMP0080,140,142
PR018441,2025-08-21,5,MC032,EMP0003,145,142
PR018442,2025-08-21,5,MC034,EMP0068,137,142
PR018443,2025-08-21,5,MC033,EMP0003,133,142
PR018444,2025-08-21,6,MC036,EMP0142,353,325
PR018445,2025-08-21,6,MC038,EMP0120,337,325
PR018446,2025-08-21,6,MC039,EMP0152,346,325
PR018447,2025-08-22,1,MC004,EMP0141,155,181
PR018448,2025-08-22,1,MC005,EMP0088,159,181
PR018449,2025-08-22,1,MC001,EMP0044,141,181
PR018450,2025-08-22,1,MC007,EMP0107,143,181
PR018451,2025-08-22,1,MC002,EMP0018,157,181
PR018452,2025-08-22,1,MC003,EMP0054,152,181
PR018453,2025-08-22,1,MC008,EMP0110,156,181
PR018454,2025-08-22,2,MC013,EMP0077,98,120
PR018455,2025-08-22,2,MC017,EMP0103,100,120
PR018456,2025-08-22,2,MC018,EMP0133,107,120
PR018457,2025-08-22,2,MC012,EMP0146,109,120
PR018458,2025-08-22,2,MC014,EMP0169,98,120
PR018459,2025-08-22,2,MC011,EMP0009,92,120
PR018460,2025-08-22,2,MC016,EMP0170,102,120
PR018461,2025-08-22,2,MC015,EMP0115,92,120
PR018462,2025-08-22,2,MC009,EMP0051,103,120
PR018463,2025-08-22,3,MC023,EMP0111,131,158
PR018464,2025-08-22,3,MC024,EMP0125,122,158
PR018465,2025-08-22,3,MC019,EMP0064,125,158
PR018466,2025-08-22,3,MC022,EMP0082,125,158
PR018467,2025-08-22,3,MC020,EMP0122,123,158
PR018468,2025-08-22,4,MC028,EMP0087,179,200
PR018469,2025-08-22,4,MC026,EMP0049,188,200
PR018470,2025-08-22,4,MC029,EMP0023,196,200
PR018471,2025-08-22,4,MC027,EMP0059,171,200
PR018472,2025-08-22,5,MC031,EMP0068,114,142
PR018473,2025-08-22,5,MC032,EMP0165,133,142
PR018474,2025-08-22,5,MC034,EMP0056,118,142
PR018475,2025-08-22,5,MC035,EMP0145,111,142
PR018476,2025-08-22,5,MC033,EMP0101,120,142
PR018477,2025-08-22,6,MC039,EMP0142,286,325
PR018478,2025-08-22,6,MC038,EMP0065,243,325
PR018479,2025-08-22,6,MC037,EMP0155,282,325
PR018480,2025-08-23,1,MC001,EMP0151,189,181
PR018481,2025-08-23,1,MC004,EMP0163,168,181
PR018482,2025-08-23,1,MC005,EMP0032,191,181
PR018483,2025-08-23,1,MC006,EMP0092,160,181
PR018484,2025-08-23,1,MC002,EMP0005,178,181
PR018485,2025-08-23,1,MC007,EMP0037,198,181
PR018486,2025-08-23,1,MC008,EMP0130,177,181
PR018487,2025-08-23,2,MC011,EMP0063,112,120
PR018488,2025-08-23,2,MC017,EMP0009,125,120
PR018489,2025-08-23,2,MC013,EMP0169,119,120
PR018490,2025-08-23,2,MC015,EMP0076,109,120
PR018491,2025-08-23,2,MC010,EMP0135,113,120
PR018492,2025-08-23,2,MC009,EMP0024,130,120
PR018493,2025-08-23,2,MC018,EMP0113,113,120
PR018494,2025-08-23,2,MC012,EMP0133,116,120
PR018495,2025-08-23,3,MC024,EMP0033,138,158
PR018496,2025-08-23,3,MC020,EMP0122,138,158
PR018497,2025-08-23,3,MC022,EMP0010,145,158
PR018498,2025-08-23,3,MC019,EMP0172,150,158
PR018499,2025-08-23,3,MC021,EMP0033,160,158
PR018500,2025-08-23,4,MC025,EMP0023,198,200
PR018501,2025-08-23,4,MC028,EMP0022,197,200
PR018502,2025-08-23,4,MC027,EMP0121,233,200
PR018503,2025-08-23,4,MC029,EMP0002,219,200
PR018504,2025-08-23,5,MC031,EMP0028,129,142
PR018505,2025-08-23,5,MC030,EMP0003,136,142
PR018506,2025-08-23,5,MC034,EMP0003,130,142
PR018507,2025-08-23,5,MC033,EMP0164,142,142
PR018508,2025-08-23,5,MC032,EMP0068,126,142
PR018509,2025-08-23,6,MC039,EMP0144,364,325
PR018510,2025-08-23,6,MC038,EMP0053,371,325
PR018511,2025-08-23,6,MC036,EMP0053,303,325
PR018512,2025-08-24,1,MC003,EMP0025,56,181
PR018513,2025-08-24,1,MC001,EMP0126,68,181
PR018514,2025-08-24,1,MC002,EMP0177,59,181
PR018515,2025-08-24,1,MC007,EMP0168,63,181
PR018516,2025-08-24,1,MC006,EMP0166,61,181
PR018517,2025-08-24,1,MC008,EMP0162,53,181
PR018518,2025-08-24,2,MC017,EMP0095,41,120
PR018519,2025-08-24,2,MC011,EMP0040,48,120
PR018520,2025-08-24,2,MC015,EMP0083,42,120
PR018521,2025-08-24,2,MC014,EMP0115,42,120
PR018522,2025-08-24,2,MC010,EMP0140,37,120
PR018523,2025-08-24,2,MC009,EMP0031,43,120
PR018524,2025-08-24,2,MC013,EMP0063,49,120
PR018525,2025-08-24,2,MC012,EMP0138,42,120
PR018526,2025-08-24,3,MC023,EMP0039,47,158
PR018527,2025-08-24,3,MC024,EMP0159,54,158
PR018528,2025-08-24,3,MC019,EMP0172,47,158
PR018529,2025-08-24,3,MC021,EMP0125,49,158
PR018530,2025-08-24,3,MC022,EMP0010,54,158
PR018531,2025-08-24,4,MC026,EMP0011,85,200
PR018532,2025-08-24,4,MC025,EMP0121,72,200
PR018533,2025-08-24,4,MC029,EMP0174,60,200
PR018534,2025-08-24,4,MC027,EMP0019,76,200
PR018535,2025-08-24,5,MC031,EMP0056,41,142
PR018536,2025-08-24,5,MC033,EMP0003,49,142
PR018537,2025-08-24,5,MC034,EMP0164,42,142
PR018538,2025-08-24,5,MC030,EMP0003,49,142
PR018539,2025-08-24,5,MC032,EMP0101,46,142
PR018540,2025-08-24,6,MC036,EMP0065,109,325
PR018541,2025-08-24,6,MC039,EMP0152,113,325
PR018542,2025-08-24,6,MC038,EMP0046,130,325
PR018543,2025-08-25,1,MC001,EMP0092,144,181
PR018544,2025-08-25,1,MC006,EMP0057,191,181
PR018545,2025-08-25,1,MC005,EMP0107,183,181
PR018546,2025-08-25,1,MC008,EMP0177,181,181
PR018547,2025-08-25,1,MC007,EMP0088,184,181
PR018548,2025-08-25,1,MC004,EMP0075,187,181
PR018549,2025-08-25,1,MC002,EMP0008,159,181
PR018550,2025-08-25,2,MC012,EMP0040,110,120
PR018551,2025-08-25,2,MC015,EMP0047,124,120
PR018552,2025-08-25,2,MC018,EMP0149,116,120
PR018553,2025-08-25,2,MC011,EMP0138,121,120
PR018554,2025-08-25,2,MC016,EMP0135,128,120
PR018555,2025-08-25,2,MC010,EMP0036,114,120
PR018556,2025-08-25,2,MC017,EMP0157,100,120
PR018557,2025-08-25,2,MC009,EMP0113,109,120
PR018558,2025-08-25,2,MC014,EMP0117,103,120
PR018559,2025-08-25,3,MC021,EMP0172,160,158
PR018560,2025-08-25,3,MC022,EMP0055,155,158
PR018561,2025-08-25,3,MC023,EMP0013,156,158
PR018562,2025-08-25,3,MC020,EMP0013,144,158
PR018563,2025-08-25,3,MC019,EMP0069,166,158
PR018564,2025-08-25,4,MC025,EMP0014,205,200
PR018565,2025-08-25,4,MC027,EMP0023,199,200
PR018566,2025-08-25,4,MC026,EMP0093,226,200
PR018567,2025-08-25,4,MC028,EMP0087,210,200
PR018568,2025-08-25,5,MC031,EMP0058,132,142
PR018569,2025-08-25,5,MC035,EMP0003,130,142
PR018570,2025-08-25,5,MC030,EMP0086,137,142
PR018571,2025-08-25,5,MC032,EMP0058,134,142
PR018572,2025-08-25,5,MC034,EMP0165,129,142
PR018573,2025-08-25,6,MC036,EMP0120,324,325
PR018574,2025-08-25,6,MC037,EMP0142,348,325
PR018575,2025-08-25,6,MC039,EMP0046,347,325
PR018576,2025-08-26,1,MC005,EMP0161,166,181
PR018577,2025-08-26,1,MC002,EMP0119,168,181
PR018578,2025-08-26,1,MC001,EMP0119,174,181
PR018579,2025-08-26,1,MC006,EMP0110,175,181
PR018580,2025-08-26,1,MC008,EMP0091,174,181
PR018581,2025-08-26,1,MC007,EMP0008,173,181
PR018582,2025-08-26,1,MC004,EMP0018,153,181
PR018583,2025-08-26,2,MC011,EMP0036,120,120
PR018584,2025-08-26,2,MC009,EMP0036,122,120
PR018585,2025-08-26,2,MC013,EMP0026,128,120
PR018586,2025-08-26,2,MC012,EMP0113,110,120
PR018587,2025-08-26,2,MC014,EMP0115,114,120
PR018588,2025-08-26,2,MC018,EMP0147,134,120
PR018589,2025-08-26,2,MC010,EMP0045,132,120
PR018590,2025-08-26,2,MC015,EMP0041,111,120
PR018591,2025-08-26,3,MC022,EMP0172,147,158
PR018592,2025-08-26,3,MC023,EMP0078,168,158
PR018593,2025-08-26,3,MC020,EMP0016,142,158
PR018594,2025-08-26,3,MC024,EMP0159,142,158
PR018595,2025-08-26,4,MC026,EMP0023,216,200
PR018596,2025-08-26,4,MC027,EMP0109,200,200
PR018597,2025-08-26,4,MC028,EMP0132,211,200
PR018598,2025-08-26,4,MC029,EMP0023,213,200
PR018599,2025-08-26,5,MC032,EMP0086,128,142
PR018600,2025-08-26,5,MC034,EMP0058,150,142
PR018601,2025-08-26,5,MC033,EMP0068,143,142
PR018602,2025-08-26,5,MC030,EMP0164,116,142
PR018603,2025-08-26,5,MC035,EMP0165,137,142
PR018604,2025-08-26,6,MC039,EMP0100,344,325
PR018605,2025-08-26,6,MC038,EMP0120,327,325
PR018606,2025-08-26,6,MC037,EMP0046,331,325
PR018607,2025-08-27,1,MC008,EMP0118,167,181
PR018608,2025-08-27,1,MC005,EMP0088,171,181
PR018609,2025-08-27,1,MC004,EMP0097,167,181
PR018610,2025-08-27,1,MC001,EMP0057,165,181
PR018611,2025-08-27,1,MC006,EMP0052,199,181
PR018612,2025-08-27,1,MC003,EMP0141,180,181
PR018613,2025-08-27,1,MC007,EMP0168,170,181
PR018614,2025-08-27,2,MC016,EMP0024,98,120
PR018615,2025-08-27,2,MC018,EMP0077,110,120
PR018616,2025-08-27,2,MC015,EMP0026,118,120
PR018617,2025-08-27,2,MC010,EMP0114,121,120
PR018618,2025-08-27,2,MC014,EMP0027,130,120
PR018619,2025-08-27,2,MC012,EMP0001,124,120
PR018620,2025-08-27,2,MC009,EMP0020,109,120
PR018621,2025-08-27,2,MC013,EMP0083,105,120
PR018622,2025-08-27,3,MC023,EMP0134,143,158
PR018623,2025-08-27,3,MC021,EMP0179,159,158
PR018624,2025-08-27,3,MC019,EMP0013,156,158
PR018625,2025-08-27,3,MC024,EMP0034,143,158
PR018626,2025-08-27,3,MC022,EMP0124,158,158
PR018627,2025-08-27,4,MC027,EMP0175,209,200
PR018628,2025-08-27,4,MC026,EMP0108,189,200
PR018629,2025-08-27,4,MC028,EMP0023,222,200
PR018630,2025-08-27,5,MC035,EMP0080,142,142
PR018631,2025-08-27,5,MC030,EMP0028,129,142
PR018632,2025-08-27,5,MC033,EMP0058,136,142
PR018633,2025-08-27,5,MC034,EMP0086,123,142
PR018634,2025-08-27,6,MC038,EMP0152,324,325
PR018635,2025-08-27,6,MC036,EMP0144,288,325
PR018636,2025-08-27,6,MC039,EMP0046,326,325
PR018637,2025-08-28,1,MC005,EMP0008,184,181
PR018638,2025-08-28,1,MC008,EMP0038,194,181
PR018639,2025-08-28,1,MC002,EMP0167,187,181
PR018640,2025-08-28,1,MC007,EMP0025,179,181
PR018641,2025-08-28,1,MC004,EMP0032,189,181
PR018642,2025-08-28,1,MC001,EMP0119,179,181
PR018643,2025-08-28,2,MC017,EMP0031,121,120
PR018644,2025-08-28,2,MC018,EMP0009,98,120
PR018645,2025-08-28,2,MC009,EMP0004,108,120
PR018646,2025-08-28,2,MC012,EMP0031,123,120
PR018647,2025-08-28,2,MC013,EMP0090,126,120
PR018648,2025-08-28,2,MC016,EMP0076,102,120
PR018649,2025-08-28,2,MC015,EMP0077,115,120
PR018650,2025-08-28,2,MC011,EMP0128,114,120
PR018651,2025-08-28,3,MC020,EMP0039,168,158
PR018652,2025-08-28,3,MC023,EMP0124,114,158
PR018653,2025-08-28,3,MC021,EMP0084,152,158
PR018654,2025-08-28,3,MC019,EMP0180,130,158
PR018655,2025-08-28,4,MC027,EMP0127,213,200
PR018656,2025-08-28,4,MC028,EMP0153,235,200
PR018657,2025-08-28,4,MC029,EMP0014,231,200
PR018658,2025-08-28,4,MC026,EMP0154,200,200
PR018659,2025-08-28,5,MC034,EMP0101,134,142
PR018660,2025-08-28,5,MC033,EMP0150,135,142
PR018661,2025-08-28,5,MC032,EMP0145,136,142
PR018662,2025-08-28,5,MC031,EMP0096,126,142
PR018663,2025-08-28,5,MC030,EMP0060,148,142
PR018664,2025-08-28,6,MC038,EMP0171,319,325
PR018665,2025-08-28,6,MC037,EMP0144,319,325
PR018666,2025-08-28,6,MC036,EMP0065,297,325
PR018667,2025-08-29,1,MC002,EMP0110,160,181
PR018668,2025-08-29,1,MC008,EMP0160,139,181
PR018669,2025-08-29,1,MC006,EMP0073,141,181
PR018670,2025-08-29,1,MC001,EMP0110,160,181
PR018671,2025-08-29,1,MC003,EMP0162,135,181
PR018672,2025-08-29,1,MC005,EMP0137,162,181
PR018673,2025-08-29,2,MC011,EMP0063,91,120
PR018674,2025-08-29,2,MC014,EMP0135,109,120
PR018675,2025-08-29,2,MC015,EMP0036,89,120
PR018676,2025-08-29,2,MC010,EMP0042,104,120
PR018677,2025-08-29,2,MC009,EMP0169,95,120
PR018678,2025-08-29,2,MC018,EMP0115,91,120
PR018679,2025-08-29,2,MC012,EMP0115,91,120
PR018680,2025-08-29,2,MC016,EMP0114,101,120
PR018681,2025-08-29,3,MC022,EMP0172,114,158
PR018682,2025-08-29,3,MC019,EMP0016,148,158
PR018683,2025-08-29,3,MC024,EMP0078,127,158
PR018684,2025-08-29,3,MC020,EMP0143,109,158
PR018685,2025-08-29,3,MC021,EMP0034,143,158
PR018686,2025-08-29,4,MC028,EMP0174,173,200
PR018687,2025-08-29,4,MC029,EMP0093,177,200
PR018688,2025-08-29,4,MC026,EMP0050,168,200
PR018689,2025-08-29,4,MC025,EMP0127,156,200
PR018690,2025-08-29,5,MC030,EMP0003,129,142
PR018691,2025-08-29,5,MC033,EMP0028,114,142
PR018692,2025-08-29,5,MC031,EMP0003,118,142
PR018693,2025-08-29,5,MC034,EMP0028,119,142
PR018694,2025-08-29,6,MC037,EMP0100,297,325
PR018695,2025-08-29,6,MC038,EMP0144,278,325
PR018696,2025-08-29,6,MC039,EMP0171,287,325
PR018697,2025-08-30,1,MC007,EMP0061,164,181
PR018698,2025-08-30,1,MC001,EMP0025,188,181
PR018699,2025-08-30,1,MC004,EMP0030,159,181
PR018700,2025-08-30,1,MC002,EMP0073,199,181
PR018701,2025-08-30,1,MC003,EMP0007,190,181
PR018702,2025-08-30,1,MC006,EMP0054,172,181
PR018703,2025-08-30,1,MC005,EMP0038,173,181
PR018704,2025-08-30,2,MC010,EMP0063,104,120
PR018705,2025-08-30,2,MC017,EMP0114,116,120
PR018706,2025-08-30,2,MC012,EMP0031,110,120
PR018707,2025-08-30,2,MC011,EMP0170,119,120
PR018708,2025-08-30,2,MC013,EMP0051,121,120
PR018709,2025-08-30,2,MC014,EMP0178,107,120
PR018710,2025-08-30,2,MC009,EMP0133,120,120
PR018711,2025-08-30,2,MC018,EMP0128,126,120
PR018712,2025-08-30,3,MC024,EMP0136,171,158
PR018713,2025-08-30,3,MC023,EMP0034,153,158
PR018714,2025-08-30,3,MC019,EMP0078,163,158
PR018715,2025-08-30,3,MC020,EMP0159,160,158
PR018716,2025-08-30,3,MC021,EMP0055,140,158
PR018717,2025-08-30,4,MC028,EMP0108,216,200
PR018718,2025-08-30,4,MC026,EMP0121,218,200
PR018719,2025-08-30,4,MC027,EMP0132,198,200
PR018720,2025-08-30,4,MC029,EMP0002,243,200
PR018721,2025-08-30,5,MC032,EMP0056,142,142
PR018722,2025-08-30,5,MC035,EMP0101,120,142
PR018723,2025-08-30,5,MC031,EMP0145,139,142
PR018724,2025-08-30,5,MC033,EMP0096,158,142
PR018725,2025-08-30,6,MC036,EMP0053,306,325
PR018726,2025-08-30,6,MC037,EMP0142,318,325
PR018727,2025-08-30,6,MC039,EMP0065,303,325
PR018728,2025-08-31,1,MC008,EMP0177,58,181
PR018729,2025-08-31,1,MC004,EMP0017,61,181
PR018730,2025-08-31,1,MC001,EMP0097,64,181
PR018731,2025-08-31,1,MC002,EMP0177,66,181
PR018732,2025-08-31,1,MC005,EMP0160,57,181
PR018733,2025-08-31,1,MC006,EMP0177,58,181
PR018734,2025-08-31,1,MC003,EMP0163,61,181
PR018735,2025-08-31,2,MC017,EMP0123,38,120
PR018736,2025-08-31,2,MC018,EMP0115,46,120
PR018737,2025-08-31,2,MC012,EMP0042,38,120
PR018738,2025-08-31,2,MC016,EMP0169,41,120
PR018739,2025-08-31,2,MC009,EMP0040,40,120
PR018740,2025-08-31,2,MC010,EMP0089,38,120
PR018741,2025-08-31,2,MC011,EMP0040,40,120
PR018742,2025-08-31,3,MC020,EMP0099,55,158
PR018743,2025-08-31,3,MC024,EMP0010,56,158
PR018744,2025-08-31,3,MC022,EMP0033,55,158
PR018745,2025-08-31,3,MC019,EMP0179,51,158
PR018746,2025-08-31,3,MC021,EMP0082,53,158
PR018747,2025-08-31,4,MC025,EMP0132,63,200
PR018748,2025-08-31,4,MC028,EMP0154,79,200
PR018749,2025-08-31,4,MC029,EMP0087,59,200
PR018750,2025-08-31,4,MC026,EMP0109,62,200
PR018751,2025-08-31,5,MC035,EMP0060,43,142
PR018752,2025-08-31,5,MC031,EMP0058,54,142
PR018753,2025-08-31,5,MC032,EMP0080,52,142
PR018754,2025-08-31,5,MC034,EMP0164,47,142
PR018755,2025-08-31,5,MC030,EMP0101,50,142
PR018756,2025-08-31,6,MC039,EMP0100,120,325
PR018757,2025-08-31,6,MC038,EMP0152,97,325
PR018758,2025-08-31,6,MC036,EMP0155,114,325
PR018759,2025-09-01,1,MC003,EMP0162,236,181
PR018760,2025-09-01,1,MC006,EMP0075,177,181
PR018761,2025-09-01,1,MC008,EMP0066,203,181
PR018762,2025-09-01,1,MC001,EMP0008,181,181
PR018763,2025-09-01,1,MC007,EMP0151,202,181
PR018764,2025-09-01,1,MC004,EMP0075,205,181
PR018765,2025-09-01,2,MC016,EMP0042,126,120
PR018766,2025-09-01,2,MC012,EMP0095,127,120
PR018767,2025-09-01,2,MC014,EMP0076,127,120
PR018768,2025-09-01,2,MC011,EMP0138,148,120
PR018769,2025-09-01,2,MC015,EMP0147,125,120
PR018770,2025-09-01,2,MC018,EMP0063,152,120
PR018771,2025-09-01,2,MC017,EMP0081,109,120
PR018772,2025-09-01,3,MC023,EMP0159,154,158
PR018773,2025-09-01,3,MC019,EMP0055,170,158
PR018774,2025-09-01,3,MC024,EMP0134,200,158
PR018775,2025-09-01,3,MC020,EMP0055,166,158
PR018776,2025-09-01,4,MC029,EMP0127,215,200
PR018777,2025-09-01,4,MC025,EMP0062,250,200
PR018778,2025-09-01,4,MC027,EMP0023,248,200
PR018779,2025-09-01,4,MC028,EMP0062,264,200
PR018780,2025-09-01,5,MC034,EMP0003,161,142
PR018781,2025-09-01,5,MC033,EMP0003,177,142
PR018782,2025-09-01,5,MC030,EMP0003,179,142
PR018783,2025-09-01,5,MC032,EMP0086,141,142
PR018784,2025-09-01,6,MC039,EMP0100,382,325
PR018785,2025-09-01,6,MC038,EMP0046,424,325
PR018786,2025-09-01,6,MC037,EMP0065,383,325
PR018787,2025-09-02,1,MC005,EMP0163,207,181
PR018788,2025-09-02,1,MC002,EMP0130,224,181
PR018789,2025-09-02,1,MC006,EMP0018,205,181
PR018790,2025-09-02,1,MC001,EMP0052,193,181
PR018791,2025-09-02,1,MC007,EMP0052,184,181
PR018792,2025-09-02,1,MC003,EMP0037,187,181
PR018793,2025-09-02,1,MC004,EMP0097,213,181
PR018794,2025-09-02,2,MC014,EMP0067,123,120
PR018795,2025-09-02,2,MC016,EMP0024,126,120
PR018796,2025-09-02,2,MC009,EMP0146,152,120
PR018797,2025-09-02,2,MC010,EMP0048,127,120
PR018798,2025-09-02,2,MC018,EMP0024,145,120
PR018799,2025-09-02,2,MC015,EMP0170,130,120
PR018800,2025-09-02,2,MC017,EMP0114,157,120
PR018801,2025-09-02,2,MC012,EMP0079,149,120
PR018802,2025-09-02,3,MC021,EMP0159,168,158
PR018803,2025-09-02,3,MC019,EMP0111,171,158
PR018804,2025-09-02,3,MC023,EMP0029,150,158
PR018805,2025-09-02,3,MC022,EMP0034,163,158
PR018806,2025-09-02,4,MC027,EMP0132,252,200
PR018807,2025-09-02,4,MC028,EMP0109,277,200
PR018808,2025-09-02,4,MC029,EMP0011,277,200
PR018809,2025-09-02,4,MC026,EMP0002,219,200
PR018810,2025-09-02,5,MC035,EMP0060,136,142
PR018811,2025-09-02,5,MC033,EMP0056,171,142
PR018812,2025-09-02,5,MC034,EMP0058,151,142
PR018813,2025-09-02,5,MC032,EMP0028,166,142
PR018814,2025-09-02,6,MC038,EMP0065,346,325
PR018815,2025-09-02,6,MC039,EMP0046,365,325
PR018816,2025-09-02,6,MC037,EMP0120,419,325
PR018817,2025-09-03,1,MC004,EMP0141,201,181
PR018818,2025-09-03,1,MC002,EMP0119,228,181
PR018819,2025-09-03,1,MC003,EMP0167,226,181
PR018820,2025-09-03,1,MC005,EMP0007,203,181
PR018821,2025-09-03,1,MC007,EMP0176,219,181
PR018822,2025-09-03,1,MC006,EMP0167,210,181
PR018823,2025-09-03,2,MC013,EMP0063,124,120
PR018824,2025-09-03,2,MC017,EMP0169,123,120
PR018825,2025-09-03,2,MC016,EMP0140,126,120
PR018826,2025-09-03,2,MC012,EMP0140,120,120
PR018827,2025-09-03,2,MC011,EMP0051,118,120
PR018828,2025-09-03,2,MC018,EMP0051,128,120
PR018829,2025-09-03,2,MC009,EMP0106,127,120
PR018830,2025-09-03,2,MC014,EMP0098,117,120
PR018831,2025-09-03,2,MC010,EMP0048,129,120
PR018832,2025-09-03,3,MC020,EMP0134,171,158
PR018833,2025-09-03,3,MC019,EMP0084,187,158
PR018834,2025-09-03,3,MC022,EMP0064,156,158
PR018835,2025-09-03,3,MC021,EMP0039,186,158
PR018836,2025-09-03,3,MC023,EMP0172,175,158
PR018837,2025-09-03,4,MC029,EMP0023,230,200
PR018838,2025-09-03,4,MC026,EMP0071,203,200
PR018839,2025-09-03,4,MC025,EMP0071,258,200
PR018840,2025-09-03,5,MC033,EMP0003,160,142
PR018841,2025-09-03,5,MC034,EMP0058,158,142
PR018842,2025-09-03,5,MC031,EMP0096,160,142
PR018843,2025-09-03,5,MC030,EMP0164,130,142
PR018844,2025-09-03,5,MC032,EMP0068,128,142
PR018845,2025-09-03,6,MC037,EMP0171,395,325
PR018846,2025-09-03,6,MC038,EMP0085,350,325
PR018847,2025-09-03,6,MC039,EMP0155,366,325
PR018848,2025-09-04,1,MC002,EMP0054,199,181
PR018849,2025-09-04,1,MC003,EMP0005,214,181
PR018850,2025-09-04,1,MC006,EMP0094,199,181
PR018851,2025-09-04,1,MC004,EMP0112,206,181
PR018852,2025-09-04,1,MC005,EMP0107,193,181
PR018853,2025-09-04,1,MC001,EMP0030,210,181
PR018854,2025-09-04,2,MC016,EMP0148,120,120
PR018855,2025-09-04,2,MC009,EMP0113,119,120
PR018856,2025-09-04,2,MC011,EMP0012,124,120
PR018857,2025-09-04,2,MC015,EMP0041,151,120
PR018858,2025-09-04,2,MC014,EMP0140,125,120
PR018859,2025-09-04,2,MC012,EMP0148,136,120
PR018860,2025-09-04,2,MC010,EMP0114,131,120
PR018861,2025-09-04,2,MC017,EMP0098,131,120
PR018862,2025-09-04,2,MC018,EMP0009,136,120
PR018863,2025-09-04,3,MC023,EMP0125,170,158
PR018864,2025-09-04,3,MC019,EMP0055,178,158
PR018865,2025-09-04,3,MC022,EMP0033,162,158
PR018866,2025-09-04,3,MC021,EMP0006,178,158
PR018867,2025-09-04,4,MC028,EMP0174,246,200
PR018868,2025-09-04,4,MC025,EMP0153,221,200
PR018869,2025-09-04,4,MC026,EMP0156,236,200
PR018870,2025-09-04,4,MC029,EMP0019,214,200
PR018871,2025-09-04,5,MC031,EMP0058,143,142
PR018872,2025-09-04,5,MC034,EMP0165,138,142
PR018873,2025-09-04,5,MC035,EMP0003,154,142
PR018874,2025-09-04,5,MC033,EMP0164,151,142
PR018875,2025-09-04,6,MC036,EMP0155,348,325
PR018876,2025-09-04,6,MC039,EMP0171,340,325
PR018877,2025-09-04,6,MC037,EMP0120,343,325
PR018878,2025-09-05,1,MC006,EMP0151,179,181
PR018879,2025-09-05,1,MC002,EMP0025,191,181
PR018880,2025-09-05,1,MC007,EMP0007,167,181
PR018881,2025-09-05,1,MC004,EMP0052,189,181
PR018882,2025-09-05,1,MC001,EMP0075,164,181
PR018883,2025-09-05,1,MC003,EMP0110,153,181
PR018884,2025-09-05,1,MC008,EMP0072,183,181
PR018885,2025-09-05,2,MC015,EMP0026,109,120
PR018886,2025-09-05,2,MC013,EMP0051,109,120
PR018887,2025-09-05,2,MC017,EMP0146,118,120
PR018888,2025-09-05,2,MC014,EMP0103,108,120
PR018889,2025-09-05,2,MC011,EMP0074,120,120
PR018890,2025-09-05,2,MC010,EMP0169,106,120
PR018891,2025-09-05,2,MC009,EMP0178,103,120
PR018892,2025-09-05,2,MC018,EMP0079,88,120
PR018893,2025-09-05,2,MC012,EMP0169,105,120
PR018894,2025-09-05,3,MC020,EMP0143,135,158
PR018895,2025-09-05,3,MC023,EMP0033,156,158
PR018896,2025-09-05,3,MC021,EMP0180,153,158
PR018897,2025-09-05,3,MC019,EMP0078,168,158
PR018898,2025-09-05,3,MC022,EMP0029,123,158
PR018899,2025-09-05,4,MC027,EMP0014,194,200
PR018900,2025-09-05,4,MC025,EMP0022,189,200
PR018901,2025-09-05,4,MC029,EMP0093,189,200
PR018902,2025-09-05,4,MC028,EMP0014,193,200
PR018903,2025-09-05,5,MC035,EMP0086,126,142
PR018904,2025-09-05,5,MC032,EMP0101,130,142
PR018905,2025-09-05,5,MC030,EMP0060,136,142
PR018906,2025-09-05,5,MC034,EMP0080,138,142
PR018907,2025-09-05,5,MC033,EMP0086,123,142
PR018908,2025-09-05,6,MC039,EMP0085,272,325
PR018909,2025-09-05,6,MC036,EMP0120,302,325
PR018910,2025-09-05,6,MC038,EMP0065,310,325
PR018911,2025-09-06,1,MC004,EMP0008,206,181
PR018912,2025-09-06,1,MC006,EMP0044,178,181
PR018913,2025-09-06,1,MC001,EMP0158,224,181
PR018914,2025-09-06,1,MC008,EMP0037,214,181
PR018915,2025-09-06,1,MC005,EMP0057,231,181
PR018916,2025-09-06,1,MC003,EMP0075,187,181
PR018917,2025-09-06,1,MC002,EMP0163,233,181
PR018918,2025-09-06,2,MC009,EMP0129,136,120
PR018919,2025-09-06,2,MC012,EMP0113,135,120
PR018920,2025-09-06,2,MC011,EMP0027,128,120
PR018921,2025-09-06,2,MC018,EMP0133,121,120
PR018922,2025-09-06,2,MC013,EMP0147,109,120
PR018923,2025-09-06,2,MC010,EMP0148,121,120
PR018924,2025-09-06,2,MC016,EMP0090,122,120
PR018925,2025-09-06,3,MC023,EMP0029,167,158
PR018926,2025-09-06,3,MC020,EMP0010,191,158
PR018927,2025-09-06,3,MC024,EMP0078,194,158
PR018928,2025-09-06,3,MC022,EMP0134,161,158
PR018929,2025-09-06,4,MC025,EMP0127,277,200
PR018930,2025-09-06,4,MC026,EMP0023,237,200
PR018931,2025-09-06,4,MC029,EMP0022,264,200
PR018932,2025-09-06,4,MC028,EMP0121,207,200
PR018933,2025-09-06,5,MC031,EMP0068,146,142
PR018934,2025-09-06,5,MC030,EMP0086,153,142
PR018935,2025-09-06,5,MC033,EMP0164,155,142
PR018936,2025-09-06,5,MC035,EMP0150,132,142
PR018937,2025-09-06,6,MC038,EMP0100,369,325
PR018938,2025-09-06,6,MC036,EMP0155,340,325
PR018939,2025-09-06,6,MC039,EMP0046,353,325
PR018940,2025-09-07,1,MC001,EMP0112,68,181
PR018941,2025-09-07,1,MC004,EMP0038,75,181
PR018942,2025-09-07,1,MC006,EMP0168,76,181
PR018943,2025-09-07,1,MC007,EMP0052,66,181
PR018944,2025-09-07,1,MC005,EMP0054,72,181
PR018945,2025-09-07,1,MC003,EMP0162,57,181
PR018946,2025-09-07,1,MC002,EMP0072,72,181
PR018947,2025-09-07,2,MC010,EMP0170,48,120
PR018948,2025-09-07,2,MC017,EMP0083,40,120
PR018949,2025-09-07,2,MC009,EMP0117,48,120
PR018950,2025-09-07,2,MC013,EMP0040,44,120
PR018951,2025-09-07,2,MC015,EMP0047,48,120
PR018952,2025-09-07,2,MC018,EMP0133,42,120
PR018953,2025-09-07,2,MC012,EMP0040,43,120
PR018954,2025-09-07,3,MC021,EMP0124,61,158
PR018955,2025-09-07,3,MC022,EMP0082,69,158
PR018956,2025-09-07,3,MC019,EMP0179,68,158
PR018957,2025-09-07,3,MC024,EMP0029,55,158
PR018958,2025-09-07,3,MC023,EMP0099,66,158
PR018959,2025-09-07,4,MC028,EMP0002,86,200
PR018960,2025-09-07,4,MC029,EMP0043,81,200
PR018961,2025-09-07,4,MC027,EMP0121,85,200
PR018962,2025-09-07,5,MC035,EMP0145,56,142
PR018963,2025-09-07,5,MC032,EMP0003,67,142
PR018964,2025-09-07,5,MC031,EMP0101,57,142
PR018965,2025-09-07,5,MC030,EMP0150,55,142
PR018966,2025-09-07,5,MC033,EMP0080,62,142
PR018967,2025-09-07,6,MC037,EMP0144,136,325
PR018968,2025-09-07,6,MC038,EMP0065,137,325
PR018969,2025-09-07,6,MC039,EMP0085,124,325
PR018970,2025-09-08,1,MC005,EMP0057,202,181
PR018971,2025-09-08,1,MC006,EMP0104,189,181
PR018972,2025-09-08,1,MC003,EMP0091,180,181
PR018973,2025-09-08,1,MC004,EMP0141,210,181
PR018974,2025-09-08,1,MC001,EMP0110,181,181
PR018975,2025-09-08,1,MC002,EMP0141,215,181
PR018976,2025-09-08,2,MC011,EMP0106,119,120
PR018977,2025-09-08,2,MC016,EMP0103,144,120
PR018978,2025-09-08,2,MC017,EMP0146,109,120
PR018979,2025-09-08,2,MC010,EMP0021,133,120
PR018980,2025-09-08,2,MC013,EMP0157,117,120
PR018981,2025-09-08,2,MC015,EMP0070,140,120
PR018982,2025-09-08,2,MC014,EMP0041,142,120
PR018983,2025-09-08,2,MC012,EMP0009,123,120
PR018984,2025-09-08,3,MC022,EMP0029,167,158
PR018985,2025-09-08,3,MC020,EMP0180,188,158
PR018986,2025-09-08,3,MC021,EMP0033,177,158
PR018987,2025-09-08,3,MC023,EMP0064,166,158
PR018988,2025-09-08,4,MC027,EMP0050,260,200
PR018989,2025-09-08,4,MC029,EMP0132,251,200
PR018990,2025-09-08,4,MC026,EMP0108,229,200
PR018991,2025-09-08,4,MC025,EMP0059,210,200
PR018992,2025-09-08,5,MC031,EMP0003,150,142
PR018993,2025-09-08,5,MC035,EMP0165,174,142
PR018994,2025-09-08,5,MC034,EMP0060,161,142
PR018995,2025-09-08,5,MC032,EMP0068,154,142
PR018996,2025-09-08,5,MC030,EMP0165,160,142
PR018997,2025-09-08,6,MC039,EMP0144,375,325
PR018998,2025-09-08,6,MC037,EMP0046,354,325
PR018999,2025-09-08,6,MC038,EMP0142,376,325
PR019000,2025-09-09,1,MC004,EMP0168,175,181
PR019001,2025-09-09,1,MC008,EMP0141,188,181
PR019002,2025-09-09,1,MC001,EMP0061,209,181
PR019003,2025-09-09,1,MC002,EMP0018,176,181
PR019004,2025-09-09,1,MC005,EMP0091,186,181
PR019005,2025-09-09,1,MC006,EMP0176,188,181
PR019006,2025-09-09,1,MC007,EMP0167,214,181
PR019007,2025-09-09,2,MC010,EMP0117,137,120
PR019008,2025-09-09,2,MC016,EMP0077,137,120
PR019009,2025-09-09,2,MC017,EMP0077,123,120
PR019010,2025-09-09,2,MC014,EMP0036,127,120
PR019011,2025-09-09,2,MC015,EMP0090,151,120
PR019012,2025-09-09,2,MC012,EMP0036,127,120
PR019013,2025-09-09,2,MC011,EMP0001,116,120
PR019014,2025-09-09,3,MC023,EMP0143,171,158
PR019015,2025-09-09,3,MC022,EMP0034,164,158
PR019016,2025-09-09,3,MC020,EMP0122,174,158
PR019017,2025-09-09,3,MC021,EMP0010,181,158
PR019018,2025-09-09,3,MC024,EMP0125,184,158
PR019019,2025-09-09,4,MC026,EMP0011,271,200
PR019020,2025-09-09,4,MC028,EMP0108,214,200
PR019021,2025-09-09,4,MC029,EMP0050,256,200
PR019022,2025-09-09,4,MC027,EMP0154,262,200
PR019023,2025-09-09,5,MC031,EMP0080,162,142
PR019024,2025-09-09,5,MC033,EMP0165,155,142
PR019025,2025-09-09,5,MC034,EMP0086,135,142
PR019026,2025-09-09,5,MC035,EMP0080,147,142
PR019027,2025-09-09,6,MC039,EMP0100,423,325
PR019028,2025-09-09,6,MC037,EMP0046,367,325
PR019029,2025-09-09,6,MC036,EMP0046,376,325
PR019030,2025-09-10,1,MC003,EMP0073,196,181
PR019031,2025-09-10,1,MC007,EMP0141,215,181
PR019032,2025-09-10,1,MC006,EMP0008,224,181
PR019033,2025-09-10,1,MC002,EMP0092,206,181
PR019034,2025-09-10,1,MC008,EMP0151,220,181
PR019035,2025-09-10,1,MC005,EMP0168,199,181
PR019036,2025-09-10,1,MC004,EMP0107,209,181
PR019037,2025-09-10,2,MC017,EMP0146,140,120
PR019038,2025-09-10,2,MC015,EMP0024,147,120
PR019039,2025-09-10,2,MC009,EMP0077,146,120
PR019040,2025-09-10,2,MC012,EMP0077,125,120
PR019041,2025-09-10,2,MC010,EMP0012,134,120
PR019042,2025-09-10,2,MC013,EMP0178,118,120
PR019043,2025-09-10,2,MC011,EMP0090,122,120
PR019044,2025-09-10,2,MC014,EMP0042,150,120
PR019045,2025-09-10,3,MC019,EMP0064,151,158
PR019046,2025-09-10,3,MC020,EMP0082,148,158
PR019047,2025-09-10,3,MC024,EMP0134,170,158
PR019048,2025-09-10,3,MC022,EMP0055,176,158
PR019049,2025-09-10,4,MC028,EMP0093,256,200
PR019050,2025-09-10,4,MC025,EMP0043,236,200
PR019051,2025-09-10,4,MC029,EMP0093,216,200
PR019052,2025-09-10,4,MC026,EMP0108,274,200
PR019053,2025-09-10,5,MC035,EMP0080,153,142
PR019054,2025-09-10,5,MC032,EMP0150,129,142
PR019055,2025-09-10,5,MC034,EMP0060,157,142
PR019056,2025-09-10,5,MC033,EMP0028,147,142
PR019057,2025-09-10,5,MC030,EMP0145,164,142
PR019058,2025-09-10,6,MC038,EMP0171,389,325
PR019059,2025-09-10,6,MC036,EMP0144,335,325
PR019060,2025-09-10,6,MC037,EMP0155,368,325
PR019061,2025-09-11,1,MC008,EMP0025,211,181
PR019062,2025-09-11,1,MC002,EMP0044,193,181
PR019063,2025-09-11,1,MC004,EMP0037,181,181
PR019064,2025-09-11,1,MC007,EMP0130,198,181
PR019065,2025-09-11,1,MC003,EMP0119,202,181
PR019066,2025-09-11,1,MC001,EMP0066,204,181
PR019067,2025-09-11,2,MC010,EMP0048,132,120
PR019068,2025-09-11,2,MC015,EMP0098,120,120
PR019069,2025-09-11,2,MC016,EMP0079,126,120
PR019070,2025-09-11,2,MC018,EMP0114,120,120
PR019071,2025-09-11,2,MC012,EMP0139,136,120
PR019072,2025-09-11,2,MC011,EMP0170,125,120
PR019073,2025-09-11,2,MC013,EMP0021,142,120
PR019074,2025-09-11,2,MC017,EMP0063,127,120
PR019075,2025-09-11,3,MC020,EMP0134,198,158
PR019076,2025-09-11,3,MC024,EMP0179,184,158
PR019077,2025-09-11,3,MC023,EMP0180,192,158
PR019078,2025-09-11,3,MC022,EMP0010,161,158
PR019079,2025-09-11,4,MC028,EMP0022,257,200
PR019080,2025-09-11,4,MC027,EMP0121,218,200
PR019081,2025-09-11,4,MC025,EMP0022,202,200
PR019082,2025-09-11,4,MC029,EMP0022,274,200
PR019083,2025-09-11,5,MC031,EMP0165,165,142
PR019084,2025-09-11,5,MC030,EMP0028,152,142
PR019085,2025-09-11,5,MC032,EMP0145,144,142
PR019086,2025-09-11,5,MC035,EMP0164,179,142
PR019087,2025-09-11,6,MC037,EMP0144,374,325
PR019088,2025-09-11,6,MC036,EMP0053,388,325
PR019089,2025-09-11,6,MC038,EMP0144,364,325
PR019090,2025-09-12,1,MC005,EMP0044,191,181
PR019091,2025-09-12,1,MC008,EMP0163,172,181
PR019092,2025-09-12,1,MC001,EMP0061,181,181
PR019093,2025-09-12,1,MC004,EMP0141,174,181
PR019094,2025-09-12,1,MC002,EMP0061,152,181
PR019095,2025-09-12,1,MC006,EMP0052,169,181
PR019096,2025-09-12,1,MC003,EMP0163,148,181
PR019097,2025-09-12,2,MC015,EMP0147,105,120
PR019098,2025-09-12,2,MC016,EMP0042,112,120
PR019099,2025-09-12,2,MC014,EMP0077,121,120
PR019100,2025-09-12,2,MC009,EMP0047,104,120
PR019101,2025-09-12,2,MC013,EMP0135,128,120
PR019102,2025-09-12,2,MC010,EMP0027,109,120
PR019103,2025-09-12,2,MC011,EMP0015,103,120
PR019104,2025-09-12,2,MC017,EMP0106,107,120
PR019105,2025-09-12,3,MC021,EMP0078,143,158
PR019106,2025-09-12,3,MC023,EMP0125,142,158
PR019107,2025-09-12,3,MC019,EMP0016,125,158
PR019108,2025-09-12,3,MC020,EMP0084,164,158
PR019109,2025-09-12,3,MC024,EMP0064,160,158
PR019110,2025-09-12,4,MC029,EMP0127,228,200
PR019111,2025-09-12,4,MC026,EMP0093,202,200
PR019112,2025-09-12,4,MC027,EMP0153,211,200
PR019113,2025-09-12,4,MC025,EMP0049,208,200
PR019114,2025-09-12,5,MC034,EMP0056,133,142
PR019115,2025-09-12,5,MC033,EMP0086,139,142
PR019116,2025-09-12,5,MC031,EMP0101,147,142
PR019117,2025-09-12,5,MC032,EMP0145,119,142
PR019118,2025-09-12,5,MC030,EMP0096,118,142
PR019119,2025-09-12,6,MC038,EMP0100,301,325
PR019120,2025-09-12,6,MC037,EMP0120,343,325
PR019121,2025-09-12,6,MC036,EMP0065,322,325
PR019122,2025-09-13,1,MC001,EMP0168,162,181
PR019123,2025-09-13,1,MC004,EMP0160,228,181
PR019124,2025-09-13,1,MC005,EMP0072,197,181
PR019125,2025-09-13,1,MC007,EMP0008,183,181
PR019126,2025-09-13,1,MC003,EMP0118,202,181
PR019127,2025-09-13,1,MC002,EMP0104,212,181
PR019128,2025-09-13,2,MC016,EMP0133,112,120
PR019129,2025-09-13,2,MC011,EMP0042,124,120
PR019130,2025-09-13,2,MC014,EMP0083,113,120
PR019131,2025-09-13,2,MC017,EMP0115,148,120
PR019132,2025-09-13,2,MC015,EMP0040,142,120
PR019133,2025-09-13,2,MC018,EMP0035,117,120
PR019134,2025-09-13,2,MC012,EMP0098,144,120
PR019135,2025-09-13,2,MC013,EMP0024,123,120
PR019136,2025-09-13,3,MC019,EMP0136,172,158
PR019137,2025-09-13,3,MC023,EMP0136,167,158
PR019138,2025-09-13,3,MC022,EMP0159,175,158
PR019139,2025-09-13,3,MC020,EMP0136,168,158
PR019140,2025-09-13,3,MC021,EMP0078,170,158
PR019141,2025-09-13,4,MC026,EMP0108,208,200
PR019142,2025-09-13,4,MC027,EMP0050,211,200
PR019143,2025-09-13,4,MC028,EMP0127,240,200
PR019144,2025-09-13,4,MC029,EMP0022,228,200
PR019145,2025-09-13,5,MC031,EMP0164,141,142
PR019146,2025-09-13,5,MC035,EMP0003,167,142
PR019147,2025-09-13,5,MC033,EMP0068,163,142
PR019148,2025-09-13,5,MC034,EMP0145,150,142
PR019149,2025-09-13,5,MC030,EMP0058,145,142
PR019150,2025-09-13,6,MC038,EMP0046,343,325
PR019151,2025-09-13,6,MC039,EMP0152,412,325
PR019152,2025-09-13,6,MC037,EMP0053,350,325
PR019153,2025-09-14,1,MC003,EMP0054,71,181
PR019154,2025-09-14,1,MC004,EMP0091,59,181
PR019155,2025-09-14,1,MC007,EMP0177,82,181
PR019156,2025-09-14,1,MC001,EMP0017,75,181
PR019157,2025-09-14,1,MC006,EMP0044,73,181
PR019158,2025-09-14,1,MC008,EMP0176,75,181
PR019159,2025-09-14,1,MC005,EMP0158,71,181
PR019160,2025-09-14,2,MC013,EMP0148,50,120
PR019161,2025-09-14,2,MC010,EMP0051,42,120
PR019162,2025-09-14,2,MC014,EMP0178,45,120
PR019163,2025-09-14,2,MC018,EMP0079,45,120
PR019164,2025-09-14,2,MC015,EMP0004,50,120
PR019165,2025-09-14,2,MC016,EMP0146,38,120
PR019166,2025-09-14,2,MC009,EMP0157,46,120
PR019167,2025-09-14,3,MC024,EMP0099,70,158
PR019168,2025-09-14,3,MC021,EMP0069,52,158
PR019169,2025-09-14,3,MC023,EMP0125,50,158
PR019170,2025-09-14,3,MC022,EMP0034,55,158
PR019171,2025-09-14,4,MC027,EMP0156,71,200
PR019172,2025-09-14,4,MC026,EMP0043,91,200
PR019173,2025-09-14,4,MC028,EMP0022,92,200
PR019174,2025-09-14,5,MC032,EMP0058,53,142
PR019175,2025-09-14,5,MC035,EMP0086,51,142
PR019176,2025-09-14,5,MC034,EMP0028,58,142
PR019177,2025-09-14,5,MC030,EMP0150,57,142
PR019178,2025-09-14,6,MC036,EMP0152,127,325
PR019179,2025-09-14,6,MC037,EMP0171,121,325
PR019180,2025-09-14,6,MC038,EMP0053,143,325
PR019181,2025-09-15,1,MC004,EMP0075,226,181
PR019182,2025-09-15,1,MC005,EMP0118,205,181
PR019183,2025-09-15,1,MC002,EMP0066,182,181
PR019184,2025-09-15,1,MC007,EMP0118,205,181
PR019185,2025-09-15,1,MC001,EMP0151,198,181
PR019186,2025-09-15,1,MC003,EMP0126,223,181
PR019187,2025-09-15,1,MC006,EMP0119,206,181
PR019188,2025-09-15,2,MC012,EMP0077,134,120
PR019189,2025-09-15,2,MC016,EMP0157,118,120
PR019190,2025-09-15,2,MC015,EMP0027,137,120
PR019191,2025-09-15,2,MC014,EMP0012,133,120
PR019192,2025-09-15,2,MC018,EMP0138,126,120
PR019193,2025-09-15,2,MC009,EMP0113,136,120
PR019194,2025-09-15,2,MC011,EMP0015,129,120
PR019195,2025-09-15,2,MC010,EMP0083,124,120
PR019196,2025-09-15,2,MC017,EMP0113,131,120
PR019197,2025-09-15,3,MC023,EMP0006,181,158
PR019198,2025-09-15,3,MC020,EMP0069,171,158
PR019199,2025-09-15,3,MC021,EMP0013,176,158
PR019200,2025-09-15,3,MC022,EMP0033,207,158
PR019201,2025-09-15,3,MC019,EMP0069,172,158
PR019202,2025-09-15,4,MC028,EMP0071,239,200
PR019203,2025-09-15,4,MC027,EMP0153,237,200
PR019204,2025-09-15,4,MC025,EMP0108,251,200
PR019205,2025-09-15,5,MC030,EMP0028,151,142
PR019206,2025-09-15,5,MC032,EMP0096,170,142
PR019207,2025-09-15,5,MC033,EMP0060,138,142
PR019208,2025-09-15,5,MC034,EMP0056,158,142
PR019209,2025-09-15,6,MC036,EMP0171,348,325
PR019210,2025-09-15,6,MC037,EMP0152,308,325
PR019211,2025-09-15,6,MC038,EMP0152,428,325
PR019212,2025-09-16,1,MC002,EMP0119,182,181
PR019213,2025-09-16,1,MC006,EMP0025,169,181
PR019214,2025-09-16,1,MC004,EMP0061,183,181
PR019215,2025-09-16,1,MC007,EMP0091,209,181
PR019216,2025-09-16,1,MC008,EMP0161,184,181
PR019217,2025-09-16,1,MC003,EMP0018,207,181
PR019218,2025-09-16,2,MC012,EMP0098,136,120
PR019219,2025-09-16,2,MC018,EMP0004,117,120
PR019220,2025-09-16,2,MC010,EMP0148,129,120
PR019221,2025-09-16,2,MC016,EMP0103,124,120
PR019222,2025-09-16,2,MC015,EMP0138,145,120
PR019223,2025-09-16,2,MC009,EMP0116,139,120
PR019224,2025-09-16,2,MC014,EMP0070,141,120
PR019225,2025-09-16,2,MC017,EMP0027,144,120
PR019226,2025-09-16,2,MC011,EMP0035,125,120
PR019227,2025-09-16,3,MC020,EMP0069,157,158
PR019228,2025-09-16,3,MC019,EMP0055,189,158
PR019229,2025-09-16,3,MC021,EMP0122,159,158
PR019230,2025-09-16,3,MC022,EMP0172,150,158
PR019231,2025-09-16,4,MC027,EMP0127,270,200
PR019232,2025-09-16,4,MC026,EMP0019,230,200
PR019233,2025-09-16,4,MC028,EMP0019,255,200
PR019234,2025-09-16,4,MC025,EMP0121,263,200
PR019235,2025-09-16,5,MC030,EMP0165,175,142
PR019236,2025-09-16,5,MC032,EMP0080,154,142
PR019237,2025-09-16,5,MC035,EMP0068,160,142
PR019238,2025-09-16,5,MC031,EMP0080,149,142
PR019239,2025-09-16,6,MC039,EMP0120,402,325
PR019240,2025-09-16,6,MC036,EMP0142,377,325
PR019241,2025-09-16,6,MC037,EMP0144,367,325
PR019242,2025-09-17,1,MC004,EMP0037,222,181
PR019243,2025-09-17,1,MC002,EMP0038,203,181
PR019244,2025-09-17,1,MC005,EMP0160,219,181
PR019245,2025-09-17,1,MC006,EMP0141,244,181
PR019246,2025-09-17,1,MC001,EMP0102,213,181
PR019247,2025-09-17,1,MC007,EMP0072,202,181
PR019248,2025-09-17,1,MC008,EMP0097,195,181
PR019249,2025-09-17,2,MC013,EMP0170,145,120
PR019250,2025-09-17,2,MC016,EMP0135,122,120
PR019251,2025-09-17,2,MC010,EMP0077,137,120
PR019252,2025-09-17,2,MC014,EMP0133,137,120
PR019253,2025-09-17,2,MC015,EMP0024,117,120
PR019254,2025-09-17,2,MC018,EMP0048,130,120
PR019255,2025-09-17,2,MC009,EMP0148,126,120
PR019256,2025-09-17,2,MC012,EMP0026,120,120
PR019257,2025-09-17,3,MC022,EMP0172,167,158
PR019258,2025-09-17,3,MC024,EMP0064,174,158
PR019259,2025-09-17,3,MC019,EMP0159,151,158
PR019260,2025-09-17,3,MC023,EMP0055,180,158
PR019261,2025-09-17,4,MC026,EMP0014,272,200
PR019262,2025-09-17,4,MC025,EMP0023,244,200
PR019263,2025-09-17,4,MC029,EMP0175,235,200
PR019264,2025-09-17,5,MC030,EMP0086,169,142
PR019265,2025-09-17,5,MC032,EMP0003,129,142
PR019266,2025-09-17,5,MC031,EMP0101,161,142
PR019267,2025-09-17,5,MC035,EMP0060,158,142
PR019268,2025-09-17,5,MC034,EMP0101,167,142
PR019269,2025-09-17,6,MC036,EMP0142,356,325
PR019270,2025-09-17,6,MC038,EMP0100,393,325
PR019271,2025-09-17,6,MC037,EMP0155,402,325
PR019272,2025-09-18,1,MC004,EMP0107,176,181
PR019273,2025-09-18,1,MC007,EMP0167,242,181
PR019274,2025-09-18,1,MC001,EMP0044,208,181
PR019275,2025-09-18,1,MC005,EMP0118,183,181
PR019276,2025-09-18,1,MC003,EMP0118,175,181
PR019277,2025-09-18,1,MC002,EMP0166,213,181
PR019278,2025-09-18,2,MC013,EMP0001,165,120
PR019279,2025-09-18,2,MC017,EMP0047,131,120
PR019280,2025-09-18,2,MC010,EMP0042,133,120
PR019281,2025-09-18,2,MC011,EMP0040,146,120
PR019282,2025-09-18,2,MC014,EMP0117,149,120
PR019283,2025-09-18,2,MC016,EMP0042,137,120
PR019284,2025-09-18,2,MC012,EMP0047,135,120
PR019285,2025-09-18,2,MC018,EMP0090,130,120
PR019286,2025-09-18,2,MC015,EMP0140,130,120
PR019287,2025-09-18,3,MC024,EMP0172,176,158
PR019288,2025-09-18,3,MC023,EMP0125,189,158
PR019289,2025-09-18,3,MC022,EMP0125,158,158
PR019290,2025-09-18,3,MC019,EMP0010,176,158
PR019291,2025-09-18,3,MC020,EMP0039,159,158
PR019292,2025-09-18,4,MC025,EMP0127,257,200
PR019293,2025-09-18,4,MC027,EMP0023,238,200
PR019294,2025-09-18,4,MC028,EMP0121,207,200
PR019295,2025-09-18,4,MC029,EMP0014,241,200
PR019296,2025-09-18,5,MC031,EMP0165,136,142
PR019297,2025-09-18,5,MC034,EMP0028,170,142
PR019298,2025-09-18,5,MC030,EMP0003,147,142
PR019299,2025-09-18,5,MC035,EMP0003,150,142
PR019300,2025-09-18,5,MC033,EMP0101,151,142
PR019301,2025-09-18,6,MC039,EMP0171,380,325
PR019302,2025-09-18,6,MC036,EMP0046,356,325
PR019303,2025-09-18,6,MC037,EMP0142,377,325
PR019304,2025-09-19,1,MC003,EMP0092,162,181
PR019305,2025-09-19,1,MC005,EMP0126,169,181
PR019306,2025-09-19,1,MC008,EMP0075,191,181
PR019307,2025-09-19,1,MC007,EMP0032,178,181
PR019308,2025-09-19,1,MC006,EMP0130,171,181
PR019309,2025-09-19,1,MC004,EMP0061,176,181
PR019310,2025-09-19,2,MC010,EMP0031,98,120
PR019311,2025-09-19,2,MC009,EMP0114,99,120
PR019312,2025-09-19,2,MC011,EMP0123,121,120
PR019313,2025-09-19,2,MC014,EMP0048,116,120
PR019314,2025-09-19,2,MC013,EMP0148,106,120
PR019315,2025-09-19,2,MC015,EMP0105,121,120
PR019316,2025-09-19,2,MC017,EMP0076,111,120
PR019317,2025-09-19,2,MC016,EMP0095,123,120
PR019318,2025-09-19,2,MC012,EMP0020,116,120
PR019319,2025-09-19,3,MC021,EMP0069,152,158
PR019320,2025-09-19,3,MC024,EMP0159,153,158
PR019321,2025-09-19,3,MC022,EMP0064,150,158
PR019322,2025-09-19,3,MC019,EMP0082,158,158
PR019323,2025-09-19,3,MC023,EMP0180,143,158
PR019324,2025-09-19,4,MC027,EMP0043,219,200
PR019325,2025-09-19,4,MC025,EMP0019,209,200
PR019326,2025-09-19,4,MC028,EMP0022,197,200
PR019327,2025-09-19,4,MC026,EMP0132,169,200
PR019328,2025-09-19,5,MC031,EMP0096,140,142
PR019329,2025-09-19,5,MC032,EMP0003,127,142
PR019330,2025-09-19,5,MC034,EMP0003,122,142
PR019331,2025-09-19,5,MC035,EMP0056,126,142
PR019332,2025-09-19,6,MC036,EMP0152,294,325
PR019333,2025-09-19,6,MC038,EMP0120,308,325
PR019334,2025-09-19,6,MC037,EMP0100,286,325
PR019335,2025-09-20,1,MC004,EMP0044,199,181
PR019336,2025-09-20,1,MC008,EMP0038,199,181
PR019337,2025-09-20,1,MC005,EMP0066,185,181
PR019338,2025-09-20,1,MC002,EMP0151,206,181
PR019339,2025-09-20,1,MC001,EMP0141,180,181
PR019340,2025-09-20,1,MC003,EMP0018,202,181
PR019341,2025-09-20,2,MC018,EMP0079,149,120
PR019342,2025-09-20,2,MC013,EMP0015,115,120
PR019343,2025-09-20,2,MC011,EMP0114,146,120
PR019344,2025-09-20,2,MC009,EMP0117,115,120
PR019345,2025-09-20,2,MC012,EMP0148,145,120
PR019346,2025-09-20,2,MC015,EMP0128,122,120
PR019347,2025-09-20,2,MC014,EMP0106,147,120
PR019348,2025-09-20,2,MC010,EMP0036,142,120
PR019349,2025-09-20,2,MC016,EMP0021,159,120
PR019350,2025-09-20,3,MC019,EMP0029,174,158
PR019351,2025-09-20,3,MC020,EMP0111,179,158
PR019352,2025-09-20,3,MC021,EMP0039,161,158
PR019353,2025-09-20,3,MC023,EMP0179,178,158
PR019354,2025-09-20,4,MC028,EMP0022,199,200
PR019355,2025-09-20,4,MC029,EMP0108,271,200
PR019356,2025-09-20,4,MC026,EMP0093,237,200
PR019357,2025-09-20,4,MC027,EMP0153,246,200
PR019358,2025-09-20,5,MC033,EMP0164,160,142
PR019359,2025-09-20,5,MC034,EMP0058,173,142
PR019360,2025-09-20,5,MC030,EMP0145,144,142
PR019361,2025-09-20,5,MC031,EMP0060,145,142
PR019362,2025-09-20,5,MC032,EMP0060,148,142
PR019363,2025-09-20,6,MC037,EMP0046,411,325
PR019364,2025-09-20,6,MC039,EMP0171,307,325
PR019365,2025-09-20,6,MC038,EMP0171,351,325
PR019366,2025-09-21,1,MC007,EMP0057,71,181
PR019367,2025-09-21,1,MC003,EMP0130,63,181
PR019368,2025-09-21,1,MC008,EMP0005,71,181
PR019369,2025-09-21,1,MC002,EMP0073,68,181
PR019370,2025-09-21,1,MC001,EMP0044,75,181
PR019371,2025-09-21,1,MC004,EMP0044,61,181
PR019372,2025-09-21,1,MC006,EMP0097,66,181
PR019373,2025-09-21,2,MC017,EMP0048,48,120
PR019374,2025-09-21,2,MC011,EMP0147,50,120
PR019375,2025-09-21,2,MC014,EMP0129,43,120
PR019376,2025-09-21,2,MC018,EMP0123,46,120
PR019377,2025-09-21,2,MC012,EMP0083,50,120
PR019378,2025-09-21,2,MC015,EMP0051,36,120
PR019379,2025-09-21,2,MC013,EMP0009,44,120
PR019380,2025-09-21,2,MC010,EMP0077,42,120
PR019381,2025-09-21,3,MC021,EMP0172,63,158
PR019382,2025-09-21,3,MC022,EMP0069,66,158
PR019383,2025-09-21,3,MC024,EMP0084,55,158
PR019384,2025-09-21,3,MC020,EMP0069,57,158
PR019385,2025-09-21,3,MC023,EMP0033,63,158
PR019386,2025-09-21,4,MC028,EMP0043,95,200
PR019387,2025-09-21,4,MC026,EMP0014,90,200
PR019388,2025-09-21,4,MC029,EMP0109,74,200
PR019389,2025-09-21,4,MC025,EMP0023,83,200
PR019390,2025-09-21,5,MC033,EMP0003,52,142
PR019391,2025-09-21,5,MC030,EMP0145,54,142
PR019392,2025-09-21,5,MC032,EMP0060,59,142
PR019393,2025-09-21,5,MC034,EMP0101,53,142
PR019394,2025-09-21,6,MC037,EMP0065,125,325
PR019395,2025-09-21,6,MC039,EMP0155,136,325
PR019396,2025-09-21,6,MC038,EMP0155,132,325
PR019397,2025-09-22,1,MC003,EMP0061,172,181
PR019398,2025-09-22,1,MC006,EMP0005,186,181
PR019399,2025-09-22,1,MC002,EMP0054,220,181
PR019400,2025-09-22,1,MC005,EMP0176,196,181
PR019401,2025-09-22,1,MC001,EMP0151,212,181
PR019402,2025-09-22,1,MC008,EMP0017,201,181
PR019403,2025-09-22,2,MC009,EMP0024,121,120
PR019404,2025-09-22,2,MC015,EMP0036,133,120
PR019405,2025-09-22,2,MC011,EMP0129,118,120
PR019406,2025-09-22,2,MC014,EMP0138,131,120
PR019407,2025-09-22,2,MC017,EMP0047,142,120
PR019408,2025-09-22,2,MC012,EMP0115,132,120
PR019409,2025-09-22,2,MC016,EMP0117,115,120
PR019410,2025-09-22,2,MC013,EMP0035,140,120
PR019411,2025-09-22,2,MC018,EMP0169,133,120
PR019412,2025-09-22,3,MC020,EMP0013,181,158
PR019413,2025-09-22,3,MC021,EMP0069,165,158
PR019414,2025-09-22,3,MC019,EMP0084,165,158
PR019415,2025-09-22,3,MC022,EMP0078,166,158
PR019416,2025-09-22,4,MC027,EMP0043,215,200
PR019417,2025-09-22,4,MC028,EMP0049,204,200
PR019418,2025-09-22,4,MC026,EMP0093,225,200
PR019419,2025-09-22,4,MC029,EMP0175,220,200
PR019420,2025-09-22,5,MC033,EMP0003,126,142
PR019421,2025-09-22,5,MC035,EMP0003,169,142
PR019422,2025-09-22,5,MC034,EMP0164,157,142
PR019423,2025-09-22,5,MC030,EMP0086,161,142
PR019424,2025-09-22,5,MC031,EMP0101,159,142
PR019425,2025-09-22,6,MC038,EMP0100,357,325
PR019426,2025-09-22,6,MC039,EMP0144,382,325
PR019427,2025-09-22,6,MC037,EMP0100,384,325
PR019428,2025-09-23,1,MC002,EMP0160,175,181
PR019429,2025-09-23,1,MC004,EMP0091,207,181
PR019430,2025-09-23,1,MC001,EMP0126,188,181
PR019431,2025-09-23,1,MC008,EMP0072,187,181
PR019432,2025-09-23,1,MC006,EMP0066,224,181
PR019433,2025-09-23,1,MC005,EMP0038,211,181
PR019434,2025-09-23,2,MC013,EMP0123,118,120
PR019435,2025-09-23,2,MC018,EMP0048,137,120
PR019436,2025-09-23,2,MC015,EMP0135,142,120
PR019437,2025-09-23,2,MC012,EMP0139,119,120
PR019438,2025-09-23,2,MC017,EMP0020,154,120
PR019439,2025-09-23,2,MC014,EMP0149,140,120
PR019440,2025-09-23,2,MC011,EMP0076,125,120
PR019441,2025-09-23,2,MC009,EMP0129,129,120
PR019442,2025-09-23,3,MC021,EMP0069,167,158
PR019443,2025-09-23,3,MC022,EMP0143,180,158
PR019444,2025-09-23,3,MC023,EMP0179,176,158
PR019445,2025-09-23,3,MC019,EMP0006,183,158
PR019446,2025-09-23,3,MC024,EMP0069,161,158
PR019447,2025-09-23,4,MC028,EMP0175,258,200
PR019448,2025-09-23,4,MC029,EMP0109,246,200
PR019449,2025-09-23,4,MC027,EMP0175,272,200
PR019450,2025-09-23,5,MC035,EMP0058,170,142
PR019451,2025-09-23,5,MC031,EMP0003,135,142
PR019452,2025-09-23,5,MC034,EMP0096,157,142
PR019453,2025-09-23,5,MC032,EMP0150,148,142
PR019454,2025-09-23,5,MC033,EMP0101,161,142
PR019455,2025-09-23,6,MC037,EMP0152,359,325
PR019456,2025-09-23,6,MC039,EMP0152,386,325
PR019457,2025-09-23,6,MC038,EMP0053,408,325
PR019458,2025-09-24,1,MC007,EMP0075,194,181
PR019459,2025-09-24,1,MC006,EMP0037,191,181
PR019460,2025-09-24,1,MC001,EMP0007,253,181
PR019461,2025-09-24,1,MC003,EMP0104,206,181
PR019462,2025-09-24,1,MC005,EMP0112,200,181
PR019463,2025-09-24,1,MC004,EMP0168,193,181
PR019464,2025-09-24,1,MC008,EMP0017,191,181
PR019465,2025-09-24,2,MC011,EMP0090,127,120
PR019466,2025-09-24,2,MC013,EMP0047,147,120
PR019467,2025-09-24,2,MC009,EMP0035,146,120
PR019468,2025-09-24,2,MC017,EMP0031,143,120
PR019469,2025-09-24,2,MC018,EMP0114,129,120
PR019470,2025-09-24,2,MC010,EMP0103,131,120
PR019471,2025-09-24,2,MC016,EMP0133,126,120
PR019472,2025-09-24,2,MC012,EMP0031,133,120
PR019473,2025-09-24,3,MC022,EMP0016,166,158
PR019474,2025-09-24,3,MC021,EMP0111,177,158
PR019475,2025-09-24,3,MC023,EMP0111,169,158
PR019476,2025-09-24,3,MC024,EMP0016,164,158
PR019477,2025-09-24,3,MC019,EMP0055,172,158
PR019478,2025-09-24,4,MC028,EMP0059,277,200
PR019479,2025-09-24,4,MC026,EMP0019,217,200
PR019480,2025-09-24,4,MC027,EMP0049,236,200
PR019481,2025-09-24,4,MC025,EMP0109,221,200
PR019482,2025-09-24,5,MC034,EMP0060,152,142
PR019483,2025-09-24,5,MC035,EMP0165,154,142
PR019484,2025-09-24,5,MC030,EMP0101,181,142
PR019485,2025-09-24,5,MC032,EMP0150,124,142
PR019486,2025-09-24,6,MC036,EMP0065,349,325
PR019487,2025-09-24,6,MC037,EMP0171,353,325
PR019488,2025-09-24,6,MC039,EMP0085,383,325
PR019489,2025-09-25,1,MC008,EMP0097,192,181
PR019490,2025-09-25,1,MC006,EMP0163,211,181
PR019491,2025-09-25,1,MC005,EMP0177,216,181
PR019492,2025-09-25,1,MC002,EMP0007,220,181
PR019493,2025-09-25,1,MC003,EMP0030,216,181
PR019494,2025-09-25,1,MC004,EMP0057,213,181
PR019495,2025-09-25,2,MC010,EMP0114,136,120
PR019496,2025-09-25,2,MC018,EMP0036,143,120
PR019497,2025-09-25,2,MC011,EMP0146,141,120
PR019498,2025-09-25,2,MC014,EMP0157,115,120
PR019499,2025-09-25,2,MC016,EMP0123,122,120
PR019500,2025-09-25,2,MC009,EMP0098,140,120
PR019501,2025-09-25,2,MC015,EMP0004,130,120
PR019502,2025-09-25,2,MC012,EMP0116,116,120
PR019503,2025-09-25,3,MC021,EMP0125,149,158
PR019504,2025-09-25,3,MC020,EMP0029,197,158
PR019505,2025-09-25,3,MC023,EMP0029,187,158
PR019506,2025-09-25,3,MC024,EMP0078,141,158
PR019507,2025-09-25,4,MC026,EMP0127,249,200
PR019508,2025-09-25,4,MC027,EMP0049,214,200
PR019509,2025-09-25,4,MC025,EMP0087,206,200
PR019510,2025-09-25,4,MC028,EMP0043,259,200
PR019511,2025-09-25,5,MC033,EMP0028,168,142
PR019512,2025-09-25,5,MC030,EMP0058,134,142
PR019513,2025-09-25,5,MC034,EMP0003,163,142
PR019514,2025-09-25,5,MC035,EMP0080,161,142
PR019515,2025-09-25,5,MC032,EMP0068,161,142
PR019516,2025-09-25,6,MC036,EMP0144,342,325
PR019517,2025-09-25,6,MC039,EMP0155,340,325
PR019518,2025-09-25,6,MC037,EMP0100,358,325
PR019519,2025-09-26,1,MC004,EMP0158,144,181
PR019520,2025-09-26,1,MC001,EMP0126,194,181
PR019521,2025-09-26,1,MC003,EMP0102,157,181
PR019522,2025-09-26,1,MC006,EMP0005,175,181
PR019523,2025-09-26,1,MC002,EMP0072,165,181
PR019524,2025-09-26,1,MC007,EMP0054,172,181
PR019525,2025-09-26,2,MC015,EMP0021,105,120
PR019526,2025-09-26,2,MC014,EMP0173,102,120
PR019527,2025-09-26,2,MC012,EMP0081,117,120
PR019528,2025-09-26,2,MC017,EMP0051,116,120
PR019529,2025-09-26,2,MC010,EMP0169,115,120
PR019530,2025-09-26,2,MC018,EMP0024,128,120
PR019531,2025-09-26,2,MC011,EMP0079,118,120
PR019532,2025-09-26,2,MC013,EMP0113,106,120
PR019533,2025-09-26,2,MC016,EMP0147,117,120
PR019534,2025-09-26,3,MC020,EMP0099,149,158
PR019535,2025-09-26,3,MC019,EMP0084,156,158
PR019536,2025-09-26,3,MC021,EMP0006,167,158
PR019537,2025-09-26,3,MC022,EMP0016,158,158
PR019538,2025-09-26,3,MC024,EMP0084,146,158
PR019539,2025-09-26,4,MC028,EMP0050,226,200
PR019540,2025-09-26,4,MC025,EMP0019,195,200
PR019541,2025-09-26,4,MC027,EMP0059,211,200
PR019542,2025-09-26,5,MC033,EMP0145,134,142
PR019543,2025-09-26,5,MC030,EMP0080,136,142
PR019544,2025-09-26,5,MC034,EMP0150,119,142
PR019545,2025-09-26,5,MC035,EMP0101,132,142
PR019546,2025-09-26,5,MC032,EMP0145,134,142
PR019547,2025-09-26,6,MC038,EMP0120,280,325
PR019548,2025-09-26,6,MC037,EMP0046,349,325
PR019549,2025-09-26,6,MC036,EMP0120,351,325
PR019550,2025-09-27,1,MC008,EMP0151,226,181
PR019551,2025-09-27,1,MC003,EMP0162,218,181
PR019552,2025-09-27,1,MC002,EMP0151,180,181
PR019553,2025-09-27,1,MC004,EMP0160,213,181
PR019554,2025-09-27,1,MC001,EMP0158,206,181
PR019555,2025-09-27,1,MC006,EMP0092,230,181
PR019556,2025-09-27,2,MC012,EMP0149,131,120
PR019557,2025-09-27,2,MC016,EMP0140,124,120
PR019558,2025-09-27,2,MC017,EMP0067,134,120
PR019559,2025-09-27,2,MC010,EMP0133,139,120
PR019560,2025-09-27,2,MC015,EMP0173,121,120
PR019561,2025-09-27,2,MC018,EMP0138,114,120
PR019562,2025-09-27,2,MC009,EMP0074,133,120
PR019563,2025-09-27,2,MC014,EMP0089,146,120
PR019564,2025-09-27,3,MC021,EMP0125,153,158
PR019565,2025-09-27,3,MC022,EMP0134,164,158
PR019566,2025-09-27,3,MC024,EMP0084,183,158
PR019567,2025-09-27,3,MC023,EMP0039,174,158
PR019568,2025-09-27,3,MC019,EMP0172,185,158
PR019569,2025-09-27,4,MC026,EMP0108,259,200
PR019570,2025-09-27,4,MC025,EMP0002,257,200
PR019571,2025-09-27,4,MC028,EMP0014,216,200
PR019572,2025-09-27,4,MC029,EMP0022,228,200
PR019573,2025-09-27,5,MC032,EMP0060,163,142
PR019574,2025-09-27,5,MC031,EMP0096,159,142
PR019575,2025-09-27,5,MC033,EMP0080,168,142
PR019576,2025-09-27,5,MC035,EMP0086,160,142
PR019577,2025-09-27,5,MC034,EMP0096,141,142
PR019578,2025-09-27,6,MC038,EMP0171,328,325
PR019579,2025-09-27,6,MC037,EMP0142,357,325
PR019580,2025-09-27,6,MC036,EMP0142,421,325
PR019581,2025-09-28,1,MC002,EMP0107,68,181
PR019582,2025-09-28,1,MC006,EMP0130,71,181
PR019583,2025-09-28,1,MC007,EMP0168,72,181
PR019584,2025-09-28,1,MC008,EMP0072,74,181
PR019585,2025-09-28,1,MC003,EMP0107,75,181
PR019586,2025-09-28,1,MC005,EMP0163,77,181
PR019587,2025-09-28,1,MC001,EMP0073,73,181
PR019588,2025-09-28,2,MC013,EMP0041,49,120
PR019589,2025-09-28,2,MC009,EMP0024,48,120
PR019590,2025-09-28,2,MC015,EMP0042,48,120
PR019591,2025-09-28,2,MC010,EMP0070,48,120
PR019592,2025-09-28,2,MC017,EMP0077,46,120
PR019593,2025-09-28,2,MC014,EMP0040,50,120
PR019594,2025-09-28,2,MC016,EMP0036,43,120
PR019595,2025-09-28,2,MC011,EMP0149,43,120
PR019596,2025-09-28,2,MC018,EMP0128,46,120
PR019597,2025-09-28,3,MC019,EMP0111,62,158
PR019598,2025-09-28,3,MC022,EMP0159,55,158
PR019599,2025-09-28,3,MC020,EMP0134,61,158
PR019600,2025-09-28,3,MC021,EMP0180,64,158
PR019601,2025-09-28,4,MC028,EMP0050,91,200
PR019602,2025-09-28,4,MC029,EMP0023,84,200
PR019603,2025-09-28,4,MC026,EMP0153,88,200
PR019604,2025-09-28,4,MC027,EMP0121,81,200
PR019605,2025-09-28,5,MC031,EMP0145,59,142
PR019606,2025-09-28,5,MC034,EMP0150,56,142
PR019607,2025-09-28,5,MC033,EMP0056,51,142
PR019608,2025-09-28,5,MC030,EMP0080,59,142
PR019609,2025-09-28,6,MC036,EMP0065,123,325
PR019610,2025-09-28,6,MC038,EMP0171,138,325
PR019611,2025-09-28,6,MC039,EMP0171,134,325
PR019612,2025-09-29,1,MC003,EMP0092,193,181
PR019613,2025-09-29,1,MC001,EMP0030,240,181
PR019614,2025-09-29,1,MC008,EMP0176,191,181
PR019615,2025-09-29,1,MC002,EMP0158,175,181
PR019616,2025-09-29,1,MC004,EMP0166,197,181
PR019617,2025-09-29,1,MC006,EMP0160,192,181
PR019618,2025-09-29,2,MC016,EMP0047,123,120
PR019619,2025-09-29,2,MC013,EMP0067,115,120
PR019620,2025-09-29,2,MC014,EMP0117,131,120
PR019621,2025-09-29,2,MC017,EMP0004,123,120
PR019622,2025-09-29,2,MC018,EMP0169,127,120
PR019623,2025-09-29,2,MC015,EMP0051,117,120
PR019624,2025-09-29,2,MC010,EMP0001,135,120
PR019625,2025-09-29,2,MC009,EMP0090,150,120
PR019626,2025-09-29,3,MC023,EMP0013,166,158
PR019627,2025-09-29,3,MC024,EMP0016,177,158
PR019628,2025-09-29,3,MC020,EMP0069,163,158
PR019629,2025-09-29,3,MC021,EMP0082,167,158
PR019630,2025-09-29,3,MC019,EMP0006,194,158
PR019631,2025-09-29,4,MC028,EMP0153,240,200
PR019632,2025-09-29,4,MC026,EMP0109,234,200
PR019633,2025-09-29,4,MC025,EMP0019,220,200
PR019634,2025-09-29,4,MC027,EMP0109,223,200
PR019635,2025-09-29,5,MC032,EMP0096,149,142
PR019636,2025-09-29,5,MC035,EMP0096,157,142
PR019637,2025-09-29,5,MC031,EMP0060,149,142
PR019638,2025-09-29,5,MC030,EMP0058,153,142
PR019639,2025-09-29,6,MC036,EMP0053,372,325
PR019640,2025-09-29,6,MC037,EMP0085,369,325
PR019641,2025-09-29,6,MC038,EMP0120,346,325
PR019642,2025-09-30,1,MC001,EMP0092,189,181
PR019643,2025-09-30,1,MC003,EMP0126,214,181
PR019644,2025-09-30,1,MC007,EMP0061,214,181
PR019645,2025-09-30,1,MC002,EMP0052,205,181
PR019646,2025-09-30,1,MC008,EMP0126,235,181
PR019647,2025-09-30,1,MC006,EMP0097,180,181
PR019648,2025-09-30,1,MC004,EMP0052,193,181
PR019649,2025-09-30,2,MC014,EMP0067,149,120
PR019650,2025-09-30,2,MC018,EMP0026,125,120
PR019651,2025-09-30,2,MC015,EMP0083,131,120
PR019652,2025-09-30,2,MC011,EMP0173,146,120
PR019653,2025-09-30,2,MC016,EMP0040,143,120
PR019654,2025-09-30,2,MC010,EMP0098,119,120
PR019655,2025-09-30,2,MC017,EMP0063,127,120
PR019656,2025-09-30,2,MC013,EMP0026,132,120
PR019657,2025-09-30,3,MC024,EMP0078,203,158
PR019658,2025-09-30,3,MC019,EMP0055,183,158
PR019659,2025-09-30,3,MC021,EMP0099,184,158
PR019660,2025-09-30,3,MC022,EMP0111,172,158
PR019661,2025-09-30,3,MC020,EMP0125,169,158
PR019662,2025-09-30,4,MC027,EMP0019,255,200
PR019663,2025-09-30,4,MC028,EMP0154,226,200
PR019664,2025-09-30,4,MC029,EMP0109,234,200
PR019665,2025-09-30,4,MC025,EMP0131,229,200
PR019666,2025-09-30,5,MC035,EMP0165,153,142
PR019667,2025-09-30,5,MC034,EMP0058,168,142
PR019668,2025-09-30,5,MC030,EMP0068,167,142
PR019669,2025-09-30,5,MC033,EMP0150,184,142
PR019670,2025-09-30,5,MC031,EMP0056,127,142
PR019671,2025-09-30,6,MC038,EMP0155,457,325
PR019672,2025-09-30,6,MC036,EMP0152,395,325
PR019673,2025-09-30,6,MC039,EMP0171,325,325
PR019674,2025-10-01,1,MC003,EMP0167,169,181
PR019675,2025-10-01,1,MC005,EMP0057,203,181
PR019676,2025-10-01,1,MC001,EMP0032,189,181
PR019677,2025-10-01,1,MC002,EMP0072,174,181
PR019678,2025-10-01,1,MC007,EMP0037,204,181
PR019679,2025-10-01,1,MC004,EMP0005,213,181
PR019680,2025-10-01,2,MC015,EMP0040,144,120
PR019681,2025-10-01,2,MC011,EMP0004,147,120
PR019682,2025-10-01,2,MC018,EMP0031,139,120
PR019683,2025-10-01,2,MC009,EMP0074,115,120
PR019684,2025-10-01,2,MC013,EMP0048,126,120
PR019685,2025-10-01,2,MC014,EMP0090,130,120
PR019686,2025-10-01,2,MC010,EMP0009,137,120
PR019687,2025-10-01,3,MC021,EMP0029,150,158
PR019688,2025-10-01,3,MC024,EMP0033,164,158
PR019689,2025-10-01,3,MC023,EMP0082,180,158
PR019690,2025-10-01,3,MC020,EMP0029,178,158
PR019691,2025-10-01,4,MC027,EMP0062,265,200
PR019692,2025-10-01,4,MC026,EMP0153,247,200
PR019693,2025-10-01,4,MC029,EMP0175,235,200
PR019694,2025-10-01,5,MC033,EMP0164,146,142
PR019695,2025-10-01,5,MC032,EMP0145,170,142
PR019696,2025-10-01,5,MC034,EMP0080,156,142
PR019697,2025-10-01,5,MC030,EMP0080,155,142
PR019698,2025-10-01,6,MC036,EMP0120,357,325
PR019699,2025-10-01,6,MC038,EMP0065,329,325
PR019700,2025-10-01,6,MC039,EMP0120,375,325
PR019701,2025-10-02,1,MC003,EMP0052,189,181
PR019702,2025-10-02,1,MC001,EMP0075,211,181
PR019703,2025-10-02,1,MC007,EMP0072,198,181
PR019704,2025-10-02,1,MC004,EMP0007,196,181
PR019705,2025-10-02,1,MC005,EMP0017,207,181
PR019706,2025-10-02,1,MC006,EMP0162,182,181
PR019707,2025-10-02,1,MC002,EMP0137,162,181
PR019708,2025-10-02,2,MC018,EMP0009,137,120
PR019709,2025-10-02,2,MC017,EMP0047,130,120
PR019710,2025-10-02,2,MC009,EMP0012,145,120
PR019711,2025-10-02,2,MC015,EMP0115,140,120
PR019712,2025-10-02,2,MC012,EMP0106,129,120
PR019713,2025-10-02,2,MC010,EMP0169,123,120
PR019714,2025-10-02,2,MC014,EMP0139,122,120
PR019715,2025-10-02,2,MC013,EMP0012,145,120
PR019716,2025-10-02,3,MC019,EMP0159,169,158
PR019717,2025-10-02,3,MC022,EMP0039,194,158
PR019718,2025-10-02,3,MC020,EMP0180,192,158
PR019719,2025-10-02,3,MC023,EMP0039,175,158
PR019720,2025-10-02,3,MC024,EMP0143,165,158
PR019721,2025-10-02,4,MC026,EMP0156,238,200
PR019722,2025-10-02,4,MC028,EMP0175,241,200
PR019723,2025-10-02,4,MC029,EMP0022,249,200
PR019724,2025-10-02,4,MC027,EMP0011,234,200
PR019725,2025-10-02,5,MC033,EMP0165,152,142
PR019726,2025-10-02,5,MC034,EMP0165,133,142
PR019727,2025-10-02,5,MC032,EMP0165,171,142
PR019728,2025-10-02,5,MC030,EMP0165,134,142
PR019729,2025-10-02,6,MC039,EMP0152,376,325
PR019730,2025-10-02,6,MC037,EMP0155,384,325
PR019731,2025-10-02,6,MC036,EMP0100,342,325
PR019732,2025-10-03,1,MC008,EMP0112,178,181
PR019733,2025-10-03,1,MC002,EMP0167,162,181
PR019734,2025-10-03,1,MC005,EMP0094,171,181
PR019735,2025-10-03,1,MC006,EMP0091,169,181
PR019736,2025-10-03,1,MC001,EMP0102,162,181
PR019737,2025-10-03,1,MC007,EMP0038,183,181
PR019738,2025-10-03,2,MC018,EMP0089,109,120
PR019739,2025-10-03,2,MC017,EMP0074,115,120
PR019740,2025-10-03,2,MC016,EMP0173,110,120
PR019741,2025-10-03,2,MC012,EMP0063,122,120
PR019742,2025-10-03,2,MC015,EMP0178,111,120
PR019743,2025-10-03,2,MC010,EMP0015,97,120
PR019744,2025-10-03,2,MC009,EMP0114,126,120
PR019745,2025-10-03,3,MC021,EMP0122,160,158
PR019746,2025-10-03,3,MC024,EMP0122,167,158
PR019747,2025-10-03,3,MC022,EMP0078,154,158
PR019748,2025-10-03,3,MC023,EMP0122,148,158
PR019749,2025-10-03,3,MC020,EMP0111,153,158
PR019750,2025-10-03,4,MC025,EMP0023,184,200
PR019751,2025-10-03,4,MC026,EMP0156,234,200
PR019752,2025-10-03,4,MC028,EMP0019,196,200
PR019753,2025-10-03,5,MC032,EMP0058,114,142
PR019754,2025-10-03,5,MC033,EMP0060,115,142
PR019755,2025-10-03,5,MC034,EMP0028,145,142
PR019756,2025-10-03,5,MC035,EMP0080,103,142
PR019757,2025-10-03,5,MC030,EMP0068,130,142
PR019758,2025-10-03,6,MC039,EMP0142,300,325
PR019759,2025-10-03,6,MC036,EMP0065,302,325
PR019760,2025-10-03,6,MC037,EMP0155,342,325
PR019761,2025-10-04,1,MC004,EMP0137,180,181
PR019762,2025-10-04,1,MC001,EMP0151,220,181
PR019763,2025-10-04,1,MC005,EMP0118,189,181
PR019764,2025-10-04,1,MC006,EMP0166,176,181
PR019765,2025-10-04,1,MC008,EMP0018,187,181
PR019766,2025-10-04,1,MC003,EMP0072,192,181
PR019767,2025-10-04,1,MC002,EMP0061,211,181
PR019768,2025-10-04,2,MC014,EMP0133,121,120
PR019769,2025-10-04,2,MC018,EMP0178,139,120
PR019770,2025-10-04,2,MC009,EMP0048,142,120
PR019771,2025-10-04,2,MC010,EMP0128,129,120
PR019772,2025-10-04,2,MC017,EMP0116,125,120
PR019773,2025-10-04,2,MC013,EMP0041,133,120
PR019774,2025-10-04,2,MC012,EMP0146,120,120
PR019775,2025-10-04,2,MC016,EMP0117,130,120
PR019776,2025-10-04,2,MC015,EMP0169,149,120
PR019777,2025-10-04,3,MC022,EMP0064,170,158
PR019778,2025-10-04,3,MC021,EMP0143,164,158
PR019779,2025-10-04,3,MC020,EMP0010,174,158
PR019780,2025-10-04,3,MC023,EMP0082,207,158
PR019781,2025-10-04,3,MC024,EMP0033,148,158
PR019782,2025-10-04,4,MC027,EMP0127,256,200
PR019783,2025-10-04,4,MC026,EMP0050,233,200
PR019784,2025-10-04,4,MC025,EMP0062,226,200
PR019785,2025-10-04,4,MC029,EMP0071,248,200
PR019786,2025-10-04,5,MC034,EMP0165,170,142
PR019787,2025-10-04,5,MC031,EMP0056,167,142
PR019788,2025-10-04,5,MC033,EMP0150,178,142
PR019789,2025-10-04,5,MC032,EMP0150,165,142
PR019790,2025-10-04,6,MC039,EMP0065,406,325
PR019791,2025-10-04,6,MC037,EMP0171,404,325
PR019792,2025-10-04,6,MC038,EMP0100,382,325
PR019793,2025-10-05,1,MC005,EMP0167,67,181
PR019794,2025-10-05,1,MC001,EMP0104,63,181
PR019795,2025-10-05,1,MC002,EMP0075,74,181
PR019796,2025-10-05,1,MC007,EMP0118,67,181
PR019797,2025-10-05,1,MC004,EMP0166,69,181
PR019798,2025-10-05,1,MC006,EMP0038,73,181
PR019799,2025-10-05,2,MC013,EMP0135,52,120
PR019800,2025-10-05,2,MC018,EMP0036,47,120
PR019801,2025-10-05,2,MC010,EMP0042,41,120
PR019802,2025-10-05,2,MC016,EMP0115,53,120
PR019803,2025-10-05,2,MC015,EMP0149,48,120
PR019804,2025-10-05,2,MC011,EMP0042,41,120
PR019805,2025-10-05,2,MC009,EMP0113,52,120
PR019806,2025-10-05,2,MC014,EMP0036,49,120
PR019807,2025-10-05,3,MC020,EMP0078,59,158
PR019808,2025-10-05,3,MC023,EMP0134,56,158
PR019809,2025-10-05,3,MC024,EMP0125,63,158
PR019810,2025-10-05,3,MC019,EMP0134,60,158
PR019811,2025-10-05,4,MC025,EMP0174,90,200
PR019812,2025-10-05,4,MC026,EMP0002,90,200
PR019813,2025-10-05,4,MC029,EMP0049,90,200
PR019814,2025-10-05,4,MC027,EMP0062,78,200
PR019815,2025-10-05,5,MC031,EMP0028,59,142
PR019816,2025-10-05,5,MC034,EMP0068,57,142
PR019817,2025-10-05,5,MC033,EMP0086,52,142
PR019818,2025-10-05,5,MC035,EMP0068,60,142
PR019819,2025-10-05,5,MC030,EMP0165,53,142
PR019820,2025-10-05,6,MC037,EMP0171,125,325
PR019821,2025-10-05,6,MC036,EMP0085,141,325
PR019822,2025-10-05,6,MC038,EMP0171,130,325
PR019823,2025-10-06,1,MC005,EMP0061,191,181
PR019824,2025-10-06,1,MC007,EMP0025,185,181
PR019825,2025-10-06,1,MC004,EMP0102,178,181
PR019826,2025-10-06,1,MC006,EMP0151,200,181
PR019827,2025-10-06,1,MC001,EMP0038,228,181
PR019828,2025-10-06,1,MC008,EMP0162,211,181
PR019829,2025-10-06,2,MC013,EMP0173,128,120
PR019830,2025-10-06,2,MC016,EMP0021,136,120
PR019831,2025-10-06,2,MC012,EMP0077,115,120
PR019832,2025-10-06,2,MC015,EMP0031,128,120
PR019833,2025-10-06,2,MC018,EMP0012,133,120
PR019834,2025-10-06,2,MC009,EMP0149,144,120
PR019835,2025-10-06,2,MC010,EMP0169,131,120
PR019836,2025-10-06,2,MC017,EMP0148,117,120
PR019837,2025-10-06,3,MC021,EMP0082,176,158
PR019838,2025-10-06,3,MC023,EMP0064,182,158
PR019839,2025-10-06,3,MC024,EMP0124,177,158
PR019840,2025-10-06,3,MC019,EMP0143,178,158
PR019841,2025-10-06,3,MC020,EMP0029,177,158
PR019842,2025-10-06,4,MC027,EMP0049,249,200
PR019843,2025-10-06,4,MC026,EMP0108,213,200
PR019844,2025-10-06,4,MC029,EMP0156,259,200
PR019845,2025-10-06,4,MC025,EMP0049,278,200
PR019846,2025-10-06,5,MC035,EMP0145,143,142
PR019847,2025-10-06,5,MC034,EMP0101,172,142
PR019848,2025-10-06,5,MC033,EMP0058,160,142
PR019849,2025-10-06,5,MC032,EMP0060,135,142
PR019850,2025-10-06,5,MC030,EMP0086,151,142
PR019851,2025-10-06,6,MC039,EMP0100,347,325
PR019852,2025-10-06,6,MC036,EMP0065,347,325
PR019853,2025-10-06,6,MC038,EMP0152,335,325
PR019854,2025-10-07,1,MC003,EMP0163,206,181
PR019855,2025-10-07,1,MC002,EMP0044,195,181
PR019856,2025-10-07,1,MC008,EMP0130,187,181
PR019857,2025-10-07,1,MC001,EMP0176,218,181
PR019858,2025-10-07,1,MC007,EMP0176,211,181
PR019859,2025-10-07,1,MC006,EMP0030,179,181
PR019860,2025-10-07,2,MC009,EMP0113,118,120
PR019861,2025-10-07,2,MC017,EMP0035,144,120
PR019862,2025-10-07,2,MC010,EMP0079,129,120
PR019863,2025-10-07,2,MC018,EMP0048,131,120
PR019864,2025-10-07,2,MC015,EMP0147,129,120
PR019865,2025-10-07,2,MC013,EMP0067,142,120
PR019866,2025-10-07,2,MC014,EMP0081,125,120
PR019867,2025-10-07,2,MC012,EMP0157,132,120
PR019868,2025-10-07,2,MC011,EMP0115,127,120
PR019869,2025-10-07,3,MC021,EMP0099,161,158
PR019870,2025-10-07,3,MC020,EMP0084,158,158
PR019871,2025-10-07,3,MC022,EMP0172,183,158
PR019872,2025-10-07,3,MC023,EMP0013,184,158
PR019873,2025-10-07,4,MC029,EMP0071,248,200
PR019874,2025-10-07,4,MC026,EMP0043,258,200
PR019875,2025-10-07,4,MC028,EMP0174,225,200
PR019876,2025-10-07,5,MC030,EMP0150,147,142
PR019877,2025-10-07,5,MC035,EMP0080,136,142
PR019878,2025-10-07,5,MC031,EMP0080,154,142
PR019879,2025-10-07,5,MC033,EMP0086,160,142
PR019880,2025-10-07,5,MC034,EMP0096,159,142
PR019881,2025-10-07,6,MC036,EMP0053,369,325
PR019882,2025-10-07,6,MC038,EMP0053,350,325
PR019883,2025-10-07,6,MC039,EMP0171,404,325
PR019884,2025-10-08,1,MC006,EMP0141,236,181
PR019885,2025-10-08,1,MC004,EMP0091,171,181
PR019886,2025-10-08,1,MC002,EMP0166,224,181
PR019887,2025-10-08,1,MC008,EMP0097,179,181
PR019888,2025-10-08,1,MC005,EMP0112,201,181
PR019889,2025-10-08,1,MC003,EMP0008,181,181
PR019890,2025-10-08,2,MC017,EMP0021,121,120
PR019891,2025-10-08,2,MC014,EMP0077,126,120
PR019892,2025-10-08,2,MC009,EMP0081,139,120
PR019893,2025-10-08,2,MC016,EMP0001,150,120
PR019894,2025-10-08,2,MC013,EMP0138,148,120
PR019895,2025-10-08,2,MC010,EMP0036,124,120
PR019896,2025-10-08,2,MC015,EMP0113,143,120
PR019897,2025-10-08,2,MC018,EMP0026,130,120
PR019898,2025-10-08,2,MC012,EMP0139,130,120
PR019899,2025-10-08,3,MC021,EMP0064,145,158
PR019900,2025-10-08,3,MC020,EMP0039,175,158
PR019901,2025-10-08,3,MC023,EMP0134,173,158
PR019902,2025-10-08,3,MC022,EMP0179,183,158
PR019903,2025-10-08,3,MC019,EMP0172,183,158
PR019904,2025-10-08,4,MC025,EMP0014,251,200
PR019905,2025-10-08,4,MC027,EMP0059,245,200
PR019906,2025-10-08,4,MC026,EMP0093,246,200
PR019907,2025-10-08,4,MC028,EMP0093,237,200
PR019908,2025-10-08,5,MC030,EMP0145,142,142
PR019909,2025-10-08,5,MC032,EMP0060,156,142
PR019910,2025-10-08,5,MC031,EMP0056,151,142
PR019911,2025-10-08,5,MC035,EMP0145,162,142
PR019912,2025-10-08,5,MC033,EMP0060,134,142
PR019913,2025-10-08,6,MC038,EMP0144,368,325
PR019914,2025-10-08,6,MC037,EMP0144,383,325
PR019915,2025-10-08,6,MC036,EMP0065,344,325
PR019916,2025-10-09,1,MC002,EMP0163,229,181
PR019917,2025-10-09,1,MC008,EMP0088,190,181
PR019918,2025-10-09,1,MC003,EMP0176,206,181
PR019919,2025-10-09,1,MC005,EMP0008,217,181
PR019920,2025-10-09,1,MC001,EMP0161,197,181
PR019921,2025-10-09,1,MC007,EMP0052,197,181
PR019922,2025-10-09,2,MC018,EMP0042,134,120
PR019923,2025-10-09,2,MC009,EMP0115,137,120
PR019924,2025-10-09,2,MC012,EMP0173,117,120
PR019925,2025-10-09,2,MC016,EMP0116,132,120
PR019926,2025-10-09,2,MC015,EMP0089,147,120
PR019927,2025-10-09,2,MC017,EMP0123,150,120
PR019928,2025-10-09,2,MC011,EMP0051,138,120
PR019929,2025-10-09,2,MC014,EMP0045,131,120
PR019930,2025-10-09,2,MC010,EMP0001,139,120
PR019931,2025-10-09,3,MC022,EMP0006,161,158
PR019932,2025-10-09,3,MC020,EMP0179,185,158
PR019933,2025-10-09,3,MC023,EMP0039,189,158
PR019934,2025-10-09,3,MC019,EMP0006,180,158
PR019935,2025-10-09,3,MC024,EMP0033,184,158
PR019936,2025-10-09,4,MC026,EMP0062,257,200
PR019937,2025-10-09,4,MC025,EMP0154,232,200
PR019938,2025-10-09,4,MC029,EMP0059,252,200
PR019939,2025-10-09,4,MC027,EMP0127,225,200
PR019940,2025-10-09,5,MC032,EMP0086,161,142
PR019941,2025-10-09,5,MC033,EMP0080,132,142
PR019942,2025-10-09,5,MC030,EMP0080,145,142
PR019943,2025-10-09,5,MC034,EMP0080,145,142
PR019944,2025-10-09,5,MC031,EMP0068,173,142
PR019945,2025-10-09,6,MC037,EMP0053,328,325
PR019946,2025-10-09,6,MC039,EMP0065,397,325
PR019947,2025-10-09,6,MC036,EMP0142,390,325
PR019948,2025-10-10,1,MC004,EMP0037,169,181
PR019949,2025-10-10,1,MC007,EMP0007,166,181
PR019950,2025-10-10,1,MC005,EMP0037,165,181
PR019951,2025-10-10,1,MC006,EMP0160,179,181
PR019952,2025-10-10,1,MC002,EMP0151,161,181
PR019953,2025-10-10,1,MC008,EMP0137,194,181
PR019954,2025-10-10,2,MC017,EMP0147,106,120
PR019955,2025-10-10,2,MC016,EMP0035,117,120
PR019956,2025-10-10,2,MC015,EMP0178,115,120
PR019957,2025-10-10,2,MC012,EMP0089,115,120
PR019958,2025-10-10,2,MC013,EMP0133,115,120
PR019959,2025-10-10,2,MC010,EMP0148,100,120
PR019960,2025-10-10,2,MC018,EMP0048,132,120
PR019961,2025-10-10,2,MC009,EMP0135,101,120
PR019962,2025-10-10,2,MC014,EMP0063,124,120
PR019963,2025-10-10,3,MC021,EMP0013,148,158
PR019964,2025-10-10,3,MC022,EMP0099,159,158
PR019965,2025-10-10,3,MC020,EMP0125,138,158
PR019966,2025-10-10,3,MC023,EMP0055,142,158
PR019967,2025-10-10,4,MC027,EMP0127,214,200
PR019968,2025-10-10,4,MC026,EMP0156,205,200
PR019969,2025-10-10,4,MC028,EMP0108,221,200
PR019970,2025-10-10,4,MC029,EMP0108,215,200
PR019971,2025-10-10,5,MC031,EMP0101,130,142
PR019972,2025-10-10,5,MC033,EMP0096,128,142
PR019973,2025-10-10,5,MC030,EMP0058,122,142
PR019974,2025-10-10,5,MC032,EMP0056,122,142
PR019975,2025-10-10,6,MC036,EMP0046,311,325
PR019976,2025-10-10,6,MC037,EMP0085,330,325
PR019977,2025-10-10,6,MC038,EMP0142,333,325
PR019978,2025-10-11,1,MC001,EMP0008,215,181
PR019979,2025-10-11,1,MC007,EMP0097,184,181
PR019980,2025-10-11,1,MC006,EMP0177,204,181
PR019981,2025-10-11,1,MC004,EMP0037,189,181
PR019982,2025-10-11,1,MC008,EMP0160,198,181
PR019983,2025-10-11,1,MC002,EMP0094,223,181
PR019984,2025-10-11,1,MC005,EMP0167,203,181
PR019985,2025-10-11,2,MC012,EMP0148,134,120
PR019986,2025-10-11,2,MC018,EMP0146,129,120
PR019987,2025-10-11,2,MC014,EMP0103,129,120
PR019988,2025-10-11,2,MC010,EMP0021,109,120
PR019989,2025-10-11,2,MC016,EMP0129,151,120
PR019990,2025-10-11,2,MC011,EMP0098,117,120
PR019991,2025-10-11,2,MC015,EMP0047,135,120
PR019992,2025-10-11,2,MC009,EMP0001,136,120
PR019993,2025-10-11,2,MC013,EMP0051,127,120
PR019994,2025-10-11,3,MC023,EMP0078,183,158
PR019995,2025-10-11,3,MC021,EMP0172,177,158
PR019996,2025-10-11,3,MC024,EMP0159,166,158
PR019997,2025-10-11,3,MC022,EMP0006,168,158
PR019998,2025-10-11,4,MC028,EMP0023,235,200
PR019999,2025-10-11,4,MC026,EMP0121,219,200
PR020000,2025-10-11,4,MC029,EMP0131,253,200
PR020001,2025-10-11,4,MC025,EMP0093,244,200
PR020002,2025-10-11,5,MC031,EMP0060,160,142
PR020003,2025-10-11,5,MC034,EMP0068,149,142
PR020004,2025-10-11,5,MC033,EMP0060,151,142
PR020005,2025-10-11,5,MC032,EMP0164,160,142
PR020006,2025-10-11,5,MC035,EMP0080,155,142
PR020007,2025-10-11,6,MC039,EMP0100,379,325
PR020008,2025-10-11,6,MC038,EMP0100,346,325
PR020009,2025-10-11,6,MC037,EMP0100,387,325
PR020010,2025-10-12,1,MC007,EMP0018,77,181
PR020011,2025-10-12,1,MC006,EMP0167,75,181
PR020012,2025-10-12,1,MC005,EMP0161,74,181
PR020013,2025-10-12,1,MC003,EMP0119,73,181
PR020014,2025-10-12,1,MC004,EMP0018,74,181
PR020015,2025-10-12,1,MC008,EMP0102,66,181
PR020016,2025-10-12,2,MC016,EMP0027,54,120
PR020017,2025-10-12,2,MC014,EMP0105,41,120
PR020018,2025-10-12,2,MC017,EMP0139,44,120
PR020019,2025-10-12,2,MC012,EMP0135,50,120
PR020020,2025-10-12,2,MC015,EMP0147,44,120
PR020021,2025-10-12,2,MC009,EMP0123,43,120
PR020022,2025-10-12,2,MC018,EMP0045,46,120
PR020023,2025-10-12,2,MC013,EMP0170,48,120
PR020024,2025-10-12,3,MC023,EMP0180,64,158
PR020025,2025-10-12,3,MC022,EMP0033,63,158
PR020026,2025-10-12,3,MC024,EMP0034,65,158
PR020027,2025-10-12,3,MC020,EMP0122,53,158
PR020028,2025-10-12,3,MC021,EMP0082,61,158
PR020029,2025-10-12,4,MC028,EMP0175,70,200
PR020030,2025-10-12,4,MC026,EMP0153,86,200
PR020031,2025-10-12,4,MC025,EMP0153,83,200
PR020032,2025-10-12,4,MC027,EMP0071,83,200
PR020033,2025-10-12,5,MC030,EMP0080,53,142
PR020034,2025-10-12,5,MC035,EMP0164,50,142
PR020035,2025-10-12,5,MC034,EMP0096,51,142
PR020036,2025-10-12,5,MC033,EMP0080,54,142
PR020037,2025-10-12,5,MC031,EMP0101,50,142
PR020038,2025-10-12,6,MC036,EMP0144,110,325
PR020039,2025-10-12,6,MC038,EMP0053,121,325
PR020040,2025-10-12,6,MC037,EMP0053,145,325
PR020041,2025-10-13,1,MC001,EMP0161,197,181
PR020042,2025-10-13,1,MC003,EMP0177,196,181
PR020043,2025-10-13,1,MC002,EMP0119,204,181
PR020044,2025-10-13,1,MC006,EMP0061,194,181
PR020045,2025-10-13,1,MC008,EMP0054,189,181
PR020046,2025-10-13,1,MC004,EMP0177,212,181
PR020047,2025-10-13,1,MC007,EMP0075,197,181
PR020048,2025-10-13,2,MC010,EMP0051,141,120
PR020049,2025-10-13,2,MC014,EMP0077,125,120
PR020050,2025-10-13,2,MC013,EMP0140,147,120
PR020051,2025-10-13,2,MC009,EMP0170,136,120
PR020052,2025-10-13,2,MC016,EMP0079,136,120
PR020053,2025-10-13,2,MC018,EMP0117,143,120
PR020054,2025-10-13,2,MC017,EMP0076,139,120
PR020055,2025-10-13,2,MC012,EMP0105,114,120
PR020056,2025-10-13,2,MC015,EMP0070,114,120
PR020057,2025-10-13,3,MC024,EMP0055,181,158
PR020058,2025-10-13,3,MC023,EMP0179,203,158
PR020059,2025-10-13,3,MC022,EMP0034,187,158
PR020060,2025-10-13,3,MC019,EMP0125,156,158
PR020061,2025-10-13,4,MC028,EMP0156,235,200
PR020062,2025-10-13,4,MC029,EMP0174,270,200
PR020063,2025-10-13,4,MC027,EMP0093,232,200
PR020064,2025-10-13,4,MC026,EMP0121,228,200
PR020065,2025-10-13,5,MC035,EMP0028,150,142
PR020066,2025-10-13,5,MC032,EMP0086,164,142
PR020067,2025-10-13,5,MC031,EMP0096,138,142
PR020068,2025-10-13,5,MC030,EMP0164,155,142
PR020069,2025-10-13,5,MC033,EMP0150,154,142
PR020070,2025-10-13,6,MC037,EMP0144,400,325
PR020071,2025-10-13,6,MC038,EMP0142,388,325
PR020072,2025-10-13,6,MC039,EMP0046,319,325
PR020073,2025-10-14,1,MC005,EMP0102,188,181
PR020074,2025-10-14,1,MC007,EMP0088,201,181
PR020075,2025-10-14,1,MC003,EMP0119,233,181
PR020076,2025-10-14,1,MC008,EMP0176,208,181
PR020077,2025-10-14,1,MC006,EMP0061,217,181
PR020078,2025-10-14,1,MC004,EMP0008,222,181
PR020079,2025-10-14,1,MC001,EMP0166,206,181
PR020080,2025-10-14,2,MC016,EMP0020,113,120
PR020081,2025-10-14,2,MC010,EMP0169,98,120
PR020082,2025-10-14,2,MC018,EMP0012,145,120
PR020083,2025-10-14,2,MC015,EMP0148,139,120
PR020084,2025-10-14,2,MC013,EMP0001,118,120
PR020085,2025-10-14,2,MC009,EMP0090,123,120
PR020086,2025-10-14,2,MC014,EMP0173,137,120
PR020087,2025-10-14,2,MC012,EMP0146,137,120
PR020088,2025-10-14,2,MC017,EMP0090,124,120
PR020089,2025-10-14,3,MC023,EMP0159,179,158
PR020090,2025-10-14,3,MC022,EMP0122,163,158
PR020091,2025-10-14,3,MC021,EMP0034,172,158
PR020092,2025-10-14,3,MC019,EMP0082,175,158
PR020093,2025-10-14,3,MC024,EMP0134,156,158
PR020094,2025-10-14,4,MC026,EMP0156,221,200
PR020095,2025-10-14,4,MC027,EMP0131,254,200
PR020096,2025-10-14,4,MC025,EMP0019,255,200
PR020097,2025-10-14,4,MC029,EMP0154,279,200
PR020098,2025-10-14,5,MC033,EMP0080,140,142
PR020099,2025-10-14,5,MC035,EMP0003,134,142
PR020100,2025-10-14,5,MC034,EMP0068,139,142
PR020101,2025-10-14,5,MC032,EMP0101,135,142
PR020102,2025-10-14,5,MC030,EMP0003,142,142
PR020103,2025-10-14,6,MC039,EMP0120,412,325
PR020104,2025-10-14,6,MC038,EMP0142,396,325
PR020105,2025-10-14,6,MC037,EMP0046,371,325
PR020106,2025-10-15,1,MC003,EMP0030,221,181
PR020107,2025-10-15,1,MC002,EMP0166,204,181
PR020108,2025-10-15,1,MC007,EMP0166,212,181
PR020109,2025-10-15,1,MC006,EMP0032,186,181
PR020110,2025-10-15,1,MC008,EMP0057,176,181
PR020111,2025-10-15,1,MC004,EMP0007,181,181
PR020112,2025-10-15,2,MC009,EMP0063,131,120
PR020113,2025-10-15,2,MC013,EMP0001,138,120
PR020114,2025-10-15,2,MC010,EMP0004,159,120
PR020115,2025-10-15,2,MC011,EMP0146,146,120
PR020116,2025-10-15,2,MC014,EMP0009,123,120
PR020117,2025-10-15,2,MC018,EMP0083,129,120
PR020118,2025-10-15,2,MC016,EMP0178,137,120
PR020119,2025-10-15,2,MC015,EMP0036,112,120
PR020120,2025-10-15,3,MC022,EMP0029,174,158
PR020121,2025-10-15,3,MC021,EMP0179,178,158
PR020122,2025-10-15,3,MC020,EMP0111,186,158
PR020123,2025-10-15,3,MC024,EMP0064,168,158
PR020124,2025-10-15,3,MC019,EMP0134,170,158
PR020125,2025-10-15,4,MC025,EMP0062,247,200
PR020126,2025-10-15,4,MC026,EMP0132,231,200
PR020127,2025-10-15,4,MC027,EMP0121,262,200
PR020128,2025-10-15,5,MC030,EMP0165,149,142
PR020129,2025-10-15,5,MC034,EMP0056,163,142
PR020130,2025-10-15,5,MC031,EMP0145,153,142
PR020131,2025-10-15,5,MC035,EMP0058,156,142
PR020132,2025-10-15,6,MC037,EMP0155,439,325
PR020133,2025-10-15,6,MC039,EMP0144,414,325
PR020134,2025-10-15,6,MC036,EMP0155,427,325
PR020135,2025-10-16,1,MC001,EMP0066,170,181
PR020136,2025-10-16,1,MC005,EMP0018,246,181
PR020137,2025-10-16,1,MC008,EMP0110,248,181
PR020138,2025-10-16,1,MC004,EMP0102,220,181
PR020139,2025-10-16,1,MC003,EMP0151,235,181
PR020140,2025-10-16,1,MC007,EMP0075,187,181
PR020141,2025-10-16,1,MC002,EMP0176,231,181
PR020142,2025-10-16,2,MC013,EMP0089,121,120
PR020143,2025-10-16,2,MC010,EMP0139,144,120
PR020144,2025-10-16,2,MC016,EMP0117,130,120
PR020145,2025-10-16,2,MC017,EMP0098,97,120
PR020146,2025-10-16,2,MC015,EMP0139,117,120
PR020147,2025-10-16,2,MC009,EMP0079,122,120
PR020148,2025-10-16,2,MC018,EMP0133,129,120
PR020149,2025-10-16,2,MC012,EMP0173,132,120
PR020150,2025-10-16,3,MC019,EMP0082,175,158
PR020151,2025-10-16,3,MC021,EMP0064,168,158
PR020152,2025-10-16,3,MC020,EMP0172,170,158
PR020153,2025-10-16,3,MC022,EMP0172,192,158
PR020154,2025-10-16,4,MC027,EMP0153,251,200
PR020155,2025-10-16,4,MC025,EMP0127,257,200
PR020156,2025-10-16,4,MC026,EMP0132,217,200
PR020157,2025-10-16,4,MC028,EMP0019,202,200
PR020158,2025-10-16,5,MC035,EMP0165,173,142
PR020159,2025-10-16,5,MC034,EMP0028,157,142
PR020160,2025-10-16,5,MC031,EMP0080,163,142
PR020161,2025-10-16,5,MC032,EMP0003,150,142
PR020162,2025-10-16,5,MC030,EMP0080,140,142
PR020163,2025-10-16,6,MC036,EMP0100,353,325
PR020164,2025-10-16,6,MC038,EMP0046,405,325
PR020165,2025-10-16,6,MC039,EMP0065,367,325
PR020166,2025-10-17,1,MC002,EMP0094,159,181
PR020167,2025-10-17,1,MC004,EMP0008,190,181
PR020168,2025-10-17,1,MC007,EMP0094,156,181
PR020169,2025-10-17,1,MC008,EMP0112,169,181
PR020170,2025-10-17,1,MC006,EMP0094,166,181
PR020171,2025-10-17,1,MC003,EMP0104,158,181
PR020172,2025-10-17,2,MC013,EMP0051,109,120
PR020173,2025-10-17,2,MC010,EMP0123,110,120
PR020174,2025-10-17,2,MC018,EMP0105,116,120
PR020175,2025-10-17,2,MC016,EMP0128,128,120
PR020176,2025-10-17,2,MC011,EMP0139,116,120
PR020177,2025-10-17,2,MC009,EMP0015,130,120
PR020178,2025-10-17,2,MC015,EMP0140,105,120
PR020179,2025-10-17,2,MC012,EMP0115,106,120
PR020180,2025-10-17,2,MC014,EMP0026,119,120
PR020181,2025-10-17,3,MC019,EMP0180,152,158
PR020182,2025-10-17,3,MC022,EMP0064,152,158
PR020183,2025-10-17,3,MC023,EMP0111,142,158
PR020184,2025-10-17,3,MC021,EMP0122,109,158
PR020185,2025-10-17,4,MC029,EMP0023,229,200
PR020186,2025-10-17,4,MC027,EMP0174,232,200
PR020187,2025-10-17,4,MC028,EMP0153,221,200
PR020188,2025-10-17,4,MC026,EMP0022,239,200
PR020189,2025-10-17,5,MC030,EMP0165,143,142
PR020190,2025-10-17,5,MC033,EMP0028,122,142
PR020191,2025-10-17,5,MC032,EMP0086,129,142
PR020192,2025-10-17,5,MC031,EMP0096,131,142
PR020193,2025-10-17,5,MC035,EMP0145,117,142
PR020194,2025-10-17,6,MC037,EMP0171,313,325
PR020195,2025-10-17,6,MC036,EMP0085,300,325
PR020196,2025-10-17,6,MC038,EMP0085,315,325
PR020197,2025-10-18,1,MC003,EMP0167,197,181
PR020198,2025-10-18,1,MC005,EMP0088,192,181
PR020199,2025-10-18,1,MC006,EMP0037,184,181
PR020200,2025-10-18,1,MC004,EMP0110,232,181
PR020201,2025-10-18,1,MC007,EMP0167,234,181
PR020202,2025-10-18,1,MC001,EMP0052,222,181
PR020203,2025-10-18,2,MC009,EMP0098,133,120
PR020204,2025-10-18,2,MC014,EMP0173,133,120
PR020205,2025-10-18,2,MC010,EMP0081,143,120
PR020206,2025-10-18,2,MC012,EMP0146,137,120
PR020207,2025-10-18,2,MC018,EMP0026,150,120
PR020208,2025-10-18,2,MC015,EMP0103,145,120
PR020209,2025-10-18,2,MC016,EMP0095,146,120
PR020210,2025-10-18,2,MC013,EMP0079,150,120
PR020211,2025-10-18,2,MC011,EMP0079,118,120
PR020212,2025-10-18,3,MC022,EMP0082,184,158
PR020213,2025-10-18,3,MC021,EMP0006,156,158
PR020214,2025-10-18,3,MC023,EMP0013,169,158
PR020215,2025-10-18,3,MC024,EMP0179,151,158
PR020216,2025-10-18,4,MC028,EMP0156,229,200
PR020217,2025-10-18,4,MC027,EMP0071,212,200
PR020218,2025-10-18,4,MC025,EMP0175,223,200
PR020219,2025-10-18,4,MC029,EMP0154,236,200
PR020220,2025-10-18,5,MC031,EMP0058,152,142
PR020221,2025-10-18,5,MC032,EMP0058,145,142
PR020222,2025-10-18,5,MC035,EMP0101,143,142
PR020223,2025-10-18,5,MC033,EMP0086,165,142
PR020224,2025-10-18,5,MC030,EMP0165,156,142
PR020225,2025-10-18,6,MC037,EMP0053,413,325
PR020226,2025-10-18,6,MC038,EMP0100,363,325
PR020227,2025-10-18,6,MC036,EMP0171,391,325
PR020228,2025-10-19,1,MC008,EMP0126,68,181
PR020229,2025-10-19,1,MC001,EMP0037,73,181
PR020230,2025-10-19,1,MC007,EMP0017,72,181
PR020231,2025-10-19,1,MC004,EMP0118,62,181
PR020232,2025-10-19,1,MC003,EMP0160,75,181
PR020233,2025-10-19,1,MC005,EMP0017,77,181
PR020234,2025-10-19,2,MC015,EMP0026,46,120
PR020235,2025-10-19,2,MC009,EMP0106,42,120
PR020236,2025-10-19,2,MC010,EMP0009,53,120
PR020237,2025-10-19,2,MC014,EMP0128,42,120
PR020238,2025-10-19,2,MC011,EMP0067,43,120
PR020239,2025-10-19,2,MC017,EMP0015,53,120
PR020240,2025-10-19,2,MC012,EMP0103,47,120
PR020241,2025-10-19,2,MC018,EMP0178,46,120
PR020242,2025-10-19,2,MC016,EMP0035,43,120
PR020243,2025-10-19,3,MC024,EMP0136,60,158
PR020244,2025-10-19,3,MC022,EMP0180,55,158
PR020245,2025-10-19,3,MC021,EMP0122,60,158
PR020246,2025-10-19,3,MC020,EMP0082,66,158
PR020247,2025-10-19,3,MC023,EMP0143,59,158
PR020248,2025-10-19,4,MC029,EMP0050,84,200
PR020249,2025-10-19,4,MC027,EMP0127,84,200
PR020250,2025-10-19,4,MC028,EMP0011,81,200
PR020251,2025-10-19,4,MC025,EMP0014,77,200
PR020252,2025-10-19,5,MC030,EMP0056,54,142
PR020253,2025-10-19,5,MC033,EMP0003,57,142
PR020254,2025-10-19,5,MC034,EMP0080,57,142
PR020255,2025-10-19,5,MC032,EMP0101,54,142
PR020256,2025-10-19,5,MC035,EMP0058,52,142
PR020257,2025-10-19,6,MC037,EMP0085,149,325
PR020258,2025-10-19,6,MC036,EMP0171,148,325
PR020259,2025-10-19,6,MC038,EMP0155,127,325
PR020260,2025-10-20,1,MC002,EMP0141,187,181
PR020261,2025-10-20,1,MC005,EMP0151,209,181
PR020262,2025-10-20,1,MC001,EMP0110,199,181
PR020263,2025-10-20,1,MC003,EMP0161,185,181
PR020264,2025-10-20,1,MC006,EMP0102,219,181
PR020265,2025-10-20,1,MC008,EMP0166,186,181
PR020266,2025-10-20,1,MC004,EMP0008,200,181
PR020267,2025-10-20,2,MC015,EMP0063,117,120
PR020268,2025-10-20,2,MC014,EMP0115,119,120
PR020269,2025-10-20,2,MC012,EMP0173,125,120
PR020270,2025-10-20,2,MC010,EMP0081,144,120
PR020271,2025-10-20,2,MC009,EMP0139,131,120
PR020272,2025-10-20,2,MC018,EMP0129,139,120
PR020273,2025-10-20,2,MC013,EMP0042,139,120
PR020274,2025-10-20,2,MC011,EMP0021,138,120
PR020275,2025-10-20,3,MC022,EMP0034,165,158
PR020276,2025-10-20,3,MC023,EMP0143,198,158
PR020277,2025-10-20,3,MC020,EMP0082,160,158
PR020278,2025-10-20,3,MC021,EMP0125,154,158
PR020279,2025-10-20,3,MC019,EMP0034,175,158
PR020280,2025-10-20,4,MC028,EMP0014,205,200
PR020281,2025-10-20,4,MC027,EMP0071,224,200
PR020282,2025-10-20,4,MC029,EMP0062,264,200
PR020283,2025-10-20,4,MC025,EMP0022,232,200
PR020284,2025-10-20,5,MC035,EMP0096,153,142
PR020285,2025-10-20,5,MC031,EMP0003,148,142
PR020286,2025-10-20,5,MC034,EMP0028,141,142
PR020287,2025-10-20,5,MC030,EMP0096,172,142
PR020288,2025-10-20,6,MC036,EMP0155,353,325
PR020289,2025-10-20,6,MC039,EMP0120,330,325
PR020290,2025-10-20,6,MC038,EMP0155,376,325
PR020291,2025-10-21,1,MC002,EMP0102,194,181
PR020292,2025-10-21,1,MC001,EMP0112,205,181
PR020293,2025-10-21,1,MC003,EMP0054,240,181
PR020294,2025-10-21,1,MC006,EMP0166,191,181
PR020295,2025-10-21,1,MC008,EMP0177,233,181
PR020296,2025-10-21,1,MC007,EMP0130,210,181
PR020297,2025-10-21,1,MC004,EMP0141,223,181
PR020298,2025-10-21,2,MC014,EMP0012,133,120
PR020299,2025-10-21,2,MC018,EMP0157,140,120
PR020300,2025-10-21,2,MC015,EMP0149,115,120
PR020301,2025-10-21,2,MC013,EMP0169,157,120
PR020302,2025-10-21,2,MC009,EMP0027,131,120
PR020303,2025-10-21,2,MC011,EMP0015,128,120
PR020304,2025-10-21,2,MC012,EMP0036,146,120
PR020305,2025-10-21,2,MC010,EMP0031,123,120
PR020306,2025-10-21,2,MC016,EMP0170,149,120
PR020307,2025-10-21,3,MC019,EMP0084,190,158
PR020308,2025-10-21,3,MC023,EMP0134,172,158
PR020309,2025-10-21,3,MC021,EMP0055,153,158
PR020310,2025-10-21,3,MC022,EMP0143,168,158
PR020311,2025-10-21,3,MC024,EMP0180,182,158
PR020312,2025-10-21,4,MC026,EMP0059,256,200
PR020313,2025-10-21,4,MC028,EMP0175,237,200
PR020314,2025-10-21,4,MC025,EMP0121,236,200
PR020315,2025-10-21,4,MC029,EMP0019,215,200
PR020316,2025-10-21,5,MC030,EMP0003,166,142
PR020317,2025-10-21,5,MC032,EMP0028,171,142
PR020318,2025-10-21,5,MC031,EMP0150,143,142
PR020319,2025-10-21,5,MC033,EMP0096,157,142
PR020320,2025-10-21,5,MC035,EMP0096,163,142
PR020321,2025-10-21,6,MC036,EMP0085,395,325
PR020322,2025-10-21,6,MC038,EMP0100,359,325
PR020323,2025-10-21,6,MC039,EMP0142,372,325
PR020324,2025-10-22,1,MC005,EMP0005,171,181
PR020325,2025-10-22,1,MC008,EMP0112,188,181
PR020326,2025-10-22,1,MC004,EMP0044,218,181
PR020327,2025-10-22,1,MC006,EMP0057,217,181
PR020328,2025-10-22,1,MC002,EMP0072,197,181
PR020329,2025-10-22,1,MC003,EMP0141,194,181
PR020330,2025-10-22,2,MC018,EMP0042,135,120
PR020331,2025-10-22,2,MC015,EMP0063,127,120
PR020332,2025-10-22,2,MC011,EMP0031,112,120
PR020333,2025-10-22,2,MC016,EMP0140,141,120
PR020334,2025-10-22,2,MC010,EMP0149,131,120
PR020335,2025-10-22,2,MC009,EMP0063,134,120
PR020336,2025-10-22,2,MC012,EMP0001,134,120
PR020337,2025-10-22,2,MC017,EMP0045,132,120
PR020338,2025-10-22,2,MC014,EMP0113,121,120
PR020339,2025-10-22,3,MC021,EMP0078,170,158
PR020340,2025-10-22,3,MC020,EMP0069,167,158
PR020341,2025-10-22,3,MC024,EMP0136,154,158
PR020342,2025-10-22,3,MC019,EMP0055,179,158
PR020343,2025-10-22,3,MC023,EMP0122,170,158
PR020344,2025-10-22,4,MC027,EMP0093,252,200
PR020345,2025-10-22,4,MC028,EMP0175,237,200
PR020346,2025-10-22,4,MC029,EMP0022,237,200
PR020347,2025-10-22,4,MC025,EMP0002,241,200
PR020348,2025-10-22,5,MC033,EMP0003,144,142
PR020349,2025-10-22,5,MC034,EMP0060,165,142
PR020350,2025-10-22,5,MC032,EMP0068,172,142
PR020351,2025-10-22,5,MC031,EMP0150,125,142
PR020352,2025-10-22,6,MC036,EMP0144,362,325
PR020353,2025-10-22,6,MC037,EMP0053,405,325
PR020354,2025-10-22,6,MC039,EMP0144,371,325
PR020355,2025-10-23,1,MC006,EMP0102,198,181
PR020356,2025-10-23,1,MC002,EMP0061,200,181
PR020357,2025-10-23,1,MC001,EMP0176,210,181
PR020358,2025-10-23,1,MC008,EMP0037,195,181
PR020359,2025-10-23,1,MC004,EMP0030,182,181
PR020360,2025-10-23,1,MC007,EMP0151,212,181
PR020361,2025-10-23,2,MC012,EMP0106,132,120
PR020362,2025-10-23,2,MC010,EMP0067,119,120
PR020363,2025-10-23,2,MC011,EMP0170,134,120
PR020364,2025-10-23,2,MC016,EMP0042,127,120
PR020365,2025-10-23,2,MC013,EMP0036,126,120
PR020366,2025-10-23,2,MC014,EMP0170,130,120
PR020367,2025-10-23,2,MC018,EMP0009,134,120
PR020368,2025-10-23,2,MC017,EMP0140,130,120
PR020369,2025-10-23,3,MC019,EMP0124,180,158
PR020370,2025-10-23,3,MC021,EMP0029,176,158
PR020371,2025-10-23,3,MC023,EMP0010,168,158
PR020372,2025-10-23,3,MC020,EMP0034,182,158
PR020373,2025-10-23,3,MC022,EMP0159,191,158
PR020374,2025-10-23,4,MC027,EMP0023,248,200
PR020375,2025-10-23,4,MC025,EMP0071,210,200
PR020376,2025-10-23,4,MC029,EMP0019,242,200
PR020377,2025-10-23,4,MC026,EMP0019,264,200
PR020378,2025-10-23,5,MC034,EMP0028,136,142
PR020379,2025-10-23,5,MC033,EMP0028,152,142
PR020380,2025-10-23,5,MC030,EMP0003,152,142
PR020381,2025-10-23,5,MC032,EMP0145,152,142
PR020382,2025-10-23,5,MC031,EMP0086,156,142
PR020383,2025-10-23,6,MC037,EMP0120,371,325
PR020384,2025-10-23,6,MC036,EMP0171,386,325
PR020385,2025-10-23,6,MC039,EMP0120,353,325
PR020386,2025-10-24,1,MC001,EMP0177,199,181
PR020387,2025-10-24,1,MC005,EMP0052,179,181
PR020388,2025-10-24,1,MC008,EMP0168,168,181
PR020389,2025-10-24,1,MC007,EMP0030,180,181
PR020390,2025-10-24,1,MC003,EMP0018,167,181
PR020391,2025-10-24,1,MC004,EMP0166,176,181
PR020392,2025-10-24,1,MC002,EMP0052,171,181
PR020393,2025-10-24,2,MC010,EMP0090,95,120
PR020394,2025-10-24,2,MC011,EMP0024,118,120
PR020395,2025-10-24,2,MC014,EMP0026,107,120
PR020396,2025-10-24,2,MC016,EMP0098,110,120
PR020397,2025-10-24,2,MC015,EMP0117,104,120
PR020398,2025-10-24,2,MC013,EMP0089,114,120
PR020399,2025-10-24,2,MC009,EMP0045,118,120
PR020400,2025-10-24,2,MC017,EMP0128,111,120
PR020401,2025-10-24,3,MC023,EMP0034,151,158
PR020402,2025-10-24,3,MC021,EMP0016,153,158
PR020403,2025-10-24,3,MC020,EMP0172,154,158
PR020404,2025-10-24,3,MC022,EMP0125,142,158
PR020405,2025-10-24,3,MC024,EMP0055,157,158
PR020406,2025-10-24,4,MC026,EMP0121,177,200
PR020407,2025-10-24,4,MC029,EMP0043,234,200
PR020408,2025-10-24,4,MC027,EMP0011,217,200
PR020409,2025-10-24,4,MC028,EMP0071,210,200
PR020410,2025-10-24,5,MC035,EMP0165,115,142
PR020411,2025-10-24,5,MC030,EMP0003,136,142
PR020412,2025-10-24,5,MC034,EMP0145,131,142
PR020413,2025-10-24,5,MC031,EMP0101,124,142
PR020414,2025-10-24,5,MC033,EMP0165,144,142
PR020415,2025-10-24,6,MC038,EMP0142,295,325
PR020416,2025-10-24,6,MC037,EMP0155,339,325
PR020417,2025-10-24,6,MC036,EMP0085,320,325
PR020418,2025-10-25,1,MC004,EMP0092,195,181
PR020419,2025-10-25,1,MC001,EMP0092,196,181
PR020420,2025-10-25,1,MC005,EMP0118,210,181
PR020421,2025-10-25,1,MC003,EMP0177,217,181
PR020422,2025-10-25,1,MC002,EMP0160,201,181
PR020423,2025-10-25,1,MC006,EMP0030,174,181
PR020424,2025-10-25,1,MC008,EMP0161,190,181
PR020425,2025-10-25,2,MC015,EMP0116,124,120
PR020426,2025-10-25,2,MC012,EMP0041,134,120
PR020427,2025-10-25,2,MC009,EMP0004,130,120
PR020428,2025-10-25,2,MC014,EMP0012,127,120
PR020429,2025-10-25,2,MC011,EMP0024,144,120
PR020430,2025-10-25,2,MC013,EMP0123,131,120
PR020431,2025-10-25,2,MC018,EMP0015,138,120
PR020432,2025-10-25,3,MC024,EMP0010,181,158
PR020433,2025-10-25,3,MC020,EMP0172,186,158
PR020434,2025-10-25,3,MC023,EMP0179,152,158
PR020435,2025-10-25,3,MC019,EMP0180,200,158
PR020436,2025-10-25,3,MC022,EMP0124,188,158
PR020437,2025-10-25,4,MC025,EMP0108,243,200
PR020438,2025-10-25,4,MC029,EMP0175,237,200
PR020439,2025-10-25,4,MC027,EMP0156,240,200
PR020440,2025-10-25,4,MC028,EMP0011,252,200
PR020441,2025-10-25,5,MC033,EMP0068,160,142
PR020442,2025-10-25,5,MC032,EMP0096,175,142
PR020443,2025-10-25,5,MC034,EMP0003,156,142
PR020444,2025-10-25,5,MC035,EMP0165,166,142
PR020445,2025-10-25,6,MC036,EMP0144,386,325
PR020446,2025-10-25,6,MC039,EMP0085,413,325
PR020447,2025-10-25,6,MC037,EMP0085,380,325
PR020448,2025-10-26,1,MC008,EMP0167,66,181
PR020449,2025-10-26,1,MC005,EMP0091,64,181
PR020450,2025-10-26,1,MC004,EMP0141,76,181
PR020451,2025-10-26,1,MC003,EMP0176,75,181
PR020452,2025-10-26,1,MC002,EMP0163,80,181
PR020453,2025-10-26,1,MC001,EMP0061,65,181
PR020454,2025-10-26,2,MC017,EMP0063,42,120
PR020455,2025-10-26,2,MC015,EMP0135,46,120
PR020456,2025-10-26,2,MC018,EMP0116,44,120
PR020457,2025-10-26,2,MC012,EMP0074,49,120
PR020458,2025-10-26,2,MC016,EMP0047,40,120
PR020459,2025-10-26,2,MC011,EMP0047,43,120
PR020460,2025-10-26,2,MC009,EMP0103,50,120
PR020461,2025-10-26,2,MC014,EMP0103,37,120
PR020462,2025-10-26,2,MC010,EMP0077,50,120
PR020463,2025-10-26,3,MC024,EMP0111,72,158
PR020464,2025-10-26,3,MC022,EMP0034,62,158
PR020465,2025-10-26,3,MC023,EMP0134,65,158
PR020466,2025-10-26,3,MC021,EMP0013,70,158
PR020467,2025-10-26,3,MC020,EMP0172,67,158
PR020468,2025-10-26,4,MC028,EMP0093,78,200
PR020469,2025-10-26,4,MC025,EMP0154,92,200
PR020470,2025-10-26,4,MC026,EMP0174,80,200
PR020471,2025-10-26,4,MC029,EMP0175,83,200
PR020472,2025-10-26,5,MC035,EMP0096,52,142
PR020473,2025-10-26,5,MC033,EMP0145,65,142
PR020474,2025-10-26,5,MC034,EMP0056,58,142
PR020475,2025-10-26,5,MC032,EMP0086,51,142
PR020476,2025-10-26,5,MC031,EMP0003,55,142
PR020477,2025-10-26,6,MC039,EMP0120,127,325
PR020478,2025-10-26,6,MC038,EMP0065,128,325
PR020479,2025-10-26,6,MC036,EMP0053,130,325
PR020480,2025-10-27,1,MC001,EMP0054,182,181
PR020481,2025-10-27,1,MC004,EMP0018,201,181
PR020482,2025-10-27,1,MC002,EMP0008,189,181
PR020483,2025-10-27,1,MC003,EMP0097,181,181
PR020484,2025-10-27,1,MC005,EMP0057,215,181
PR020485,2025-10-27,1,MC006,EMP0008,188,181
PR020486,2025-10-27,2,MC012,EMP0067,123,120
PR020487,2025-10-27,2,MC018,EMP0031,128,120
PR020488,2025-10-27,2,MC009,EMP0115,141,120
PR020489,2025-10-27,2,MC016,EMP0106,140,120
PR020490,2025-10-27,2,MC011,EMP0070,130,120
PR020491,2025-10-27,2,MC014,EMP0133,141,120
PR020492,2025-10-27,2,MC015,EMP0077,120,120
PR020493,2025-10-27,2,MC013,EMP0148,130,120
PR020494,2025-10-27,2,MC017,EMP0024,151,120
PR020495,2025-10-27,3,MC021,EMP0039,177,158
PR020496,2025-10-27,3,MC019,EMP0084,172,158
PR020497,2025-10-27,3,MC020,EMP0034,174,158
PR020498,2025-10-27,3,MC024,EMP0159,181,158
PR020499,2025-10-27,3,MC022,EMP0010,157,158
PR020500,2025-10-27,4,MC027,EMP0132,217,200
PR020501,2025-10-27,4,MC028,EMP0131,244,200
PR020502,2025-10-27,4,MC029,EMP0175,219,200
PR020503,2025-10-27,4,MC025,EMP0022,247,200
PR020504,2025-10-27,5,MC035,EMP0068,128,142
PR020505,2025-10-27,5,MC034,EMP0086,157,142
PR020506,2025-10-27,5,MC030,EMP0058,150,142
PR020507,2025-10-27,5,MC031,EMP0164,149,142
PR020508,2025-10-27,5,MC033,EMP0086,136,142
PR020509,2025-10-27,6,MC036,EMP0085,329,325
PR020510,2025-10-27,6,MC037,EMP0085,380,325
PR020511,2025-10-27,6,MC039,EMP0085,392,325
PR020512,2025-10-28,1,MC002,EMP0160,185,181
PR020513,2025-10-28,1,MC004,EMP0177,182,181
PR020514,2025-10-28,1,MC005,EMP0088,172,181
PR020515,2025-10-28,1,MC003,EMP0044,192,181
PR020516,2025-10-28,1,MC008,EMP0038,168,181
PR020517,2025-10-28,1,MC006,EMP0088,209,181
PR020518,2025-10-28,2,MC016,EMP0040,142,120
PR020519,2025-10-28,2,MC018,EMP0074,123,120
PR020520,2025-10-28,2,MC011,EMP0105,111,120
PR020521,2025-10-28,2,MC012,EMP0146,141,120
PR020522,2025-10-28,2,MC014,EMP0083,125,120
PR020523,2025-10-28,2,MC009,EMP0024,136,120
PR020524,2025-10-28,2,MC015,EMP0135,134,120
PR020525,2025-10-28,2,MC017,EMP0140,134,120
PR020526,2025-10-28,2,MC010,EMP0135,121,120
PR020527,2025-10-28,3,MC021,EMP0111,163,158
PR020528,2025-10-28,3,MC019,EMP0180,165,158
PR020529,2025-10-28,3,MC023,EMP0125,204,158
PR020530,2025-10-28,3,MC022,EMP0039,160,158
PR020531,2025-10-28,3,MC020,EMP0039,180,158
PR020532,2025-10-28,4,MC026,EMP0121,230,200
PR020533,2025-10-28,4,MC027,EMP0050,239,200
PR020534,2025-10-28,4,MC025,EMP0153,265,200
PR020535,2025-10-28,4,MC028,EMP0011,245,200
PR020536,2025-10-28,5,MC031,EMP0028,152,142
PR020537,2025-10-28,5,MC035,EMP0086,162,142
PR020538,2025-10-28,5,MC033,EMP0003,146,142
PR020539,2025-10-28,5,MC034,EMP0003,148,142
PR020540,2025-10-28,5,MC032,EMP0080,162,142
PR020541,2025-10-28,6,MC038,EMP0142,402,325
PR020542,2025-10-28,6,MC036,EMP0053,361,325
PR020543,2025-10-28,6,MC037,EMP0144,410,325
PR020544,2025-10-29,1,MC004,EMP0075,209,181
PR020545,2025-10-29,1,MC001,EMP0167,207,181
PR020546,2025-10-29,1,MC005,EMP0037,203,181
PR020547,2025-10-29,1,MC002,EMP0044,207,181
PR020548,2025-10-29,1,MC003,EMP0112,206,181
PR020549,2025-10-29,1,MC007,EMP0151,221,181
PR020550,2025-10-29,1,MC008,EMP0073,197,181
PR020551,2025-10-29,2,MC017,EMP0076,139,120
PR020552,2025-10-29,2,MC013,EMP0140,135,120
PR020553,2025-10-29,2,MC015,EMP0041,118,120
PR020554,2025-10-29,2,MC009,EMP0009,145,120
PR020555,2025-10-29,2,MC016,EMP0105,132,120
PR020556,2025-10-29,2,MC014,EMP0135,141,120
PR020557,2025-10-29,2,MC018,EMP0026,147,120
PR020558,2025-10-29,2,MC012,EMP0140,141,120
PR020559,2025-10-29,3,MC022,EMP0082,179,158
PR020560,2025-10-29,3,MC020,EMP0033,184,158
PR020561,2025-10-29,3,MC024,EMP0099,147,158
PR020562,2025-10-29,3,MC023,EMP0159,180,158
PR020563,2025-10-29,3,MC019,EMP0039,182,158
PR020564,2025-10-29,4,MC025,EMP0062,266,200
PR020565,2025-10-29,4,MC029,EMP0087,224,200
PR020566,2025-10-29,4,MC028,EMP0011,253,200
PR020567,2025-10-29,4,MC027,EMP0121,245,200
PR020568,2025-10-29,5,MC030,EMP0096,155,142
PR020569,2025-10-29,5,MC035,EMP0096,169,142
PR020570,2025-10-29,5,MC031,EMP0150,146,142
PR020571,2025-10-29,5,MC034,EMP0096,139,142
PR020572,2025-10-29,5,MC032,EMP0145,157,142
PR020573,2025-10-29,6,MC038,EMP0100,393,325
PR020574,2025-10-29,6,MC039,EMP0085,358,325
PR020575,2025-10-29,6,MC036,EMP0065,388,325
PR020576,2025-10-30,1,MC005,EMP0161,200,181
PR020577,2025-10-30,1,MC003,EMP0176,192,181
PR020578,2025-10-30,1,MC007,EMP0177,196,181
PR020579,2025-10-30,1,MC008,EMP0151,201,181
PR020580,2025-10-30,1,MC001,EMP0007,189,181
PR020581,2025-10-30,1,MC002,EMP0030,190,181
PR020582,2025-10-30,1,MC006,EMP0126,208,181
PR020583,2025-10-30,2,MC015,EMP0020,132,120
PR020584,2025-10-30,2,MC009,EMP0076,129,120
PR020585,2025-10-30,2,MC013,EMP0157,141,120
PR020586,2025-10-30,2,MC016,EMP0169,126,120
PR020587,2025-10-30,2,MC017,EMP0170,119,120
PR020588,2025-10-30,2,MC014,EMP0001,121,120
PR020589,2025-10-30,2,MC010,EMP0089,126,120
PR020590,2025-10-30,2,MC011,EMP0090,136,120
PR020591,2025-10-30,2,MC012,EMP0116,117,120
PR020592,2025-10-30,3,MC020,EMP0111,174,158
PR020593,2025-10-30,3,MC023,EMP0172,160,158
PR020594,2025-10-30,3,MC019,EMP0039,166,158
PR020595,2025-10-30,3,MC021,EMP0055,181,158
PR020596,2025-10-30,4,MC026,EMP0049,253,200
PR020597,2025-10-30,4,MC025,EMP0131,224,200
PR020598,2025-10-30,4,MC028,EMP0062,246,200
PR020599,2025-10-30,4,MC029,EMP0093,213,200
PR020600,2025-10-30,5,MC031,EMP0068,156,142
PR020601,2025-10-30,5,MC035,EMP0096,145,142
PR020602,2025-10-30,5,MC032,EMP0028,161,142
PR020603,2025-10-30,5,MC034,EMP0096,171,142
PR020604,2025-10-30,5,MC033,EMP0028,161,142
PR020605,2025-10-30,6,MC038,EMP0155,337,325
PR020606,2025-10-30,6,MC037,EMP0144,379,325
PR020607,2025-10-30,6,MC036,EMP0171,381,325
PR020608,2025-10-31,1,MC002,EMP0162,204,181
PR020609,2025-10-31,1,MC005,EMP0162,152,181
PR020610,2025-10-31,1,MC001,EMP0161,172,181
PR020611,2025-10-31,1,MC008,EMP0073,184,181
PR020612,2025-10-31,1,MC007,EMP0162,163,181
PR020613,2025-10-31,1,MC004,EMP0094,187,181
PR020614,2025-10-31,2,MC010,EMP0098,109,120
PR020615,2025-10-31,2,MC017,EMP0015,116,120
PR020616,2025-10-31,2,MC013,EMP0138,120,120
PR020617,2025-10-31,2,MC012,EMP0020,113,120
PR020618,2025-10-31,2,MC011,EMP0173,111,120
PR020619,2025-10-31,2,MC009,EMP0123,111,120
PR020620,2025-10-31,2,MC018,EMP0048,129,120
PR020621,2025-10-31,3,MC023,EMP0136,155,158
PR020622,2025-10-31,3,MC020,EMP0125,137,158
PR020623,2025-10-31,3,MC019,EMP0143,147,158
PR020624,2025-10-31,3,MC022,EMP0016,138,158
PR020625,2025-10-31,4,MC027,EMP0175,200,200
PR020626,2025-10-31,4,MC025,EMP0087,228,200
PR020627,2025-10-31,4,MC028,EMP0062,226,200
PR020628,2025-10-31,4,MC029,EMP0050,192,200
PR020629,2025-10-31,5,MC033,EMP0080,131,142
PR020630,2025-10-31,5,MC030,EMP0164,116,142
PR020631,2025-10-31,5,MC032,EMP0056,129,142
PR020632,2025-10-31,5,MC031,EMP0058,120,142
PR020633,2025-10-31,5,MC034,EMP0165,141,142
PR020634,2025-10-31,6,MC039,EMP0144,285,325
PR020635,2025-10-31,6,MC038,EMP0120,316,325
PR020636,2025-10-31,6,MC036,EMP0144,343,325
PR020637,2025-11-01,1,MC001,EMP0061,190,181
PR020638,2025-11-01,1,MC007,EMP0177,204,181
PR020639,2025-11-01,1,MC003,EMP0166,210,181
PR020640,2025-11-01,1,MC002,EMP0044,214,181
PR020641,2025-11-01,1,MC005,EMP0007,195,181
PR020642,2025-11-01,1,MC008,EMP0158,215,181
PR020643,2025-11-01,1,MC006,EMP0092,187,181
PR020644,2025-11-01,2,MC016,EMP0090,130,120
PR020645,2025-11-01,2,MC015,EMP0021,142,120
PR020646,2025-11-01,2,MC009,EMP0041,132,120
PR020647,2025-11-01,2,MC017,EMP0051,119,120
PR020648,2025-11-01,2,MC014,EMP0081,129,120
PR020649,2025-11-01,2,MC010,EMP0106,133,120
PR020650,2025-11-01,2,MC018,EMP0040,138,120
PR020651,2025-11-01,2,MC011,EMP0098,120,120
PR020652,2025-11-01,3,MC021,EMP0099,179,158
PR020653,2025-11-01,3,MC020,EMP0013,167,158
PR020654,2025-11-01,3,MC019,EMP0180,169,158
PR020655,2025-11-01,3,MC023,EMP0039,176,158
PR020656,2025-11-01,4,MC029,EMP0059,272,200
PR020657,2025-11-01,4,MC026,EMP0131,258,200
PR020658,2025-11-01,4,MC028,EMP0050,251,200
PR020659,2025-11-01,4,MC025,EMP0131,221,200
PR020660,2025-11-01,5,MC033,EMP0080,148,142
PR020661,2025-11-01,5,MC035,EMP0145,158,142
PR020662,2025-11-01,5,MC030,EMP0080,145,142
PR020663,2025-11-01,5,MC032,EMP0080,143,142
PR020664,2025-11-01,5,MC031,EMP0028,147,142
PR020665,2025-11-01,6,MC036,EMP0171,409,325
PR020666,2025-11-01,6,MC039,EMP0144,403,325
PR020667,2025-11-01,6,MC038,EMP0152,382,325
PR020668,2025-11-02,1,MC006,EMP0137,69,181
PR020669,2025-11-02,1,MC004,EMP0166,58,181
PR020670,2025-11-02,1,MC003,EMP0102,78,181
PR020671,2025-11-02,1,MC001,EMP0166,65,181
PR020672,2025-11-02,1,MC008,EMP0061,70,181
PR020673,2025-11-02,1,MC002,EMP0007,71,181
PR020674,2025-11-02,1,MC007,EMP0166,72,181
PR020675,2025-11-02,2,MC010,EMP0074,51,120
PR020676,2025-11-02,2,MC018,EMP0036,42,120
PR020677,2025-11-02,2,MC016,EMP0051,49,120
PR020678,2025-11-02,2,MC017,EMP0012,49,120
PR020679,2025-11-02,2,MC012,EMP0103,49,120
PR020680,2025-11-02,2,MC009,EMP0148,41,120
PR020681,2025-11-02,2,MC014,EMP0139,47,120
PR020682,2025-11-02,2,MC013,EMP0063,50,120
PR020683,2025-11-02,3,MC024,EMP0125,49,158
PR020684,2025-11-02,3,MC020,EMP0134,57,158
PR020685,2025-11-02,3,MC023,EMP0159,60,158
PR020686,2025-11-02,3,MC022,EMP0034,63,158
PR020687,2025-11-02,3,MC019,EMP0016,57,158
PR020688,2025-11-02,4,MC028,EMP0011,85,200
PR020689,2025-11-02,4,MC026,EMP0049,85,200
PR020690,2025-11-02,4,MC029,EMP0062,90,200
PR020691,2025-11-02,4,MC027,EMP0043,79,200
PR020692,2025-11-02,5,MC030,EMP0096,46,142
PR020693,2025-11-02,5,MC033,EMP0056,53,142
PR020694,2025-11-02,5,MC032,EMP0150,52,142
PR020695,2025-11-02,5,MC035,EMP0150,59,142
PR020696,2025-11-02,5,MC031,EMP0164,50,142
PR020697,2025-11-02,6,MC037,EMP0085,131,325
PR020698,2025-11-02,6,MC039,EMP0142,126,325
PR020699,2025-11-02,6,MC038,EMP0046,128,325
PR020700,2025-11-03,1,MC005,EMP0052,222,181
PR020701,2025-11-03,1,MC004,EMP0110,187,181
PR020702,2025-11-03,1,MC001,EMP0141,203,181
PR020703,2025-11-03,1,MC007,EMP0025,215,181
PR020704,2025-11-03,1,MC006,EMP0160,187,181
PR020705,2025-11-03,1,MC008,EMP0151,209,181
PR020706,2025-11-03,2,MC014,EMP0116,136,120
PR020707,2025-11-03,2,MC016,EMP0079,113,120
PR020708,2025-11-03,2,MC015,EMP0113,135,120
PR020709,2025-11-03,2,MC011,EMP0041,139,120
PR020710,2025-11-03,2,MC010,EMP0067,137,120
PR020711,2025-11-03,2,MC009,EMP0051,142,120
PR020712,2025-11-03,2,MC012,EMP0140,138,120
PR020713,2025-11-03,2,MC013,EMP0106,148,120
PR020714,2025-11-03,3,MC024,EMP0122,189,158
PR020715,2025-11-03,3,MC019,EMP0069,166,158
PR020716,2025-11-03,3,MC022,EMP0082,185,158
PR020717,2025-11-03,3,MC023,EMP0082,181,158
PR020718,2025-11-03,3,MC021,EMP0033,187,158
PR020719,2025-11-03,4,MC026,EMP0131,276,200
PR020720,2025-11-03,4,MC027,EMP0132,259,200
PR020721,2025-11-03,4,MC025,EMP0023,232,200
PR020722,2025-11-03,5,MC030,EMP0058,149,142
PR020723,2025-11-03,5,MC033,EMP0058,156,142
PR020724,2025-11-03,5,MC032,EMP0056,163,142
PR020725,2025-11-03,5,MC031,EMP0096,147,142
PR020726,2025-11-03,6,MC038,EMP0155,367,325
PR020727,2025-11-03,6,MC036,EMP0171,406,325
PR020728,2025-11-03,6,MC037,EMP0065,410,325
PR020729,2025-11-04,1,MC004,EMP0177,206,181
PR020730,2025-11-04,1,MC002,EMP0176,188,181
PR020731,2025-11-04,1,MC006,EMP0161,204,181
PR020732,2025-11-04,1,MC001,EMP0008,213,181
PR020733,2025-11-04,1,MC003,EMP0007,218,181
PR020734,2025-11-04,1,MC005,EMP0167,203,181
PR020735,2025-11-04,1,MC007,EMP0018,207,181
PR020736,2025-11-04,2,MC014,EMP0103,152,120
PR020737,2025-11-04,2,MC013,EMP0103,145,120
PR020738,2025-11-04,2,MC011,EMP0133,133,120
PR020739,2025-11-04,2,MC018,EMP0113,124,120
PR020740,2025-11-04,2,MC016,EMP0021,141,120
PR020741,2025-11-04,2,MC010,EMP0070,123,120
PR020742,2025-11-04,2,MC015,EMP0157,125,120
PR020743,2025-11-04,2,MC012,EMP0090,132,120
PR020744,2025-11-04,3,MC024,EMP0159,192,158
PR020745,2025-11-04,3,MC019,EMP0078,182,158
PR020746,2025-11-04,3,MC023,EMP0084,178,158
PR020747,2025-11-04,3,MC020,EMP0125,189,158
PR020748,2025-11-04,4,MC027,EMP0022,238,200
PR020749,2025-11-04,4,MC026,EMP0093,216,200
PR020750,2025-11-04,4,MC025,EMP0121,255,200
PR020751,2025-11-04,5,MC035,EMP0096,151,142
PR020752,2025-11-04,5,MC032,EMP0056,161,142
PR020753,2025-11-04,5,MC033,EMP0150,161,142
PR020754,2025-11-04,5,MC034,EMP0068,144,142
PR020755,2025-11-04,6,MC037,EMP0144,399,325
PR020756,2025-11-04,6,MC036,EMP0155,392,325
PR020757,2025-11-04,6,MC038,EMP0100,365,325
PR020758,2025-11-05,1,MC007,EMP0151,182,181
PR020759,2025-11-05,1,MC001,EMP0030,172,181
PR020760,2025-11-05,1,MC008,EMP0104,188,181
PR020761,2025-11-05,1,MC002,EMP0094,201,181
PR020762,2025-11-05,1,MC006,EMP0168,214,181
PR020763,2025-11-05,1,MC003,EMP0168,226,181
PR020764,2025-11-05,1,MC005,EMP0176,185,181
PR020765,2025-11-05,2,MC012,EMP0170,106,120
PR020766,2025-11-05,2,MC009,EMP0083,178,120
PR020767,2025-11-05,2,MC016,EMP0106,128,120
PR020768,2025-11-05,2,MC013,EMP0157,135,120
PR020769,2025-11-05,2,MC015,EMP0040,139,120
PR020770,2025-11-05,2,MC018,EMP0115,163,120
PR020771,2025-11-05,2,MC010,EMP0081,137,120
PR020772,2025-11-05,2,MC014,EMP0113,128,120
PR020773,2025-11-05,3,MC022,EMP0134,178,158
PR020774,2025-11-05,3,MC019,EMP0034,177,158
PR020775,2025-11-05,3,MC024,EMP0078,181,158
PR020776,2025-11-05,3,MC023,EMP0082,163,158
PR020777,2025-11-05,4,MC028,EMP0002,224,200
PR020778,2025-11-05,4,MC026,EMP0131,222,200
PR020779,2025-11-05,4,MC025,EMP0022,204,200
PR020780,2025-11-05,4,MC029,EMP0108,247,200
PR020781,2025-11-05,5,MC033,EMP0145,151,142
PR020782,2025-11-05,5,MC032,EMP0096,152,142
PR020783,2025-11-05,5,MC034,EMP0096,161,142
PR020784,2025-11-05,5,MC031,EMP0080,149,142
PR020785,2025-11-05,6,MC039,EMP0142,355,325
PR020786,2025-11-05,6,MC036,EMP0046,347,325
PR020787,2025-11-05,6,MC037,EMP0152,392,325
PR020788,2025-11-06,1,MC005,EMP0066,201,181
PR020789,2025-11-06,1,MC003,EMP0102,197,181
PR020790,2025-11-06,1,MC001,EMP0176,189,181
PR020791,2025-11-06,1,MC004,EMP0008,185,181
PR020792,2025-11-06,1,MC002,EMP0073,200,181
PR020793,2025-11-06,1,MC008,EMP0094,236,181
PR020794,2025-11-06,1,MC007,EMP0130,208,181
PR020795,2025-11-06,2,MC016,EMP0027,143,120
PR020796,2025-11-06,2,MC018,EMP0083,129,120
PR020797,2025-11-06,2,MC014,EMP0090,157,120
PR020798,2025-11-06,2,MC010,EMP0041,106,120
PR020799,2025-11-06,2,MC013,EMP0113,137,120
PR020800,2025-11-06,2,MC012,EMP0021,143,120
PR020801,2025-11-06,2,MC009,EMP0081,123,120
PR020802,2025-11-06,2,MC011,EMP0031,133,120
PR020803,2025-11-06,2,MC015,EMP0036,125,120
PR020804,2025-11-06,3,MC024,EMP0064,175,158
PR020805,2025-11-06,3,MC019,EMP0055,171,158
PR020806,2025-11-06,3,MC023,EMP0180,175,158
PR020807,2025-11-06,3,MC020,EMP0084,182,158
PR020808,2025-11-06,4,MC027,EMP0154,227,200
PR020809,2025-11-06,4,MC026,EMP0014,212,200
PR020810,2025-11-06,4,MC029,EMP0093,231,200
PR020811,2025-11-06,4,MC025,EMP0071,274,200
PR020812,2025-11-06,5,MC034,EMP0165,151,142
PR020813,2025-11-06,5,MC035,EMP0028,155,142
PR020814,2025-11-06,5,MC033,EMP0068,146,142
PR020815,2025-11-06,5,MC031,EMP0060,129,142
PR020816,2025-11-06,5,MC030,EMP0101,141,142
PR020817,2025-11-06,6,MC038,EMP0171,317,325
PR020818,2025-11-06,6,MC037,EMP0046,436,325
PR020819,2025-11-06,6,MC039,EMP0100,333,325
PR020820,2025-11-07,1,MC006,EMP0017,149,181
PR020821,2025-11-07,1,MC001,EMP0160,171,181
PR020822,2025-11-07,1,MC004,EMP0118,186,181
PR020823,2025-11-07,1,MC003,EMP0008,155,181
PR020824,2025-11-07,1,MC007,EMP0044,173,181
PR020825,2025-11-07,1,MC005,EMP0141,179,181
PR020826,2025-11-07,1,MC002,EMP0119,201,181
PR020827,2025-11-07,2,MC018,EMP0045,99,120
PR020828,2025-11-07,2,MC014,EMP0129,107,120
PR020829,2025-11-07,2,MC016,EMP0135,124,120
PR020830,2025-11-07,2,MC017,EMP0051,107,120
PR020831,2025-11-07,2,MC011,EMP0090,113,120
PR020832,2025-11-07,2,MC010,EMP0021,112,120
PR020833,2025-11-07,2,MC012,EMP0103,103,120
PR020834,2025-11-07,3,MC024,EMP0180,149,158
PR020835,2025-11-07,3,MC023,EMP0180,124,158
PR020836,2025-11-07,3,MC021,EMP0084,140,158
PR020837,2025-11-07,3,MC022,EMP0033,148,158
PR020838,2025-11-07,3,MC020,EMP0124,161,158
PR020839,2025-11-07,4,MC029,EMP0131,216,200
PR020840,2025-11-07,4,MC026,EMP0043,203,200
PR020841,2025-11-07,4,MC028,EMP0108,208,200
PR020842,2025-11-07,4,MC025,EMP0127,211,200
PR020843,2025-11-07,5,MC032,EMP0080,137,142
PR020844,2025-11-07,5,MC033,EMP0060,134,142
PR020845,2025-11-07,5,MC035,EMP0150,139,142
PR020846,2025-11-07,5,MC031,EMP0101,137,142
PR020847,2025-11-07,5,MC030,EMP0150,133,142
PR020848,2025-11-07,6,MC036,EMP0144,320,325
PR020849,2025-11-07,6,MC039,EMP0155,290,325
PR020850,2025-11-07,6,MC037,EMP0053,323,325
PR020851,2025-11-08,1,MC006,EMP0119,185,181
PR020852,2025-11-08,1,MC003,EMP0088,209,181
PR020853,2025-11-08,1,MC007,EMP0162,184,181
PR020854,2025-11-08,1,MC001,EMP0061,217,181
PR020855,2025-11-08,1,MC008,EMP0118,186,181
PR020856,2025-11-08,1,MC002,EMP0091,211,181
PR020857,2025-11-08,1,MC005,EMP0130,177,181
PR020858,2025-11-08,2,MC009,EMP0128,132,120
PR020859,2025-11-08,2,MC013,EMP0041,139,120
PR020860,2025-11-08,2,MC010,EMP0024,124,120
PR020861,2025-11-08,2,MC012,EMP0147,144,120
PR020862,2025-11-08,2,MC014,EMP0169,135,120
PR020863,2025-11-08,2,MC015,EMP0021,130,120
PR020864,2025-11-08,2,MC011,EMP0070,139,120
PR020865,2025-11-08,2,MC016,EMP0051,152,120
PR020866,2025-11-08,3,MC024,EMP0064,179,158
PR020867,2025-11-08,3,MC021,EMP0179,161,158
PR020868,2025-11-08,3,MC020,EMP0069,164,158
PR020869,2025-11-08,3,MC023,EMP0084,178,158
PR020870,2025-11-08,4,MC029,EMP0014,239,200
PR020871,2025-11-08,4,MC025,EMP0131,231,200
PR020872,2025-11-08,4,MC027,EMP0022,228,200
PR020873,2025-11-08,4,MC026,EMP0062,241,200
PR020874,2025-11-08,5,MC030,EMP0003,133,142
PR020875,2025-11-08,5,MC035,EMP0068,148,142
PR020876,2025-11-08,5,MC032,EMP0086,147,142
PR020877,2025-11-08,5,MC034,EMP0056,157,142
PR020878,2025-11-08,5,MC033,EMP0068,158,142
PR020879,2025-11-08,6,MC036,EMP0120,376,325
PR020880,2025-11-08,6,MC039,EMP0046,375,325
PR020881,2025-11-08,6,MC038,EMP0046,361,325
PR020882,2025-11-09,1,MC001,EMP0097,68,181
PR020883,2025-11-09,1,MC002,EMP0107,75,181
PR020884,2025-11-09,1,MC006,EMP0107,72,181
PR020885,2025-11-09,1,MC003,EMP0075,65,181
PR020886,2025-11-09,1,MC007,EMP0094,75,181
PR020887,2025-11-09,1,MC008,EMP0119,81,181
PR020888,2025-11-09,2,MC017,EMP0098,50,120
PR020889,2025-11-09,2,MC012,EMP0157,46,120
PR020890,2025-11-09,2,MC009,EMP0077,40,120
PR020891,2025-11-09,2,MC010,EMP0113,54,120
PR020892,2025-11-09,2,MC011,EMP0024,46,120
PR020893,2025-11-09,2,MC013,EMP0170,46,120
PR020894,2025-11-09,2,MC014,EMP0105,42,120
PR020895,2025-11-09,3,MC022,EMP0125,56,158
PR020896,2025-11-09,3,MC021,EMP0016,61,158
PR020897,2025-11-09,3,MC020,EMP0134,64,158
PR020898,2025-11-09,3,MC019,EMP0033,62,158
PR020899,2025-11-09,3,MC023,EMP0136,61,158
PR020900,2025-11-09,4,MC025,EMP0023,90,200
PR020901,2025-11-09,4,MC028,EMP0087,94,200
PR020902,2025-11-09,4,MC029,EMP0087,74,200
PR020903,2025-11-09,4,MC027,EMP0050,82,200
PR020904,2025-11-09,5,MC034,EMP0003,53,142
PR020905,2025-11-09,5,MC030,EMP0056,47,142
PR020906,2025-11-09,5,MC032,EMP0080,60,142
PR020907,2025-11-09,5,MC031,EMP0068,53,142
PR020908,2025-11-09,5,MC035,EMP0150,53,142
PR020909,2025-11-09,6,MC038,EMP0142,129,325
PR020910,2025-11-09,6,MC036,EMP0142,134,325
PR020911,2025-11-09,6,MC037,EMP0085,120,325
PR020912,2025-11-10,1,MC001,EMP0005,184,181
PR020913,2025-11-10,1,MC003,EMP0158,179,181
PR020914,2025-11-10,1,MC005,EMP0177,234,181
PR020915,2025-11-10,1,MC008,EMP0166,189,181
PR020916,2025-11-10,1,MC007,EMP0005,188,181
PR020917,2025-11-10,1,MC002,EMP0137,215,181
PR020918,2025-11-10,1,MC004,EMP0072,191,181
PR020919,2025-11-10,2,MC016,EMP0041,136,120
PR020920,2025-11-10,2,MC013,EMP0148,134,120
PR020921,2025-11-10,2,MC017,EMP0070,136,120
PR020922,2025-11-10,2,MC010,EMP0090,139,120
PR020923,2025-11-10,2,MC012,EMP0063,130,120
PR020924,2025-11-10,2,MC009,EMP0024,133,120
PR020925,2025-11-10,2,MC015,EMP0114,120,120
PR020926,2025-11-10,3,MC019,EMP0111,157,158
PR020927,2025-11-10,3,MC022,EMP0084,176,158
PR020928,2025-11-10,3,MC021,EMP0124,172,158
PR020929,2025-11-10,3,MC023,EMP0084,163,158
PR020930,2025-11-10,3,MC024,EMP0159,159,158
PR020931,2025-11-10,4,MC029,EMP0071,214,200
PR020932,2025-11-10,4,MC026,EMP0062,249,200
PR020933,2025-11-10,4,MC025,EMP0131,238,200
PR020934,2025-11-10,4,MC027,EMP0002,275,200
PR020935,2025-11-10,5,MC034,EMP0060,158,142
PR020936,2025-11-10,5,MC030,EMP0101,150,142
PR020937,2025-11-10,5,MC032,EMP0145,146,142
PR020938,2025-11-10,5,MC033,EMP0056,131,142
PR020939,2025-11-10,6,MC036,EMP0142,435,325
PR020940,2025-11-10,6,MC039,EMP0085,390,325
PR020941,2025-11-10,6,MC037,EMP0065,333,325
PR020942,2025-11-11,1,MC004,EMP0130,193,181
PR020943,2025-11-11,1,MC002,EMP0061,212,181
PR020944,2025-11-11,1,MC006,EMP0073,192,181
PR020945,2025-11-11,1,MC003,EMP0161,178,181
PR020946,2025-11-11,1,MC001,EMP0118,173,181
PR020947,2025-11-11,1,MC005,EMP0037,208,181
PR020948,2025-11-11,1,MC007,EMP0107,205,181
PR020949,2025-11-11,2,MC017,EMP0041,123,120
PR020950,2025-11-11,2,MC009,EMP0083,127,120
PR020951,2025-11-11,2,MC012,EMP0105,136,120
PR020952,2025-11-11,2,MC016,EMP0020,129,120
PR020953,2025-11-11,2,MC014,EMP0021,124,120
PR020954,2025-11-11,2,MC018,EMP0063,153,120
PR020955,2025-11-11,2,MC011,EMP0090,131,120
PR020956,2025-11-11,2,MC013,EMP0040,123,120
PR020957,2025-11-11,3,MC021,EMP0034,189,158
PR020958,2025-11-11,3,MC022,EMP0029,173,158
PR020959,2025-11-11,3,MC019,EMP0069,185,158
PR020960,2025-11-11,3,MC023,EMP0078,195,158
PR020961,2025-11-11,3,MC024,EMP0159,166,158
PR020962,2025-11-11,4,MC027,EMP0093,216,200
PR020963,2025-11-11,4,MC026,EMP0108,268,200
PR020964,2025-11-11,4,MC025,EMP0014,239,200
PR020965,2025-11-11,4,MC029,EMP0023,255,200
PR020966,2025-11-11,5,MC035,EMP0060,160,142
PR020967,2025-11-11,5,MC033,EMP0096,147,142
PR020968,2025-11-11,5,MC034,EMP0028,149,142
PR020969,2025-11-11,5,MC031,EMP0101,160,142
PR020970,2025-11-11,6,MC036,EMP0085,349,325
PR020971,2025-11-11,6,MC037,EMP0085,358,325
PR020972,2025-11-11,6,MC039,EMP0155,365,325
PR020973,2025-11-12,1,MC003,EMP0044,209,181
PR020974,2025-11-12,1,MC005,EMP0137,192,181
PR020975,2025-11-12,1,MC006,EMP0052,210,181
PR020976,2025-11-12,1,MC008,EMP0005,189,181
PR020977,2025-11-12,1,MC001,EMP0092,222,181
PR020978,2025-11-12,1,MC007,EMP0007,247,181
PR020979,2025-11-12,2,MC013,EMP0081,139,120
PR020980,2025-11-12,2,MC009,EMP0079,126,120
PR020981,2025-11-12,2,MC014,EMP0116,126,120
PR020982,2025-11-12,2,MC015,EMP0103,127,120
PR020983,2025-11-12,2,MC016,EMP0147,118,120
PR020984,2025-11-12,2,MC018,EMP0070,142,120
PR020985,2025-11-12,2,MC010,EMP0123,127,120
PR020986,2025-11-12,2,MC012,EMP0004,109,120
PR020987,2025-11-12,2,MC017,EMP0083,129,120
PR020988,2025-11-12,3,MC020,EMP0010,179,158
PR020989,2025-11-12,3,MC024,EMP0124,157,158
PR020990,2025-11-12,3,MC021,EMP0134,185,158
PR020991,2025-11-12,3,MC022,EMP0082,189,158
PR020992,2025-11-12,3,MC019,EMP0010,165,158
PR020993,2025-11-12,4,MC029,EMP0049,266,200
PR020994,2025-11-12,4,MC028,EMP0154,256,200
PR020995,2025-11-12,4,MC026,EMP0153,243,200
PR020996,2025-11-12,4,MC027,EMP0022,233,200
PR020997,2025-11-12,5,MC034,EMP0145,176,142
PR020998,2025-11-12,5,MC033,EMP0101,150,142
PR020999,2025-11-12,5,MC035,EMP0145,140,142
PR021000,2025-11-12,5,MC030,EMP0150,160,142
PR021001,2025-11-12,6,MC037,EMP0144,402,325
PR021002,2025-11-12,6,MC036,EMP0046,353,325
PR021003,2025-11-12,6,MC038,EMP0155,355,325
PR021004,2025-11-13,1,MC005,EMP0102,223,181
PR021005,2025-11-13,1,MC004,EMP0177,186,181
PR021006,2025-11-13,1,MC002,EMP0052,180,181
PR021007,2025-11-13,1,MC007,EMP0007,212,181
PR021008,2025-11-13,1,MC003,EMP0167,231,181
PR021009,2025-11-13,1,MC008,EMP0061,207,181
PR021010,2025-11-13,1,MC001,EMP0118,207,181
PR021011,2025-11-13,2,MC013,EMP0169,137,120
PR021012,2025-11-13,2,MC017,EMP0079,131,120
PR021013,2025-11-13,2,MC009,EMP0045,117,120
PR021014,2025-11-13,2,MC016,EMP0173,126,120
PR021015,2025-11-13,2,MC010,EMP0133,132,120
PR021016,2025-11-13,2,MC011,EMP0051,126,120
PR021017,2025-11-13,2,MC015,EMP0079,142,120
PR021018,2025-11-13,2,MC012,EMP0012,125,120
PR021019,2025-11-13,2,MC018,EMP0113,155,120
PR021020,2025-11-13,3,MC023,EMP0039,170,158
PR021021,2025-11-13,3,MC021,EMP0136,176,158
PR021022,2025-11-13,3,MC019,EMP0125,174,158
PR021023,2025-11-13,3,MC022,EMP0136,176,158
PR021024,2025-11-13,4,MC028,EMP0108,227,200
PR021025,2025-11-13,4,MC025,EMP0121,260,200
PR021026,2025-11-13,4,MC029,EMP0022,210,200
PR021027,2025-11-13,4,MC026,EMP0011,221,200
PR021028,2025-11-13,5,MC031,EMP0150,130,142
PR021029,2025-11-13,5,MC030,EMP0165,152,142
PR021030,2025-11-13,5,MC033,EMP0058,148,142
PR021031,2025-11-13,5,MC034,EMP0068,148,142
PR021032,2025-11-13,5,MC035,EMP0003,175,142
PR021033,2025-11-13,6,MC037,EMP0053,355,325
PR021034,2025-11-13,6,MC038,EMP0155,324,325
PR021035,2025-11-13,6,MC036,EMP0144,381,325
PR021036,2025-11-14,1,MC007,EMP0030,183,181
PR021037,2025-11-14,1,MC002,EMP0167,184,181
PR021038,2025-11-14,1,MC003,EMP0038,183,181
PR021039,2025-11-14,1,MC004,EMP0044,194,181
PR021040,2025-11-14,1,MC005,EMP0177,159,181
PR021041,2025-11-14,1,MC006,EMP0177,188,181
PR021042,2025-11-14,1,MC001,EMP0119,150,181
PR021043,2025-11-14,2,MC010,EMP0076,116,120
PR021044,2025-11-14,2,MC011,EMP0157,93,120
PR021045,2025-11-14,2,MC018,EMP0047,126,120
PR021046,2025-11-14,2,MC017,EMP0020,100,120
PR021047,2025-11-14,2,MC013,EMP0139,111,120
PR021048,2025-11-14,2,MC009,EMP0123,120,120
PR021049,2025-11-14,2,MC016,EMP0135,108,120
PR021050,2025-11-14,3,MC024,EMP0125,119,158
PR021051,2025-11-14,3,MC021,EMP0055,150,158
PR021052,2025-11-14,3,MC019,EMP0122,147,158
PR021053,2025-11-14,3,MC020,EMP0099,139,158
PR021054,2025-11-14,4,MC025,EMP0109,192,200
PR021055,2025-11-14,4,MC029,EMP0087,191,200
PR021056,2025-11-14,4,MC028,EMP0153,184,200
PR021057,2025-11-14,5,MC032,EMP0003,120,142
PR021058,2025-11-14,5,MC031,EMP0164,126,142
PR021059,2025-11-14,5,MC035,EMP0145,125,142
PR021060,2025-11-14,5,MC030,EMP0058,118,142
PR021061,2025-11-14,5,MC034,EMP0068,141,142
PR021062,2025-11-14,6,MC038,EMP0152,308,325
PR021063,2025-11-14,6,MC039,EMP0155,337,325
PR021064,2025-11-14,6,MC037,EMP0085,323,325
PR021065,2025-11-15,1,MC006,EMP0118,202,181
PR021066,2025-11-15,1,MC001,EMP0176,188,181
PR021067,2025-11-15,1,MC005,EMP0104,236,181
PR021068,2025-11-15,1,MC003,EMP0030,193,181
PR021069,2025-11-15,1,MC004,EMP0018,222,181
PR021070,2025-11-15,1,MC002,EMP0072,166,181
PR021071,2025-11-15,2,MC017,EMP0041,138,120
PR021072,2025-11-15,2,MC013,EMP0081,136,120
PR021073,2025-11-15,2,MC010,EMP0147,136,120
PR021074,2025-11-15,2,MC009,EMP0095,128,120
PR021075,2025-11-15,2,MC015,EMP0026,124,120
PR021076,2025-11-15,2,MC014,EMP0115,130,120
PR021077,2025-11-15,2,MC012,EMP0051,135,120
PR021078,2025-11-15,2,MC018,EMP0036,122,120
PR021079,2025-11-15,2,MC016,EMP0047,150,120
PR021080,2025-11-15,3,MC021,EMP0082,177,158
PR021081,2025-11-15,3,MC019,EMP0134,165,158
PR021082,2025-11-15,3,MC022,EMP0039,162,158
PR021083,2025-11-15,3,MC023,EMP0084,160,158
PR021084,2025-11-15,4,MC025,EMP0153,220,200
PR021085,2025-11-15,4,MC028,EMP0154,233,200
PR021086,2025-11-15,4,MC027,EMP0002,243,200
PR021087,2025-11-15,4,MC026,EMP0050,215,200
PR021088,2025-11-15,5,MC035,EMP0086,144,142
PR021089,2025-11-15,5,MC033,EMP0058,147,142
PR021090,2025-11-15,5,MC030,EMP0028,172,142
PR021091,2025-11-15,5,MC032,EMP0165,167,142
PR021092,2025-11-15,5,MC031,EMP0145,152,142
PR021093,2025-11-15,6,MC039,EMP0144,361,325
PR021094,2025-11-15,6,MC038,EMP0085,391,325
PR021095,2025-11-15,6,MC037,EMP0065,357,325
PR021096,2025-11-16,1,MC003,EMP0088,61,181
PR021097,2025-11-16,1,MC001,EMP0107,68,181
PR021098,2025-11-16,1,MC004,EMP0072,72,181
PR021099,2025-11-16,1,MC007,EMP0126,64,181
PR021100,2025-11-16,1,MC005,EMP0075,68,181
PR021101,2025-11-16,1,MC006,EMP0161,67,181
PR021102,2025-11-16,1,MC008,EMP0176,70,181
PR021103,2025-11-16,2,MC010,EMP0089,52,120
PR021104,2025-11-16,2,MC014,EMP0098,44,120
PR021105,2025-11-16,2,MC016,EMP0146,48,120
PR021106,2025-11-16,2,MC017,EMP0114,46,120
PR021107,2025-11-16,2,MC012,EMP0114,48,120
PR021108,2025-11-16,2,MC009,EMP0170,48,120
PR021109,2025-11-16,2,MC015,EMP0083,51,120
PR021110,2025-11-16,2,MC011,EMP0146,45,120
PR021111,2025-11-16,3,MC019,EMP0172,64,158
PR021112,2025-11-16,3,MC024,EMP0033,56,158
PR021113,2025-11-16,3,MC020,EMP0124,60,158
PR021114,2025-11-16,3,MC023,EMP0180,69,158
PR021115,2025-11-16,3,MC021,EMP0069,66,158
PR021116,2025-11-16,4,MC029,EMP0108,82,200
PR021117,2025-11-16,4,MC028,EMP0153,85,200
PR021118,2025-11-16,4,MC027,EMP0011,88,200
PR021119,2025-11-16,4,MC025,EMP0071,83,200
PR021120,2025-11-16,5,MC034,EMP0056,52,142
PR021121,2025-11-16,5,MC033,EMP0145,62,142
PR021122,2025-11-16,5,MC035,EMP0060,51,142
PR021123,2025-11-16,5,MC032,EMP0086,62,142
PR021124,2025-11-16,5,MC030,EMP0150,54,142
PR021125,2025-11-16,6,MC039,EMP0100,141,325
PR021126,2025-11-16,6,MC037,EMP0152,120,325
PR021127,2025-11-16,6,MC036,EMP0100,126,325
PR021128,2025-11-17,1,MC001,EMP0054,198,181
PR021129,2025-11-17,1,MC005,EMP0075,181,181
PR021130,2025-11-17,1,MC003,EMP0097,170,181
PR021131,2025-11-17,1,MC004,EMP0052,220,181
PR021132,2025-11-17,1,MC006,EMP0166,218,181
PR021133,2025-11-17,1,MC007,EMP0092,187,181
PR021134,2025-11-17,2,MC011,EMP0146,127,120
PR021135,2025-11-17,2,MC013,EMP0024,124,120
PR021136,2025-11-17,2,MC017,EMP0140,120,120
PR021137,2025-11-17,2,MC010,EMP0076,132,120
PR021138,2025-11-17,2,MC009,EMP0117,107,120
PR021139,2025-11-17,2,MC018,EMP0021,128,120
PR021140,2025-11-17,2,MC012,EMP0123,137,120
PR021141,2025-11-17,2,MC015,EMP0015,135,120
PR021142,2025-11-17,2,MC016,EMP0015,120,120
PR021143,2025-11-17,3,MC023,EMP0064,194,158
PR021144,2025-11-17,3,MC020,EMP0179,174,158
PR021145,2025-11-17,3,MC019,EMP0069,177,158
PR021146,2025-11-17,3,MC021,EMP0055,171,158
PR021147,2025-11-17,4,MC029,EMP0132,231,200
PR021148,2025-11-17,4,MC027,EMP0108,249,200
PR021149,2025-11-17,4,MC028,EMP0011,253,200
PR021150,2025-11-17,4,MC025,EMP0071,208,200
PR021151,2025-11-17,5,MC033,EMP0164,149,142
PR021152,2025-11-17,5,MC035,EMP0165,144,142
PR021153,2025-11-17,5,MC034,EMP0086,157,142
PR021154,2025-11-17,5,MC032,EMP0165,150,142
PR021155,2025-11-17,5,MC030,EMP0145,159,142
PR021156,2025-11-17,6,MC036,EMP0046,413,325
PR021157,2025-11-17,6,MC039,EMP0120,386,325
PR021158,2025-11-17,6,MC037,EMP0155,349,325
PR021159,2025-11-18,1,MC005,EMP0167,198,181
PR021160,2025-11-18,1,MC003,EMP0052,211,181
PR021161,2025-11-18,1,MC007,EMP0102,212,181
PR021162,2025-11-18,1,MC006,EMP0030,207,181
PR021163,2025-11-18,1,MC002,EMP0130,191,181
PR021164,2025-11-18,1,MC004,EMP0007,200,181
PR021165,2025-11-18,1,MC001,EMP0066,189,181
PR021166,2025-11-18,2,MC017,EMP0147,133,120
PR021167,2025-11-18,2,MC013,EMP0173,135,120
PR021168,2025-11-18,2,MC011,EMP0035,114,120
PR021169,2025-11-18,2,MC014,EMP0129,114,120
PR021170,2025-11-18,2,MC018,EMP0146,137,120
PR021171,2025-11-18,2,MC009,EMP0035,125,120
PR021172,2025-11-18,2,MC012,EMP0133,141,120
PR021173,2025-11-18,2,MC016,EMP0157,140,120
PR021174,2025-11-18,3,MC024,EMP0172,178,158
PR021175,2025-11-18,3,MC023,EMP0082,176,158
PR021176,2025-11-18,3,MC019,EMP0016,179,158
PR021177,2025-11-18,3,MC021,EMP0111,171,158
PR021178,2025-11-18,3,MC022,EMP0029,173,158
PR021179,2025-11-18,4,MC025,EMP0002,264,200
PR021180,2025-11-18,4,MC026,EMP0154,219,200
PR021181,2025-11-18,4,MC028,EMP0002,262,200
PR021182,2025-11-18,4,MC029,EMP0131,221,200
PR021183,2025-11-18,5,MC034,EMP0165,159,142
PR021184,2025-11-18,5,MC033,EMP0150,143,142
PR021185,2025-11-18,5,MC035,EMP0080,164,142
PR021186,2025-11-18,5,MC032,EMP0058,170,142
PR021187,2025-11-18,6,MC037,EMP0065,391,325
PR021188,2025-11-18,6,MC038,EMP0053,402,325
PR021189,2025-11-18,6,MC039,EMP0065,417,325
PR021190,2025-11-19,1,MC001,EMP0091,203,181
PR021191,2025-11-19,1,MC002,EMP0130,204,181
PR021192,2025-11-19,1,MC006,EMP0119,209,181
PR021193,2025-11-19,1,MC008,EMP0032,202,181
PR021194,2025-11-19,1,MC003,EMP0073,192,181
PR021195,2025-11-19,1,MC005,EMP0032,203,181
PR021196,2025-11-19,1,MC007,EMP0160,210,181
PR021197,2025-11-19,2,MC016,EMP0098,141,120
PR021198,2025-11-19,2,MC011,EMP0045,147,120
PR021199,2025-11-19,2,MC015,EMP0077,113,120
PR021200,2025-11-19,2,MC010,EMP0106,119,120
PR021201,2025-11-19,2,MC009,EMP0089,131,120
PR021202,2025-11-19,2,MC018,EMP0021,130,120
PR021203,2025-11-19,2,MC013,EMP0063,141,120
PR021204,2025-11-19,2,MC014,EMP0139,137,120
PR021205,2025-11-19,3,MC021,EMP0172,169,158
PR021206,2025-11-19,3,MC019,EMP0084,174,158
PR021207,2025-11-19,3,MC024,EMP0034,191,158
PR021208,2025-11-19,3,MC023,EMP0064,192,158
PR021209,2025-11-19,3,MC022,EMP0078,133,158
PR021210,2025-11-19,4,MC028,EMP0062,226,200
PR021211,2025-11-19,4,MC026,EMP0153,205,200
PR021212,2025-11-19,4,MC025,EMP0023,242,200
PR021213,2025-11-19,4,MC029,EMP0109,266,200
PR021214,2025-11-19,5,MC031,EMP0028,168,142
PR021215,2025-11-19,5,MC030,EMP0028,165,142
PR021216,2025-11-19,5,MC035,EMP0058,144,142
PR021217,2025-11-19,5,MC032,EMP0003,175,142
PR021218,2025-11-19,6,MC036,EMP0053,364,325
PR021219,2025-11-19,6,MC037,EMP0171,397,325
PR021220,2025-11-19,6,MC039,EMP0152,355,325
PR021221,2025-11-20,1,MC007,EMP0054,231,181
PR021222,2025-11-20,1,MC004,EMP0097,173,181
PR021223,2025-11-20,1,MC003,EMP0030,210,181
PR021224,2025-11-20,1,MC006,EMP0057,194,181
PR021225,2025-11-20,1,MC002,EMP0092,188,181
PR021226,2025-11-20,1,MC005,EMP0177,191,181
PR021227,2025-11-20,2,MC012,EMP0035,122,120
PR021228,2025-11-20,2,MC014,EMP0090,113,120
PR021229,2025-11-20,2,MC016,EMP0116,134,120
PR021230,2025-11-20,2,MC009,EMP0103,127,120
PR021231,2025-11-20,2,MC013,EMP0117,136,120
PR021232,2025-11-20,2,MC017,EMP0042,128,120
PR021233,2025-11-20,2,MC011,EMP0123,118,120
PR021234,2025-11-20,3,MC020,EMP0143,190,158
PR021235,2025-11-20,3,MC021,EMP0134,172,158
PR021236,2025-11-20,3,MC024,EMP0055,172,158
PR021237,2025-11-20,3,MC023,EMP0143,149,158
PR021238,2025-11-20,4,MC029,EMP0127,264,200
PR021239,2025-11-20,4,MC026,EMP0175,242,200
PR021240,2025-11-20,4,MC025,EMP0050,268,200
PR021241,2025-11-20,4,MC028,EMP0121,272,200
PR021242,2025-11-20,5,MC030,EMP0058,145,142
PR021243,2025-11-20,5,MC032,EMP0086,133,142
PR021244,2025-11-20,5,MC034,EMP0096,147,142
PR021245,2025-11-20,5,MC031,EMP0080,155,142
PR021246,2025-11-20,5,MC033,EMP0068,129,142
PR021247,2025-11-20,6,MC037,EMP0144,381,325
PR021248,2025-11-20,6,MC038,EMP0085,380,325
PR021249,2025-11-20,6,MC036,EMP0046,402,325
PR021250,2025-11-21,1,MC008,EMP0017,200,181
PR021251,2025-11-21,1,MC003,EMP0112,170,181
PR021252,2025-11-21,1,MC005,EMP0007,166,181
PR021253,2025-11-21,1,MC006,EMP0044,165,181
PR021254,2025-11-21,1,MC002,EMP0161,185,181
PR021255,2025-11-21,1,MC001,EMP0030,163,181
PR021256,2025-11-21,1,MC007,EMP0072,170,181
PR021257,2025-11-21,2,MC015,EMP0004,113,120
PR021258,2025-11-21,2,MC016,EMP0128,103,120
PR021259,2025-11-21,2,MC011,EMP0001,92,120
PR021260,2025-11-21,2,MC012,EMP0138,119,120
PR021261,2025-11-21,2,MC017,EMP0113,114,120
PR021262,2025-11-21,2,MC009,EMP0147,109,120
PR021263,2025-11-21,2,MC013,EMP0116,121,120
PR021264,2025-11-21,3,MC024,EMP0064,148,158
PR021265,2025-11-21,3,MC023,EMP0033,154,158
PR021266,2025-11-21,3,MC021,EMP0078,127,158
PR021267,2025-11-21,3,MC020,EMP0010,130,158
PR021268,2025-11-21,3,MC022,EMP0159,142,158
PR021269,2025-11-21,4,MC027,EMP0062,191,200
PR021270,2025-11-21,4,MC025,EMP0131,204,200
PR021271,2025-11-21,4,MC028,EMP0154,197,200
PR021272,2025-11-21,4,MC029,EMP0121,205,200
PR021273,2025-11-21,5,MC035,EMP0165,135,142
PR021274,2025-11-21,5,MC030,EMP0101,123,142
PR021275,2025-11-21,5,MC034,EMP0096,128,142
PR021276,2025-11-21,5,MC032,EMP0056,131,142
PR021277,2025-11-21,5,MC033,EMP0068,129,142
PR021278,2025-11-21,6,MC036,EMP0152,380,325
PR021279,2025-11-21,6,MC037,EMP0053,327,325
PR021280,2025-11-21,6,MC038,EMP0120,334,325
PR021281,2025-11-22,1,MC007,EMP0177,189,181
PR021282,2025-11-22,1,MC008,EMP0088,196,181
PR021283,2025-11-22,1,MC001,EMP0091,183,181
PR021284,2025-11-22,1,MC005,EMP0007,197,181
PR021285,2025-11-22,1,MC004,EMP0018,210,181
PR021286,2025-11-22,1,MC006,EMP0102,211,181
PR021287,2025-11-22,2,MC017,EMP0048,138,120
PR021288,2025-11-22,2,MC015,EMP0138,131,120
PR021289,2025-11-22,2,MC009,EMP0178,141,120
PR021290,2025-11-22,2,MC014,EMP0048,120,120
PR021291,2025-11-22,2,MC010,EMP0170,130,120
PR021292,2025-11-22,2,MC011,EMP0001,128,120
PR021293,2025-11-22,2,MC013,EMP0015,127,120
PR021294,2025-11-22,2,MC016,EMP0040,125,120
PR021295,2025-11-22,3,MC020,EMP0029,168,158
PR021296,2025-11-22,3,MC021,EMP0125,181,158
PR021297,2025-11-22,3,MC023,EMP0159,165,158
PR021298,2025-11-22,3,MC024,EMP0034,177,158
PR021299,2025-11-22,4,MC026,EMP0014,242,200
PR021300,2025-11-22,4,MC027,EMP0108,230,200
PR021301,2025-11-22,4,MC029,EMP0087,209,200
PR021302,2025-11-22,4,MC025,EMP0014,240,200
PR021303,2025-11-22,5,MC032,EMP0145,144,142
PR021304,2025-11-22,5,MC031,EMP0080,132,142
PR021305,2025-11-22,5,MC033,EMP0150,152,142
PR021306,2025-11-22,5,MC030,EMP0003,153,142
PR021307,2025-11-22,6,MC039,EMP0142,380,325
PR021308,2025-11-22,6,MC038,EMP0065,388,325
PR021309,2025-11-22,6,MC037,EMP0142,361,325
PR021310,2025-11-23,1,MC002,EMP0072,75,181
PR021311,2025-11-23,1,MC005,EMP0054,71,181
PR021312,2025-11-23,1,MC006,EMP0075,61,181
PR021313,2025-11-23,1,MC003,EMP0030,73,181
PR021314,2025-11-23,1,MC008,EMP0110,79,181
PR021315,2025-11-23,1,MC001,EMP0032,65,181
PR021316,2025-11-23,2,MC012,EMP0139,56,120
PR021317,2025-11-23,2,MC016,EMP0024,46,120
PR021318,2025-11-23,2,MC017,EMP0138,45,120
PR021319,2025-11-23,2,MC014,EMP0070,45,120
PR021320,2025-11-23,2,MC018,EMP0077,48,120
PR021321,2025-11-23,2,MC010,EMP0040,42,120
PR021322,2025-11-23,2,MC009,EMP0041,43,120
PR021323,2025-11-23,2,MC011,EMP0042,46,120
PR021324,2025-11-23,3,MC020,EMP0055,64,158
PR021325,2025-11-23,3,MC023,EMP0039,64,158
PR021326,2025-11-23,3,MC021,EMP0111,59,158
PR021327,2025-11-23,3,MC024,EMP0180,51,158
PR021328,2025-11-23,3,MC022,EMP0122,70,158
PR021329,2025-11-23,4,MC027,EMP0002,88,200
PR021330,2025-11-23,4,MC029,EMP0011,77,200
PR021331,2025-11-23,4,MC025,EMP0059,85,200
PR021332,2025-11-23,5,MC032,EMP0068,54,142
PR021333,2025-11-23,5,MC035,EMP0145,51,142
PR021334,2025-11-23,5,MC031,EMP0068,57,142
PR021335,2025-11-23,5,MC034,EMP0150,55,142
PR021336,2025-11-23,5,MC030,EMP0056,52,142
PR021337,2025-11-23,6,MC036,EMP0046,117,325
PR021338,2025-11-23,6,MC039,EMP0100,128,325
PR021339,2025-11-23,6,MC037,EMP0144,102,325
PR021340,2025-11-24,1,MC004,EMP0094,221,181
PR021341,2025-11-24,1,MC008,EMP0151,216,181
PR021342,2025-11-24,1,MC003,EMP0137,199,181
PR021343,2025-11-24,1,MC001,EMP0137,223,181
PR021344,2025-11-24,1,MC002,EMP0166,217,181
PR021345,2025-11-24,1,MC007,EMP0168,183,181
PR021346,2025-11-24,1,MC006,EMP0008,177,181
PR021347,2025-11-24,2,MC009,EMP0169,132,120
PR021348,2025-11-24,2,MC014,EMP0095,135,120
PR021349,2025-11-24,2,MC016,EMP0009,141,120
PR021350,2025-11-24,2,MC013,EMP0114,132,120
PR021351,2025-11-24,2,MC012,EMP0015,130,120
PR021352,2025-11-24,2,MC015,EMP0070,121,120
PR021353,2025-11-24,2,MC018,EMP0042,126,120
PR021354,2025-11-24,2,MC010,EMP0047,140,120
PR021355,2025-11-24,2,MC017,EMP0027,137,120
PR021356,2025-11-24,3,MC022,EMP0122,180,158
PR021357,2025-11-24,3,MC021,EMP0143,166,158
PR021358,2025-11-24,3,MC020,EMP0082,160,158
PR021359,2025-11-24,3,MC019,EMP0134,157,158
PR021360,2025-11-24,3,MC023,EMP0122,148,158
PR021361,2025-11-24,4,MC026,EMP0059,278,200
PR021362,2025-11-24,4,MC028,EMP0154,238,200
PR021363,2025-11-24,4,MC027,EMP0023,225,200
PR021364,2025-11-24,4,MC029,EMP0154,234,200
PR021365,2025-11-24,5,MC034,EMP0080,164,142
PR021366,2025-11-24,5,MC030,EMP0165,146,142
PR021367,2025-11-24,5,MC031,EMP0003,138,142
PR021368,2025-11-24,5,MC033,EMP0060,178,142
PR021369,2025-11-24,6,MC039,EMP0155,424,325
PR021370,2025-11-24,6,MC037,EMP0085,428,325
PR021371,2025-11-24,6,MC038,EMP0152,355,325
PR021372,2025-11-25,1,MC004,EMP0110,215,181
PR021373,2025-11-25,1,MC003,EMP0072,188,181
PR021374,2025-11-25,1,MC005,EMP0151,220,181
PR021375,2025-11-25,1,MC001,EMP0061,197,181
PR021376,2025-11-25,1,MC008,EMP0130,177,181
PR021377,2025-11-25,1,MC002,EMP0054,176,181
PR021378,2025-11-25,1,MC007,EMP0168,205,181
PR021379,2025-11-25,2,MC018,EMP0045,135,120
PR021380,2025-11-25,2,MC012,EMP0128,133,120
PR021381,2025-11-25,2,MC014,EMP0146,122,120
PR021382,2025-11-25,2,MC011,EMP0042,143,120
PR021383,2025-11-25,2,MC010,EMP0083,138,120
PR021384,2025-11-25,2,MC009,EMP0106,122,120
PR021385,2025-11-25,2,MC017,EMP0095,134,120
PR021386,2025-11-25,3,MC019,EMP0034,171,158
PR021387,2025-11-25,3,MC023,EMP0180,188,158
PR021388,2025-11-25,3,MC020,EMP0143,202,158
PR021389,2025-11-25,3,MC022,EMP0034,171,158
PR021390,2025-11-25,3,MC024,EMP0111,165,158
PR021391,2025-11-25,4,MC029,EMP0121,230,200
PR021392,2025-11-25,4,MC028,EMP0153,244,200
PR021393,2025-11-25,4,MC027,EMP0109,253,200
PR021394,2025-11-25,4,MC026,EMP0071,252,200
PR021395,2025-11-25,5,MC035,EMP0060,159,142
PR021396,2025-11-25,5,MC030,EMP0164,165,142
PR021397,2025-11-25,5,MC032,EMP0164,173,142
PR021398,2025-11-25,5,MC034,EMP0101,156,142
PR021399,2025-11-25,5,MC031,EMP0096,166,142
PR021400,2025-11-25,6,MC037,EMP0144,348,325
PR021401,2025-11-25,6,MC036,EMP0155,390,325
PR021402,2025-11-25,6,MC038,EMP0171,332,325
PR021403,2025-11-26,1,MC008,EMP0075,193,181
PR021404,2025-11-26,1,MC006,EMP0025,185,181
PR021405,2025-11-26,1,MC005,EMP0008,209,181
PR021406,2025-11-26,1,MC004,EMP0088,220,181
PR021407,2025-11-26,1,MC002,EMP0018,240,181
PR021408,2025-11-26,1,MC003,EMP0176,194,181
PR021409,2025-11-26,2,MC018,EMP0128,133,120
PR021410,2025-11-26,2,MC011,EMP0173,132,120
PR021411,2025-11-26,2,MC014,EMP0129,113,120
PR021412,2025-11-26,2,MC017,EMP0129,111,120
PR021413,2025-11-26,2,MC015,EMP0021,127,120
PR021414,2025-11-26,2,MC009,EMP0012,144,120
PR021415,2025-11-26,2,MC016,EMP0139,131,120
PR021416,2025-11-26,2,MC013,EMP0140,141,120
PR021417,2025-11-26,3,MC019,EMP0013,170,158
PR021418,2025-11-26,3,MC021,EMP0069,191,158
PR021419,2025-11-26,3,MC024,EMP0006,164,158
PR021420,2025-11-26,3,MC022,EMP0029,181,158
PR021421,2025-11-26,3,MC023,EMP0143,165,158
PR021422,2025-11-26,4,MC027,EMP0174,242,200
PR021423,2025-11-26,4,MC026,EMP0050,255,200
PR021424,2025-11-26,4,MC025,EMP0050,213,200
PR021425,2025-11-26,5,MC031,EMP0086,133,142
PR021426,2025-11-26,5,MC034,EMP0145,143,142
PR021427,2025-11-26,5,MC033,EMP0096,152,142
PR021428,2025-11-26,5,MC035,EMP0145,149,142
PR021429,2025-11-26,5,MC032,EMP0165,145,142
PR021430,2025-11-26,6,MC039,EMP0152,413,325
PR021431,2025-11-26,6,MC037,EMP0053,366,325
PR021432,2025-11-26,6,MC036,EMP0152,375,325
PR021433,2025-11-27,1,MC001,EMP0037,216,181
PR021434,2025-11-27,1,MC005,EMP0032,207,181
PR021435,2025-11-27,1,MC004,EMP0088,199,181
PR021436,2025-11-27,1,MC006,EMP0008,195,181
PR021437,2025-11-27,1,MC003,EMP0038,187,181
PR021438,2025-11-27,1,MC007,EMP0107,209,181
PR021439,2025-11-27,2,MC013,EMP0133,137,120
PR021440,2025-11-27,2,MC018,EMP0138,114,120
PR021441,2025-11-27,2,MC009,EMP0169,142,120
PR021442,2025-11-27,2,MC016,EMP0147,131,120
PR021443,2025-11-27,2,MC010,EMP0001,135,120
PR021444,2025-11-27,2,MC011,EMP0133,120,120
PR021445,2025-11-27,2,MC012,EMP0079,130,120
PR021446,2025-11-27,2,MC017,EMP0070,139,120
PR021447,2025-11-27,2,MC015,EMP0070,126,120
PR021448,2025-11-27,3,MC020,EMP0172,164,158
PR021449,2025-11-27,3,MC021,EMP0136,160,158
PR021450,2025-11-27,3,MC023,EMP0143,187,158
PR021451,2025-11-27,3,MC024,EMP0034,151,158
PR021452,2025-11-27,3,MC022,EMP0034,163,158
PR021453,2025-11-27,4,MC026,EMP0108,253,200
PR021454,2025-11-27,4,MC028,EMP0131,286,200
PR021455,2025-11-27,4,MC025,EMP0002,263,200
PR021456,2025-11-27,5,MC031,EMP0096,156,142
PR021457,2025-11-27,5,MC035,EMP0003,143,142
PR021458,2025-11-27,5,MC034,EMP0028,162,142
PR021459,2025-11-27,5,MC030,EMP0096,145,142
PR021460,2025-11-27,5,MC032,EMP0068,171,142
PR021461,2025-11-27,6,MC039,EMP0152,393,325
PR021462,2025-11-27,6,MC037,EMP0152,369,325
PR021463,2025-11-27,6,MC036,EMP0046,355,325
PR021464,2025-11-28,1,MC003,EMP0073,151,181
PR021465,2025-11-28,1,MC006,EMP0030,182,181
PR021466,2025-11-28,1,MC008,EMP0066,142,181
PR021467,2025-11-28,1,MC002,EMP0161,165,181
PR021468,2025-11-28,1,MC001,EMP0130,175,181
PR021469,2025-11-28,1,MC004,EMP0126,167,181
PR021470,2025-11-28,2,MC013,EMP0114,105,120
PR021471,2025-11-28,2,MC014,EMP0095,118,120
PR021472,2025-11-28,2,MC010,EMP0098,116,120
PR021473,2025-11-28,2,MC017,EMP0083,109,120
PR021474,2025-11-28,2,MC016,EMP0031,124,120
PR021475,2025-11-28,2,MC009,EMP0135,119,120
PR021476,2025-11-28,2,MC018,EMP0146,114,120
PR021477,2025-11-28,2,MC011,EMP0036,111,120
PR021478,2025-11-28,3,MC024,EMP0013,143,158
PR021479,2025-11-28,3,MC019,EMP0013,172,158
PR021480,2025-11-28,3,MC021,EMP0016,134,158
PR021481,2025-11-28,3,MC023,EMP0010,149,158
PR021482,2025-11-28,3,MC022,EMP0159,141,158
PR021483,2025-11-28,4,MC026,EMP0153,229,200
PR021484,2025-11-28,4,MC029,EMP0127,216,200
PR021485,2025-11-28,4,MC028,EMP0023,208,200
PR021486,2025-11-28,4,MC027,EMP0011,227,200
PR021487,2025-11-28,5,MC031,EMP0150,141,142
PR021488,2025-11-28,5,MC033,EMP0068,133,142
PR021489,2025-11-28,5,MC035,EMP0060,115,142
PR021490,2025-11-28,5,MC032,EMP0145,137,142
PR021491,2025-11-28,5,MC030,EMP0145,120,142
PR021492,2025-11-28,6,MC038,EMP0171,314,325
PR021493,2025-11-28,6,MC039,EMP0155,322,325
PR021494,2025-11-28,6,MC036,EMP0046,313,325
PR021495,2025-11-29,1,MC006,EMP0054,208,181
PR021496,2025-11-29,1,MC003,EMP0110,198,181
PR021497,2025-11-29,1,MC004,EMP0054,188,181
PR021498,2025-11-29,1,MC001,EMP0176,214,181
PR021499,2025-11-29,1,MC002,EMP0094,238,181
PR021500,2025-11-29,1,MC005,EMP0167,222,181
PR021501,2025-11-29,2,MC010,EMP0026,122,120
PR021502,2025-11-29,2,MC013,EMP0045,126,120
PR021503,2025-11-29,2,MC017,EMP0063,111,120
PR021504,2025-11-29,2,MC016,EMP0149,141,120
PR021505,2025-11-29,2,MC009,EMP0067,150,120
PR021506,2025-11-29,2,MC014,EMP0015,134,120
PR021507,2025-11-29,2,MC011,EMP0036,149,120
PR021508,2025-11-29,2,MC015,EMP0133,119,120
PR021509,2025-11-29,2,MC018,EMP0105,142,120
PR021510,2025-11-29,3,MC019,EMP0179,170,158
PR021511,2025-11-29,3,MC024,EMP0159,158,158
PR021512,2025-11-29,3,MC020,EMP0039,190,158
PR021513,2025-11-29,3,MC022,EMP0016,183,158
PR021514,2025-11-29,4,MC028,EMP0002,256,200
PR021515,2025-11-29,4,MC027,EMP0153,244,200
PR021516,2025-11-29,4,MC025,EMP0043,234,200
PR021517,2025-11-29,4,MC026,EMP0062,270,200
PR021518,2025-11-29,5,MC032,EMP0080,155,142
PR021519,2025-11-29,5,MC033,EMP0165,173,142
PR021520,2025-11-29,5,MC030,EMP0080,136,142
PR021521,2025-11-29,5,MC035,EMP0150,145,142
PR021522,2025-11-29,5,MC034,EMP0003,150,142
PR021523,2025-11-29,6,MC039,EMP0120,402,325
PR021524,2025-11-29,6,MC037,EMP0142,334,325
PR021525,2025-11-29,6,MC038,EMP0155,431,325
PR021526,2025-11-30,1,MC006,EMP0166,70,181
PR021527,2025-11-30,1,MC004,EMP0038,69,181
PR021528,2025-11-30,1,MC002,EMP0110,74,181
PR021529,2025-11-30,1,MC008,EMP0038,61,181
PR021530,2025-11-30,1,MC003,EMP0163,83,181
PR021531,2025-11-30,1,MC005,EMP0130,69,181
PR021532,2025-11-30,1,MC007,EMP0161,67,181
PR021533,2025-11-30,2,MC018,EMP0105,47,120
PR021534,2025-11-30,2,MC016,EMP0041,46,120
PR021535,2025-11-30,2,MC011,EMP0045,40,120
PR021536,2025-11-30,2,MC009,EMP0146,41,120
PR021537,2025-11-30,2,MC017,EMP0147,44,120
PR021538,2025-11-30,2,MC010,EMP0090,50,120
PR021539,2025-11-30,2,MC013,EMP0103,42,120
PR021540,2025-11-30,2,MC012,EMP0036,49,120
PR021541,2025-11-30,2,MC014,EMP0170,41,120
PR021542,2025-11-30,3,MC019,EMP0134,63,158
PR021543,2025-11-30,3,MC024,EMP0016,67,158
PR021544,2025-11-30,3,MC022,EMP0143,65,158
PR021545,2025-11-30,3,MC020,EMP0069,66,158
PR021546,2025-11-30,3,MC023,EMP0159,54,158
PR021547,2025-11-30,4,MC026,EMP0071,88,200
PR021548,2025-11-30,4,MC028,EMP0121,79,200
PR021549,2025-11-30,4,MC027,EMP0127,88,200
PR021550,2025-11-30,4,MC029,EMP0108,84,200
PR021551,2025-11-30,5,MC031,EMP0164,53,142
PR021552,2025-11-30,5,MC032,EMP0086,53,142
PR021553,2025-11-30,5,MC033,EMP0058,51,142
PR021554,2025-11-30,5,MC030,EMP0150,52,142
PR021555,2025-11-30,5,MC034,EMP0058,56,142
PR021556,2025-11-30,6,MC038,EMP0171,137,325
PR021557,2025-11-30,6,MC039,EMP0155,136,325
PR021558,2025-11-30,6,MC036,EMP0085,135,325
PR021559,2025-12-01,1,MC002,EMP0104,176,181
PR021560,2025-12-01,1,MC005,EMP0158,185,181
PR021561,2025-12-01,1,MC001,EMP0160,191,181
PR021562,2025-12-01,1,MC008,EMP0030,179,181
PR021563,2025-12-01,1,MC007,EMP0075,173,181
PR021564,2025-12-01,1,MC003,EMP0092,161,181
PR021565,2025-12-01,2,MC015,EMP0012,113,120
PR021566,2025-12-01,2,MC016,EMP0140,111,120
PR021567,2025-12-01,2,MC012,EMP0063,102,120
PR021568,2025-12-01,2,MC011,EMP0089,111,120
PR021569,2025-12-01,2,MC010,EMP0048,92,120
PR021570,2025-12-01,2,MC009,EMP0051,122,120
PR021571,2025-12-01,2,MC018,EMP0103,107,120
PR021572,2025-12-01,2,MC017,EMP0051,118,120
PR021573,2025-12-01,3,MC023,EMP0013,137,158
PR021574,2025-12-01,3,MC024,EMP0010,157,158
PR021575,2025-12-01,3,MC019,EMP0016,144,158
PR021576,2025-12-01,3,MC021,EMP0159,162,158
PR021577,2025-12-01,4,MC025,EMP0121,200,200
PR021578,2025-12-01,4,MC026,EMP0049,223,200
PR021579,2025-12-01,4,MC027,EMP0019,234,200
PR021580,2025-12-01,4,MC029,EMP0131,216,200
PR021581,2025-12-01,5,MC034,EMP0086,124,142
PR021582,2025-12-01,5,MC032,EMP0086,133,142
PR021583,2025-12-01,5,MC030,EMP0056,128,142
PR021584,2025-12-01,5,MC035,EMP0145,119,142
PR021585,2025-12-01,5,MC033,EMP0101,122,142
PR021586,2025-12-01,6,MC037,EMP0120,304,325
PR021587,2025-12-01,6,MC038,EMP0065,349,325
PR021588,2025-12-01,6,MC036,EMP0171,353,325
PR021589,2025-12-02,1,MC001,EMP0018,199,181
PR021590,2025-12-02,1,MC005,EMP0151,157,181
PR021591,2025-12-02,1,MC008,EMP0075,165,181
PR021592,2025-12-02,1,MC003,EMP0037,149,181
PR021593,2025-12-02,1,MC004,EMP0073,157,181
PR021594,2025-12-02,1,MC007,EMP0163,193,181
PR021595,2025-12-02,1,MC006,EMP0052,186,181
PR021596,2025-12-02,2,MC011,EMP0115,111,120
PR021597,2025-12-02,2,MC017,EMP0095,106,120
PR021598,2025-12-02,2,MC014,EMP0020,117,120
PR021599,2025-12-02,2,MC015,EMP0133,112,120
PR021600,2025-12-02,2,MC018,EMP0115,121,120
PR021601,2025-12-02,2,MC009,EMP0178,123,120
PR021602,2025-12-02,2,MC016,EMP0021,112,120
PR021603,2025-12-02,2,MC010,EMP0079,112,120
PR021604,2025-12-02,3,MC023,EMP0159,154,158
PR021605,2025-12-02,3,MC020,EMP0179,155,158
PR021606,2025-12-02,3,MC021,EMP0029,159,158
PR021607,2025-12-02,3,MC019,EMP0078,132,158
PR021608,2025-12-02,4,MC027,EMP0014,201,200
PR021609,2025-12-02,4,MC026,EMP0109,214,200
PR021610,2025-12-02,4,MC029,EMP0109,180,200
PR021611,2025-12-02,5,MC032,EMP0096,153,142
PR021612,2025-12-02,5,MC035,EMP0060,122,142
PR021613,2025-12-02,5,MC033,EMP0060,138,142
PR021614,2025-12-02,5,MC030,EMP0165,130,142
PR021615,2025-12-02,5,MC034,EMP0080,114,142
PR021616,2025-12-02,6,MC039,EMP0053,338,325
PR021617,2025-12-02,6,MC038,EMP0144,408,325
PR021618,2025-12-02,6,MC037,EMP0100,346,325
PR021619,2025-12-03,1,MC001,EMP0057,168,181
PR021620,2025-12-03,1,MC002,EMP0030,185,181
PR021621,2025-12-03,1,MC005,EMP0118,174,181
PR021622,2025-12-03,1,MC004,EMP0044,173,181
PR021623,2025-12-03,1,MC007,EMP0104,179,181
PR021624,2025-12-03,1,MC003,EMP0119,178,181
PR021625,2025-12-03,2,MC015,EMP0106,115,120
PR021626,2025-12-03,2,MC014,EMP0021,120,120
PR021627,2025-12-03,2,MC011,EMP0148,121,120
PR021628,2025-12-03,2,MC012,EMP0063,118,120
PR021629,2025-12-03,2,MC013,EMP0001,134,120
PR021630,2025-12-03,2,MC016,EMP0045,111,120
PR021631,2025-12-03,2,MC017,EMP0138,109,120
PR021632,2025-12-03,2,MC009,EMP0147,110,120
PR021633,2025-12-03,2,MC010,EMP0015,115,120
PR021634,2025-12-03,3,MC021,EMP0111,165,158
PR021635,2025-12-03,3,MC022,EMP0143,145,158
PR021636,2025-12-03,3,MC024,EMP0010,152,158
PR021637,2025-12-03,3,MC019,EMP0179,153,158
PR021638,2025-12-03,3,MC020,EMP0082,162,158
PR021639,2025-12-03,4,MC026,EMP0043,217,200
PR021640,2025-12-03,4,MC025,EMP0093,200,200
PR021641,2025-12-03,4,MC027,EMP0132,190,200
PR021642,2025-12-03,4,MC028,EMP0071,229,200
PR021643,2025-12-03,5,MC035,EMP0028,128,142
PR021644,2025-12-03,5,MC032,EMP0060,133,142
PR021645,2025-12-03,5,MC030,EMP0056,129,142
PR021646,2025-12-03,5,MC031,EMP0101,140,142
PR021647,2025-12-03,5,MC033,EMP0086,127,142
PR021648,2025-12-03,6,MC039,EMP0085,303,325
PR021649,2025-12-03,6,MC037,EMP0142,310,325
PR021650,2025-12-03,6,MC038,EMP0155,347,325
PR021651,2025-12-04,1,MC001,EMP0092,169,181
PR021652,2025-12-04,1,MC008,EMP0104,185,181
PR021653,2025-12-04,1,MC006,EMP0141,180,181
PR021654,2025-12-04,1,MC004,EMP0094,153,181
PR021655,2025-12-04,1,MC007,EMP0007,180,181
PR021656,2025-12-04,1,MC005,EMP0104,185,181
PR021657,2025-12-04,2,MC013,EMP0004,129,120
PR021658,2025-12-04,2,MC014,EMP0148,118,120
PR021659,2025-12-04,2,MC011,EMP0079,96,120
PR021660,2025-12-04,2,MC012,EMP0157,100,120
PR021661,2025-12-04,2,MC017,EMP0133,110,120
PR021662,2025-12-04,2,MC016,EMP0015,122,120
PR021663,2025-12-04,2,MC015,EMP0077,125,120
PR021664,2025-12-04,2,MC018,EMP0139,127,120
PR021665,2025-12-04,3,MC019,EMP0039,155,158
PR021666,2025-12-04,3,MC020,EMP0124,161,158
PR021667,2025-12-04,3,MC024,EMP0136,155,158
PR021668,2025-12-04,3,MC021,EMP0055,157,158
PR021669,2025-12-04,3,MC022,EMP0124,149,158
PR021670,2025-12-04,4,MC026,EMP0059,217,200
PR021671,2025-12-04,4,MC027,EMP0023,209,200
PR021672,2025-12-04,4,MC028,EMP0071,206,200
PR021673,2025-12-04,4,MC025,EMP0019,217,200
PR021674,2025-12-04,5,MC030,EMP0058,122,142
PR021675,2025-12-04,5,MC034,EMP0096,123,142
PR021676,2025-12-04,5,MC032,EMP0056,116,142
PR021677,2025-12-04,5,MC035,EMP0068,113,142
PR021678,2025-12-04,5,MC031,EMP0056,146,142
PR021679,2025-12-04,6,MC037,EMP0142,327,325
PR021680,2025-12-04,6,MC038,EMP0171,333,325
PR021681,2025-12-04,6,MC039,EMP0120,305,325
PR021682,2025-12-05,1,MC003,EMP0102,145,181
PR021683,2025-12-05,1,MC008,EMP0097,157,181
PR021684,2025-12-05,1,MC004,EMP0094,151,181
PR021685,2025-12-05,1,MC002,EMP0030,155,181
PR021686,2025-12-05,1,MC006,EMP0025,156,181
PR021687,2025-12-05,1,MC005,EMP0158,123,181
PR021688,2025-12-05,1,MC001,EMP0130,139,181
PR021689,2025-12-05,2,MC010,EMP0146,101,120
PR021690,2025-12-05,2,MC012,EMP0103,90,120
PR021691,2025-12-05,2,MC015,EMP0026,100,120
PR021692,2025-12-05,2,MC009,EMP0129,93,120
PR021693,2025-12-05,2,MC017,EMP0114,89,120
PR021694,2025-12-05,2,MC014,EMP0123,97,120
PR021695,2025-12-05,2,MC013,EMP0035,87,120
PR021696,2025-12-05,2,MC011,EMP0178,101,120
PR021697,2025-12-05,3,MC019,EMP0125,146,158
PR021698,2025-12-05,3,MC024,EMP0064,135,158
PR021699,2025-12-05,3,MC022,EMP0172,127,158
PR021700,2025-12-05,3,MC021,EMP0029,129,158
PR021701,2025-12-05,4,MC028,EMP0132,174,200
PR021702,2025-12-05,4,MC027,EMP0093,188,200
PR021703,2025-12-05,4,MC029,EMP0022,182,200
PR021704,2025-12-05,4,MC026,EMP0154,176,200
PR021705,2025-12-05,5,MC030,EMP0164,105,142
PR021706,2025-12-05,5,MC033,EMP0060,113,142
PR021707,2025-12-05,5,MC031,EMP0058,104,142
PR021708,2025-12-05,5,MC035,EMP0058,105,142
PR021709,2025-12-05,5,MC032,EMP0080,108,142
PR021710,2025-12-05,6,MC038,EMP0120,288,325
PR021711,2025-12-05,6,MC039,EMP0155,323,325
PR021712,2025-12-05,6,MC037,EMP0065,263,325
PR021713,2025-12-06,1,MC008,EMP0052,155,181
PR021714,2025-12-06,1,MC007,EMP0037,162,181
PR021715,2025-12-06,1,MC003,EMP0137,179,181
PR021716,2025-12-06,1,MC002,EMP0030,201,181
PR021717,2025-12-06,1,MC005,EMP0072,154,181
PR021718,2025-12-06,1,MC004,EMP0032,168,181
PR021719,2025-12-06,1,MC006,EMP0005,195,181
PR021720,2025-12-06,2,MC016,EMP0090,131,120
PR021721,2025-12-06,2,MC015,EMP0123,111,120
PR021722,2025-12-06,2,MC014,EMP0089,113,120
PR021723,2025-12-06,2,MC017,EMP0157,117,120
PR021724,2025-12-06,2,MC009,EMP0074,110,120
PR021725,2025-12-06,2,MC011,EMP0035,118,120
PR021726,2025-12-06,2,MC012,EMP0135,119,120
PR021727,2025-12-06,2,MC013,EMP0031,123,120
PR021728,2025-12-06,3,MC020,EMP0159,130,158
PR021729,2025-12-06,3,MC021,EMP0016,152,158
PR021730,2025-12-06,3,MC019,EMP0082,140,158
PR021731,2025-12-06,3,MC023,EMP0179,145,158
PR021732,2025-12-06,3,MC022,EMP0172,143,158
PR021733,2025-12-06,4,MC029,EMP0154,220,200
PR021734,2025-12-06,4,MC025,EMP0131,205,200
PR021735,2025-12-06,4,MC026,EMP0175,204,200
PR021736,2025-12-06,4,MC028,EMP0154,221,200
PR021737,2025-12-06,5,MC035,EMP0056,139,142
PR021738,2025-12-06,5,MC031,EMP0058,136,142
PR021739,2025-12-06,5,MC032,EMP0164,125,142
PR021740,2025-12-06,5,MC033,EMP0150,134,142
PR021741,2025-12-06,6,MC039,EMP0046,328,325
PR021742,2025-12-06,6,MC037,EMP0155,362,325
PR021743,2025-12-06,6,MC038,EMP0171,290,325
PR021744,2025-12-07,1,MC001,EMP0072,66,181
PR021745,2025-12-07,1,MC005,EMP0102,59,181
PR021746,2025-12-07,1,MC006,EMP0044,64,181
PR021747,2025-12-07,1,MC003,EMP0073,63,181
PR021748,2025-12-07,1,MC004,EMP0092,59,181
PR021749,2025-12-07,1,MC002,EMP0018,54,181
PR021750,2025-12-07,1,MC008,EMP0167,62,181
PR021751,2025-12-07,2,MC011,EMP0157,40,120
PR021752,2025-12-07,2,MC014,EMP0004,33,120
PR021753,2025-12-07,2,MC016,EMP0083,44,120
PR021754,2025-12-07,2,MC015,EMP0178,43,120
PR021755,2025-12-07,2,MC012,EMP0021,39,120
PR021756,2025-12-07,2,MC017,EMP0045,38,120
PR021757,2025-12-07,2,MC009,EMP0040,39,120
PR021758,2025-12-07,2,MC018,EMP0117,34,120
PR021759,2025-12-07,3,MC019,EMP0078,46,158
PR021760,2025-12-07,3,MC022,EMP0124,56,158
PR021761,2025-12-07,3,MC020,EMP0039,47,158
PR021762,2025-12-07,3,MC021,EMP0084,58,158
PR021763,2025-12-07,4,MC029,EMP0109,66,200
PR021764,2025-12-07,4,MC027,EMP0154,64,200
PR021765,2025-12-07,4,MC025,EMP0154,71,200
PR021766,2025-12-07,4,MC026,EMP0131,72,200
PR021767,2025-12-07,5,MC033,EMP0058,51,142
PR021768,2025-12-07,5,MC031,EMP0164,46,142
PR021769,2025-12-07,5,MC030,EMP0003,52,142
PR021770,2025-12-07,5,MC035,EMP0164,49,142
PR021771,2025-12-07,5,MC032,EMP0060,44,142
PR021772,2025-12-07,6,MC037,EMP0085,106,325
PR021773,2025-12-07,6,MC039,EMP0100,127,325
PR021774,2025-12-07,6,MC038,EMP0053,116,325
PR021775,2025-12-08,1,MC008,EMP0030,188,181
PR021776,2025-12-08,1,MC002,EMP0176,153,181
PR021777,2025-12-08,1,MC007,EMP0057,163,181
PR021778,2025-12-08,1,MC001,EMP0057,168,181
PR021779,2025-12-08,1,MC003,EMP0030,175,181
PR021780,2025-12-08,1,MC004,EMP0025,181,181
PR021781,2025-12-08,2,MC009,EMP0051,107,120
PR021782,2025-12-08,2,MC015,EMP0103,116,120
PR021783,2025-12-08,2,MC012,EMP0113,115,120
PR021784,2025-12-08,2,MC014,EMP0105,96,120
PR021785,2025-12-08,2,MC013,EMP0139,120,120
PR021786,2025-12-08,2,MC016,EMP0083,97,120
PR021787,2025-12-08,2,MC017,EMP0020,97,120
PR021788,2025-12-08,2,MC011,EMP0135,110,120
PR021789,2025-12-08,3,MC020,EMP0069,130,158
PR021790,2025-12-08,3,MC019,EMP0084,142,158
PR021791,2025-12-08,3,MC023,EMP0136,142,158
PR021792,2025-12-08,3,MC021,EMP0122,153,158
PR021793,2025-12-08,4,MC026,EMP0071,217,200
PR021794,2025-12-08,4,MC027,EMP0022,206,200
PR021795,2025-12-08,4,MC025,EMP0087,223,200
PR021796,2025-12-08,4,MC029,EMP0011,208,200
PR021797,2025-12-08,5,MC030,EMP0096,139,142
PR021798,2025-12-08,5,MC035,EMP0068,137,142
PR021799,2025-12-08,5,MC031,EMP0101,123,142
PR021800,2025-12-08,5,MC032,EMP0164,128,142
PR021801,2025-12-08,5,MC034,EMP0056,116,142
PR021802,2025-12-08,6,MC038,EMP0120,311,325
PR021803,2025-12-08,6,MC039,EMP0046,322,325
PR021804,2025-12-08,6,MC036,EMP0152,308,325
PR021805,2025-12-09,1,MC007,EMP0166,195,181
PR021806,2025-12-09,1,MC003,EMP0032,181,181
PR021807,2025-12-09,1,MC006,EMP0061,185,181
PR021808,2025-12-09,1,MC004,EMP0005,178,181
PR021809,2025-12-09,1,MC001,EMP0017,188,181
PR021810,2025-12-09,1,MC002,EMP0112,164,181
PR021811,2025-12-09,1,MC005,EMP0057,176,181
PR021812,2025-12-09,2,MC014,EMP0098,126,120
PR021813,2025-12-09,2,MC017,EMP0009,121,120
PR021814,2025-12-09,2,MC016,EMP0129,101,120
PR021815,2025-12-09,2,MC010,EMP0115,115,120
PR021816,2025-12-09,2,MC009,EMP0090,121,120
PR021817,2025-12-09,2,MC015,EMP0077,112,120
PR021818,2025-12-09,2,MC012,EMP0021,106,120
PR021819,2025-12-09,2,MC018,EMP0133,111,120
PR021820,2025-12-09,2,MC013,EMP0031,102,120
PR021821,2025-12-09,3,MC019,EMP0179,150,158
PR021822,2025-12-09,3,MC024,EMP0134,144,158
PR021823,2025-12-09,3,MC021,EMP0125,166,158
PR021824,2025-12-09,3,MC020,EMP0029,149,158
PR021825,2025-12-09,4,MC028,EMP0132,189,200
PR021826,2025-12-09,4,MC029,EMP0175,226,200
PR021827,2025-12-09,4,MC025,EMP0019,186,200
PR021828,2025-12-09,5,MC032,EMP0096,138,142
PR021829,2025-12-09,5,MC033,EMP0003,145,142
PR021830,2025-12-09,5,MC034,EMP0028,144,142
PR021831,2025-12-09,5,MC030,EMP0150,127,142
PR021832,2025-12-09,5,MC035,EMP0003,109,142
PR021833,2025-12-09,6,MC037,EMP0155,308,325
PR021834,2025-12-09,6,MC036,EMP0053,360,325
PR021835,2025-12-09,6,MC039,EMP0053,330,325
PR021836,2025-12-10,1,MC008,EMP0030,168,181
PR021837,2025-12-10,1,MC003,EMP0037,148,181
PR021838,2025-12-10,1,MC002,EMP0038,165,181
PR021839,2025-12-10,1,MC005,EMP0162,162,181
PR021840,2025-12-10,1,MC006,EMP0158,207,181
PR021841,2025-12-10,1,MC001,EMP0005,167,181
PR021842,2025-12-10,1,MC007,EMP0057,157,181
PR021843,2025-12-10,2,MC011,EMP0083,110,120
PR021844,2025-12-10,2,MC015,EMP0116,112,120
PR021845,2025-12-10,2,MC014,EMP0116,129,120
PR021846,2025-12-10,2,MC013,EMP0081,135,120
PR021847,2025-12-10,2,MC018,EMP0169,112,120
PR021848,2025-12-10,2,MC010,EMP0051,114,120
PR021849,2025-12-10,2,MC009,EMP0123,111,120
PR021850,2025-12-10,2,MC016,EMP0089,108,120
PR021851,2025-12-10,3,MC021,EMP0069,123,158
PR021852,2025-12-10,3,MC022,EMP0172,132,158
PR021853,2025-12-10,3,MC019,EMP0006,146,158
PR021854,2025-12-10,3,MC020,EMP0159,137,158
PR021855,2025-12-10,4,MC027,EMP0050,191,200
PR021856,2025-12-10,4,MC025,EMP0002,223,200
PR021857,2025-12-10,4,MC026,EMP0156,237,200
PR021858,2025-12-10,4,MC028,EMP0093,229,200
PR021859,2025-12-10,5,MC035,EMP0096,127,142
PR021860,2025-12-10,5,MC031,EMP0150,131,142
PR021861,2025-12-10,5,MC034,EMP0028,130,142
PR021862,2025-12-10,5,MC032,EMP0080,120,142
PR021863,2025-12-10,5,MC030,EMP0164,125,142
PR021864,2025-12-10,6,MC036,EMP0120,371,325
PR021865,2025-12-10,6,MC037,EMP0065,309,325
PR021866,2025-12-10,6,MC038,EMP0065,333,325
PR021867,2025-12-11,1,MC001,EMP0158,158,181
PR021868,2025-12-11,1,MC002,EMP0112,169,181
PR021869,2025-12-11,1,MC004,EMP0097,161,181
PR021870,2025-12-11,1,MC008,EMP0177,193,181
PR021871,2025-12-11,1,MC003,EMP0137,170,181
PR021872,2025-12-11,1,MC006,EMP0162,165,181
PR021873,2025-12-11,1,MC007,EMP0094,194,181
PR021874,2025-12-11,2,MC017,EMP0089,99,120
PR021875,2025-12-11,2,MC014,EMP0113,132,120
PR021876,2025-12-11,2,MC012,EMP0036,107,120
PR021877,2025-12-11,2,MC013,EMP0021,126,120
PR021878,2025-12-11,2,MC010,EMP0074,120,120
PR021879,2025-12-11,2,MC009,EMP0076,109,120
PR021880,2025-12-11,2,MC011,EMP0106,111,120
PR021881,2025-12-11,2,MC016,EMP0020,127,120
PR021882,2025-12-11,2,MC015,EMP0070,109,120
PR021883,2025-12-11,3,MC021,EMP0055,151,158
PR021884,2025-12-11,3,MC019,EMP0084,129,158
PR021885,2025-12-11,3,MC023,EMP0159,161,158
PR021886,2025-12-11,3,MC022,EMP0122,149,158
PR021887,2025-12-11,3,MC024,EMP0013,151,158
PR021888,2025-12-11,4,MC025,EMP0087,208,200
PR021889,2025-12-11,4,MC027,EMP0049,203,200
PR021890,2025-12-11,4,MC028,EMP0093,224,200
PR021891,2025-12-11,4,MC029,EMP0131,229,200
PR021892,2025-12-11,5,MC032,EMP0028,131,142
PR021893,2025-12-11,5,MC031,EMP0028,130,142
PR021894,2025-12-11,5,MC034,EMP0028,118,142
PR021895,2025-12-11,5,MC033,EMP0060,121,142
PR021896,2025-12-11,6,MC038,EMP0100,302,325
PR021897,2025-12-11,6,MC037,EMP0155,317,325
PR021898,2025-12-11,6,MC036,EMP0171,344,325
PR021899,2025-12-12,1,MC008,EMP0066,146,181
PR021900,2025-12-12,1,MC004,EMP0141,131,181
PR021901,2025-12-12,1,MC002,EMP0104,171,181
PR021902,2025-12-12,1,MC001,EMP0166,156,181
PR021903,2025-12-12,1,MC005,EMP0162,123,181
PR021904,2025-12-12,1,MC003,EMP0075,155,181
PR021905,2025-12-12,1,MC006,EMP0177,144,181
PR021906,2025-12-12,2,MC011,EMP0077,100,120
PR021907,2025-12-12,2,MC014,EMP0106,103,120
PR021908,2025-12-12,2,MC018,EMP0035,104,120
PR021909,2025-12-12,2,MC015,EMP0116,98,120
PR021910,2025-12-12,2,MC016,EMP0146,102,120
PR021911,2025-12-12,2,MC013,EMP0027,100,120
PR021912,2025-12-12,2,MC010,EMP0135,99,120
PR021913,2025-12-12,2,MC012,EMP0140,104,120
PR021914,2025-12-12,3,MC020,EMP0136,145,158
PR021915,2025-12-12,3,MC022,EMP0029,111,158
PR021916,2025-12-12,3,MC024,EMP0099,139,158
PR021917,2025-12-12,3,MC021,EMP0010,117,158
PR021918,2025-12-12,3,MC019,EMP0159,130,158
PR021919,2025-12-12,4,MC028,EMP0156,190,200
PR021920,2025-12-12,4,MC026,EMP0087,178,200
PR021921,2025-12-12,4,MC025,EMP0043,187,200
PR021922,2025-12-12,4,MC027,EMP0131,177,200
PR021923,2025-12-12,5,MC032,EMP0150,111,142
PR021924,2025-12-12,5,MC031,EMP0164,116,142
PR021925,2025-12-12,5,MC033,EMP0164,121,142
PR021926,2025-12-12,5,MC034,EMP0164,115,142
PR021927,2025-12-12,5,MC030,EMP0068,118,142
PR021928,2025-12-12,6,MC039,EMP0152,273,325
PR021929,2025-12-12,6,MC036,EMP0046,292,325
PR021930,2025-12-12,6,MC037,EMP0053,230,325
PR021931,2025-12-13,1,MC006,EMP0167,154,181
PR021932,2025-12-13,1,MC005,EMP0030,190,181
PR021933,2025-12-13,1,MC007,EMP0038,194,181
PR021934,2025-12-13,1,MC003,EMP0052,170,181
PR021935,2025-12-13,1,MC001,EMP0118,179,181
PR021936,2025-12-13,1,MC008,EMP0160,159,181
PR021937,2025-12-13,1,MC002,EMP0107,177,181
PR021938,2025-12-13,2,MC017,EMP0015,115,120
PR021939,2025-12-13,2,MC016,EMP0040,121,120
PR021940,2025-12-13,2,MC013,EMP0128,112,120
PR021941,2025-12-13,2,MC009,EMP0129,113,120
PR021942,2025-12-13,2,MC010,EMP0031,126,120
PR021943,2025-12-13,2,MC018,EMP0004,111,120
PR021944,2025-12-13,2,MC011,EMP0128,112,120
PR021945,2025-12-13,3,MC023,EMP0111,150,158
PR021946,2025-12-13,3,MC022,EMP0122,137,158
PR021947,2025-12-13,3,MC024,EMP0029,153,158
PR021948,2025-12-13,3,MC020,EMP0136,155,158
PR021949,2025-12-13,3,MC019,EMP0179,148,158
PR021950,2025-12-13,4,MC027,EMP0011,205,200
PR021951,2025-12-13,4,MC025,EMP0071,215,200
PR021952,2025-12-13,4,MC028,EMP0174,213,200
PR021953,2025-12-13,4,MC026,EMP0121,203,200
PR021954,2025-12-13,5,MC030,EMP0145,129,142
PR021955,2025-12-13,5,MC032,EMP0058,127,142
PR021956,2025-12-13,5,MC034,EMP0058,133,142
PR021957,2025-12-13,5,MC033,EMP0096,152,142
PR021958,2025-12-13,6,MC037,EMP0053,345,325
PR021959,2025-12-13,6,MC038,EMP0171,310,325
PR021960,2025-12-13,6,MC036,EMP0144,330,325
PR021961,2025-12-14,1,MC006,EMP0092,71,181
PR021962,2025-12-14,1,MC005,EMP0161,64,181
PR021963,2025-12-14,1,MC004,EMP0097,70,181
PR021964,2025-12-14,1,MC008,EMP0118,59,181
PR021965,2025-12-14,1,MC007,EMP0130,54,181
PR021966,2025-12-14,1,MC001,EMP0162,62,181
PR021967,2025-12-14,1,MC002,EMP0158,58,181
PR021968,2025-12-14,2,MC016,EMP0031,40,120
PR021969,2025-12-14,2,MC009,EMP0173,39,120
PR021970,2025-12-14,2,MC017,EMP0138,42,120
PR021971,2025-12-14,2,MC018,EMP0079,43,120
PR021972,2025-12-14,2,MC010,EMP0031,45,120
PR021973,2025-12-14,2,MC012,EMP0012,38,120
PR021974,2025-12-14,2,MC011,EMP0117,42,120
PR021975,2025-12-14,2,MC015,EMP0115,36,120
PR021976,2025-12-14,2,MC013,EMP0040,46,120
PR021977,2025-12-14,3,MC022,EMP0180,46,158
PR021978,2025-12-14,3,MC020,EMP0159,55,158
PR021979,2025-12-14,3,MC019,EMP0143,51,158
PR021980,2025-12-14,3,MC024,EMP0136,50,158
PR021981,2025-12-14,3,MC021,EMP0124,53,158
PR021982,2025-12-14,4,MC027,EMP0043,71,200
PR021983,2025-12-14,4,MC025,EMP0014,67,200
PR021984,2025-12-14,4,MC026,EMP0132,74,200
PR021985,2025-12-14,5,MC035,EMP0150,44,142
PR021986,2025-12-14,5,MC033,EMP0003,46,142
PR021987,2025-12-14,5,MC030,EMP0056,43,142
PR021988,2025-12-14,5,MC034,EMP0003,43,142
PR021989,2025-12-14,5,MC031,EMP0145,51,142
PR021990,2025-12-14,6,MC037,EMP0085,95,325
PR021991,2025-12-14,6,MC038,EMP0171,120,325
PR021992,2025-12-14,6,MC039,EMP0065,124,325
PR021993,2025-12-15,1,MC007,EMP0088,171,181
PR021994,2025-12-15,1,MC003,EMP0008,180,181
PR021995,2025-12-15,1,MC001,EMP0025,156,181
PR021996,2025-12-15,1,MC008,EMP0061,164,181
PR021997,2025-12-15,1,MC002,EMP0091,174,181
PR021998,2025-12-15,1,MC006,EMP0017,183,181
PR021999,2025-12-15,1,MC004,EMP0025,203,181
PR022000,2025-12-15,2,MC009,EMP0009,124,120
PR022001,2025-12-15,2,MC018,EMP0105,115,120
PR022002,2025-12-15,2,MC013,EMP0036,113,120
PR022003,2025-12-15,2,MC010,EMP0105,120,120
PR022004,2025-12-15,2,MC012,EMP0133,111,120
PR022005,2025-12-15,2,MC011,EMP0138,126,120
PR022006,2025-12-15,2,MC017,EMP0128,108,120
PR022007,2025-12-15,3,MC020,EMP0172,137,158
PR022008,2025-12-15,3,MC024,EMP0136,140,158
PR022009,2025-12-15,3,MC022,EMP0179,127,158
PR022010,2025-12-15,3,MC019,EMP0064,145,158
PR022011,2025-12-15,3,MC021,EMP0034,140,158
PR022012,2025-12-15,4,MC029,EMP0062,201,200
PR022013,2025-12-15,4,MC026,EMP0059,211,200
PR022014,2025-12-15,4,MC028,EMP0019,195,200
PR022015,2025-12-15,4,MC027,EMP0174,201,200
PR022016,2025-12-15,5,MC032,EMP0058,126,142
PR022017,2025-12-15,5,MC035,EMP0028,128,142
PR022018,2025-12-15,5,MC030,EMP0086,101,142
PR022019,2025-12-15,5,MC034,EMP0145,145,142
PR022020,2025-12-15,5,MC033,EMP0165,112,142
PR022021,2025-12-15,6,MC036,EMP0152,329,325
PR022022,2025-12-15,6,MC037,EMP0152,319,325
PR022023,2025-12-15,6,MC038,EMP0152,350,325
PR022024,2025-12-16,1,MC004,EMP0137,176,181
PR022025,2025-12-16,1,MC005,EMP0030,168,181
PR022026,2025-12-16,1,MC002,EMP0030,201,181
PR022027,2025-12-16,1,MC001,EMP0168,163,181
PR022028,2025-12-16,1,MC006,EMP0091,171,181
PR022029,2025-12-16,1,MC003,EMP0007,172,181
PR022030,2025-12-16,2,MC011,EMP0115,117,120
PR022031,2025-12-16,2,MC009,EMP0139,115,120
PR022032,2025-12-16,2,MC010,EMP0103,111,120
PR022033,2025-12-16,2,MC012,EMP0027,99,120
PR022034,2025-12-16,2,MC014,EMP0146,119,120
PR022035,2025-12-16,2,MC016,EMP0035,111,120
PR022036,2025-12-16,2,MC013,EMP0115,117,120
PR022037,2025-12-16,3,MC020,EMP0134,150,158
PR022038,2025-12-16,3,MC021,EMP0069,154,158
PR022039,2025-12-16,3,MC024,EMP0078,154,158
PR022040,2025-12-16,3,MC023,EMP0143,136,158
PR022041,2025-12-16,3,MC022,EMP0111,150,158
PR022042,2025-12-16,4,MC028,EMP0153,228,200
PR022043,2025-12-16,4,MC025,EMP0175,220,200
PR022044,2025-12-16,4,MC026,EMP0156,175,200
PR022045,2025-12-16,4,MC029,EMP0049,198,200
PR022046,2025-12-16,5,MC031,EMP0060,140,142
PR022047,2025-12-16,5,MC033,EMP0101,137,142
PR022048,2025-12-16,5,MC035,EMP0150,142,142
PR022049,2025-12-16,5,MC030,EMP0165,130,142
PR022050,2025-12-16,5,MC034,EMP0056,146,142
PR022051,2025-12-16,6,MC036,EMP0142,296,325
PR022052,2025-12-16,6,MC038,EMP0171,319,325
PR022053,2025-12-16,6,MC039,EMP0152,325,325
PR022054,2025-12-17,1,MC005,EMP0057,166,181
PR022055,2025-12-17,1,MC008,EMP0037,162,181
PR022056,2025-12-17,1,MC004,EMP0017,177,181
PR022057,2025-12-17,1,MC006,EMP0176,171,181
PR022058,2025-12-17,1,MC003,EMP0057,159,181
PR022059,2025-12-17,1,MC007,EMP0092,187,181
PR022060,2025-12-17,1,MC002,EMP0176,181,181
PR022061,2025-12-17,2,MC014,EMP0042,110,120
PR022062,2025-12-17,2,MC010,EMP0004,102,120
PR022063,2025-12-17,2,MC015,EMP0001,131,120
PR022064,2025-12-17,2,MC011,EMP0095,113,120
PR022065,2025-12-17,2,MC017,EMP0024,103,120
PR022066,2025-12-17,2,MC013,EMP0015,116,120
PR022067,2025-12-17,2,MC009,EMP0001,131,120
PR022068,2025-12-17,2,MC018,EMP0070,138,120
PR022069,2025-12-17,2,MC016,EMP0098,116,120
PR022070,2025-12-17,3,MC020,EMP0179,166,158
PR022071,2025-12-17,3,MC019,EMP0013,158,158
PR022072,2025-12-17,3,MC024,EMP0069,164,158
PR022073,2025-12-17,3,MC021,EMP0111,158,158
PR022074,2025-12-17,3,MC023,EMP0125,166,158
PR022075,2025-12-17,4,MC028,EMP0156,217,200
PR022076,2025-12-17,4,MC026,EMP0153,228,200
PR022077,2025-12-17,4,MC029,EMP0154,196,200
PR022078,2025-12-17,5,MC031,EMP0080,133,142
PR022079,2025-12-17,5,MC035,EMP0068,139,142
PR022080,2025-12-17,5,MC033,EMP0028,116,142
PR022081,2025-12-17,5,MC032,EMP0145,146,142
PR022082,2025-12-17,5,MC030,EMP0060,149,142
PR022083,2025-12-17,6,MC036,EMP0046,318,325
PR022084,2025-12-17,6,MC038,EMP0046,327,325
PR022085,2025-12-17,6,MC039,EMP0053,293,325
PR022086,2025-12-18,1,MC007,EMP0025,177,181
PR022087,2025-12-18,1,MC008,EMP0030,202,181
PR022088,2025-12-18,1,MC006,EMP0102,188,181
PR022089,2025-12-18,1,MC005,EMP0005,163,181
PR022090,2025-12-18,1,MC002,EMP0141,175,181
PR022091,2025-12-18,1,MC004,EMP0107,160,181
PR022092,2025-12-18,2,MC016,EMP0116,117,120
PR022093,2025-12-18,2,MC018,EMP0036,116,120
PR022094,2025-12-18,2,MC012,EMP0051,113,120
PR022095,2025-12-18,2,MC010,EMP0133,131,120
PR022096,2025-12-18,2,MC015,EMP0076,103,120
PR022097,2025-12-18,2,MC014,EMP0001,113,120
PR022098,2025-12-18,2,MC011,EMP0178,109,120
PR022099,2025-12-18,2,MC013,EMP0083,112,120
PR022100,2025-12-18,2,MC009,EMP0042,132,120
PR022101,2025-12-18,3,MC024,EMP0034,127,158
PR022102,2025-12-18,3,MC022,EMP0010,128,158
PR022103,2025-12-18,3,MC019,EMP0136,138,158
PR022104,2025-12-18,3,MC021,EMP0069,153,158
PR022105,2025-12-18,3,MC023,EMP0111,144,158
PR022106,2025-12-18,4,MC028,EMP0131,251,200
PR022107,2025-12-18,4,MC027,EMP0108,208,200
PR022108,2025-12-18,4,MC025,EMP0050,217,200
PR022109,2025-12-18,4,MC029,EMP0175,243,200
PR022110,2025-12-18,5,MC033,EMP0060,131,142
PR022111,2025-12-18,5,MC031,EMP0086,141,142
PR022112,2025-12-18,5,MC035,EMP0060,124,142
PR022113,2025-12-18,5,MC030,EMP0056,147,142
PR022114,2025-12-18,6,MC038,EMP0046,272,325
PR022115,2025-12-18,6,MC037,EMP0053,290,325
PR022116,2025-12-18,6,MC036,EMP0120,314,325
PR022117,2025-12-19,1,MC004,EMP0091,145,181
PR022118,2025-12-19,1,MC003,EMP0158,152,181
PR022119,2025-12-19,1,MC002,EMP0073,144,181
PR022120,2025-12-19,1,MC005,EMP0072,166,181
PR022121,2025-12-19,1,MC007,EMP0025,144,181
PR022122,2025-12-19,1,MC001,EMP0151,130,181
PR022123,2025-12-19,1,MC006,EMP0038,138,181
PR022124,2025-12-19,2,MC010,EMP0083,90,120
PR022125,2025-12-19,2,MC015,EMP0106,106,120
PR022126,2025-12-19,2,MC013,EMP0089,99,120
PR022127,2025-12-19,2,MC016,EMP0067,97,120
PR022128,2025-12-19,2,MC012,EMP0077,91,120
PR022129,2025-12-19,2,MC017,EMP0133,99,120
PR022130,2025-12-19,2,MC009,EMP0116,114,120
PR022131,2025-12-19,2,MC014,EMP0015,91,120
PR022132,2025-12-19,2,MC011,EMP0070,98,120
PR022133,2025-12-19,3,MC023,EMP0136,129,158
PR022134,2025-12-19,3,MC020,EMP0143,113,158
PR022135,2025-12-19,3,MC022,EMP0033,131,158
PR022136,2025-12-19,3,MC021,EMP0111,106,158
PR022137,2025-12-19,3,MC024,EMP0124,123,158
PR022138,2025-12-19,4,MC027,EMP0175,171,200
PR022139,2025-12-19,4,MC029,EMP0093,170,200
PR022140,2025-12-19,4,MC026,EMP0011,184,200
PR022141,2025-12-19,4,MC028,EMP0019,181,200
PR022142,2025-12-19,5,MC034,EMP0060,118,142
PR022143,2025-12-19,5,MC032,EMP0164,110,142
PR022144,2025-12-19,5,MC035,EMP0086,115,142
PR022145,2025-12-19,5,MC030,EMP0101,121,142
PR022146,2025-12-19,5,MC031,EMP0150,109,142
PR022147,2025-12-19,6,MC037,EMP0046,286,325
PR022148,2025-12-19,6,MC038,EMP0144,284,325
PR022149,2025-12-19,6,MC036,EMP0144,283,325
PR022150,2025-12-20,1,MC005,EMP0097,168,181
PR022151,2025-12-20,1,MC006,EMP0066,156,181
PR022152,2025-12-20,1,MC003,EMP0054,163,181
PR022153,2025-12-20,1,MC004,EMP0007,164,181
PR022154,2025-12-20,1,MC001,EMP0032,176,181
PR022155,2025-12-20,1,MC008,EMP0130,172,181
PR022156,2025-12-20,1,MC007,EMP0075,175,181
PR022157,2025-12-20,2,MC015,EMP0128,115,120
PR022158,2025-12-20,2,MC016,EMP0015,119,120
PR022159,2025-12-20,2,MC018,EMP0004,115,120
PR022160,2025-12-20,2,MC013,EMP0098,112,120
PR022161,2025-12-20,2,MC010,EMP0140,110,120
PR022162,2025-12-20,2,MC009,EMP0148,115,120
PR022163,2025-12-20,2,MC012,EMP0040,102,120
PR022164,2025-12-20,2,MC014,EMP0148,114,120
PR022165,2025-12-20,3,MC022,EMP0159,154,158
PR022166,2025-12-20,3,MC019,EMP0006,179,158
PR022167,2025-12-20,3,MC021,EMP0180,160,158
PR022168,2025-12-20,3,MC024,EMP0039,118,158
PR022169,2025-12-20,3,MC023,EMP0180,170,158
PR022170,2025-12-20,4,MC027,EMP0011,206,200
PR022171,2025-12-20,4,MC026,EMP0043,204,200
PR022172,2025-12-20,4,MC025,EMP0050,225,200
PR022173,2025-12-20,4,MC028,EMP0019,192,200
PR022174,2025-12-20,5,MC032,EMP0145,144,142
PR022175,2025-12-20,5,MC035,EMP0145,123,142
PR022176,2025-12-20,5,MC031,EMP0164,144,142
PR022177,2025-12-20,5,MC033,EMP0003,112,142
PR022178,2025-12-20,5,MC034,EMP0056,144,142
PR022179,2025-12-20,6,MC036,EMP0120,326,325
PR022180,2025-12-20,6,MC039,EMP0065,360,325
PR022181,2025-12-20,6,MC037,EMP0085,356,325
PR022182,2025-12-21,1,MC005,EMP0119,65,181
PR022183,2025-12-21,1,MC008,EMP0008,58,181
PR022184,2025-12-21,1,MC002,EMP0163,70,181
PR022185,2025-12-21,1,MC006,EMP0091,62,181
PR022186,2025-12-21,1,MC004,EMP0008,64,181
PR022187,2025-12-21,1,MC003,EMP0119,54,181
PR022188,2025-12-21,1,MC007,EMP0008,58,181
PR022189,2025-12-21,2,MC018,EMP0098,40,120
PR022190,2025-12-21,2,MC017,EMP0041,42,120
PR022191,2025-12-21,2,MC014,EMP0090,39,120
PR022192,2025-12-21,2,MC013,EMP0040,34,120
PR022193,2025-12-21,2,MC016,EMP0147,38,120
PR022194,2025-12-21,2,MC015,EMP0004,43,120
PR022195,2025-12-21,2,MC011,EMP0129,38,120
PR022196,2025-12-21,2,MC009,EMP0147,42,120
PR022197,2025-12-21,3,MC019,EMP0134,51,158
PR022198,2025-12-21,3,MC023,EMP0069,50,158
PR022199,2025-12-21,3,MC024,EMP0010,50,158
PR022200,2025-12-21,3,MC021,EMP0016,43,158
PR022201,2025-12-21,3,MC020,EMP0179,57,158
PR022202,2025-12-21,4,MC025,EMP0049,69,200
PR022203,2025-12-21,4,MC028,EMP0153,72,200
PR022204,2025-12-21,4,MC027,EMP0109,76,200
PR022205,2025-12-21,4,MC029,EMP0121,70,200
PR022206,2025-12-21,5,MC035,EMP0028,50,142
PR022207,2025-12-21,5,MC034,EMP0145,46,142
PR022208,2025-12-21,5,MC032,EMP0068,47,142
PR022209,2025-12-21,5,MC031,EMP0056,48,142
PR022210,2025-12-21,6,MC039,EMP0142,124,325
PR022211,2025-12-21,6,MC037,EMP0085,103,325
PR022212,2025-12-21,6,MC036,EMP0100,110,325
PR022213,2025-12-22,1,MC004,EMP0166,167,181
PR022214,2025-12-22,1,MC001,EMP0137,178,181
PR022215,2025-12-22,1,MC008,EMP0107,175,181
PR022216,2025-12-22,1,MC002,EMP0112,180,181
PR022217,2025-12-22,1,MC005,EMP0007,191,181
PR022218,2025-12-22,1,MC003,EMP0177,178,181
PR022219,2025-12-22,1,MC006,EMP0075,200,181
PR022220,2025-12-22,2,MC011,EMP0123,110,120
PR022221,2025-12-22,2,MC015,EMP0117,108,120
PR022222,2025-12-22,2,MC014,EMP0129,108,120
PR022223,2025-12-22,2,MC010,EMP0138,104,120
PR022224,2025-12-22,2,MC009,EMP0020,118,120
PR022225,2025-12-22,2,MC016,EMP0041,111,120
PR022226,2025-12-22,2,MC013,EMP0074,131,120
PR022227,2025-12-22,2,MC017,EMP0036,118,120
PR022228,2025-12-22,3,MC023,EMP0029,140,158
PR022229,2025-12-22,3,MC024,EMP0159,148,158
PR022230,2025-12-22,3,MC022,EMP0125,146,158
PR022231,2025-12-22,3,MC020,EMP0082,157,158
PR022232,2025-12-22,3,MC019,EMP0124,155,158
PR022233,2025-12-22,4,MC027,EMP0023,210,200
PR022234,2025-12-22,4,MC028,EMP0022,211,200
PR022235,2025-12-22,4,MC025,EMP0049,231,200
PR022236,2025-12-22,4,MC029,EMP0093,199,200
PR022237,2025-12-22,5,MC034,EMP0068,122,142
PR022238,2025-12-22,5,MC032,EMP0096,118,142
PR022239,2025-12-22,5,MC030,EMP0165,124,142
PR022240,2025-12-22,5,MC035,EMP0145,136,142
PR022241,2025-12-22,6,MC038,EMP0152,335,325
PR022242,2025-12-22,6,MC039,EMP0053,358,325
PR022243,2025-12-22,6,MC037,EMP0120,374,325
PR022244,2025-12-23,1,MC007,EMP0160,166,181
PR022245,2025-12-23,1,MC001,EMP0052,193,181
PR022246,2025-12-23,1,MC006,EMP0137,183,181
PR022247,2025-12-23,1,MC008,EMP0137,178,181
PR022248,2025-12-23,1,MC003,EMP0177,173,181
PR022249,2025-12-23,1,MC002,EMP0126,192,181
PR022250,2025-12-23,2,MC015,EMP0041,114,120
PR022251,2025-12-23,2,MC014,EMP0051,120,120
PR022252,2025-12-23,2,MC013,EMP0045,133,120
PR022253,2025-12-23,2,MC018,EMP0178,103,120
PR022254,2025-12-23,2,MC010,EMP0116,131,120
PR022255,2025-12-23,2,MC016,EMP0148,113,120
PR022256,2025-12-23,2,MC011,EMP0027,120,120
PR022257,2025-12-23,2,MC017,EMP0146,120,120
PR022258,2025-12-23,2,MC009,EMP0146,130,120
PR022259,2025-12-23,3,MC023,EMP0111,155,158
PR022260,2025-12-23,3,MC019,EMP0013,149,158
PR022261,2025-12-23,3,MC022,EMP0039,156,158
PR022262,2025-12-23,3,MC021,EMP0013,151,158
PR022263,2025-12-23,4,MC027,EMP0132,169,200
PR022264,2025-12-23,4,MC029,EMP0087,243,200
PR022265,2025-12-23,4,MC026,EMP0011,201,200
PR022266,2025-12-23,4,MC028,EMP0002,213,200
PR022267,2025-12-23,5,MC031,EMP0060,137,142
PR022268,2025-12-23,5,MC035,EMP0028,116,142
PR022269,2025-12-23,5,MC033,EMP0056,141,142
PR022270,2025-12-23,5,MC034,EMP0164,140,142
PR022271,2025-12-23,5,MC032,EMP0101,149,142
PR022272,2025-12-23,6,MC037,EMP0152,329,325
PR022273,2025-12-23,6,MC036,EMP0053,356,325
PR022274,2025-12-23,6,MC039,EMP0065,306,325
PR022275,2025-12-24,1,MC001,EMP0107,160,181
PR022276,2025-12-24,1,MC006,EMP0091,163,181
PR022277,2025-12-24,1,MC005,EMP0163,167,181
PR022278,2025-12-24,1,MC007,EMP0141,177,181
PR022279,2025-12-24,1,MC004,EMP0163,174,181
PR022280,2025-12-24,1,MC008,EMP0073,173,181
PR022281,2025-12-24,2,MC015,EMP0035,119,120
PR022282,2025-12-24,2,MC014,EMP0149,119,120
PR022283,2025-12-24,2,MC012,EMP0148,109,120
PR022284,2025-12-24,2,MC013,EMP0148,108,120
PR022285,2025-12-24,2,MC018,EMP0004,113,120
PR022286,2025-12-24,2,MC010,EMP0079,113,120
PR022287,2025-12-24,2,MC009,EMP0031,116,120
PR022288,2025-12-24,2,MC017,EMP0001,126,120
PR022289,2025-12-24,3,MC021,EMP0006,157,158
PR022290,2025-12-24,3,MC023,EMP0006,146,158
PR022291,2025-12-24,3,MC022,EMP0099,140,158
PR022292,2025-12-24,3,MC019,EMP0010,161,158
PR022293,2025-12-24,4,MC027,EMP0093,196,200
PR022294,2025-12-24,4,MC028,EMP0174,193,200
PR022295,2025-12-24,4,MC029,EMP0132,211,200
PR022296,2025-12-24,4,MC025,EMP0014,224,200
PR022297,2025-12-24,5,MC034,EMP0060,130,142
PR022298,2025-12-24,5,MC033,EMP0028,124,142
PR022299,2025-12-24,5,MC035,EMP0060,124,142
PR022300,2025-12-24,5,MC032,EMP0028,141,142
PR022301,2025-12-24,6,MC039,EMP0120,345,325
PR022302,2025-12-24,6,MC036,EMP0065,308,325
PR022303,2025-12-24,6,MC037,EMP0100,324,325
PR022304,2025-12-25,1,MC006,EMP0091,195,181
PR022305,2025-12-25,1,MC001,EMP0162,157,181
PR022306,2025-12-25,1,MC007,EMP0092,162,181
PR022307,2025-12-25,1,MC008,EMP0038,169,181
PR022308,2025-12-25,1,MC004,EMP0088,190,181
PR022309,2025-12-25,1,MC005,EMP0094,195,181
PR022310,2025-12-25,2,MC009,EMP0083,111,120
PR022311,2025-12-25,2,MC017,EMP0147,114,120
PR022312,2025-12-25,2,MC012,EMP0021,112,120
PR022313,2025-12-25,2,MC013,EMP0098,117,120
PR022314,2025-12-25,2,MC010,EMP0077,134,120
PR022315,2025-12-25,2,MC014,EMP0041,128,120
PR022316,2025-12-25,2,MC015,EMP0076,126,120
PR022317,2025-12-25,2,MC011,EMP0115,108,120
PR022318,2025-12-25,3,MC023,EMP0069,154,158
PR022319,2025-12-25,3,MC021,EMP0134,183,158
PR022320,2025-12-25,3,MC019,EMP0124,146,158
PR022321,2025-12-25,3,MC020,EMP0111,137,158
PR022322,2025-12-25,4,MC029,EMP0093,222,200
PR022323,2025-12-25,4,MC027,EMP0014,183,200
PR022324,2025-12-25,4,MC026,EMP0127,208,200
PR022325,2025-12-25,4,MC025,EMP0059,227,200
PR022326,2025-12-25,5,MC035,EMP0056,140,142
PR022327,2025-12-25,5,MC033,EMP0003,145,142
PR022328,2025-12-25,5,MC032,EMP0058,134,142
PR022329,2025-12-25,5,MC031,EMP0086,126,142
PR022330,2025-12-25,6,MC039,EMP0085,317,325
PR022331,2025-12-25,6,MC038,EMP0142,355,325
PR022332,2025-12-25,6,MC036,EMP0053,404,325
PR022333,2025-12-26,1,MC008,EMP0032,164,181
PR022334,2025-12-26,1,MC005,EMP0025,133,181
PR022335,2025-12-26,1,MC004,EMP0037,148,181
PR022336,2025-12-26,1,MC002,EMP0092,151,181
PR022337,2025-12-26,1,MC001,EMP0037,144,181
PR022338,2025-12-26,1,MC003,EMP0094,161,181
PR022339,2025-12-26,2,MC010,EMP0067,100,120
PR022340,2025-12-26,2,MC011,EMP0001,95,120
PR022341,2025-12-26,2,MC015,EMP0004,93,120
PR022342,2025-12-26,2,MC016,EMP0115,93,120
PR022343,2025-12-26,2,MC009,EMP0076,98,120
PR022344,2025-12-26,2,MC017,EMP0105,98,120
PR022345,2025-12-26,2,MC014,EMP0170,99,120
PR022346,2025-12-26,2,MC012,EMP0173,94,120
PR022347,2025-12-26,3,MC021,EMP0039,121,158
PR022348,2025-12-26,3,MC019,EMP0159,133,158
PR022349,2025-12-26,3,MC022,EMP0122,122,158
PR022350,2025-12-26,3,MC023,EMP0033,117,158
PR022351,2025-12-26,4,MC025,EMP0154,184,200
PR022352,2025-12-26,4,MC027,EMP0093,162,200
PR022353,2025-12-26,4,MC026,EMP0175,186,200
PR022354,2025-12-26,4,MC029,EMP0156,171,200
PR022355,2025-12-26,5,MC031,EMP0165,127,142
PR022356,2025-12-26,5,MC032,EMP0056,111,142
PR022357,2025-12-26,5,MC033,EMP0101,121,142
PR022358,2025-12-26,5,MC035,EMP0056,110,142
PR022359,2025-12-26,5,MC030,EMP0150,129,142
PR022360,2025-12-26,6,MC039,EMP0046,269,325
PR022361,2025-12-26,6,MC038,EMP0085,281,325
PR022362,2025-12-26,6,MC036,EMP0046,247,325
PR022363,2025-12-27,1,MC002,EMP0141,181,181
PR022364,2025-12-27,1,MC001,EMP0061,180,181
PR022365,2025-12-27,1,MC008,EMP0141,158,181
PR022366,2025-12-27,1,MC003,EMP0094,203,181
PR022367,2025-12-27,1,MC005,EMP0130,176,181
PR022368,2025-12-27,1,MC006,EMP0066,168,181
PR022369,2025-12-27,2,MC015,EMP0178,120,120
PR022370,2025-12-27,2,MC014,EMP0067,108,120
PR022371,2025-12-27,2,MC010,EMP0147,108,120
PR022372,2025-12-27,2,MC016,EMP0045,106,120
PR022373,2025-12-27,2,MC018,EMP0047,113,120
PR022374,2025-12-27,2,MC012,EMP0139,120,120
PR022375,2025-12-27,2,MC011,EMP0106,130,120
PR022376,2025-12-27,2,MC013,EMP0067,106,120
PR022377,2025-12-27,2,MC009,EMP0009,113,120
PR022378,2025-12-27,3,MC024,EMP0159,154,158
PR022379,2025-12-27,3,MC023,EMP0125,146,158
PR022380,2025-12-27,3,MC020,EMP0111,162,158
PR022381,2025-12-27,3,MC021,EMP0013,132,158
PR022382,2025-12-27,4,MC025,EMP0109,211,200
PR022383,2025-12-27,4,MC027,EMP0109,217,200
PR022384,2025-12-27,4,MC028,EMP0153,210,200
PR022385,2025-12-27,4,MC029,EMP0127,236,200
PR022386,2025-12-27,5,MC035,EMP0150,140,142
PR022387,2025-12-27,5,MC030,EMP0150,123,142
PR022388,2025-12-27,5,MC034,EMP0145,127,142
PR022389,2025-12-27,5,MC032,EMP0028,128,142
PR022390,2025-12-27,5,MC031,EMP0145,116,142
PR022391,2025-12-27,6,MC038,EMP0144,338,325
PR022392,2025-12-27,6,MC037,EMP0155,344,325
PR022393,2025-12-27,6,MC036,EMP0100,322,325
PR022394,2025-12-28,1,MC006,EMP0066,59,181
PR022395,2025-12-28,1,MC008,EMP0118,68,181
PR022396,2025-12-28,1,MC002,EMP0044,56,181
PR022397,2025-12-28,1,MC005,EMP0073,53,181
PR022398,2025-12-28,1,MC007,EMP0097,62,181
PR022399,2025-12-28,1,MC001,EMP0162,59,181
PR022400,2025-12-28,1,MC004,EMP0118,66,181
PR022401,2025-12-28,2,MC012,EMP0123,44,120
PR022402,2025-12-28,2,MC010,EMP0083,41,120
PR022403,2025-12-28,2,MC009,EMP0147,34,120
PR022404,2025-12-28,2,MC015,EMP0009,39,120
PR022405,2025-12-28,2,MC016,EMP0089,36,120
PR022406,2025-12-28,2,MC018,EMP0009,39,120
PR022407,2025-12-28,2,MC013,EMP0146,47,120
PR022408,2025-12-28,2,MC011,EMP0067,42,120
PR022409,2025-12-28,2,MC017,EMP0117,40,120
PR022410,2025-12-28,3,MC021,EMP0010,53,158
PR022411,2025-12-28,3,MC023,EMP0159,53,158
PR022412,2025-12-28,3,MC024,EMP0034,49,158
PR022413,2025-12-28,3,MC019,EMP0143,54,158
PR022414,2025-12-28,3,MC020,EMP0082,60,158
PR022415,2025-12-28,4,MC027,EMP0174,79,200
PR022416,2025-12-28,4,MC029,EMP0132,78,200
PR022417,2025-12-28,4,MC028,EMP0132,74,200
PR022418,2025-12-28,4,MC026,EMP0093,80,200
PR022419,2025-12-28,5,MC031,EMP0003,49,142
PR022420,2025-12-28,5,MC034,EMP0080,46,142
PR022421,2025-12-28,5,MC032,EMP0086,47,142
PR022422,2025-12-28,5,MC033,EMP0080,52,142
PR022423,2025-12-28,5,MC030,EMP0003,50,142
PR022424,2025-12-28,6,MC037,EMP0120,110,325
PR022425,2025-12-28,6,MC038,EMP0142,105,325
PR022426,2025-12-28,6,MC036,EMP0142,114,325
PR022427,2025-12-29,1,MC001,EMP0072,180,181
PR022428,2025-12-29,1,MC004,EMP0104,196,181
PR022429,2025-12-29,1,MC006,EMP0052,157,181
PR022430,2025-12-29,1,MC007,EMP0119,171,181
PR022431,2025-12-29,1,MC002,EMP0052,178,181
PR022432,2025-12-29,1,MC008,EMP0166,198,181
PR022433,2025-12-29,1,MC003,EMP0091,165,181
PR022434,2025-12-29,2,MC018,EMP0135,110,120
PR022435,2025-12-29,2,MC013,EMP0047,108,120
PR022436,2025-12-29,2,MC011,EMP0149,105,120
PR022437,2025-12-29,2,MC016,EMP0114,112,120
PR022438,2025-12-29,2,MC009,EMP0035,110,120
PR022439,2025-12-29,2,MC015,EMP0133,114,120
PR022440,2025-12-29,2,MC017,EMP0147,121,120
PR022441,2025-12-29,2,MC010,EMP0103,115,120
PR022442,2025-12-29,2,MC014,EMP0116,119,120
PR022443,2025-12-29,3,MC021,EMP0033,150,158
PR022444,2025-12-29,3,MC020,EMP0136,166,158
PR022445,2025-12-29,3,MC019,EMP0099,164,158
PR022446,2025-12-29,3,MC022,EMP0069,130,158
PR022447,2025-12-29,3,MC024,EMP0159,141,158
PR022448,2025-12-29,4,MC025,EMP0050,226,200
PR022449,2025-12-29,4,MC027,EMP0087,202,200
PR022450,2025-12-29,4,MC029,EMP0121,216,200
PR022451,2025-12-29,4,MC026,EMP0108,196,200
PR022452,2025-12-29,5,MC033,EMP0058,126,142
PR022453,2025-12-29,5,MC034,EMP0101,132,142
PR022454,2025-12-29,5,MC032,EMP0165,155,142
PR022455,2025-12-29,5,MC035,EMP0060,137,142
PR022456,2025-12-29,5,MC030,EMP0096,137,142
PR022457,2025-12-29,6,MC036,EMP0100,325,325
PR022458,2025-12-29,6,MC038,EMP0152,383,325
PR022459,2025-12-29,6,MC037,EMP0120,389,325
PR022460,2025-12-30,1,MC008,EMP0168,175,181
PR022461,2025-12-30,1,MC003,EMP0126,170,181
PR022462,2025-12-30,1,MC006,EMP0137,191,181
PR022463,2025-12-30,1,MC007,EMP0072,166,181
PR022464,2025-12-30,1,MC005,EMP0166,167,181
PR022465,2025-12-30,1,MC002,EMP0066,196,181
PR022466,2025-12-30,1,MC001,EMP0018,165,181
PR022467,2025-12-30,2,MC009,EMP0139,116,120
PR022468,2025-12-30,2,MC016,EMP0098,115,120
PR022469,2025-12-30,2,MC017,EMP0173,123,120
PR022470,2025-12-30,2,MC012,EMP0009,114,120
PR022471,2025-12-30,2,MC015,EMP0015,116,120
PR022472,2025-12-30,2,MC014,EMP0146,117,120
PR022473,2025-12-30,2,MC018,EMP0009,116,120
PR022474,2025-12-30,2,MC013,EMP0116,101,120
PR022475,2025-12-30,2,MC010,EMP0147,109,120
PR022476,2025-12-30,3,MC024,EMP0055,143,158
PR022477,2025-12-30,3,MC021,EMP0172,165,158
PR022478,2025-12-30,3,MC020,EMP0143,148,158
PR022479,2025-12-30,3,MC019,EMP0084,174,158
PR022480,2025-12-30,3,MC022,EMP0084,145,158
PR022481,2025-12-30,4,MC025,EMP0127,213,200
PR022482,2025-12-30,4,MC029,EMP0109,214,200
PR022483,2025-12-30,4,MC026,EMP0175,215,200
PR022484,2025-12-30,5,MC031,EMP0101,123,142
PR022485,2025-12-30,5,MC032,EMP0056,129,142
PR022486,2025-12-30,5,MC030,EMP0003,124,142
PR022487,2025-12-30,5,MC033,EMP0056,133,142
PR022488,2025-12-30,5,MC035,EMP0028,134,142
PR022489,2025-12-30,6,MC037,EMP0171,309,325
PR022490,2025-12-30,6,MC036,EMP0053,273,325
PR022491,2025-12-30,6,MC039,EMP0100,328,325
PR022492,2025-12-31,1,MC002,EMP0094,193,181
PR022493,2025-12-31,1,MC003,EMP0168,196,181
PR022494,2025-12-31,1,MC007,EMP0162,167,181
PR022495,2025-12-31,1,MC005,EMP0166,171,181
PR022496,2025-12-31,1,MC008,EMP0044,176,181
PR022497,2025-12-31,1,MC001,EMP0137,178,181
PR022498,2025-12-31,2,MC014,EMP0001,127,120
PR022499,2025-12-31,2,MC017,EMP0036,124,120
PR022500,2025-12-31,2,MC016,EMP0098,122,120
PR022501,2025-12-31,2,MC010,EMP0031,116,120
PR022502,2025-12-31,2,MC013,EMP0048,110,120
PR022503,2025-12-31,2,MC018,EMP0090,104,120
PR022504,2025-12-31,2,MC012,EMP0031,102,120
PR022505,2025-12-31,2,MC009,EMP0021,130,120
PR022506,2025-12-31,3,MC022,EMP0055,154,158
PR022507,2025-12-31,3,MC023,EMP0179,152,158
PR022508,2025-12-31,3,MC024,EMP0029,161,158
PR022509,2025-12-31,3,MC020,EMP0122,163,158
PR022510,2025-12-31,4,MC027,EMP0174,180,200
PR022511,2025-12-31,4,MC028,EMP0154,221,200
PR022512,2025-12-31,4,MC025,EMP0014,215,200
PR022513,2025-12-31,5,MC034,EMP0101,115,142
PR022514,2025-12-31,5,MC033,EMP0068,173,142
PR022515,2025-12-31,5,MC035,EMP0056,136,142
PR022516,2025-12-31,5,MC032,EMP0150,134,142
PR022517,2025-12-31,6,MC039,EMP0046,332,325
PR022518,2025-12-31,6,MC036,EMP0144,321,325
PR022519,2025-12-31,6,MC037,EMP0053,321,325
